{"labels_1": ["1", "2", "3", "4", "5", "6", "7", "8", "9"], "labels_2": ["1", "2", "3", "4", "5", "6", "7", "8", "9"], "adj_matrix_1": [[0.0, 0.27869, 0.1309, 0.02127, 0.22403, 0.15502, 0.12677, 0.21405, 0.07564], [0.27869, 0.0, 0.2002, 0.28773, 0.10559, 0.1802, 0.32241, 0.21044, 0.2383], [0.1309, 0.2002, 0.0, 0.15026, 0.11221, 0.02694, 0.23995, 0.23371, 0.05797], [0.02127, 0.28773, 0.15026, 0.0, 0.23898, 0.17358, 0.1066, 0.20984, 0.09627], [0.22403, 0.10559, 0.11221, 0.23898, 0.0, 0.08686, 0.30348, 0.23438, 0.16382], [0.15502, 0.1802, 0.02694, 0.17358, 0.08686, 0.0, 0.25824, 0.23564, 0.08421], [0.12677, 0.32241, 0.23995, 0.1066, 0.30348, 0.25824, 0.0, 0.1874, 0.19474], [0.21405, 0.21044, 0.23371, 0.20984, 0.23438, 0.23564, 0.1874, 0.0, 0.22661], [0.07564, 0.2383, 0.05797, 0.09627, 0.16382, 0.08421, 0.19474, 0.22661, 0.0]], "adj_matrix_2": [[0.0, 0.23373, 0.10398, 0.05082, 0.2352, 0.23201, 0.19755, 0.04446, 0.07679], [0.23373, 0.0, 0.20911, 0.22545, 0.01514, 0.0666, 0.22067, 0.22663, 0.23549], [0.10398, 0.20911, 0.0, 0.05542, 0.20484, 0.18153, 0.26049, 0.06168, 0.17056], [0.05082, 0.22545, 0.05542, 0.0, 0.22429, 0.21166, 0.23218, 0.00645, 0.12426], [0.2352, 0.01514, 0.20484, 0.22429, 0.0, 0.05221, 0.22972, 0.22585, 0.24044], [0.23201, 0.0666, 0.18153, 0.21166, 0.05221, 0.0, 0.25665, 0.21449, 0.25039], [0.19755, 0.22067, 0.26049, 0.23218, 0.22972, 0.25665, 0.0, 0.2283, 0.13292], [0.04446, 0.22663, 0.06168, 0.00645, 0.22585, 0.21449, 0.2283, 0.0, 0.11857], [0.07679, 0.23549, 0.17056, 0.12426, 0.24044, 0.25039, 0.13292, 0.11857, 0.0]], "features_1": [[-0.048540278360580835, 0.7714275604837428, 0.0, 0.2407071073967271, 0.479816526961202, 0.14159990046985313, 0.10982288725862333, 0.663199877494164, 0.4371324454565557, 0.19144151058971737, 0.008006390651371653, 0.6196451696320637, 0.6495474217878102, 0.6705574048686107, 0.787871390597052, 0.7251296118504947, 0.6114279670024726], [0.17486269793600595, 0.7432553173025573, 0.0, 0.26369485192849546, 0.47141103422847574, 0.14461585972347535, 0.12809836023288595, 0.6610067820768062, 0.4650325983805088, 0.189281044684543, 0.008507047823598457, 0.6124989775740728, 0.6446517104338987, 0.6803538291000357, 0.7979407102168616, 0.7244814309829551, 0.6237791759762947], [0.06295616980720187, 0.8968909453037301, 0.0, 0.2442336896466877, 0.5126988726731083, 0.14314511334107752, 0.08546372608332006, 0.6600265588324887, 0.44664759437684576, 0.2199369060716816, 0.00822905385914674, 0.6139929034327958, 0.6531898089091536, 0.6807272464082723, 0.7874909563924631, 0.7032088645446423, 0.6106860784043053], [-0.25507361982695587, 0.869700368974032, 0.0, 0.22611311043446974, 0.509107871452243, 0.14159912825440624, 0.14609697458915036, 0.6644317832712272, 0.43899049282652136, 0.2143132672799235, 0.007671947615560004, 0.6263037909052671, 0.6525263985154717, 0.6774240440125529, 0.7913105873520345, 0.703240592685172, 0.613888800360048], [0.3504120543914886, 0.7560772127028199, 0.0, 0.27728878226692133, 0.48685095341897267, 0.1399003289617988, 0.20421076797574428, 0.6705957454267557, 0.45224662860236564, 0.18707498470102268, 0.008618141428105908, 0.6139532159877168, 0.6569152273964273, 0.6810077215411451, 0.7993941536147134, 0.7349807810154029, 0.6218681127078415], [-0.044876843912298625, 0.8970234314297365, 0.0, 0.26933145579667583, 0.5249321480104644, 0.1395776521634697, 0.16923500857735901, 0.669391728921793, 0.4422404210341193, 0.2172919110670517, 0.007671947615560004, 0.6190307626028391, 0.6533834815468741, 0.6829364065799304, 0.7939602033805172, 0.696221673289395, 0.6216574638337997], [-0.23266775602236933, 0.8413920420613168, 0.0, 0.22409307634802092, 0.5246010692356601, 0.13185238705928504, 0.37636919707634886, 0.681557177708425, 0.40183214315750093, 0.1966898744868486, 0.007783488497544067, 0.6284083907035491, 0.6662314068103024, 0.6922530644716298, 0.7951775446663423, 0.7342346995607819, 0.6141212145517161], [0.9909231156432758, 0.9366165587223096, 0.0, 0.2932510068524376, 0.5497961362345288, 0.1311378230497916, 0.3176512595969811, 0.6817719211304911, 0.40169357123436344, 0.21158802348050854, 0.007671947615560004, 0.5797610282546128, 0.653219624547188, 0.6758148780067139, 0.7923994415468025, 0.7292548823486797, 0.608159169659155], [0.007309046584404122, 1.0211606096693664, 0.0, 0.25149796593106705, 0.5741506578818848, 0.12600355535320895, 0.368273838061711, 0.6858405963430667, 0.3700049049576257, 0.22386803786502485, 0.007001439975721224, 0.6046436950166005, 0.6663541857382259, 0.6869457094177523, 0.7838705250505955, 0.7062577875910258, 0.5924854211155479]], "features_2": [[-0.010161337298527862, 0.7377212361274048, 0.0, 0.2337755671300552, 0.4896184274957912, 0.13194329167930852, 0.23874372894714782, 0.6787089402182007, 0.38519727609884113, 0.17333375820786956, 0.007281081678807366, 0.6123229557001098, 0.6675260510067734, 0.696176234232138, 0.7831103034098422, 0.7192355463022874, 0.6041000142350451], [0.6659701252257415, 0.8061003844976522, 0.0, 0.2531562899880197, 0.5050994407841269, 0.13481439538132142, 0.19768742418611182, 0.6750850829010266, 0.41372527124057146, 0.189969370161154, 0.00783923647221818, 0.5842532461726959, 0.6520460046575579, 0.6890645861265331, 0.784417214205284, 0.6989323760040342, 0.6118572442966365], [0.12082000428884987, 0.854777643533498, 0.0, 0.23364850551437258, 0.5212452559495441, 0.13235344005408312, 0.21870902055403504, 0.6773865175814395, 0.3921907358881127, 0.19842352967092136, 0.007504523810135222, 0.601810899145574, 0.6449108175145544, 0.6685142667168054, 0.7803289267261291, 0.7069004633459647, 0.599663923279604], [0.1192688176312422, 0.8371382969468623, 0.0, 0.2117002288338515, 0.5143879583691533, 0.1336326428202459, 0.24529757849674638, 0.6769057914660741, 0.39934974858005456, 0.1971478545797647, 0.007727725548673403, 0.6075366224291696, 0.6458914873106462, 0.6773425864208958, 0.7878164021071697, 0.7336755544391473, 0.6044229709077721], [1.2078950885451292, 0.8179198127608375, 0.0, 0.255625969094774, 0.5098834219638023, 0.13198500229895205, 0.2603180707578595, 0.6786805779337736, 0.40118151124116297, 0.18674194882313921, 0.008006390651371653, 0.5684901239291156, 0.6558706515693092, 0.6733373330210931, 0.7835131398861473, 0.7102753651260101, 0.5994451896295442], [0.7671887387648111, 0.858793101138824, 0.0, 0.2256492881465891, 0.5203628389641042, 0.13429907680904896, 0.2503211954693668, 0.6760265322100402, 0.4057378421797182, 0.19929795765356317, 0.007560346756364078, 0.5839601006122686, 0.6419195682807834, 0.6806740647962429, 0.7869157462083467, 0.7219369919483654, 0.6066917702293326], [0.12294996368089661, 0.9039884472484434, 0.0, 0.19986747260091753, 0.5254707493789507, 0.13469007343400857, 0.2495702387285199, 0.675918773475819, 0.4136140175297853, 0.21256003808510582, 0.007616154688146137, 0.6151256101979947, 0.6488025322858699, 0.6817093113080747, 0.7904970123087639, 0.7305439413715409, 0.5807621339080901], [0.7364245533234541, 0.9565440250756502, 0.0, 0.2394359767586471, 0.5519113768723636, 0.1242150601420205, 0.3400791939309258, 0.6852826880519818, 0.37099498247635854, 0.20463032704098016, 0.007894969482732161, 0.5862183120069075, 0.6212243571916577, 0.6476283587396716, 0.767154841907148, 0.7080245875699891, 0.5835596831244879], [0.32295693110869284, 1.0859866441881134, 0.0, 0.24156252256176672, 0.5801393881594402, 0.1233891552569231, 0.29302650784396744, 0.6857893859521244, 0.3597645650550336, 0.23112841836284037, 0.007225183508792421, 0.5993221010171348, 0.6427213867007181, 0.6693488510058582, 0.7634284134286499, 0.6863203586118599, 0.5502180742331744]]}