{"labels_1": ["1", "2", "3", "4", "5", "6", "7", "8", "9"], "labels_2": ["1", "2", "3", "4", "5", "6", "7", "8", "9"], "adj_matrix_1": [[0.0, 0.07109, 0.04547, 0.2133, 0.29256, 0.17133, 0.25529, 0.28841, 0.01323], [0.07109, 0.0, 0.11243, 0.2383, 0.2605, 0.21146, 0.25945, 0.24137, 0.08324], [0.04547, 0.11243, 0.0, 0.18673, 0.30369, 0.13664, 0.24133, 0.31207, 0.03239], [0.2133, 0.2383, 0.18673, 0.0, 0.25187, 0.06396, 0.08852, 0.32771, 0.20654], [0.29256, 0.2605, 0.30369, 0.25187, 0.0, 0.28484, 0.18652, 0.13069, 0.29677], [0.17133, 0.21146, 0.13664, 0.06396, 0.28484, 0.0, 0.14704, 0.33997, 0.16204], [0.25529, 0.25945, 0.24133, 0.08852, 0.18652, 0.14704, 0.0, 0.28741, 0.25256], [0.28841, 0.24137, 0.31207, 0.32771, 0.13069, 0.33997, 0.28741, 0.0, 0.29646], [0.01323, 0.08324, 0.03239, 0.20654, 0.29677, 0.16204, 0.25256, 0.29646, 0.0]], "adj_matrix_2": [[0.0, 0.25102, 0.1645, 0.31425, 0.17137, 0.15616, 0.25065, 0.26017, 0.21661], [0.25102, 0.0, 0.29328, 0.29191, 0.29417, 0.29227, 0.29732, 0.2966, 0.29713], [0.1645, 0.29328, 0.0, 0.19357, 0.00783, 0.00944, 0.10518, 0.11798, 0.06188], [0.31425, 0.29191, 0.19357, 0.0, 0.1867, 0.20171, 0.09457, 0.08149, 0.13713], [0.17137, 0.29417, 0.00783, 0.1867, 0.0, 0.01727, 0.09764, 0.11049, 0.05414], [0.15616, 0.29227, 0.00944, 0.20171, 0.01727, 0.0, 0.11422, 0.12691, 0.07117], [0.25065, 0.29732, 0.10518, 0.09457, 0.09764, 0.11422, 0.0, 0.01337, 0.04429], [0.26017, 0.2966, 0.11798, 0.08149, 0.11049, 0.12691, 0.01337, 0.0, 0.05755], [0.21661, 0.29713, 0.06188, 0.13713, 0.05414, 0.07117, 0.04429, 0.05755, 0.0]], "features_1": [[0.7081297049676873, 0.8286789059636649, 0.0, 0.2633911123717789, 0.5183752836681853, 0.13149192209516292, 0.22099002149613867, 0.6789159819595776, 0.3944926466830663, 0.18861560980118752, 0.007727725548673403, 0.5825284430160425, 0.6360233988285, 0.6570164751415117, 0.779436898984773, 0.7010803009075579, 0.5962603682147096], [0.32938152025041534, 0.8520599381712969, 0.0, 0.2443524644906556, 0.522198837647138, 0.13299556069019736, 0.2430131439261885, 0.6782226388343073, 0.3920908060868338, 0.19816843222373182, 0.007504523810135222, 0.5980378973666474, 0.6659038044017351, 0.6920643434211134, 0.786743279742376, 0.7162601096529413, 0.5912812470063765], [0.5865923443119381, 0.9832450020523027, 0.0, 0.25221155477232987, 0.5575518548935604, 0.13239195175883692, 0.22535627233386107, 0.6782280689236668, 0.3922350417919436, 0.21965294874918428, 0.007560346756364078, 0.5914023875814833, 0.6270160660329518, 0.6575231185746887, 0.7814783687394629, 0.6991873590505256, 0.5986726450197329], [0.6205663717867624, 1.013755691832557, 0.0, 0.23253853816892306, 0.5620561942112831, 0.1320771304720265, 0.18463565860440667, 0.6772773888777472, 0.39249142003436366, 0.22402666494527224, 0.007671947615560004, 0.5994217881397867, 0.642417169919358, 0.6669626435110646, 0.7762159514655984, 0.6806223183221802, 0.5947893661345581], [-0.15249844423458603, 0.89830781703267, 0.0, 0.20997504842431847, 0.5352457875576141, 0.13171667406944226, 0.2220452824174089, 0.6788659258125067, 0.3857349756218478, 0.20795526467212344, 0.007225183508792421, 0.6225742495188946, 0.6473259608710504, 0.6854389524418398, 0.781006910404343, 0.6916075838235699, 0.5884462464395387], [0.42253746023089844, 1.0368442897963965, 0.0, 0.2207452902720799, 0.5731733048800653, 0.13092646359282636, 0.25014014623856584, 0.6801281847037959, 0.38268745571930407, 0.22774436293001066, 0.007336964783822175, 0.5981030422580886, 0.6490665422837917, 0.6655351536186602, 0.7798194248555422, 0.7010190721826861, 0.6003324275671218], [0.7647462570484715, 1.0828968414492346, 0.0, 0.2705375506135113, 0.5842145173430241, 0.1257932680061017, 0.24158054852700134, 0.6841760930158287, 0.3618047360399548, 0.2249056593799439, 0.007560346756364078, 0.5927241656741424, 0.6309255866568115, 0.6207291711363538, 0.769513377890001, 0.7201533790395056, 0.5894049338626973], [-0.19478240723868057, 1.0444182524525552, 0.0, 0.2356604667963541, 0.578936324715315, 0.12247730240533075, 0.2572749416671513, 0.6866904859667442, 0.3289519808576238, 0.2212760491786394, 0.00711334193318236, 0.6172889567325344, 0.6513440909760978, 0.6672450081188728, 0.7618061443607889, 0.687140370030116, 0.563924234940101], [1.3799543419121516, 1.250956762699562, 0.0, 0.28322377532867415, 0.6295833490999834, 0.11505598747899969, 0.283007842038095, 0.6909088017308547, 0.31319752351937535, 0.2379783790422989, 0.00711334193318236, 0.5589531084319057, 0.6306500756853772, 0.6282658254285844, 0.7453105811485068, 0.6863366664385699, 0.5437037492524949]], "features_2": [[-0.17051482757667502, 0.7265755226664075, 0.0, 0.2514475388187569, 0.47605313897083273, 0.14076279625833946, 0.24997028834426516, 0.6712723042971702, 0.43408263364139454, 0.18083924532928441, 0.008117752083540042, 0.6241344922442491, 0.683398850450137, 0.7099470587690282, 0.8065440768183643, 0.7443864543390375, 0.6175390599618328], [0.4421780380202316, 0.7546726750255129, 0.0, 0.2659615820248129, 0.48355974556928205, 0.14113797393611938, 0.2803642748107599, 0.6713470746988007, 0.42842147598888514, 0.1841058168959897, 0.00783923647221818, 0.6019255613698693, 0.6666139870915058, 0.7020907094382557, 0.8085972524209356, 0.726423147087733, 0.6287769983006722], [-0.17835630679904613, 0.8371211384644937, 0.0, 0.25357187495321676, 0.5098055485193033, 0.14000405719537318, 0.27407148437782636, 0.6728807675230781, 0.43260232391421716, 0.20511955967644324, 0.007894969482732161, 0.6340338978631652, 0.675355296809637, 0.7080400778589908, 0.8080170209577052, 0.7392023264434974, 0.622604591376393], [-0.32003019124666077, 0.8147501911717958, 0.0, 0.2301989622233726, 0.5006723622341269, 0.14129325357070366, 0.2522123420415546, 0.6704743319529646, 0.4417705878711422, 0.2030500956571044, 0.008006390651371653, 0.6420648848548611, 0.7004263580714812, 0.7288788419085707, 0.8071660116556842, 0.7359279891966257, 0.6131846432394361], [0.11994949665365873, 0.7606594052504276, 0.0, 0.24241696338095942, 0.4911973359121734, 0.1365970304449481, 0.36735864935659424, 0.6779860727132849, 0.4154684544343461, 0.18115227682461055, 0.007392832833969631, 0.6215031317786492, 0.6834962238822984, 0.7017198586689496, 0.8051929627117852, 0.7231557721421767, 0.6186538388187217], [-0.2206146293341007, 0.8250938494955407, 0.0, 0.2554273425724592, 0.507503414643172, 0.13884872828694814, 0.29260505702557893, 0.6746602463299021, 0.4164075626584327, 0.2002175328753446, 0.007336964783822175, 0.6323337915340825, 0.6771588835459207, 0.6957454053986012, 0.8072359555827423, 0.736847567070716, 0.6233960004345499], [-0.14580546618870338, 0.7980675906519594, 0.0, 0.2020714920308993, 0.49347419971732454, 0.14005414479546746, 0.2513117005492518, 0.6710793681276875, 0.436947120104473, 0.19843952373212814, 0.008451478759474051, 0.6304807046176304, 0.6584510489868167, 0.6953864995872326, 0.8045210959090184, 0.73867105046678, 0.6030619011376844], [-0.1924170418606197, 0.9519480144890753, 0.0, 0.21884756878282816, 0.5489864264887778, 0.12541089438459596, 0.2576088958269011, 0.6845068400732959, 0.34203216224661825, 0.20918109592947398, 0.007225183508792421, 0.6188352470367786, 0.6467741003988479, 0.6693244624793213, 0.7689685805976509, 0.7063861069925054, 0.5616285664956454], [0.10488831574100521, 0.8441893627282364, 0.0, 0.22922371587895526, 0.5183164296635091, 0.13006388410444517, 0.2627163423072503, 0.6808307885488838, 0.36826886021297867, 0.19270464863856218, 0.007616154688146137, 0.6155926792400761, 0.6456344299915914, 0.6747826707647552, 0.7813664167483845, 0.7044337391138736, 0.5801063548716041]]}