{"labels_1": ["1", "2", "3", "4", "5", "6", "7", "8", "9"], "labels_2": ["1", "2", "3", "4", "5", "6", "7", "8", "9"], "adj_matrix_1": [[0.0, 0.13531, 0.02253, 0.06046, 0.1904, 0.20849, 0.09947, 0.02686, 0.1913], [0.13531, 0.0, 0.1555, 0.07777, 0.06201, 0.08336, 0.03815, 0.11031, 0.06311], [0.02253, 0.1555, 0.0, 0.08243, 0.20857, 0.22589, 0.12065, 0.04924, 0.20946], [0.06046, 0.07777, 0.08243, 0.0, 0.13713, 0.15707, 0.04012, 0.03386, 0.13816], [0.1904, 0.06201, 0.20857, 0.13713, 0.0, 0.02177, 0.09925, 0.16756, 0.00113], [0.20849, 0.08336, 0.22589, 0.15707, 0.02177, 0.0, 0.12003, 0.18661, 0.02064], [0.09947, 0.03815, 0.12065, 0.04012, 0.09925, 0.12003, 0.0, 0.07351, 0.10031], [0.02686, 0.11031, 0.04924, 0.03386, 0.16756, 0.18661, 0.07351, 0.0, 0.16857], [0.1913, 0.06311, 0.20946, 0.13816, 0.00113, 0.02064, 0.10031, 0.16857, 0.0]], "adj_matrix_2": [[0.0, 0.24968, 0.0751, 0.13005, 0.05967, 0.19546, 0.29195, 0.28597, 0.33981], [0.24968, 0.0, 0.30797, 0.13327, 0.19901, 0.06471, 0.29394, 0.04944, 0.14174], [0.0751, 0.30797, 0.0, 0.2004, 0.1334, 0.26047, 0.28277, 0.33823, 0.37806], [0.13005, 0.13327, 0.2004, 0.0, 0.07184, 0.07067, 0.30073, 0.17828, 0.25442], [0.05967, 0.19901, 0.1334, 0.07184, 0.0, 0.14037, 0.29734, 0.23963, 0.30409], [0.19546, 0.06471, 0.26047, 0.07067, 0.14037, 0.0, 0.29976, 0.11277, 0.19855], [0.29195, 0.29394, 0.28277, 0.30073, 0.29734, 0.29976, 0.0, 0.28511, 0.25544], [0.28597, 0.04944, 0.33823, 0.17828, 0.23963, 0.11277, 0.28511, 0.0, 0.09533], [0.33981, 0.14174, 0.37806, 0.25442, 0.30409, 0.19855, 0.25544, 0.09533, 0.0]], "features_1": [[0.14442571658531644, 0.8553374538044576, 0.0, 0.20270901288331616, 0.5207197026656072, 0.1311283020971834, 0.20990098133418017, 0.6785616344446994, 0.377515694788503, 0.1950565373213915, 0.007616154688146137, 0.6115310336035749, 0.6539354781933805, 0.6849520127428816, 0.7785990017217385, 0.7053735973778958, 0.6036283257173001], [-0.11906686574960101, 0.8618019657020888, 0.0, 0.24945498952570547, 0.5257547073074118, 0.13146832617989762, 0.24455200620510026, 0.6792815426289706, 0.3916837885443787, 0.20152448224917863, 0.007616154688146137, 0.6204507799632095, 0.6474183616651435, 0.675783749216508, 0.7839074216472491, 0.6816294598653375, 0.6031949248085291], [0.04672813944533338, 0.9978191052309676, 0.0, 0.21851099214637415, 0.5560144464977995, 0.13072014451871564, 0.20299611883346175, 0.6786437689818181, 0.3817444784181858, 0.22486619520841922, 0.007894969482732161, 0.6126581113622627, 0.6572029863943817, 0.6789960010137022, 0.7763877932178256, 0.698841258480916, 0.60018657710703], [0.03561810866365711, 0.9524600354007854, 0.0, 0.2093306448203423, 0.5399878205898345, 0.1337612007040804, 0.2049576908685971, 0.6754039597390069, 0.3950546072891985, 0.21974586608128188, 0.007950687539111767, 0.6191959836014127, 0.6487861190579003, 0.6748523469231233, 0.7843602130667803, 0.7123616487069254, 0.6078367550274225], [0.04510909740645097, 0.9233515101242808, 0.0, 0.2849950089767538, 0.5403148506143342, 0.1292696595793413, 0.24524142155011433, 0.6806521043432394, 0.3833729404537878, 0.2087373148842282, 0.007727725548673403, 0.6177079601932198, 0.6225687415051672, 0.6533358501945266, 0.7760123804095292, 0.6969488312649015, 0.5865355404050897], [-0.1927906605728884, 1.003360491927672, 0.0, 0.23785510748847122, 0.5546525340907849, 0.13160770435643002, 0.1917159055815567, 0.6772558980501057, 0.38011042239478154, 0.22889532860732564, 0.007671947615560004, 0.6254207635161584, 0.6446335917619422, 0.6837189492112217, 0.776325149045122, 0.697376069278682, 0.5934805547886435], [-0.2054122485386385, 0.8585313406710116, 0.0, 0.19162121827364667, 0.5148196060464898, 0.1346287539722767, 0.24927003959700542, 0.6753895469140827, 0.41151054775691387, 0.20467672542076243, 0.007894969482732161, 0.6268897920080216, 0.6633215162680645, 0.6937889146901365, 0.7916578116657662, 0.7250968760996344, 0.6092460137152902], [0.09145020193601372, 1.0852912973107465, 0.0, 0.25799355864538576, 0.579069406368253, 0.12161635860230278, 0.2085987057757123, 0.6855387818811345, 0.32768152255057625, 0.22235310316229517, 0.00711334193318236, 0.6048338559888213, 0.6301301710372449, 0.6250517089552599, 0.751109475700502, 0.6738133241335057, 0.5440838162055041], [-0.12498035291725973, 1.005839633002409, 0.0, 0.2813509578080255, 0.5588859636437576, 0.12667049743881711, 0.24724583174316592, 0.6824079658218867, 0.3592616565174991, 0.2203875176875809, 0.00711334193318236, 0.6153738983928874, 0.6472460113011134, 0.6771624983455188, 0.7716418425691448, 0.6921377197163215, 0.5875868311833421]], "features_2": [[-0.5082215722745911, 0.7962060146594012, 0.0, 0.19953318697717318, 0.5083262249575613, 0.13246806966978045, 0.2637862179438407, 0.6795655796900824, 0.4092256517684385, 0.19117508012578233, 0.007504523810135222, 0.6435032647196905, 0.6573318434322567, 0.688566187273355, 0.7906424125412866, 0.704460415318366, 0.625741323509204], [-0.17037402586234007, 0.8253067644886528, 0.0, 0.17160451415956707, 0.5037197219725974, 0.13749330499639684, 0.16726749321029216, 0.671553161840799, 0.4404755641589395, 0.2023407891089477, 0.00783923647221818, 0.6244097368954953, 0.6428452521557033, 0.6760283602281647, 0.7912563990426115, 0.7019824862934618, 0.6132218637239227], [-0.5872580350055028, 0.9323415326064064, 0.0, 0.17986154487287292, 0.5406301537920983, 0.13382267310244753, 0.23185409089160416, 0.6773399381922214, 0.41231878011343737, 0.2219596093398819, 0.007616154688146137, 0.6449603319885182, 0.655890219567183, 0.692168670075788, 0.7888756188801455, 0.693776593267506, 0.6198499551363362], [-0.4255174585541961, 0.9155094072229387, 0.0, 0.18963978934237796, 0.5367121143052426, 0.13503777628361766, 0.2806023812571567, 0.6770345366939037, 0.4167733468835868, 0.21890574286814912, 0.007616154688146137, 0.6390602281865898, 0.6738965079608836, 0.71014013202987, 0.7971013225042825, 0.7096692912829694, 0.6291497594132787], [-0.28592464604634493, 0.8094093701656313, 0.0, 0.17686619278821547, 0.489352995777097, 0.14048713208602548, 0.10404691178439976, 0.6630125791119574, 0.452117628321107, 0.203094758025395, 0.008284682400665488, 0.6378912802893004, 0.6389600428118144, 0.6782459958824469, 0.7843908573610792, 0.6894060868534057, 0.6074217979030544], [-0.4996663313075711, 0.9502154230659852, 0.0, 0.19040092123164157, 0.5356149615947228, 0.1369647300411887, 0.18160946890391685, 0.6712496057503297, 0.42674559169473625, 0.2304397038478989, 0.007950687539111767, 0.6330180115404929, 0.6383059861363325, 0.6794933280868221, 0.7860962466557188, 0.6946987272519316, 0.6147041769601447], [0.35261784775946525, 0.93206019368151, 0.0, 0.15913173040866016, 0.529891297312734, 0.13818597678937705, 0.25827817994152796, 0.6729320001003982, 0.4231353371743316, 0.21847969282115498, 0.008173410423425675, 0.6033712994198148, 0.660481117529554, 0.6764311228666815, 0.7987129019031438, 0.7153431786720383, 0.6177739486851886], [-0.013585348122000518, 0.9340847646845598, 0.0, 0.20758282378219917, 0.5293204464554392, 0.13356585284367717, 0.17334071303464782, 0.6734133942067155, 0.3931040064784528, 0.21692873885635677, 0.007950687539111767, 0.6135652508329399, 0.641093872293798, 0.6787310462228697, 0.7714148470447076, 0.6861296103123964, 0.5927660126171289], [0.01768874927981834, 0.9499949488010995, 0.0, 0.20367317677946334, 0.5323549316822731, 0.13336956085034693, 0.1793817325598262, 0.6745973418370865, 0.39448323929066986, 0.21944714655541864, 0.007727725548673403, 0.6093588937149885, 0.6355159556591204, 0.6659597366099473, 0.7713583515078704, 0.6956616348085004, 0.582900261437755]]}