{"labels_1": ["1", "2", "3", "4", "5", "6", "7", "8", "9"], "labels_2": ["1", "2", "3", "4", "5", "6", "7", "8", "9"], "adj_matrix_1": [[0.0, 0.13531, 0.02253, 0.06046, 0.1904, 0.20849, 0.09947, 0.02686, 0.1913], [0.13531, 0.0, 0.1555, 0.07777, 0.06201, 0.08336, 0.03815, 0.11031, 0.06311], [0.02253, 0.1555, 0.0, 0.08243, 0.20857, 0.22589, 0.12065, 0.04924, 0.20946], [0.06046, 0.07777, 0.08243, 0.0, 0.13713, 0.15707, 0.04012, 0.03386, 0.13816], [0.1904, 0.06201, 0.20857, 0.13713, 0.0, 0.02177, 0.09925, 0.16756, 0.00113], [0.20849, 0.08336, 0.22589, 0.15707, 0.02177, 0.0, 0.12003, 0.18661, 0.02064], [0.09947, 0.03815, 0.12065, 0.04012, 0.09925, 0.12003, 0.0, 0.07351, 0.10031], [0.02686, 0.11031, 0.04924, 0.03386, 0.16756, 0.18661, 0.07351, 0.0, 0.16857], [0.1913, 0.06311, 0.20946, 0.13816, 0.00113, 0.02064, 0.10031, 0.16857, 0.0]], "adj_matrix_2": [[0.0, 0.1935, 0.06927, 0.03595, 0.10266, 0.07483, 0.12222, 0.33614, 0.21775], [0.1935, 0.0, 0.1296, 0.16095, 0.27999, 0.12425, 0.07714, 0.20544, 0.25116], [0.06927, 0.1296, 0.0, 0.03355, 0.16894, 0.00564, 0.05427, 0.29791, 0.23052], [0.03595, 0.16095, 0.03355, 0.0, 0.13739, 0.03917, 0.08736, 0.31724, 0.22441], [0.10266, 0.27999, 0.16894, 0.13739, 0.0, 0.17414, 0.21769, 0.38065, 0.19804], [0.07483, 0.12425, 0.00564, 0.03917, 0.17414, 0.0, 0.04867, 0.29448, 0.23147], [0.12222, 0.07714, 0.05427, 0.08736, 0.21769, 0.04867, 0.0, 0.26302, 0.23986], [0.33614, 0.20544, 0.29791, 0.31724, 0.38065, 0.29448, 0.26302, 0.0, 0.25078], [0.21775, 0.25116, 0.23052, 0.22441, 0.19804, 0.23147, 0.23986, 0.25078, 0.0]], "features_1": [[0.14442571658531644, 0.8553374538044576, 0.0, 0.20270901288331616, 0.5207197026656072, 0.1311283020971834, 0.20990098133418017, 0.6785616344446994, 0.377515694788503, 0.1950565373213915, 0.007616154688146137, 0.6115310336035749, 0.6539354781933805, 0.6849520127428816, 0.7785990017217385, 0.7053735973778958, 0.6036283257173001], [-0.11906686574960101, 0.8618019657020888, 0.0, 0.24945498952570547, 0.5257547073074118, 0.13146832617989762, 0.24455200620510026, 0.6792815426289706, 0.3916837885443787, 0.20152448224917863, 0.007616154688146137, 0.6204507799632095, 0.6474183616651435, 0.675783749216508, 0.7839074216472491, 0.6816294598653375, 0.6031949248085291], [0.04672813944533338, 0.9978191052309676, 0.0, 0.21851099214637415, 0.5560144464977995, 0.13072014451871564, 0.20299611883346175, 0.6786437689818181, 0.3817444784181858, 0.22486619520841922, 0.007894969482732161, 0.6126581113622627, 0.6572029863943817, 0.6789960010137022, 0.7763877932178256, 0.698841258480916, 0.60018657710703], [0.03561810866365711, 0.9524600354007854, 0.0, 0.2093306448203423, 0.5399878205898345, 0.1337612007040804, 0.2049576908685971, 0.6754039597390069, 0.3950546072891985, 0.21974586608128188, 0.007950687539111767, 0.6191959836014127, 0.6487861190579003, 0.6748523469231233, 0.7843602130667803, 0.7123616487069254, 0.6078367550274225], [0.04510909740645097, 0.9233515101242808, 0.0, 0.2849950089767538, 0.5403148506143342, 0.1292696595793413, 0.24524142155011433, 0.6806521043432394, 0.3833729404537878, 0.2087373148842282, 0.007727725548673403, 0.6177079601932198, 0.6225687415051672, 0.6533358501945266, 0.7760123804095292, 0.6969488312649015, 0.5865355404050897], [-0.1927906605728884, 1.003360491927672, 0.0, 0.23785510748847122, 0.5546525340907849, 0.13160770435643002, 0.1917159055815567, 0.6772558980501057, 0.38011042239478154, 0.22889532860732564, 0.007671947615560004, 0.6254207635161584, 0.6446335917619422, 0.6837189492112217, 0.776325149045122, 0.697376069278682, 0.5934805547886435], [-0.2054122485386385, 0.8585313406710116, 0.0, 0.19162121827364667, 0.5148196060464898, 0.1346287539722767, 0.24927003959700542, 0.6753895469140827, 0.41151054775691387, 0.20467672542076243, 0.007894969482732161, 0.6268897920080216, 0.6633215162680645, 0.6937889146901365, 0.7916578116657662, 0.7250968760996344, 0.6092460137152902], [0.09145020193601372, 1.0852912973107465, 0.0, 0.25799355864538576, 0.579069406368253, 0.12161635860230278, 0.2085987057757123, 0.6855387818811345, 0.32768152255057625, 0.22235310316229517, 0.00711334193318236, 0.6048338559888213, 0.6301301710372449, 0.6250517089552599, 0.751109475700502, 0.6738133241335057, 0.5440838162055041], [-0.12498035291725973, 1.005839633002409, 0.0, 0.2813509578080255, 0.5588859636437576, 0.12667049743881711, 0.24724583174316592, 0.6824079658218867, 0.3592616565174991, 0.2203875176875809, 0.00711334193318236, 0.6153738983928874, 0.6472460113011134, 0.6771624983455188, 0.7716418425691448, 0.6921377197163215, 0.5875868311833421]], "features_2": [[-0.22149113057268321, 0.7695035907297162, 0.0, 0.24902152917546105, 0.5019176540742775, 0.1356777113526465, 0.3581270384026617, 0.6797243714592069, 0.4261551582216412, 0.1860434353672067, 0.008173410423425675, 0.6379833873688308, 0.6930300690412036, 0.7168723112151364, 0.8070575774587568, 0.7219671487559071, 0.6070159193980141], [-0.12367389283257602, 0.799700768982082, 0.0, 0.29565612995594, 0.5051929134368545, 0.14023827541723613, 0.3161987842882077, 0.6748303620993192, 0.45200347644507444, 0.19752190444778206, 0.00822905385914674, 0.6351232638208968, 0.6984023935162867, 0.7313609595136775, 0.8136288712869854, 0.729634676659457, 0.624146041320936], [-0.20289242877553715, 0.9161557832487705, 0.0, 0.2622966337636941, 0.5395277518473359, 0.13716660691534485, 0.3260252192835438, 0.6775942822096203, 0.43460178675488703, 0.21870621698103743, 0.007560346756364078, 0.631104018546381, 0.6748819286152983, 0.6937164135339041, 0.8069389909470976, 0.727463543287245, 0.6112962424236618], [-0.22028759772873263, 0.8847938617461554, 0.0, 0.2267548764915706, 0.5292141799235454, 0.1378021741523027, 0.3270634414981153, 0.6770183213302668, 0.43926370824805727, 0.21453614221488415, 0.008340296057933516, 0.6361000262652396, 0.6864940610898319, 0.7108052574259014, 0.8086311775109258, 0.7310631691436885, 0.6168525159571651], [-0.2454096714760472, 0.8174589384172937, 0.0, 0.2609575698978199, 0.5083744308584727, 0.13729482889413638, 0.320106442440764, 0.6763427570752674, 0.4267992013305646, 0.19988362627064138, 0.00822905385914674, 0.6433481275214743, 0.6945736210273372, 0.7297384572326453, 0.8062013132394142, 0.7263814401711077, 0.6146710552565205], [-0.12025639113731978, 0.9514618982387568, 0.0, 0.24896489156799378, 0.5451716791789973, 0.13738154924473142, 0.30432699882395653, 0.6765486654934487, 0.43614988723712744, 0.2265624492032423, 0.008340296057933516, 0.6304253731228031, 0.6790374445654188, 0.6932164878337714, 0.8045513945667958, 0.7275248906050918, 0.6152088423359818], [-0.155385666570941, 0.9364226702046208, 0.0, 0.25605998414467124, 0.5374501979300554, 0.13748882672403973, 0.2773254952025141, 0.675220616424949, 0.4258771472845331, 0.2245068654500384, 0.007894969482732161, 0.6264460164981713, 0.6690176594544412, 0.6871523305649764, 0.8024536463785356, 0.7334463727926825, 0.615373628794813], [0.27915409180221973, 0.9656901388603977, 0.0, 0.2734106438534181, 0.5548208622609899, 0.12708019288586747, 0.35094789392819836, 0.6845269503340682, 0.36298666285759684, 0.2131833635889846, 0.007560346756364078, 0.6027039397591163, 0.6496693834031855, 0.680471765990832, 0.7822266126616803, 0.7088203922679578, 0.5830233023759299], [0.986480470479957, 1.027192223228577, 0.0, 0.3152331385752128, 0.5703695284860424, 0.12646242100128413, 0.32322901306302254, 0.6846945451067038, 0.36601070497080324, 0.22199072305105672, 0.007560346756364078, 0.5838863710025202, 0.6403023790512506, 0.6619429458603122, 0.7789575673046517, 0.7046838116059472, 0.5718162173149871]]}