{"labels_1": ["1", "2", "3", "4", "5", "6", "7", "8", "9"], "labels_2": ["1", "2", "3", "4", "5", "6", "7", "8", "9"], "adj_matrix_1": [[0.0, 0.13531, 0.02253, 0.06046, 0.1904, 0.20849, 0.09947, 0.02686, 0.1913], [0.13531, 0.0, 0.1555, 0.07777, 0.06201, 0.08336, 0.03815, 0.11031, 0.06311], [0.02253, 0.1555, 0.0, 0.08243, 0.20857, 0.22589, 0.12065, 0.04924, 0.20946], [0.06046, 0.07777, 0.08243, 0.0, 0.13713, 0.15707, 0.04012, 0.03386, 0.13816], [0.1904, 0.06201, 0.20857, 0.13713, 0.0, 0.02177, 0.09925, 0.16756, 0.00113], [0.20849, 0.08336, 0.22589, 0.15707, 0.02177, 0.0, 0.12003, 0.18661, 0.02064], [0.09947, 0.03815, 0.12065, 0.04012, 0.09925, 0.12003, 0.0, 0.07351, 0.10031], [0.02686, 0.11031, 0.04924, 0.03386, 0.16756, 0.18661, 0.07351, 0.0, 0.16857], [0.1913, 0.06311, 0.20946, 0.13816, 0.00113, 0.02064, 0.10031, 0.16857, 0.0]], "adj_matrix_2": [[0.0, 0.28163, 0.09037, 0.17059, 0.21054, 0.21957, 0.24139, 0.00186, 0.1798], [0.28163, 0.0, 0.26165, 0.22611, 0.19693, 0.18839, 0.1637, 0.28123, 0.21993], [0.09037, 0.26165, 0.0, 0.08755, 0.13522, 0.14661, 0.17545, 0.09213, 0.09829], [0.17059, 0.22611, 0.08755, 0.0, 0.05149, 0.0643, 0.09792, 0.17206, 0.01133], [0.21054, 0.19693, 0.13522, 0.05149, 0.0, 0.01309, 0.04812, 0.21172, 0.04028], [0.21957, 0.18839, 0.14661, 0.0643, 0.01309, 0.0, 0.03518, 0.2208, 0.0532], [0.24139, 0.1637, 0.17545, 0.09792, 0.04812, 0.03518, 0.0, 0.24241, 0.08721], [0.00186, 0.28123, 0.09213, 0.17206, 0.21172, 0.2208, 0.24241, 0.0, 0.18139], [0.1798, 0.21993, 0.09829, 0.01133, 0.04028, 0.0532, 0.08721, 0.18139, 0.0]], "features_1": [[0.14442571658531644, 0.8553374538044576, 0.0, 0.20270901288331616, 0.5207197026656072, 0.1311283020971834, 0.20990098133418017, 0.6785616344446994, 0.377515694788503, 0.1950565373213915, 0.007616154688146137, 0.6115310336035749, 0.6539354781933805, 0.6849520127428816, 0.7785990017217385, 0.7053735973778958, 0.6036283257173001], [-0.11906686574960101, 0.8618019657020888, 0.0, 0.24945498952570547, 0.5257547073074118, 0.13146832617989762, 0.24455200620510026, 0.6792815426289706, 0.3916837885443787, 0.20152448224917863, 0.007616154688146137, 0.6204507799632095, 0.6474183616651435, 0.675783749216508, 0.7839074216472491, 0.6816294598653375, 0.6031949248085291], [0.04672813944533338, 0.9978191052309676, 0.0, 0.21851099214637415, 0.5560144464977995, 0.13072014451871564, 0.20299611883346175, 0.6786437689818181, 0.3817444784181858, 0.22486619520841922, 0.007894969482732161, 0.6126581113622627, 0.6572029863943817, 0.6789960010137022, 0.7763877932178256, 0.698841258480916, 0.60018657710703], [0.03561810866365711, 0.9524600354007854, 0.0, 0.2093306448203423, 0.5399878205898345, 0.1337612007040804, 0.2049576908685971, 0.6754039597390069, 0.3950546072891985, 0.21974586608128188, 0.007950687539111767, 0.6191959836014127, 0.6487861190579003, 0.6748523469231233, 0.7843602130667803, 0.7123616487069254, 0.6078367550274225], [0.04510909740645097, 0.9233515101242808, 0.0, 0.2849950089767538, 0.5403148506143342, 0.1292696595793413, 0.24524142155011433, 0.6806521043432394, 0.3833729404537878, 0.2087373148842282, 0.007727725548673403, 0.6177079601932198, 0.6225687415051672, 0.6533358501945266, 0.7760123804095292, 0.6969488312649015, 0.5865355404050897], [-0.1927906605728884, 1.003360491927672, 0.0, 0.23785510748847122, 0.5546525340907849, 0.13160770435643002, 0.1917159055815567, 0.6772558980501057, 0.38011042239478154, 0.22889532860732564, 0.007671947615560004, 0.6254207635161584, 0.6446335917619422, 0.6837189492112217, 0.776325149045122, 0.697376069278682, 0.5934805547886435], [-0.2054122485386385, 0.8585313406710116, 0.0, 0.19162121827364667, 0.5148196060464898, 0.1346287539722767, 0.24927003959700542, 0.6753895469140827, 0.41151054775691387, 0.20467672542076243, 0.007894969482732161, 0.6268897920080216, 0.6633215162680645, 0.6937889146901365, 0.7916578116657662, 0.7250968760996344, 0.6092460137152902], [0.09145020193601372, 1.0852912973107465, 0.0, 0.25799355864538576, 0.579069406368253, 0.12161635860230278, 0.2085987057757123, 0.6855387818811345, 0.32768152255057625, 0.22235310316229517, 0.00711334193318236, 0.6048338559888213, 0.6301301710372449, 0.6250517089552599, 0.751109475700502, 0.6738133241335057, 0.5440838162055041], [-0.12498035291725973, 1.005839633002409, 0.0, 0.2813509578080255, 0.5588859636437576, 0.12667049743881711, 0.24724583174316592, 0.6824079658218867, 0.3592616565174991, 0.2203875176875809, 0.00711334193318236, 0.6153738983928874, 0.6472460113011134, 0.6771624983455188, 0.7716418425691448, 0.6921377197163215, 0.5875868311833421]], "features_2": [[0.5309795161865751, 0.7662629860498603, 0.0, 0.23229890793283184, 0.49043311673200596, 0.13812881113318046, 0.22954981687319959, 0.6711093294007935, 0.46216964069933075, 0.18445792214303913, 0.008062078829516484, 0.613364870285003, 0.6500643650933015, 0.6816697426407755, 0.7983814669923722, 0.7303249131481518, 0.617119656518604], [0.5282029629488898, 0.7408323560219385, 0.0, 0.23337998439987317, 0.484370233476605, 0.13790083605556666, 0.2444588077217503, 0.6720227640981432, 0.44001740941768364, 0.179342237670024, 0.008173410423425675, 0.6001092855613162, 0.6476139307770971, 0.6695707059268593, 0.8001121666944047, 0.7068797424714506, 0.634611476492811], [0.5659653512809082, 0.8858400200656512, 0.0, 0.22521975808706407, 0.5230706136888917, 0.13785211264398556, 0.21020439163295848, 0.6701125382097393, 0.46111900376904336, 0.21067101963308277, 0.00822905385914674, 0.6104541156797763, 0.6426266077384593, 0.6783544769884065, 0.7943612740208562, 0.71185332698719, 0.6171177556392969], [0.5397161011580405, 0.8697990911539007, 0.0, 0.24991528647642744, 0.5108126575171157, 0.14140354102427982, 0.18286493262042355, 0.6642431969876121, 0.4758003398432955, 0.21146095687714572, 0.008673665988278678, 0.6140521504137548, 0.6458109560551799, 0.6753847242201049, 0.7992223552677923, 0.7289092551708591, 0.614476176380592], [0.2176185778870452, 0.8206728420226319, 0.0, 0.23892288205135648, 0.5139908176283706, 0.13154678128705294, 0.3243911798992244, 0.6801375156957677, 0.39234864653160617, 0.18804192631706873, 0.007448685839370306, 0.6065951857850154, 0.6686783848050893, 0.7040303929428477, 0.7925894873624203, 0.7118264319826614, 0.6135972706980024], [0.6949685692640473, 0.9325615450179191, 0.0, 0.23824286735139544, 0.5336208243484075, 0.13709389821400425, 0.1953024821762625, 0.6703322650892091, 0.4466710969282395, 0.21735274341091837, 0.00839589484089287, 0.6050244646208074, 0.6366551946481626, 0.6521321544784306, 0.7899970168980781, 0.7064184720423143, 0.6145348777244798], [0.18776656005213166, 0.9112089968563717, 0.0, 0.24256207601887245, 0.5229386367741604, 0.13626050480273214, 0.22575610615380412, 0.6707836749400811, 0.410886473719023, 0.21409213984660447, 0.007671947615560004, 0.6040663428694177, 0.6428689824546348, 0.6745937726641975, 0.7849420358417137, 0.695481178025413, 0.6043345393068019], [0.04415694194466946, 1.0368820291130538, 0.0, 0.22793824961195755, 0.5708648874652827, 0.12574872882940225, 0.3453839890507048, 0.683628479289093, 0.356060970948082, 0.2224260186838165, 0.007336964783822175, 0.6128173347002019, 0.6463345822733696, 0.6676055170361616, 0.7689562904850124, 0.6946085402995583, 0.586758058404752], [0.48146415790021324, 1.0501857615775996, 0.0, 0.2407563115679535, 0.5667639655850897, 0.12947721836468426, 0.26808075037370716, 0.6791410266815928, 0.3796208432177095, 0.22912240637305747, 0.007894969482732161, 0.6004547647400225, 0.6355586434259227, 0.6603990433854849, 0.7697562648509119, 0.6839445797679642, 0.587955759263525]]}