{"labels_1": ["1", "2", "3", "4", "5", "6", "7", "8", "9"], "labels_2": ["1", "2", "3", "4", "5", "6", "7", "8", "9"], "adj_matrix_1": [[0.0, 0.22976, 0.00924, 0.2, 0.284, 0.28528, 0.29441, 0.20972, 0.15327], [0.22976, 0.0, 0.22588, 0.05186, 0.15543, 0.16271, 0.28231, 0.03595, 0.11454], [0.00924, 0.22588, 0.0, 0.19466, 0.28478, 0.28635, 0.29886, 0.20493, 0.14624], [0.2, 0.05186, 0.19466, 0.0, 0.19781, 0.20431, 0.30637, 0.01609, 0.06532], [0.284, 0.15543, 0.28478, 0.19781, 0.0, 0.00838, 0.16192, 0.18537, 0.24166], [0.28528, 0.16271, 0.28635, 0.20431, 0.00838, 0.0, 0.15438, 0.19216, 0.2469], [0.29441, 0.28231, 0.29886, 0.30637, 0.16192, 0.15438, 0.0, 0.29994, 0.32346], [0.20972, 0.03595, 0.20493, 0.01609, 0.18537, 0.19216, 0.29994, 0.0, 0.08083], [0.15327, 0.11454, 0.14624, 0.06532, 0.24166, 0.2469, 0.32346, 0.08083, 0.0]], "adj_matrix_2": [[0.0, 0.24968, 0.0751, 0.13005, 0.05967, 0.19546, 0.29195, 0.28597, 0.33981], [0.24968, 0.0, 0.30797, 0.13327, 0.19901, 0.06471, 0.29394, 0.04944, 0.14174], [0.0751, 0.30797, 0.0, 0.2004, 0.1334, 0.26047, 0.28277, 0.33823, 0.37806], [0.13005, 0.13327, 0.2004, 0.0, 0.07184, 0.07067, 0.30073, 0.17828, 0.25442], [0.05967, 0.19901, 0.1334, 0.07184, 0.0, 0.14037, 0.29734, 0.23963, 0.30409], [0.19546, 0.06471, 0.26047, 0.07067, 0.14037, 0.0, 0.29976, 0.11277, 0.19855], [0.29195, 0.29394, 0.28277, 0.30073, 0.29734, 0.29976, 0.0, 0.28511, 0.25544], [0.28597, 0.04944, 0.33823, 0.17828, 0.23963, 0.11277, 0.28511, 0.0, 0.09533], [0.33981, 0.14174, 0.37806, 0.25442, 0.30409, 0.19855, 0.25544, 0.09533, 0.0]], "features_1": [[0.8020089232052077, 0.9187622971386891, 0.0, 0.23688069941891887, 0.5349353925712601, 0.13300837603943771, 0.19471153940558708, 0.6759717689726346, 0.3821774686066379, 0.20678532417393924, 0.007727725548673403, 0.5907128125079628, 0.6318975608866206, 0.659759078651251, 0.7758008523519155, 0.6912827086295613, 0.5977271523223623], [0.2958158065544594, 0.972299755298234, 0.0, 0.2146119204488659, 0.5438290047245251, 0.1369612460131319, 0.2346373404474825, 0.6737452071841826, 0.40362579535700727, 0.2231703659734483, 0.007504523810135222, 0.6043798630356454, 0.6432167814490547, 0.647851800179564, 0.791485656444922, 0.7159069800974571, 0.6061893759982316], [0.7056139170389892, 1.1067822775782388, 0.0, 0.24196192682344897, 0.5774901876236348, 0.1329819464388826, 0.19093835238426352, 0.6762277781352799, 0.3787269771853716, 0.24249784269584196, 0.007504523810135222, 0.5898610467498875, 0.6351186464538019, 0.6610297506777653, 0.7769908689781266, 0.7027897479526312, 0.5959793200078085], [0.38596780823052024, 1.0259107038392443, 0.0, 0.221887403921146, 0.560757643293569, 0.13349471114674086, 0.19434187992200477, 0.6755518051538846, 0.3809551471106978, 0.23141251727185153, 0.007504523810135222, 0.6060887431624833, 0.6339856937631921, 0.6673454625734712, 0.7780085158573133, 0.6902891486325096, 0.6046488679756001], [0.5327185965656964, 1.0059482523508811, 0.0, 0.21391918049122877, 0.5511414599354493, 0.13834226352592832, 0.22996928361001281, 0.6731240456278986, 0.40484898020256943, 0.22740703383215655, 0.00716927026363523, 0.6085193977638372, 0.6284140381885631, 0.6437649772152501, 0.7966537037366932, 0.7019034673854875, 0.6058655932844019], [0.3100331389337003, 1.0716865902744257, 0.0, 0.24648829243121956, 0.569784109209789, 0.13579631386629323, 0.21261414382927768, 0.6746579606624676, 0.39382386425669647, 0.24134584397465764, 0.007504523810135222, 0.6115314271640069, 0.6336862079606518, 0.6646956707643823, 0.7878533380250117, 0.711672132407684, 0.613733769947142], [0.04056413859665886, 1.0092315267435257, 0.0, 0.24929276050171728, 0.5595904709475217, 0.12997693189165554, 0.19111962048467887, 0.6791153699385224, 0.3719418740806666, 0.22632077140547469, 0.00783923647221818, 0.619011263478551, 0.6227111185684286, 0.6540023562548342, 0.7714995030352462, 0.6984044376477095, 0.5888049650847721], [0.4675039296603498, 1.1136654370315073, 0.0, 0.2314375477831052, 0.5763200879072822, 0.13552138850600676, 0.24636968167001427, 0.6758819112305819, 0.3903167898557649, 0.24391489729858784, 0.007504523810135222, 0.6041927251807797, 0.6372558467131582, 0.6628866530094482, 0.7914895699424068, 0.7060629202454253, 0.6080547688479949], [1.104095581585952, 1.087449258886814, 0.0, 0.3237599646483719, 0.5777350117454081, 0.12707191033883766, 0.22360376421000366, 0.682332507179511, 0.3714854242952481, 0.23141618077057702, 0.007616154688146137, 0.5886326984095565, 0.6234791537280528, 0.64233549812568, 0.768217442840534, 0.6965719290166129, 0.5685784309981724]], "features_2": [[-0.5082215722745911, 0.7962060146594012, 0.0, 0.19953318697717318, 0.5083262249575613, 0.13246806966978045, 0.2637862179438407, 0.6795655796900824, 0.4092256517684385, 0.19117508012578233, 0.007504523810135222, 0.6435032647196905, 0.6573318434322567, 0.688566187273355, 0.7906424125412866, 0.704460415318366, 0.625741323509204], [-0.17037402586234007, 0.8253067644886528, 0.0, 0.17160451415956707, 0.5037197219725974, 0.13749330499639684, 0.16726749321029216, 0.671553161840799, 0.4404755641589395, 0.2023407891089477, 0.00783923647221818, 0.6244097368954953, 0.6428452521557033, 0.6760283602281647, 0.7912563990426115, 0.7019824862934618, 0.6132218637239227], [-0.5872580350055028, 0.9323415326064064, 0.0, 0.17986154487287292, 0.5406301537920983, 0.13382267310244753, 0.23185409089160416, 0.6773399381922214, 0.41231878011343737, 0.2219596093398819, 0.007616154688146137, 0.6449603319885182, 0.655890219567183, 0.692168670075788, 0.7888756188801455, 0.693776593267506, 0.6198499551363362], [-0.4255174585541961, 0.9155094072229387, 0.0, 0.18963978934237796, 0.5367121143052426, 0.13503777628361766, 0.2806023812571567, 0.6770345366939037, 0.4167733468835868, 0.21890574286814912, 0.007616154688146137, 0.6390602281865898, 0.6738965079608836, 0.71014013202987, 0.7971013225042825, 0.7096692912829694, 0.6291497594132787], [-0.28592464604634493, 0.8094093701656313, 0.0, 0.17686619278821547, 0.489352995777097, 0.14048713208602548, 0.10404691178439976, 0.6630125791119574, 0.452117628321107, 0.203094758025395, 0.008284682400665488, 0.6378912802893004, 0.6389600428118144, 0.6782459958824469, 0.7843908573610792, 0.6894060868534057, 0.6074217979030544], [-0.4996663313075711, 0.9502154230659852, 0.0, 0.19040092123164157, 0.5356149615947228, 0.1369647300411887, 0.18160946890391685, 0.6712496057503297, 0.42674559169473625, 0.2304397038478989, 0.007950687539111767, 0.6330180115404929, 0.6383059861363325, 0.6794933280868221, 0.7860962466557188, 0.6946987272519316, 0.6147041769601447], [0.35261784775946525, 0.93206019368151, 0.0, 0.15913173040866016, 0.529891297312734, 0.13818597678937705, 0.25827817994152796, 0.6729320001003982, 0.4231353371743316, 0.21847969282115498, 0.008173410423425675, 0.6033712994198148, 0.660481117529554, 0.6764311228666815, 0.7987129019031438, 0.7153431786720383, 0.6177739486851886], [-0.013585348122000518, 0.9340847646845598, 0.0, 0.20758282378219917, 0.5293204464554392, 0.13356585284367717, 0.17334071303464782, 0.6734133942067155, 0.3931040064784528, 0.21692873885635677, 0.007950687539111767, 0.6135652508329399, 0.641093872293798, 0.6787310462228697, 0.7714148470447076, 0.6861296103123964, 0.5927660126171289], [0.01768874927981834, 0.9499949488010995, 0.0, 0.20367317677946334, 0.5323549316822731, 0.13336956085034693, 0.1793817325598262, 0.6745973418370865, 0.39448323929066986, 0.21944714655541864, 0.007727725548673403, 0.6093588937149885, 0.6355159556591204, 0.6659597366099473, 0.7713583515078704, 0.6956616348085004, 0.582900261437755]]}