{"labels_1": ["1", "2", "3", "4", "5", "6", "7", "8", "9"], "labels_2": ["1", "2", "3", "4", "5", "6", "7", "8", "9"], "adj_matrix_1": [[0.0, 0.08432, 0.20585, 0.03375, 0.04984, 0.18765, 0.15558, 0.00355, 0.05377], [0.08432, 0.0, 0.13207, 0.05112, 0.03504, 0.11118, 0.07549, 0.08775, 0.13584], [0.20585, 0.13207, 0.0, 0.17763, 0.16357, 0.02256, 0.05949, 0.20862, 0.24759], [0.03375, 0.05112, 0.17763, 0.0, 0.0162, 0.15826, 0.12454, 0.03729, 0.08699], [0.04984, 0.03504, 0.16357, 0.0162, 0.0, 0.14369, 0.10927, 0.05337, 0.10266], [0.18765, 0.11118, 0.02256, 0.15826, 0.14369, 0.0, 0.03719, 0.19061, 0.23155], [0.15558, 0.07549, 0.05949, 0.12454, 0.10927, 0.03719, 0.0, 0.15873, 0.20257], [0.00355, 0.08775, 0.20862, 0.03729, 0.05337, 0.19061, 0.15873, 0.0, 0.05026], [0.05377, 0.13584, 0.24759, 0.08699, 0.10266, 0.23155, 0.20257, 0.05026, 0.0]], "adj_matrix_2": [[0.0, 0.1935, 0.06927, 0.03595, 0.10266, 0.07483, 0.12222, 0.33614, 0.21775], [0.1935, 0.0, 0.1296, 0.16095, 0.27999, 0.12425, 0.07714, 0.20544, 0.25116], [0.06927, 0.1296, 0.0, 0.03355, 0.16894, 0.00564, 0.05427, 0.29791, 0.23052], [0.03595, 0.16095, 0.03355, 0.0, 0.13739, 0.03917, 0.08736, 0.31724, 0.22441], [0.10266, 0.27999, 0.16894, 0.13739, 0.0, 0.17414, 0.21769, 0.38065, 0.19804], [0.07483, 0.12425, 0.00564, 0.03917, 0.17414, 0.0, 0.04867, 0.29448, 0.23147], [0.12222, 0.07714, 0.05427, 0.08736, 0.21769, 0.04867, 0.0, 0.26302, 0.23986], [0.33614, 0.20544, 0.29791, 0.31724, 0.38065, 0.29448, 0.26302, 0.0, 0.25078], [0.21775, 0.25116, 0.23052, 0.22441, 0.19804, 0.23147, 0.23986, 0.25078, 0.0]], "features_1": [[-0.030722101720669137, 0.697548949420343, 0.0, 0.21556311706597373, 0.470486657809729, 0.1361866062251532, 0.23022793031444239, 0.6738493959609949, 0.4084447694928819, 0.1683554710889601, 0.007671947615560004, 0.6235906483506259, 0.658281841803478, 0.6901421243441739, 0.7921112419062584, 0.7181980114740825, 0.6145366605474172], [-0.2005878242816319, 0.7862777603261394, 0.0, 0.19076132495114462, 0.49304897276335435, 0.1385228894033091, 0.2841818655799706, 0.6731713742912333, 0.4062931311958735, 0.19153507252176305, 0.008006390651371653, 0.6218282926604979, 0.6449945107791051, 0.6808261276203665, 0.8001267659768954, 0.711421514460512, 0.6121994749984911], [-0.058799378300467886, 0.8291846958925586, 0.0, 0.20457629842403985, 0.5127109671086619, 0.13476789169121517, 0.23803484976841177, 0.6754116144873757, 0.39948813521409465, 0.19559731163351524, 0.007671947615560004, 0.6180819348078619, 0.6561331378611543, 0.6802055062687984, 0.7879437070092287, 0.7040426173725932, 0.6101130599330491], [-0.10734928475748218, 0.8205993683996325, 0.0, 0.20680622970698348, 0.5027712402992471, 0.13944143490033048, 0.17221231921801844, 0.6684154026706903, 0.4298308351702467, 0.20091724683454681, 0.008117752083540042, 0.6269269162127808, 0.6530927852801116, 0.6742767680968287, 0.7930823629145003, 0.718528913156721, 0.6163564527930888], [-0.08388504831506527, 0.8722087202192592, 0.0, 0.18412550533866065, 0.51688032382846, 0.1354551391307118, 0.2420827641385422, 0.6751813379792173, 0.39551061649809616, 0.205088895955722, 0.007727725548673403, 0.6150963371130385, 0.6563372198882513, 0.6826914206972133, 0.791543855512513, 0.7096984420418122, 0.591749228363863], [-0.10977092205046457, 0.8751243845329769, 0.0, 0.22855846107026162, 0.5220083570846535, 0.1355820540763822, 0.19652199412750945, 0.6734083468750559, 0.4002107522826299, 0.20675148533619758, 0.007950687539111767, 0.6188132126954717, 0.6372697792719354, 0.6719960884579801, 0.7858400618401808, 0.6924214799278623, 0.6040524104414599], [-0.005007870179746021, 0.8402528472502029, 0.0, 0.25606292795524654, 0.5072039615709577, 0.1397645605817745, 0.1757860831405786, 0.6685612405015438, 0.4370876546640796, 0.20402350452716878, 0.008284682400665488, 0.6207377725833512, 0.6545983376502195, 0.6660383907504497, 0.7945544858678989, 0.7067831456444816, 0.6186578486169337], [0.1973420475805998, 0.9744732357675933, 0.0, 0.21417820039552327, 0.5455723585576926, 0.13129303115482552, 0.2364252503875072, 0.6781882610838923, 0.3839346144751157, 0.21820609633962929, 0.007392832833969631, 0.6182947341821179, 0.6452247884464185, 0.6614695244912273, 0.7814727163721812, 0.7353945085406798, 0.5805063446969806], [-0.2272590777783905, 0.8541365418243908, 0.0, 0.24486612472742003, 0.5200217800806006, 0.1329530888934251, 0.24140358857378033, 0.6778941134858324, 0.39601997865718896, 0.20041488193678392, 0.008006390651371653, 0.622683896867033, 0.6686665329220568, 0.6856132600453072, 0.78836855876032, 0.6932078478554727, 0.604719343704985]], "features_2": [[-0.22149113057268321, 0.7695035907297162, 0.0, 0.24902152917546105, 0.5019176540742775, 0.1356777113526465, 0.3581270384026617, 0.6797243714592069, 0.4261551582216412, 0.1860434353672067, 0.008173410423425675, 0.6379833873688308, 0.6930300690412036, 0.7168723112151364, 0.8070575774587568, 0.7219671487559071, 0.6070159193980141], [-0.12367389283257602, 0.799700768982082, 0.0, 0.29565612995594, 0.5051929134368545, 0.14023827541723613, 0.3161987842882077, 0.6748303620993192, 0.45200347644507444, 0.19752190444778206, 0.00822905385914674, 0.6351232638208968, 0.6984023935162867, 0.7313609595136775, 0.8136288712869854, 0.729634676659457, 0.624146041320936], [-0.20289242877553715, 0.9161557832487705, 0.0, 0.2622966337636941, 0.5395277518473359, 0.13716660691534485, 0.3260252192835438, 0.6775942822096203, 0.43460178675488703, 0.21870621698103743, 0.007560346756364078, 0.631104018546381, 0.6748819286152983, 0.6937164135339041, 0.8069389909470976, 0.727463543287245, 0.6112962424236618], [-0.22028759772873263, 0.8847938617461554, 0.0, 0.2267548764915706, 0.5292141799235454, 0.1378021741523027, 0.3270634414981153, 0.6770183213302668, 0.43926370824805727, 0.21453614221488415, 0.008340296057933516, 0.6361000262652396, 0.6864940610898319, 0.7108052574259014, 0.8086311775109258, 0.7310631691436885, 0.6168525159571651], [-0.2454096714760472, 0.8174589384172937, 0.0, 0.2609575698978199, 0.5083744308584727, 0.13729482889413638, 0.320106442440764, 0.6763427570752674, 0.4267992013305646, 0.19988362627064138, 0.00822905385914674, 0.6433481275214743, 0.6945736210273372, 0.7297384572326453, 0.8062013132394142, 0.7263814401711077, 0.6146710552565205], [-0.12025639113731978, 0.9514618982387568, 0.0, 0.24896489156799378, 0.5451716791789973, 0.13738154924473142, 0.30432699882395653, 0.6765486654934487, 0.43614988723712744, 0.2265624492032423, 0.008340296057933516, 0.6304253731228031, 0.6790374445654188, 0.6932164878337714, 0.8045513945667958, 0.7275248906050918, 0.6152088423359818], [-0.155385666570941, 0.9364226702046208, 0.0, 0.25605998414467124, 0.5374501979300554, 0.13748882672403973, 0.2773254952025141, 0.675220616424949, 0.4258771472845331, 0.2245068654500384, 0.007894969482732161, 0.6264460164981713, 0.6690176594544412, 0.6871523305649764, 0.8024536463785356, 0.7334463727926825, 0.615373628794813], [0.27915409180221973, 0.9656901388603977, 0.0, 0.2734106438534181, 0.5548208622609899, 0.12708019288586747, 0.35094789392819836, 0.6845269503340682, 0.36298666285759684, 0.2131833635889846, 0.007560346756364078, 0.6027039397591163, 0.6496693834031855, 0.680471765990832, 0.7822266126616803, 0.7088203922679578, 0.5830233023759299], [0.986480470479957, 1.027192223228577, 0.0, 0.3152331385752128, 0.5703695284860424, 0.12646242100128413, 0.32322901306302254, 0.6846945451067038, 0.36601070497080324, 0.22199072305105672, 0.007560346756364078, 0.5838863710025202, 0.6403023790512506, 0.6619429458603122, 0.7789575673046517, 0.7046838116059472, 0.5718162173149871]]}