{"labels_1": ["1", "2", "3", "4", "5", "6", "7", "8", "9"], "labels_2": ["1", "2", "3", "4", "5", "6", "7", "8", "9"], "adj_matrix_1": [[0.0, 0.30877, 0.02648, 0.13306, 0.27639, 0.03659, 0.18892, 0.25754, 0.04666], [0.30877, 0.0, 0.29792, 0.34631, 0.17055, 0.29358, 0.35587, 0.1198, 0.28913], [0.02648, 0.29792, 0.0, 0.15777, 0.27758, 0.01015, 0.21204, 0.23891, 0.02027], [0.13306, 0.34631, 0.15777, 0.0, 0.26114, 0.16702, 0.06007, 0.33544, 0.17612], [0.27639, 0.17055, 0.27758, 0.26114, 0.0, 0.27804, 0.25221, 0.2388, 0.27849], [0.03659, 0.29358, 0.01015, 0.16702, 0.27804, 0.0, 0.22064, 0.23152, 0.01013], [0.18892, 0.35587, 0.21204, 0.06007, 0.25221, 0.22064, 0.0, 0.36161, 0.22905], [0.25754, 0.1198, 0.23891, 0.33544, 0.2388, 0.23152, 0.36161, 0.0, 0.22399], [0.04666, 0.28913, 0.02027, 0.17612, 0.27849, 0.01013, 0.22905, 0.22399, 0.0]], "adj_matrix_2": [[0.0, 0.1935, 0.06927, 0.03595, 0.10266, 0.07483, 0.12222, 0.33614, 0.21775], [0.1935, 0.0, 0.1296, 0.16095, 0.27999, 0.12425, 0.07714, 0.20544, 0.25116], [0.06927, 0.1296, 0.0, 0.03355, 0.16894, 0.00564, 0.05427, 0.29791, 0.23052], [0.03595, 0.16095, 0.03355, 0.0, 0.13739, 0.03917, 0.08736, 0.31724, 0.22441], [0.10266, 0.27999, 0.16894, 0.13739, 0.0, 0.17414, 0.21769, 0.38065, 0.19804], [0.07483, 0.12425, 0.00564, 0.03917, 0.17414, 0.0, 0.04867, 0.29448, 0.23147], [0.12222, 0.07714, 0.05427, 0.08736, 0.21769, 0.04867, 0.0, 0.26302, 0.23986], [0.33614, 0.20544, 0.29791, 0.31724, 0.38065, 0.29448, 0.26302, 0.0, 0.25078], [0.21775, 0.25116, 0.23052, 0.22441, 0.19804, 0.23147, 0.23986, 0.25078, 0.0]], "features_1": [[-0.16278688090940063, 0.8798139394765027, 0.0, 0.22835311290223786, 0.5282314635904227, 0.13125577798196814, 0.3072786575521178, 0.6811356027164359, 0.373220474652761, 0.20056124436183542, 0.007225183508792421, 0.6180100846546508, 0.6572407607835701, 0.6866957598266936, 0.7902592009314542, 0.6975106594804498, 0.5978044764072228], [0.30401667970816204, 0.8506882439691482, 0.0, 0.24211385756759024, 0.5141112704944002, 0.13364750392062075, 0.2455595557849243, 0.6774026526732067, 0.40085389945580663, 0.1981481738965547, 0.007950687539111767, 0.5988568316827316, 0.6567373191783755, 0.6922917766584686, 0.7893393866555738, 0.7117391844997278, 0.5903661455578059], [-0.27707065622093063, 1.0031577494494972, 0.0, 0.2065000840802631, 0.5562928172232096, 0.13261703417957638, 0.28246972548694627, 0.6792705700498975, 0.38259510084268333, 0.22909495342868813, 0.007448685839370306, 0.6215762361745867, 0.6654320444374074, 0.6930772284770936, 0.7895314601988737, 0.6932971249489617, 0.6067399411661843], [-0.2882436653417981, 0.9690756125486166, 0.0, 0.20909612090606267, 0.5434229100500029, 0.1373889970509744, 0.2511336029259887, 0.6739343989860549, 0.40814659431076317, 0.22807094292762864, 0.007671947615560004, 0.6386441764157946, 0.6728811769789144, 0.7020831516637934, 0.79695946977945, 0.7082975603606072, 0.6161235230291181], [0.4835501075870994, 0.8631856119455513, 0.0, 0.296104994980768, 0.5166859536895908, 0.1347809207048515, 0.22732308739205678, 0.6761078455539105, 0.41725971684733554, 0.20378523134388238, 0.007783488497544067, 0.5987462573113629, 0.6513433170014756, 0.6721721003086153, 0.7887437880155884, 0.7107708946439214, 0.5948310242457876], [-0.27146012598708635, 0.9773099288092791, 0.0, 0.21825389251937516, 0.5471502844717641, 0.13498334177108565, 0.24833841553833197, 0.6762213840767485, 0.40046942402090435, 0.22846565222228055, 0.007783488497544067, 0.6280829412079427, 0.6648678277755802, 0.6959692816405795, 0.7912811074794557, 0.7122665686102646, 0.616797507806836], [-0.43360128561709077, 0.8392542837614416, 0.0, 0.16323725002926026, 0.5004919474933865, 0.14317550058861883, 0.1563500626394294, 0.6621000063802839, 0.4365628383079714, 0.21004513676348058, 0.007783488497544067, 0.6460492002040539, 0.6541535962453067, 0.6868493639729552, 0.7941047634831571, 0.7051554452650916, 0.618564200945088], [0.13864667997322044, 0.979412779519465, 0.0, 0.26944466418526125, 0.5467121355809796, 0.12778095529947392, 0.15040251076665215, 0.6802126738169074, 0.3680067539976717, 0.21974764667733604, 0.007671947615560004, 0.5976571479163777, 0.6268544925621568, 0.6533230905232592, 0.760834844246342, 0.6832040482539247, 0.5551630080494461], [-0.2332262121794324, 0.9080046025711216, 0.0, 0.21901428124983613, 0.5274145955666554, 0.13143769278826456, 0.12369177903748678, 0.6757900059261921, 0.3657004630162277, 0.20812142155716185, 0.007225183508792421, 0.618976741297151, 0.6260201762757699, 0.6493521942874038, 0.7656133779069478, 0.6833909221853832, 0.5752502906497777]], "features_2": [[-0.22149113057268321, 0.7695035907297162, 0.0, 0.24902152917546105, 0.5019176540742775, 0.1356777113526465, 0.3581270384026617, 0.6797243714592069, 0.4261551582216412, 0.1860434353672067, 0.008173410423425675, 0.6379833873688308, 0.6930300690412036, 0.7168723112151364, 0.8070575774587568, 0.7219671487559071, 0.6070159193980141], [-0.12367389283257602, 0.799700768982082, 0.0, 0.29565612995594, 0.5051929134368545, 0.14023827541723613, 0.3161987842882077, 0.6748303620993192, 0.45200347644507444, 0.19752190444778206, 0.00822905385914674, 0.6351232638208968, 0.6984023935162867, 0.7313609595136775, 0.8136288712869854, 0.729634676659457, 0.624146041320936], [-0.20289242877553715, 0.9161557832487705, 0.0, 0.2622966337636941, 0.5395277518473359, 0.13716660691534485, 0.3260252192835438, 0.6775942822096203, 0.43460178675488703, 0.21870621698103743, 0.007560346756364078, 0.631104018546381, 0.6748819286152983, 0.6937164135339041, 0.8069389909470976, 0.727463543287245, 0.6112962424236618], [-0.22028759772873263, 0.8847938617461554, 0.0, 0.2267548764915706, 0.5292141799235454, 0.1378021741523027, 0.3270634414981153, 0.6770183213302668, 0.43926370824805727, 0.21453614221488415, 0.008340296057933516, 0.6361000262652396, 0.6864940610898319, 0.7108052574259014, 0.8086311775109258, 0.7310631691436885, 0.6168525159571651], [-0.2454096714760472, 0.8174589384172937, 0.0, 0.2609575698978199, 0.5083744308584727, 0.13729482889413638, 0.320106442440764, 0.6763427570752674, 0.4267992013305646, 0.19988362627064138, 0.00822905385914674, 0.6433481275214743, 0.6945736210273372, 0.7297384572326453, 0.8062013132394142, 0.7263814401711077, 0.6146710552565205], [-0.12025639113731978, 0.9514618982387568, 0.0, 0.24896489156799378, 0.5451716791789973, 0.13738154924473142, 0.30432699882395653, 0.6765486654934487, 0.43614988723712744, 0.2265624492032423, 0.008340296057933516, 0.6304253731228031, 0.6790374445654188, 0.6932164878337714, 0.8045513945667958, 0.7275248906050918, 0.6152088423359818], [-0.155385666570941, 0.9364226702046208, 0.0, 0.25605998414467124, 0.5374501979300554, 0.13748882672403973, 0.2773254952025141, 0.675220616424949, 0.4258771472845331, 0.2245068654500384, 0.007894969482732161, 0.6264460164981713, 0.6690176594544412, 0.6871523305649764, 0.8024536463785356, 0.7334463727926825, 0.615373628794813], [0.27915409180221973, 0.9656901388603977, 0.0, 0.2734106438534181, 0.5548208622609899, 0.12708019288586747, 0.35094789392819836, 0.6845269503340682, 0.36298666285759684, 0.2131833635889846, 0.007560346756364078, 0.6027039397591163, 0.6496693834031855, 0.680471765990832, 0.7822266126616803, 0.7088203922679578, 0.5830233023759299], [0.986480470479957, 1.027192223228577, 0.0, 0.3152331385752128, 0.5703695284860424, 0.12646242100128413, 0.32322901306302254, 0.6846945451067038, 0.36601070497080324, 0.22199072305105672, 0.007560346756364078, 0.5838863710025202, 0.6403023790512506, 0.6619429458603122, 0.7789575673046517, 0.7046838116059472, 0.5718162173149871]]}