{"labels_1": ["1", "2", "3", "4", "5", "6", "7", "8", "9"], "labels_2": ["1", "2", "3", "4", "5", "6", "7", "8", "9"], "adj_matrix_1": [[0.0, 0.2685, 0.04893, 0.06079, 0.26806, 0.10921, 0.23251, 0.25818, 0.2679], [0.2685, 0.0, 0.24571, 0.23887, 0.01171, 0.28769, 0.20404, 0.12109, 0.01565], [0.04893, 0.24571, 0.0, 0.01235, 0.24424, 0.14817, 0.23972, 0.22627, 0.24691], [0.06079, 0.23887, 0.01235, 0.0, 0.23715, 0.15657, 0.23969, 0.21755, 0.24035], [0.26806, 0.01171, 0.24424, 0.23715, 0.0, 0.29078, 0.21302, 0.11005, 0.02734], [0.10921, 0.28769, 0.14817, 0.15657, 0.29078, 0.0, 0.17607, 0.30935, 0.28285], [0.23251, 0.20404, 0.23972, 0.23969, 0.21302, 0.17607, 0.0, 0.28717, 0.19155], [0.25818, 0.12109, 0.22627, 0.21755, 0.11005, 0.30935, 0.28717, 0.0, 0.13584], [0.2679, 0.01565, 0.24691, 0.24035, 0.02734, 0.28285, 0.19155, 0.13584, 0.0]], "adj_matrix_2": [[0.0, 0.1935, 0.06927, 0.03595, 0.10266, 0.07483, 0.12222, 0.33614, 0.21775], [0.1935, 0.0, 0.1296, 0.16095, 0.27999, 0.12425, 0.07714, 0.20544, 0.25116], [0.06927, 0.1296, 0.0, 0.03355, 0.16894, 0.00564, 0.05427, 0.29791, 0.23052], [0.03595, 0.16095, 0.03355, 0.0, 0.13739, 0.03917, 0.08736, 0.31724, 0.22441], [0.10266, 0.27999, 0.16894, 0.13739, 0.0, 0.17414, 0.21769, 0.38065, 0.19804], [0.07483, 0.12425, 0.00564, 0.03917, 0.17414, 0.0, 0.04867, 0.29448, 0.23147], [0.12222, 0.07714, 0.05427, 0.08736, 0.21769, 0.04867, 0.0, 0.26302, 0.23986], [0.33614, 0.20544, 0.29791, 0.31724, 0.38065, 0.29448, 0.26302, 0.0, 0.25078], [0.21775, 0.25116, 0.23052, 0.22441, 0.19804, 0.23147, 0.23986, 0.25078, 0.0]], "features_1": [[0.6334211295573318, 0.8483440037502019, 0.0, 0.3032447141891895, 0.5042512548244868, 0.14374057029168305, 0.20563619129356567, 0.6638733134669119, 0.4901750171503587, 0.2094389195201909, 0.008451478759474051, 0.6069015555062462, 0.6455086725291759, 0.6791920944589606, 0.8084991699218429, 0.7168601575131517, 0.6328533099154295], [0.28641720016853256, 0.8548838568260296, 0.0, 0.29522219747243583, 0.5062977748924954, 0.14343856150522086, 0.220281289924376, 0.6643024640270956, 0.49309449537616823, 0.21349114847629047, 0.008562602043175715, 0.6250243390303485, 0.6614900324025476, 0.6918297943406432, 0.8087527634602917, 0.7177761905078963, 0.6391150097640124], [0.7215636147500817, 1.005392505503927, 0.0, 0.29837925611798444, 0.5465377069866333, 0.1419941894538821, 0.20502775150404845, 0.6661910492545524, 0.47900820553641243, 0.23965290100442838, 0.008451478759474051, 0.5991095080398807, 0.6588786339501723, 0.6920930231293441, 0.8043304572203273, 0.7124588533695341, 0.6295954148809636], [0.6944176589591704, 0.9831310693857411, 0.0, 0.28676892637865226, 0.5398011580684585, 0.143811312967993, 0.21529451208015543, 0.664953937107288, 0.49813181424968733, 0.23911691964337, 0.008895616178821175, 0.604796754278834, 0.6533320832631961, 0.6938320651836621, 0.8114235148368408, 0.7328885862983078, 0.6320269294996849], [-0.05385391025855979, 0.9329685030009995, 0.0, 0.26517164599741955, 0.5440837460002284, 0.13332852064273043, 0.3413350785811907, 0.6798646482015451, 0.4036686631304376, 0.2150173026465616, 0.007281081678807366, 0.6131138997431833, 0.6690801956819968, 0.7092229147809086, 0.7982719387673318, 0.7294748016991808, 0.5980482104743458], [0.3833066326972232, 1.0523386723870696, 0.0, 0.2561305336736965, 0.5677172227855616, 0.13804239739158664, 0.25537453721673414, 0.6734157708049253, 0.46195511769454134, 0.2464884256715978, 0.008284682400665488, 0.6076118875249481, 0.6444644559237326, 0.6808526246325539, 0.8008737539771568, 0.7077977622418413, 0.6241230941236429], [0.35638552875946505, 0.9865587040663353, 0.0, 0.2565496923176304, 0.5563262496134027, 0.1374076112319023, 0.34406635922922674, 0.6776980098248433, 0.4448338267062597, 0.2304888047588074, 0.00783923647221818, 0.6042377393450287, 0.6827685078066664, 0.6890985920339452, 0.812430243161386, 0.7314666475692349, 0.6307390445096501], [-0.12862904630077399, 1.1398831647489232, 0.0, 0.2358989773884453, 0.6104022995704574, 0.12149579166300552, 0.5690771680600974, 0.6901398876949727, 0.33208238337405693, 0.23284009910295822, 0.006609306440138685, 0.6158974168754856, 0.673625475795468, 0.6808623096939671, 0.7802889898850448, 0.70736232125089, 0.543417045726318], [0.06331936576203034, 1.1334382907803673, 0.0, 0.25401638173630436, 0.6089225208702165, 0.12248525745369379, 0.5011118999401389, 0.6896879735894863, 0.34574325269532946, 0.23271890641533166, 0.007057398507269275, 0.6049974009230825, 0.6612781320705773, 0.6649566531742032, 0.7853094775426137, 0.7094898643071716, 0.5777693745871941]], "features_2": [[-0.22149113057268321, 0.7695035907297162, 0.0, 0.24902152917546105, 0.5019176540742775, 0.1356777113526465, 0.3581270384026617, 0.6797243714592069, 0.4261551582216412, 0.1860434353672067, 0.008173410423425675, 0.6379833873688308, 0.6930300690412036, 0.7168723112151364, 0.8070575774587568, 0.7219671487559071, 0.6070159193980141], [-0.12367389283257602, 0.799700768982082, 0.0, 0.29565612995594, 0.5051929134368545, 0.14023827541723613, 0.3161987842882077, 0.6748303620993192, 0.45200347644507444, 0.19752190444778206, 0.00822905385914674, 0.6351232638208968, 0.6984023935162867, 0.7313609595136775, 0.8136288712869854, 0.729634676659457, 0.624146041320936], [-0.20289242877553715, 0.9161557832487705, 0.0, 0.2622966337636941, 0.5395277518473359, 0.13716660691534485, 0.3260252192835438, 0.6775942822096203, 0.43460178675488703, 0.21870621698103743, 0.007560346756364078, 0.631104018546381, 0.6748819286152983, 0.6937164135339041, 0.8069389909470976, 0.727463543287245, 0.6112962424236618], [-0.22028759772873263, 0.8847938617461554, 0.0, 0.2267548764915706, 0.5292141799235454, 0.1378021741523027, 0.3270634414981153, 0.6770183213302668, 0.43926370824805727, 0.21453614221488415, 0.008340296057933516, 0.6361000262652396, 0.6864940610898319, 0.7108052574259014, 0.8086311775109258, 0.7310631691436885, 0.6168525159571651], [-0.2454096714760472, 0.8174589384172937, 0.0, 0.2609575698978199, 0.5083744308584727, 0.13729482889413638, 0.320106442440764, 0.6763427570752674, 0.4267992013305646, 0.19988362627064138, 0.00822905385914674, 0.6433481275214743, 0.6945736210273372, 0.7297384572326453, 0.8062013132394142, 0.7263814401711077, 0.6146710552565205], [-0.12025639113731978, 0.9514618982387568, 0.0, 0.24896489156799378, 0.5451716791789973, 0.13738154924473142, 0.30432699882395653, 0.6765486654934487, 0.43614988723712744, 0.2265624492032423, 0.008340296057933516, 0.6304253731228031, 0.6790374445654188, 0.6932164878337714, 0.8045513945667958, 0.7275248906050918, 0.6152088423359818], [-0.155385666570941, 0.9364226702046208, 0.0, 0.25605998414467124, 0.5374501979300554, 0.13748882672403973, 0.2773254952025141, 0.675220616424949, 0.4258771472845331, 0.2245068654500384, 0.007894969482732161, 0.6264460164981713, 0.6690176594544412, 0.6871523305649764, 0.8024536463785356, 0.7334463727926825, 0.615373628794813], [0.27915409180221973, 0.9656901388603977, 0.0, 0.2734106438534181, 0.5548208622609899, 0.12708019288586747, 0.35094789392819836, 0.6845269503340682, 0.36298666285759684, 0.2131833635889846, 0.007560346756364078, 0.6027039397591163, 0.6496693834031855, 0.680471765990832, 0.7822266126616803, 0.7088203922679578, 0.5830233023759299], [0.986480470479957, 1.027192223228577, 0.0, 0.3152331385752128, 0.5703695284860424, 0.12646242100128413, 0.32322901306302254, 0.6846945451067038, 0.36601070497080324, 0.22199072305105672, 0.007560346756364078, 0.5838863710025202, 0.6403023790512506, 0.6619429458603122, 0.7789575673046517, 0.7046838116059472, 0.5718162173149871]]}