{"labels_1": ["1", "2", "3", "4", "5", "6", "7", "8", "9"], "labels_2": ["1", "2", "3", "4", "5", "6", "7", "8", "9"], "adj_matrix_1": [[0.0, 0.17883, 0.14431, 0.06577, 0.0299, 0.14426, 0.18073, 0.2405, 0.25684], [0.17883, 0.0, 0.10608, 0.181, 0.17329, 0.10605, 0.1564, 0.05518, 0.08526], [0.14431, 0.10608, 0.0, 0.17994, 0.12346, 3e-05, 0.20879, 0.12256, 0.16264], [0.06577, 0.181, 0.17994, 0.0, 0.09329, 0.17995, 0.13509, 0.27922, 0.27163], [0.0299, 0.17329, 0.12346, 0.09329, 0.0, 0.12343, 0.19565, 0.22039, 0.24503], [0.14426, 0.10605, 3e-05, 0.17995, 0.12343, 0.0, 0.20886, 0.12261, 0.16271], [0.18073, 0.1564, 0.20879, 0.13509, 0.19565, 0.20886, 0.0, 0.31335, 0.23954], [0.2405, 0.05518, 0.12256, 0.27922, 0.22039, 0.12261, 0.31335, 0.0, 0.16641], [0.25684, 0.08526, 0.16264, 0.27163, 0.24503, 0.16271, 0.23954, 0.16641, 0.0]], "adj_matrix_2": [[0.0, 0.28163, 0.09037, 0.17059, 0.21054, 0.21957, 0.24139, 0.00186, 0.1798], [0.28163, 0.0, 0.26165, 0.22611, 0.19693, 0.18839, 0.1637, 0.28123, 0.21993], [0.09037, 0.26165, 0.0, 0.08755, 0.13522, 0.14661, 0.17545, 0.09213, 0.09829], [0.17059, 0.22611, 0.08755, 0.0, 0.05149, 0.0643, 0.09792, 0.17206, 0.01133], [0.21054, 0.19693, 0.13522, 0.05149, 0.0, 0.01309, 0.04812, 0.21172, 0.04028], [0.21957, 0.18839, 0.14661, 0.0643, 0.01309, 0.0, 0.03518, 0.2208, 0.0532], [0.24139, 0.1637, 0.17545, 0.09792, 0.04812, 0.03518, 0.0, 0.24241, 0.08721], [0.00186, 0.28123, 0.09213, 0.17206, 0.21172, 0.2208, 0.24241, 0.0, 0.18139], [0.1798, 0.21993, 0.09829, 0.01133, 0.04028, 0.0532, 0.08721, 0.18139, 0.0]], "features_1": [[0.5987251103217615, 0.7623361303791717, 0.0, 0.2756229300221586, 0.4926118130643069, 0.13591902545375498, 0.24449181865655872, 0.6760753378459277, 0.40789396919332477, 0.17919199154924326, 0.00783923647221818, 0.5984342511032499, 0.6551966204401487, 0.6499237003314622, 0.7975532896236, 0.7217602933353173, 0.6147406678525927], [1.450826499925399, 0.7787701000309972, 0.0, 0.29618113667581814, 0.49446273484587133, 0.1366326880531898, 0.2804664852943034, 0.6762099095391672, 0.4135108951131363, 0.18269711697997026, 0.00783923647221818, 0.5784183773308313, 0.653630225820362, 0.6859231160183544, 0.8024110102525384, 0.739177698502098, 0.6166053247263177], [0.9330151128322117, 0.9514604502429582, 0.0, 0.2904642396579429, 0.5425918550046909, 0.13502126883990168, 0.22140847140578615, 0.6759208764847244, 0.40114150561962303, 0.21664291655393186, 0.007504523810135222, 0.5869644196259556, 0.640007318183783, 0.6478268363484339, 0.7910358775100553, 0.7194380231048431, 0.607955097389305], [0.6418853559468443, 0.9465353042553142, 0.0, 0.2664565194903322, 0.5356363604666042, 0.13902761165343777, 0.20905355124879393, 0.6717893782316667, 0.4358708646042875, 0.2227240034559932, 0.007950687539111767, 0.6001421912915705, 0.6533285695572649, 0.6792618915643024, 0.7989670459508703, 0.742194902388428, 0.6128175747653178], [1.0785721388656313, 0.843541946736268, 0.0, 0.2800445798098627, 0.5054986052631124, 0.1401948685182266, 0.27302191825907374, 0.671623568628142, 0.43886596920645005, 0.20173854179268602, 0.008507047823598457, 0.5909388439188168, 0.6416460177683028, 0.6679607951052504, 0.8034699929461357, 0.7371791059907032, 0.623497574817159], [1.0836571971896438, 0.9990517808238986, 0.0, 0.28545694019182066, 0.5523185828891202, 0.13502701897864267, 0.23001524457841568, 0.6761582844223994, 0.4097805131267145, 0.22652613868478233, 0.007950687539111767, 0.5882732672789568, 0.6387325187722759, 0.6643220801672695, 0.7906461573149043, 0.7176894983434401, 0.6080563288658525], [0.8234396766283636, 1.041278105932566, 0.0, 0.2569408158729706, 0.5506944447027898, 0.1415186933769033, 0.2280105637784942, 0.6677564195683238, 0.4489621620210278, 0.24253055370957832, 0.008284682400665488, 0.5963490642676827, 0.6451046960101791, 0.6771154079928702, 0.7941496718705526, 0.7175446107729616, 0.5947324368732205], [-0.06705565192655083, 0.9072446366523517, 0.0, 0.2414028700447321, 0.5286942436028131, 0.13852845407048173, 0.38195488310220965, 0.6757956945000517, 0.42592676661420525, 0.2153917077758063, 0.008284682400665488, 0.6254978244911689, 0.6799463860678135, 0.6900427663527638, 0.8007498521494588, 0.7035760379496376, 0.617751645712374], [0.18497964737812733, 0.9745027533390026, 0.0, 0.2917905960036611, 0.5489647944690741, 0.1336348974242919, 0.40736879090940264, 0.6804038865811974, 0.39526433732495825, 0.2194146742404901, 0.007671947615560004, 0.6088567236400917, 0.6575891902616422, 0.6772687904331675, 0.7889522060182304, 0.7094309289920087, 0.6082390826509863]], "features_2": [[0.5309795161865751, 0.7662629860498603, 0.0, 0.23229890793283184, 0.49043311673200596, 0.13812881113318046, 0.22954981687319959, 0.6711093294007935, 0.46216964069933075, 0.18445792214303913, 0.008062078829516484, 0.613364870285003, 0.6500643650933015, 0.6816697426407755, 0.7983814669923722, 0.7303249131481518, 0.617119656518604], [0.5282029629488898, 0.7408323560219385, 0.0, 0.23337998439987317, 0.484370233476605, 0.13790083605556666, 0.2444588077217503, 0.6720227640981432, 0.44001740941768364, 0.179342237670024, 0.008173410423425675, 0.6001092855613162, 0.6476139307770971, 0.6695707059268593, 0.8001121666944047, 0.7068797424714506, 0.634611476492811], [0.5659653512809082, 0.8858400200656512, 0.0, 0.22521975808706407, 0.5230706136888917, 0.13785211264398556, 0.21020439163295848, 0.6701125382097393, 0.46111900376904336, 0.21067101963308277, 0.00822905385914674, 0.6104541156797763, 0.6426266077384593, 0.6783544769884065, 0.7943612740208562, 0.71185332698719, 0.6171177556392969], [0.5397161011580405, 0.8697990911539007, 0.0, 0.24991528647642744, 0.5108126575171157, 0.14140354102427982, 0.18286493262042355, 0.6642431969876121, 0.4758003398432955, 0.21146095687714572, 0.008673665988278678, 0.6140521504137548, 0.6458109560551799, 0.6753847242201049, 0.7992223552677923, 0.7289092551708591, 0.614476176380592], [0.2176185778870452, 0.8206728420226319, 0.0, 0.23892288205135648, 0.5139908176283706, 0.13154678128705294, 0.3243911798992244, 0.6801375156957677, 0.39234864653160617, 0.18804192631706873, 0.007448685839370306, 0.6065951857850154, 0.6686783848050893, 0.7040303929428477, 0.7925894873624203, 0.7118264319826614, 0.6135972706980024], [0.6949685692640473, 0.9325615450179191, 0.0, 0.23824286735139544, 0.5336208243484075, 0.13709389821400425, 0.1953024821762625, 0.6703322650892091, 0.4466710969282395, 0.21735274341091837, 0.00839589484089287, 0.6050244646208074, 0.6366551946481626, 0.6521321544784306, 0.7899970168980781, 0.7064184720423143, 0.6145348777244798], [0.18776656005213166, 0.9112089968563717, 0.0, 0.24256207601887245, 0.5229386367741604, 0.13626050480273214, 0.22575610615380412, 0.6707836749400811, 0.410886473719023, 0.21409213984660447, 0.007671947615560004, 0.6040663428694177, 0.6428689824546348, 0.6745937726641975, 0.7849420358417137, 0.695481178025413, 0.6043345393068019], [0.04415694194466946, 1.0368820291130538, 0.0, 0.22793824961195755, 0.5708648874652827, 0.12574872882940225, 0.3453839890507048, 0.683628479289093, 0.356060970948082, 0.2224260186838165, 0.007336964783822175, 0.6128173347002019, 0.6463345822733696, 0.6676055170361616, 0.7689562904850124, 0.6946085402995583, 0.586758058404752], [0.48146415790021324, 1.0501857615775996, 0.0, 0.2407563115679535, 0.5667639655850897, 0.12947721836468426, 0.26808075037370716, 0.6791410266815928, 0.3796208432177095, 0.22912240637305747, 0.007894969482732161, 0.6004547647400225, 0.6355586434259227, 0.6603990433854849, 0.7697562648509119, 0.6839445797679642, 0.587955759263525]]}