{"labels_1": ["1", "2", "3", "4", "5", "6", "7", "8", "9"], "labels_2": ["1", "2", "3", "4", "5", "6", "7", "8", "9"], "adj_matrix_1": [[0.0, 0.17883, 0.14431, 0.06577, 0.0299, 0.14426, 0.18073, 0.2405, 0.25684], [0.17883, 0.0, 0.10608, 0.181, 0.17329, 0.10605, 0.1564, 0.05518, 0.08526], [0.14431, 0.10608, 0.0, 0.17994, 0.12346, 3e-05, 0.20879, 0.12256, 0.16264], [0.06577, 0.181, 0.17994, 0.0, 0.09329, 0.17995, 0.13509, 0.27922, 0.27163], [0.0299, 0.17329, 0.12346, 0.09329, 0.0, 0.12343, 0.19565, 0.22039, 0.24503], [0.14426, 0.10605, 3e-05, 0.17995, 0.12343, 0.0, 0.20886, 0.12261, 0.16271], [0.18073, 0.1564, 0.20879, 0.13509, 0.19565, 0.20886, 0.0, 0.31335, 0.23954], [0.2405, 0.05518, 0.12256, 0.27922, 0.22039, 0.12261, 0.31335, 0.0, 0.16641], [0.25684, 0.08526, 0.16264, 0.27163, 0.24503, 0.16271, 0.23954, 0.16641, 0.0]], "adj_matrix_2": [[0.0, 0.14981, 0.10897, 0.16159, 0.09031, 0.18283, 0.15434, 0.12634, 0.28959], [0.14981, 0.0, 0.04462, 0.27909, 0.06394, 0.0391, 0.2738, 0.25314, 0.36235], [0.10897, 0.04462, 0.0, 0.25091, 0.01961, 0.08289, 0.24498, 0.22169, 0.34895], [0.16159, 0.27909, 0.25091, 0.0, 0.23691, 0.29921, 0.00789, 0.03799, 0.1521], [0.09031, 0.06394, 0.01961, 0.23691, 0.0, 0.10158, 0.23068, 0.20637, 0.34091], [0.18283, 0.0391, 0.08289, 0.29921, 0.10158, 0.0, 0.29463, 0.27654, 0.36897], [0.15434, 0.2738, 0.24498, 0.00789, 0.23068, 0.29463, 0.0, 0.03013, 0.15948], [0.12634, 0.25314, 0.22169, 0.03799, 0.20637, 0.27654, 0.03013, 0.0, 0.187], [0.28959, 0.36235, 0.34895, 0.1521, 0.34091, 0.36897, 0.15948, 0.187, 0.0]], "features_1": [[0.5987251103217615, 0.7623361303791717, 0.0, 0.2756229300221586, 0.4926118130643069, 0.13591902545375498, 0.24449181865655872, 0.6760753378459277, 0.40789396919332477, 0.17919199154924326, 0.00783923647221818, 0.5984342511032499, 0.6551966204401487, 0.6499237003314622, 0.7975532896236, 0.7217602933353173, 0.6147406678525927], [1.450826499925399, 0.7787701000309972, 0.0, 0.29618113667581814, 0.49446273484587133, 0.1366326880531898, 0.2804664852943034, 0.6762099095391672, 0.4135108951131363, 0.18269711697997026, 0.00783923647221818, 0.5784183773308313, 0.653630225820362, 0.6859231160183544, 0.8024110102525384, 0.739177698502098, 0.6166053247263177], [0.9330151128322117, 0.9514604502429582, 0.0, 0.2904642396579429, 0.5425918550046909, 0.13502126883990168, 0.22140847140578615, 0.6759208764847244, 0.40114150561962303, 0.21664291655393186, 0.007504523810135222, 0.5869644196259556, 0.640007318183783, 0.6478268363484339, 0.7910358775100553, 0.7194380231048431, 0.607955097389305], [0.6418853559468443, 0.9465353042553142, 0.0, 0.2664565194903322, 0.5356363604666042, 0.13902761165343777, 0.20905355124879393, 0.6717893782316667, 0.4358708646042875, 0.2227240034559932, 0.007950687539111767, 0.6001421912915705, 0.6533285695572649, 0.6792618915643024, 0.7989670459508703, 0.742194902388428, 0.6128175747653178], [1.0785721388656313, 0.843541946736268, 0.0, 0.2800445798098627, 0.5054986052631124, 0.1401948685182266, 0.27302191825907374, 0.671623568628142, 0.43886596920645005, 0.20173854179268602, 0.008507047823598457, 0.5909388439188168, 0.6416460177683028, 0.6679607951052504, 0.8034699929461357, 0.7371791059907032, 0.623497574817159], [1.0836571971896438, 0.9990517808238986, 0.0, 0.28545694019182066, 0.5523185828891202, 0.13502701897864267, 0.23001524457841568, 0.6761582844223994, 0.4097805131267145, 0.22652613868478233, 0.007950687539111767, 0.5882732672789568, 0.6387325187722759, 0.6643220801672695, 0.7906461573149043, 0.7176894983434401, 0.6080563288658525], [0.8234396766283636, 1.041278105932566, 0.0, 0.2569408158729706, 0.5506944447027898, 0.1415186933769033, 0.2280105637784942, 0.6677564195683238, 0.4489621620210278, 0.24253055370957832, 0.008284682400665488, 0.5963490642676827, 0.6451046960101791, 0.6771154079928702, 0.7941496718705526, 0.7175446107729616, 0.5947324368732205], [-0.06705565192655083, 0.9072446366523517, 0.0, 0.2414028700447321, 0.5286942436028131, 0.13852845407048173, 0.38195488310220965, 0.6757956945000517, 0.42592676661420525, 0.2153917077758063, 0.008284682400665488, 0.6254978244911689, 0.6799463860678135, 0.6900427663527638, 0.8007498521494588, 0.7035760379496376, 0.617751645712374], [0.18497964737812733, 0.9745027533390026, 0.0, 0.2917905960036611, 0.5489647944690741, 0.1336348974242919, 0.40736879090940264, 0.6804038865811974, 0.39526433732495825, 0.2194146742404901, 0.007671947615560004, 0.6088567236400917, 0.6575891902616422, 0.6772687904331675, 0.7889522060182304, 0.7094309289920087, 0.6082390826509863]], "features_2": [[-0.2085740924771291, 0.6641512822963829, 0.0, 0.20102204191219775, 0.4454081224027375, 0.14484916708834905, 0.2493330780705591, 0.6662562935448655, 0.46423507283273424, 0.17207105608269058, 0.00822905385914674, 0.630374597756747, 0.6842511351532529, 0.7191306784998187, 0.8129430300431275, 0.7144393927837475, 0.6345728986124379], [0.29512890986587603, 0.6909783885225582, 0.0, 0.23610292370934657, 0.45652650391010163, 0.1439933929879721, 0.25301869591310366, 0.6666948052751445, 0.4593250272796443, 0.1743688379158641, 0.008006390651371653, 0.6117874779782038, 0.6509319000499185, 0.6941691530556384, 0.80615405271077, 0.7215509938475311, 0.6347198414287832], [0.12489799004573587, 0.8002861733803698, 0.0, 0.22795632860596174, 0.48605219592415194, 0.1456342787262061, 0.22911453289253245, 0.6634753828977618, 0.46120345158979403, 0.20148111734924967, 0.008117752083540042, 0.6203863538557308, 0.6636018750057078, 0.7077438907827757, 0.8074503607570047, 0.7216786599205871, 0.6321103813466474], [-0.3693063846891351, 0.7847602462825715, 0.0, 0.2175704171904245, 0.48151756565762416, 0.146406390063024, 0.23418262052861394, 0.6636120820728943, 0.4667139489282168, 0.20287678380209018, 0.007894969482732161, 0.6428824167887841, 0.6863318221928306, 0.7120956023677771, 0.8142285492410091, 0.7283100247438747, 0.637847057766332], [-0.014898520708819252, 0.7342299554062273, 0.0, 0.23532164784427326, 0.4736538713115028, 0.1427293949061078, 0.2674157589089255, 0.6679017096252702, 0.4447988340576936, 0.1842333089475925, 0.00822905385914674, 0.6232036937385854, 0.6602928265486482, 0.686347324354812, 0.8014407095443371, 0.7274026786883496, 0.6249520456739843], [0.29110439032175783, 0.8124152612344434, 0.0, 0.25263105059128865, 0.4904495231080708, 0.1457850862142307, 0.19409809106835355, 0.6616886805623959, 0.4683975141501293, 0.20434319768693543, 0.008451478759474051, 0.6166931774398448, 0.6511857812322328, 0.6943685961966274, 0.803635568991672, 0.727197836931271, 0.6322633182219429], [-0.2117039046621092, 0.873722839913308, 0.0, 0.23806809595072634, 0.5114694466247773, 0.14087461522443445, 0.23078386154510538, 0.6693478462527102, 0.42764630563292716, 0.2137617104494416, 0.00822905385914674, 0.630724330864918, 0.664252455823344, 0.7065304998409955, 0.8018139424200935, 0.7193075744388644, 0.601786547748876], [-0.23083648536932388, 0.8739100839431508, 0.0, 0.25882426953121207, 0.5179907298194782, 0.13423902154800396, 0.21024113181266274, 0.6750884030706008, 0.3973610826905354, 0.20767941925873057, 0.007783488497544067, 0.6293845192534264, 0.6679408306895316, 0.6936505785066444, 0.7808907306647931, 0.6858647788024002, 0.584984735835372], [-0.3693109631718712, 0.9089519078746893, 0.0, 0.24708883074454657, 0.5259778465809029, 0.13464896439612462, 0.19763331893832756, 0.6745737562919514, 0.4072737758199112, 0.21736041007619789, 0.008173410423425675, 0.6392700022164148, 0.659492816849381, 0.6799494563631957, 0.7820955588187605, 0.6915292054416339, 0.5855948709835208]]}