{"labels_1": ["1", "2", "3", "4", "5", "6", "7", "8", "9"], "labels_2": ["1", "2", "3", "4", "5", "6", "7", "8", "9"], "adj_matrix_1": [[0.0, 0.04498, 0.04069, 0.12936, 0.05233, 0.12469, 0.27155, 0.05124, 0.15313], [0.04498, 0.0, 0.00434, 0.16808, 0.09585, 0.16378, 0.29264, 0.00639, 0.11431], [0.04069, 0.00434, 0.0, 0.16459, 0.09177, 0.16027, 0.29105, 0.01072, 0.11824], [0.12936, 0.16808, 0.16459, 0.0, 0.0802, 0.00511, 0.17596, 0.17327, 0.24486], [0.05233, 0.09585, 0.09177, 0.0802, 0.0, 0.07525, 0.23916, 0.10179, 0.19358], [0.12469, 0.16378, 0.16027, 0.00511, 0.07525, 0.0, 0.18033, 0.16907, 0.24204], [0.27155, 0.29264, 0.29105, 0.17596, 0.23916, 0.18033, 0.0, 0.29524, 0.31328], [0.05124, 0.00639, 0.01072, 0.17327, 0.10179, 0.16907, 0.29524, 0.0, 0.1086], [0.15313, 0.11431, 0.11824, 0.24486, 0.19358, 0.24204, 0.31328, 0.1086, 0.0]], "adj_matrix_2": [[0.0, 0.22939, 0.00549, 0.14814, 0.21006, 0.147, 0.14941, 0.28124, 0.33993], [0.22939, 0.0, 0.22587, 0.28606, 0.027, 0.1035, 0.10087, 0.08328, 0.20828], [0.00549, 0.22587, 0.0, 0.15253, 0.20618, 0.14231, 0.14474, 0.27888, 0.33951], [0.14814, 0.28606, 0.15253, 0.0, 0.27827, 0.24752, 0.24884, 0.30241, 0.30912], [0.21006, 0.027, 0.20618, 0.27827, 0.0, 0.07752, 0.07483, 0.10925, 0.23003], [0.147, 0.1035, 0.14231, 0.24752, 0.07752, 0.0, 0.00277, 0.17982, 0.28451], [0.14941, 0.10087, 0.14474, 0.24884, 0.07483, 0.00277, 0.0, 0.17747, 0.28282], [0.28124, 0.08328, 0.27888, 0.30241, 0.10925, 0.17982, 0.17747, 0.0, 0.13346], [0.33993, 0.20828, 0.33951, 0.30912, 0.23003, 0.28451, 0.28282, 0.13346, 0.0]], "features_1": [[-0.016724691635458644, 0.8383813672138072, 0.0, 0.2854330961413708, 0.5342982624316108, 0.13035534087559525, 0.496765900094519, 0.6853701925880893, 0.39226675035292935, 0.19082803949352622, 0.007336964783822175, 0.619264302911759, 0.6799880378928908, 0.6955155606076397, 0.8022638832192305, 0.716607287114765, 0.6044005176054746], [0.2985496472361939, 0.8388000758522542, 0.0, 0.27533288107632325, 0.5267158562389112, 0.1354816233827407, 0.444677496100698, 0.6802884112343277, 0.4330702694161057, 0.19847970355628286, 0.007783488497544067, 0.6131944657385926, 0.6739724691051971, 0.6961617971689626, 0.8062577825801932, 0.7332758435504131, 0.6233400773701613], [0.07332562221471628, 0.9874143834661937, 0.0, 0.26444641632253807, 0.5704454954331486, 0.13264598313675457, 0.4914955123974643, 0.6837836783451001, 0.4054249492302182, 0.2233408129792709, 0.007448685839370306, 0.6153666772049786, 0.680638357508799, 0.6973368157450273, 0.8057600080727022, 0.7264481273919152, 0.6170063650417132], [-0.24363059411264976, 0.9504062972211835, 0.0, 0.28874318488045597, 0.5613141932217172, 0.13421035614511193, 0.46220464014141954, 0.6821296535206882, 0.4122827137337537, 0.2191130245054722, 0.007336964783822175, 0.6256646923727098, 0.6856142099707891, 0.7143344137793892, 0.8072310172536876, 0.7349391161304165, 0.6241644395018033], [0.2209620004188908, 0.8644274280962799, 0.0, 0.3151222824795455, 0.5296401506202603, 0.13836255396628047, 0.3912500763262692, 0.6764938844362482, 0.4457375233026952, 0.20867047192941346, 0.007894969482732161, 0.6154631328323381, 0.6783049610859984, 0.7029838892832333, 0.8057145680544656, 0.7324882051413739, 0.6372925600677365], [-0.11048675400762997, 0.9970726742278588, 0.0, 0.26693093566507164, 0.5727372600461159, 0.13502860495373714, 0.43353343830554325, 0.6811747177541008, 0.4232416699338668, 0.2303097671403067, 0.007560346756364078, 0.6197720995003744, 0.6780031737625786, 0.7083656815279662, 0.8057464964057406, 0.7299671766630925, 0.6338922682250321], [-0.0639954186920062, 0.9358492760946535, 0.0, 0.28049780134425456, 0.5558535041196516, 0.13639002989501017, 0.4406934253764, 0.6796893591228936, 0.4382083691378067, 0.22056243948191745, 0.008006390651371653, 0.6353975674313768, 0.6950004080915532, 0.7114277062396762, 0.8087341095305648, 0.7143552714464886, 0.6394479993155602], [0.5749990679804529, 1.1060125220229098, 0.0, 0.29686439935931475, 0.6013005204719544, 0.1261743729840679, 0.41707570793670923, 0.6867282941481554, 0.3624866456515574, 0.23478370532718618, 0.00677745458930179, 0.5852698420667792, 0.6584085724013816, 0.6853201831043354, 0.7866713185249906, 0.717036305111346, 0.6065487258486633], [0.47366054830911164, 1.101810366801779, 0.0, 0.29103085902937575, 0.6035509584346263, 0.1269746762282461, 0.5149146867864601, 0.6870784987919438, 0.3774596349088719, 0.2370287328336269, 0.007001439975721224, 0.5916818777298811, 0.6551141388306, 0.681774993724092, 0.7908073647369025, 0.7067766427022233, 0.6174822542513679]], "features_2": [[0.29153489413399747, 0.8811271299731998, 0.0, 0.2675930487471906, 0.5277954626006968, 0.13163855927405377, 0.2995513368015835, 0.6798143304414437, 0.3865533656266733, 0.200651851269952, 0.007336964783822175, 0.5967900728478439, 0.6503388692376493, 0.6590576244228771, 0.7827046166921947, 0.7154527156905875, 0.5648726528742932], [-0.11106688065023285, 0.8512995555821262, 0.0, 0.21542612485503912, 0.5117623739766104, 0.1396051891727359, 0.23635958207183236, 0.6714342755593734, 0.4255826118671686, 0.20533129113454218, 0.007336964783822175, 0.6161640633475676, 0.6685680131019767, 0.6906437022009598, 0.7978826593904754, 0.7224560777164887, 0.5964196472480988], [0.16292610077967895, 0.9983356774335792, 0.0, 0.2693882586568439, 0.5529672259628026, 0.13427694520925587, 0.2491043339179498, 0.6763368000275141, 0.3990779561475182, 0.22726023897238545, 0.007560346756364078, 0.6035079299399082, 0.6523080261307684, 0.6679189644845704, 0.7850347117203982, 0.7049297249836532, 0.5786746415683267], [0.4544481265719531, 0.9524626303549565, 0.0, 0.2878129333535041, 0.5387042526626817, 0.1359784300183491, 0.22972057654516292, 0.6739036985947602, 0.4106597019522198, 0.22011296103777012, 0.007448685839370306, 0.5904036616129993, 0.6384203360112324, 0.6595113566477355, 0.7883902710337001, 0.710194913377346, 0.5859144427001871], [-0.12665873348925016, 0.8057852587159902, 0.0, 0.2095666637652531, 0.49085451518559997, 0.14517320576205903, 0.15812860559521624, 0.6613508028641406, 0.46448755255973206, 0.20238792176722264, 0.008117752083540042, 0.6277775937219412, 0.6502134587401387, 0.6801484536545231, 0.799457723613337, 0.7189222491191416, 0.6126962408327739], [0.05857062026931947, 0.9361788173456765, 0.0, 0.22678393186724372, 0.5251570296647109, 0.14211523883780575, 0.14620304137915027, 0.663648015721372, 0.4449588462442371, 0.2245153414177372, 0.008006390651371653, 0.6177963623769807, 0.6498623492288378, 0.6694985456188747, 0.7899855369830061, 0.6922355821849859, 0.6022348717717586], [-0.05181856329459489, 0.9113601095250327, 0.0, 0.2695348058818291, 0.5245242163022388, 0.137925786005043, 0.19563789822323016, 0.6711622163157192, 0.4087520247203311, 0.21783158122822277, 0.007448685839370306, 0.6135424706039287, 0.634413265158889, 0.6727515347891937, 0.7914447264819144, 0.695209988827323, 0.595905618805086], [-0.23509136181454204, 0.8919985345625091, 0.0, 0.26229473768723943, 0.5211796838266658, 0.13435275570664676, 0.2946306617883181, 0.6752994492696058, 0.40267359919259205, 0.20812044801023855, 0.007671947615560004, 0.6242867732798729, 0.6470212818393427, 0.6803948388309375, 0.7830935742043392, 0.6949162532695055, 0.593339117230619], [-0.1873164349872556, 0.9523768339981733, 0.0, 0.25992890871064517, 0.5422298041192086, 0.1290196471255376, 0.28067146308340585, 0.6808982366684799, 0.37548904105904146, 0.21526532137994292, 0.007448685839370306, 0.6243164528114824, 0.6420760586767217, 0.6701546067775691, 0.7745516516381789, 0.6687290882981671, 0.5628157215118982]]}