{"labels_1": ["1", "2", "3", "4", "5", "6", "7", "8", "9"], "labels_2": ["1", "2", "3", "4", "5", "6", "7", "8", "9"], "adj_matrix_1": [[0.0, 0.27869, 0.1309, 0.02127, 0.22403, 0.15502, 0.12677, 0.21405, 0.07564], [0.27869, 0.0, 0.2002, 0.28773, 0.10559, 0.1802, 0.32241, 0.21044, 0.2383], [0.1309, 0.2002, 0.0, 0.15026, 0.11221, 0.02694, 0.23995, 0.23371, 0.05797], [0.02127, 0.28773, 0.15026, 0.0, 0.23898, 0.17358, 0.1066, 0.20984, 0.09627], [0.22403, 0.10559, 0.11221, 0.23898, 0.0, 0.08686, 0.30348, 0.23438, 0.16382], [0.15502, 0.1802, 0.02694, 0.17358, 0.08686, 0.0, 0.25824, 0.23564, 0.08421], [0.12677, 0.32241, 0.23995, 0.1066, 0.30348, 0.25824, 0.0, 0.1874, 0.19474], [0.21405, 0.21044, 0.23371, 0.20984, 0.23438, 0.23564, 0.1874, 0.0, 0.22661], [0.07564, 0.2383, 0.05797, 0.09627, 0.16382, 0.08421, 0.19474, 0.22661, 0.0]], "adj_matrix_2": [[0.0, 0.22939, 0.00549, 0.14814, 0.21006, 0.147, 0.14941, 0.28124, 0.33993], [0.22939, 0.0, 0.22587, 0.28606, 0.027, 0.1035, 0.10087, 0.08328, 0.20828], [0.00549, 0.22587, 0.0, 0.15253, 0.20618, 0.14231, 0.14474, 0.27888, 0.33951], [0.14814, 0.28606, 0.15253, 0.0, 0.27827, 0.24752, 0.24884, 0.30241, 0.30912], [0.21006, 0.027, 0.20618, 0.27827, 0.0, 0.07752, 0.07483, 0.10925, 0.23003], [0.147, 0.1035, 0.14231, 0.24752, 0.07752, 0.0, 0.00277, 0.17982, 0.28451], [0.14941, 0.10087, 0.14474, 0.24884, 0.07483, 0.00277, 0.0, 0.17747, 0.28282], [0.28124, 0.08328, 0.27888, 0.30241, 0.10925, 0.17982, 0.17747, 0.0, 0.13346], [0.33993, 0.20828, 0.33951, 0.30912, 0.23003, 0.28451, 0.28282, 0.13346, 0.0]], "features_1": [[-0.048540278360580835, 0.7714275604837428, 0.0, 0.2407071073967271, 0.479816526961202, 0.14159990046985313, 0.10982288725862333, 0.663199877494164, 0.4371324454565557, 0.19144151058971737, 0.008006390651371653, 0.6196451696320637, 0.6495474217878102, 0.6705574048686107, 0.787871390597052, 0.7251296118504947, 0.6114279670024726], [0.17486269793600595, 0.7432553173025573, 0.0, 0.26369485192849546, 0.47141103422847574, 0.14461585972347535, 0.12809836023288595, 0.6610067820768062, 0.4650325983805088, 0.189281044684543, 0.008507047823598457, 0.6124989775740728, 0.6446517104338987, 0.6803538291000357, 0.7979407102168616, 0.7244814309829551, 0.6237791759762947], [0.06295616980720187, 0.8968909453037301, 0.0, 0.2442336896466877, 0.5126988726731083, 0.14314511334107752, 0.08546372608332006, 0.6600265588324887, 0.44664759437684576, 0.2199369060716816, 0.00822905385914674, 0.6139929034327958, 0.6531898089091536, 0.6807272464082723, 0.7874909563924631, 0.7032088645446423, 0.6106860784043053], [-0.25507361982695587, 0.869700368974032, 0.0, 0.22611311043446974, 0.509107871452243, 0.14159912825440624, 0.14609697458915036, 0.6644317832712272, 0.43899049282652136, 0.2143132672799235, 0.007671947615560004, 0.6263037909052671, 0.6525263985154717, 0.6774240440125529, 0.7913105873520345, 0.703240592685172, 0.613888800360048], [0.3504120543914886, 0.7560772127028199, 0.0, 0.27728878226692133, 0.48685095341897267, 0.1399003289617988, 0.20421076797574428, 0.6705957454267557, 0.45224662860236564, 0.18707498470102268, 0.008618141428105908, 0.6139532159877168, 0.6569152273964273, 0.6810077215411451, 0.7993941536147134, 0.7349807810154029, 0.6218681127078415], [-0.044876843912298625, 0.8970234314297365, 0.0, 0.26933145579667583, 0.5249321480104644, 0.1395776521634697, 0.16923500857735901, 0.669391728921793, 0.4422404210341193, 0.2172919110670517, 0.007671947615560004, 0.6190307626028391, 0.6533834815468741, 0.6829364065799304, 0.7939602033805172, 0.696221673289395, 0.6216574638337997], [-0.23266775602236933, 0.8413920420613168, 0.0, 0.22409307634802092, 0.5246010692356601, 0.13185238705928504, 0.37636919707634886, 0.681557177708425, 0.40183214315750093, 0.1966898744868486, 0.007783488497544067, 0.6284083907035491, 0.6662314068103024, 0.6922530644716298, 0.7951775446663423, 0.7342346995607819, 0.6141212145517161], [0.9909231156432758, 0.9366165587223096, 0.0, 0.2932510068524376, 0.5497961362345288, 0.1311378230497916, 0.3176512595969811, 0.6817719211304911, 0.40169357123436344, 0.21158802348050854, 0.007671947615560004, 0.5797610282546128, 0.653219624547188, 0.6758148780067139, 0.7923994415468025, 0.7292548823486797, 0.608159169659155], [0.007309046584404122, 1.0211606096693664, 0.0, 0.25149796593106705, 0.5741506578818848, 0.12600355535320895, 0.368273838061711, 0.6858405963430667, 0.3700049049576257, 0.22386803786502485, 0.007001439975721224, 0.6046436950166005, 0.6663541857382259, 0.6869457094177523, 0.7838705250505955, 0.7062577875910258, 0.5924854211155479]], "features_2": [[0.29153489413399747, 0.8811271299731998, 0.0, 0.2675930487471906, 0.5277954626006968, 0.13163855927405377, 0.2995513368015835, 0.6798143304414437, 0.3865533656266733, 0.200651851269952, 0.007336964783822175, 0.5967900728478439, 0.6503388692376493, 0.6590576244228771, 0.7827046166921947, 0.7154527156905875, 0.5648726528742932], [-0.11106688065023285, 0.8512995555821262, 0.0, 0.21542612485503912, 0.5117623739766104, 0.1396051891727359, 0.23635958207183236, 0.6714342755593734, 0.4255826118671686, 0.20533129113454218, 0.007336964783822175, 0.6161640633475676, 0.6685680131019767, 0.6906437022009598, 0.7978826593904754, 0.7224560777164887, 0.5964196472480988], [0.16292610077967895, 0.9983356774335792, 0.0, 0.2693882586568439, 0.5529672259628026, 0.13427694520925587, 0.2491043339179498, 0.6763368000275141, 0.3990779561475182, 0.22726023897238545, 0.007560346756364078, 0.6035079299399082, 0.6523080261307684, 0.6679189644845704, 0.7850347117203982, 0.7049297249836532, 0.5786746415683267], [0.4544481265719531, 0.9524626303549565, 0.0, 0.2878129333535041, 0.5387042526626817, 0.1359784300183491, 0.22972057654516292, 0.6739036985947602, 0.4106597019522198, 0.22011296103777012, 0.007448685839370306, 0.5904036616129993, 0.6384203360112324, 0.6595113566477355, 0.7883902710337001, 0.710194913377346, 0.5859144427001871], [-0.12665873348925016, 0.8057852587159902, 0.0, 0.2095666637652531, 0.49085451518559997, 0.14517320576205903, 0.15812860559521624, 0.6613508028641406, 0.46448755255973206, 0.20238792176722264, 0.008117752083540042, 0.6277775937219412, 0.6502134587401387, 0.6801484536545231, 0.799457723613337, 0.7189222491191416, 0.6126962408327739], [0.05857062026931947, 0.9361788173456765, 0.0, 0.22678393186724372, 0.5251570296647109, 0.14211523883780575, 0.14620304137915027, 0.663648015721372, 0.4449588462442371, 0.2245153414177372, 0.008006390651371653, 0.6177963623769807, 0.6498623492288378, 0.6694985456188747, 0.7899855369830061, 0.6922355821849859, 0.6022348717717586], [-0.05181856329459489, 0.9113601095250327, 0.0, 0.2695348058818291, 0.5245242163022388, 0.137925786005043, 0.19563789822323016, 0.6711622163157192, 0.4087520247203311, 0.21783158122822277, 0.007448685839370306, 0.6135424706039287, 0.634413265158889, 0.6727515347891937, 0.7914447264819144, 0.695209988827323, 0.595905618805086], [-0.23509136181454204, 0.8919985345625091, 0.0, 0.26229473768723943, 0.5211796838266658, 0.13435275570664676, 0.2946306617883181, 0.6752994492696058, 0.40267359919259205, 0.20812044801023855, 0.007671947615560004, 0.6242867732798729, 0.6470212818393427, 0.6803948388309375, 0.7830935742043392, 0.6949162532695055, 0.593339117230619], [-0.1873164349872556, 0.9523768339981733, 0.0, 0.25992890871064517, 0.5422298041192086, 0.1290196471255376, 0.28067146308340585, 0.6808982366684799, 0.37548904105904146, 0.21526532137994292, 0.007448685839370306, 0.6243164528114824, 0.6420760586767217, 0.6701546067775691, 0.7745516516381789, 0.6687290882981671, 0.5628157215118982]]}