{"labels_1": ["1", "2", "3", "4", "5", "6", "7", "8", "9"], "labels_2": ["1", "2", "3", "4", "5", "6", "7", "8", "9"], "adj_matrix_1": [[0.0, 0.26072, 0.14513, 0.09931, 0.00922, 0.17961, 0.08947, 0.27429, 0.13132], [0.26072, 0.0, 0.13528, 0.31861, 0.25418, 0.09845, 0.18894, 0.2788, 0.14924], [0.14513, 0.13528, 0.0, 0.22815, 0.13674, 0.03844, 0.05884, 0.28771, 0.01496], [0.09931, 0.31861, 0.22815, 0.0, 0.10802, 0.25626, 0.18078, 0.24333, 0.21662], [0.00922, 0.25418, 0.13674, 0.10802, 0.0, 0.17166, 0.08055, 0.27611, 0.12278], [0.17961, 0.09845, 0.03844, 0.25626, 0.17166, 0.0, 0.09649, 0.2867, 0.05329], [0.08947, 0.18894, 0.05884, 0.18078, 0.08055, 0.09649, 0.0, 0.28617, 0.04402], [0.27429, 0.2788, 0.28771, 0.24333, 0.27611, 0.2867, 0.28617, 0.0, 0.28766], [0.13132, 0.14924, 0.01496, 0.21662, 0.12278, 0.05329, 0.04402, 0.28766, 0.0]], "adj_matrix_2": [[0.0, 0.14981, 0.10897, 0.16159, 0.09031, 0.18283, 0.15434, 0.12634, 0.28959], [0.14981, 0.0, 0.04462, 0.27909, 0.06394, 0.0391, 0.2738, 0.25314, 0.36235], [0.10897, 0.04462, 0.0, 0.25091, 0.01961, 0.08289, 0.24498, 0.22169, 0.34895], [0.16159, 0.27909, 0.25091, 0.0, 0.23691, 0.29921, 0.00789, 0.03799, 0.1521], [0.09031, 0.06394, 0.01961, 0.23691, 0.0, 0.10158, 0.23068, 0.20637, 0.34091], [0.18283, 0.0391, 0.08289, 0.29921, 0.10158, 0.0, 0.29463, 0.27654, 0.36897], [0.15434, 0.2738, 0.24498, 0.00789, 0.23068, 0.29463, 0.0, 0.03013, 0.15948], [0.12634, 0.25314, 0.22169, 0.03799, 0.20637, 0.27654, 0.03013, 0.0, 0.187], [0.28959, 0.36235, 0.34895, 0.1521, 0.34091, 0.36897, 0.15948, 0.187, 0.0]], "features_1": [[-0.1296606971973704, 0.760995206531857, 0.0, 0.2608349231972302, 0.48203498184029586, 0.14394164557220904, 0.1960325898924232, 0.6656395664050173, 0.4668467676328927, 0.19424039880798283, 0.00822905385914674, 0.6273068421114687, 0.6767881447760368, 0.7025113933762107, 0.8072476861933634, 0.7196359401775665, 0.6395537073789473], [-0.1731797948546605, 0.819434990095822, 0.0, 0.24768542161631554, 0.4979409895562703, 0.14546211155340957, 0.2704936640692296, 0.6670200264693646, 0.466329113572435, 0.20713518690865063, 0.00822905385914674, 0.6408176110898602, 0.685270529945317, 0.7165146242158125, 0.8147210453816444, 0.742088527674204, 0.6403826122449988], [-0.15381616220114447, 0.8810698431497804, 0.0, 0.24294245402796624, 0.5169280133644946, 0.14419343576240795, 0.22704067098588254, 0.6667049795558735, 0.46402039458081323, 0.2197928011045629, 0.007894969482732161, 0.6379245916448717, 0.6787006526084787, 0.6882177188901757, 0.8106714011640782, 0.7413027887976434, 0.64388788864986], [0.007888479591872777, 0.8601299729721986, 0.0, 0.26302241786644254, 0.5096517386250068, 0.14517817426253046, 0.1882185132804331, 0.6637742073668744, 0.476616908508108, 0.21775867713920638, 0.008562602043175715, 0.6174800947150925, 0.6759252044129324, 0.7222498646002616, 0.8098340706693842, 0.7244336083383626, 0.6474050794166177], [0.04146883459741346, 0.8232445218862494, 0.0, 0.23997562330446104, 0.5025169678191997, 0.14200837871436892, 0.30546056168337826, 0.6714224331258349, 0.4443807588047135, 0.202889230639844, 0.008117752083540042, 0.6213704585246711, 0.6767077353025596, 0.7087762309891386, 0.8132677214707933, 0.7317885179534693, 0.6447834441753529], [-0.0913358330439542, 0.8915468008919923, 0.0, 0.2645891722569218, 0.5252889275764039, 0.14109229169851706, 0.27410363713488833, 0.6713148580196451, 0.43362038409466286, 0.2166420637022477, 0.007894969482732161, 0.6285273333602825, 0.6912182083712823, 0.7093765860668984, 0.8081311755848739, 0.7328573092154542, 0.6461526157912535], [0.08530087592334112, 0.8051693490921384, 0.0, 0.23358036622158249, 0.4890055071191387, 0.1487141514876337, 0.17950461676630242, 0.6588540962156564, 0.4938501103599324, 0.20956690350942342, 0.008895616178821175, 0.6298039431745264, 0.6657772283765343, 0.7137381620038724, 0.8146117447478928, 0.7421536040445181, 0.6483236636997549], [0.766395306724029, 0.9790452799464432, 0.0, 0.2261773882269233, 0.5511376454249194, 0.13353348273900828, 0.31465063087094336, 0.6793462420051715, 0.3909220282975536, 0.2205928852454444, 0.007448685839370306, 0.5845583428495256, 0.6575556336178514, 0.6852120842937991, 0.7961839696578003, 0.7421175494489389, 0.609129476548462], [-0.10112166501517139, 0.905086862608417, 0.0, 0.20428483667126315, 0.5325404507530171, 0.13345243392267012, 0.28952229366667837, 0.6789079951581468, 0.3873278569620733, 0.21025086238783652, 0.007783488497544067, 0.6213289040381522, 0.6630529563427637, 0.6986594610118312, 0.7947632916883026, 0.7236942918205942, 0.608388909407361]], "features_2": [[-0.2085740924771291, 0.6641512822963829, 0.0, 0.20102204191219775, 0.4454081224027375, 0.14484916708834905, 0.2493330780705591, 0.6662562935448655, 0.46423507283273424, 0.17207105608269058, 0.00822905385914674, 0.630374597756747, 0.6842511351532529, 0.7191306784998187, 0.8129430300431275, 0.7144393927837475, 0.6345728986124379], [0.29512890986587603, 0.6909783885225582, 0.0, 0.23610292370934657, 0.45652650391010163, 0.1439933929879721, 0.25301869591310366, 0.6666948052751445, 0.4593250272796443, 0.1743688379158641, 0.008006390651371653, 0.6117874779782038, 0.6509319000499185, 0.6941691530556384, 0.80615405271077, 0.7215509938475311, 0.6347198414287832], [0.12489799004573587, 0.8002861733803698, 0.0, 0.22795632860596174, 0.48605219592415194, 0.1456342787262061, 0.22911453289253245, 0.6634753828977618, 0.46120345158979403, 0.20148111734924967, 0.008117752083540042, 0.6203863538557308, 0.6636018750057078, 0.7077438907827757, 0.8074503607570047, 0.7216786599205871, 0.6321103813466474], [-0.3693063846891351, 0.7847602462825715, 0.0, 0.2175704171904245, 0.48151756565762416, 0.146406390063024, 0.23418262052861394, 0.6636120820728943, 0.4667139489282168, 0.20287678380209018, 0.007894969482732161, 0.6428824167887841, 0.6863318221928306, 0.7120956023677771, 0.8142285492410091, 0.7283100247438747, 0.637847057766332], [-0.014898520708819252, 0.7342299554062273, 0.0, 0.23532164784427326, 0.4736538713115028, 0.1427293949061078, 0.2674157589089255, 0.6679017096252702, 0.4447988340576936, 0.1842333089475925, 0.00822905385914674, 0.6232036937385854, 0.6602928265486482, 0.686347324354812, 0.8014407095443371, 0.7274026786883496, 0.6249520456739843], [0.29110439032175783, 0.8124152612344434, 0.0, 0.25263105059128865, 0.4904495231080708, 0.1457850862142307, 0.19409809106835355, 0.6616886805623959, 0.4683975141501293, 0.20434319768693543, 0.008451478759474051, 0.6166931774398448, 0.6511857812322328, 0.6943685961966274, 0.803635568991672, 0.727197836931271, 0.6322633182219429], [-0.2117039046621092, 0.873722839913308, 0.0, 0.23806809595072634, 0.5114694466247773, 0.14087461522443445, 0.23078386154510538, 0.6693478462527102, 0.42764630563292716, 0.2137617104494416, 0.00822905385914674, 0.630724330864918, 0.664252455823344, 0.7065304998409955, 0.8018139424200935, 0.7193075744388644, 0.601786547748876], [-0.23083648536932388, 0.8739100839431508, 0.0, 0.25882426953121207, 0.5179907298194782, 0.13423902154800396, 0.21024113181266274, 0.6750884030706008, 0.3973610826905354, 0.20767941925873057, 0.007783488497544067, 0.6293845192534264, 0.6679408306895316, 0.6936505785066444, 0.7808907306647931, 0.6858647788024002, 0.584984735835372], [-0.3693109631718712, 0.9089519078746893, 0.0, 0.24708883074454657, 0.5259778465809029, 0.13464896439612462, 0.19763331893832756, 0.6745737562919514, 0.4072737758199112, 0.21736041007619789, 0.008173410423425675, 0.6392700022164148, 0.659492816849381, 0.6799494563631957, 0.7820955588187605, 0.6915292054416339, 0.5855948709835208]]}