{"labels_1": ["1", "2", "3", "4", "5", "6", "7", "8", "9"], "labels_2": ["1", "2", "3", "4", "5", "6", "7", "8", "9"], "adj_matrix_1": [[0.0, 0.21339, 0.16074, 0.27576, 0.26463, 0.27469, 0.15399, 0.27568, 0.26788], [0.21339, 0.0, 0.08212, 0.25184, 0.13955, 0.26966, 0.09068, 0.23422, 0.3125], [0.16074, 0.08212, 0.0, 0.28809, 0.2046, 0.29979, 0.00909, 0.27602, 0.32551], [0.27576, 0.25184, 0.28809, 0.0, 0.14147, 0.02868, 0.29047, 0.02611, 0.10825], [0.26463, 0.13955, 0.2046, 0.14147, 0.0, 0.16719, 0.21054, 0.11724, 0.2344], [0.27469, 0.26966, 0.29979, 0.02868, 0.16719, 0.0, 0.30147, 0.05464, 0.08046], [0.15399, 0.09068, 0.00909, 0.29047, 0.21054, 0.30147, 0.0, 0.27903, 0.32529], [0.27568, 0.23422, 0.27602, 0.02611, 0.11724, 0.05464, 0.27903, 0.0, 0.13299], [0.26788, 0.3125, 0.32551, 0.10825, 0.2344, 0.08046, 0.32529, 0.13299, 0.0]], "adj_matrix_2": [[0.0, 0.3273, 0.19766, 0.06248, 0.23752, 0.16501, 0.30962, 0.1976, 0.26008], [0.3273, 0.0, 0.1778, 0.29308, 0.1317, 0.21122, 0.02921, 0.34614, 0.22817], [0.19766, 0.1778, 0.0, 0.14353, 0.04966, 0.03813, 0.15083, 0.30821, 0.25703], [0.06248, 0.29308, 0.14353, 0.0, 0.18801, 0.10778, 0.27199, 0.23948, 0.26498], [0.23752, 0.1317, 0.04966, 0.18801, 0.0, 0.08722, 0.10353, 0.32318, 0.25063], [0.16501, 0.21122, 0.03813, 0.10778, 0.08722, 0.0, 0.18541, 0.2943, 0.26113], [0.30962, 0.02921, 0.15083, 0.27199, 0.10353, 0.18541, 0.0, 0.34254, 0.23313], [0.1976, 0.34614, 0.30821, 0.23948, 0.32318, 0.2943, 0.34254, 0.0, 0.17733], [0.26008, 0.22817, 0.25703, 0.26498, 0.25063, 0.26113, 0.23313, 0.17733, 0.0]], "features_1": [[0.43957926451383456, 0.7575331702345146, 0.0, 0.235637337750755, 0.49885764398806165, 0.1345229535641952, 0.3403703951162818, 0.6796439941353425, 0.408381995861262, 0.1780316526784924, 0.007504523810135222, 0.5952490952960572, 0.6589092772431013, 0.6952858029362577, 0.8004185551124265, 0.7182082337550814, 0.6328231121027259], [0.0862689727854975, 0.7355480947092989, 0.0, 0.2222596546252856, 0.4907866502321624, 0.1362224061855503, 0.34837058741405114, 0.6778325527064384, 0.42350844794114173, 0.17628750894548761, 0.007616154688146137, 0.6069532380887817, 0.666606477190139, 0.6971028023581275, 0.8053808262350088, 0.7252181427481162, 0.6419943420503151], [0.2597750402712333, 0.8781985750983026, 0.0, 0.2474527587330205, 0.5379916670706288, 0.13134107674032416, 0.3645953311987455, 0.6826261952892756, 0.38555643106404336, 0.19803842598948318, 0.007057398507269275, 0.5972175974795608, 0.650453005949764, 0.6721322454786558, 0.7965385318634086, 0.7276912125961746, 0.626517831536933], [0.17497164050886838, 0.8509444297418876, 0.0, 0.2356930894553097, 0.5235565646391925, 0.13633434751020887, 0.3407342830052663, 0.6782676537629804, 0.4158376977440936, 0.20095480130254106, 0.00716927026363523, 0.6158937953079018, 0.6771061232443238, 0.7025576403749303, 0.8064352088621646, 0.731650325275699, 0.6374047589436073], [0.08620332992224844, 0.7534284016699334, 0.0, 0.1777506603569147, 0.49666516001973715, 0.13308215709403629, 0.31346223390697503, 0.6801276990544858, 0.3920099987364558, 0.1748531171758123, 0.007671947615560004, 0.6085784120071869, 0.67761191689381, 0.6953908431569877, 0.7970603349615312, 0.7309219966706298, 0.6264094408669707], [-0.11398964890407859, 0.8665215375769889, 0.0, 0.24201943580472995, 0.5332636534901576, 0.1321130039939746, 0.36305349758489813, 0.68186974464269, 0.40183145017737876, 0.20083011850688104, 0.007504523810135222, 0.6182861425026225, 0.6746233853617639, 0.7113288711366589, 0.7982445195344644, 0.7206348588151704, 0.631734118554515], [0.2255291624289586, 0.8528373485647452, 0.0, 0.23872966191758802, 0.5210043419299685, 0.13433025677114493, 0.358577234421044, 0.6800633045145004, 0.39304751169822905, 0.19751481811917704, 0.007504523810135222, 0.607588575175237, 0.6638605989015853, 0.6963194228861079, 0.8035237508620119, 0.718695539000322, 0.6144291229359462], [0.12170003674854302, 0.952392718858278, 0.0, 0.23113097516901487, 0.5462902431593336, 0.12722533389325663, 0.2615076867021422, 0.6827406703727147, 0.3715577853742851, 0.21037211397873956, 0.007671947615560004, 0.6140102116255011, 0.6403141346146397, 0.6614023367085442, 0.7743424618876658, 0.7004794484384237, 0.6067641916428971], [-0.040378809858121034, 0.8845421219318488, 0.0, 0.20679549101132363, 0.5240087556649157, 0.13105236268187778, 0.2786420149751024, 0.6798532407287992, 0.37776632416427924, 0.20246144238053065, 0.007448685839370306, 0.6220106086840753, 0.6483881235992913, 0.6700455371798505, 0.7846426180656647, 0.7286616118578567, 0.6007741339038609]], "features_2": [[0.0007862779545213527, 0.9902131293390525, 0.0, 0.20132926234143148, 0.5643122133941326, 0.1266489758679715, 0.35087278181832177, 0.6851180493352891, 0.35994377995622173, 0.21644611982618023, 0.007225183508792421, 0.6123015227903341, 0.6622465155159497, 0.6796377269478875, 0.7778855857567135, 0.6986919160731514, 0.579501376776601], [-0.2878990876095635, 0.9474435802466543, 0.0, 0.18269358353673448, 0.5477405935269576, 0.12831994045913286, 0.28050702131138794, 0.6827006852970177, 0.3594392611144541, 0.21158484124621735, 0.00711334193318236, 0.6285895229695788, 0.6521266513325504, 0.6723622097235664, 0.7799164986595346, 0.68323954558258, 0.5822906607095534], [-0.08923622066296222, 1.1408884702097228, 0.0, 0.18694403478835941, 0.5947538810450428, 0.12823168280583286, 0.32686506418054295, 0.6830434112758563, 0.3665762029129571, 0.2467650018893821, 0.007392832833969631, 0.6200532901001159, 0.6483906577344649, 0.6742265550141291, 0.7764830371424135, 0.6879823491324476, 0.5924090746597264], [-0.031138646864310893, 1.1324484929586, 0.0, 0.2181526545209367, 0.5944343338883613, 0.1298952376164719, 0.37604692338787443, 0.6831011743858018, 0.38259260818801577, 0.24859775466681677, 0.007560346756364078, 0.6118153107178499, 0.6641228489488276, 0.6904163033174343, 0.7867518791321894, 0.696837537989882, 0.605857042480923], [-0.2815559312513152, 0.9773360035739685, 0.0, 0.18225313282482256, 0.5535184836745047, 0.12831542888938655, 0.24682819474806336, 0.6818061043940638, 0.3602185275148959, 0.21933643221813548, 0.00711334193318236, 0.6223574442016904, 0.6475073121127005, 0.6614111043378135, 0.7754010697665714, 0.6949792271078824, 0.583304477692838], [-0.16690496347520556, 1.1049691410390707, 0.0, 0.17493152193524017, 0.5867704644960101, 0.12969696844447984, 0.2914787881676368, 0.6813613738750918, 0.3705836564956482, 0.24323488745696453, 0.007281081678807366, 0.6145566981757371, 0.6494069882535145, 0.6747023914132396, 0.780007181603998, 0.6797378547058406, 0.6059089288549203], [-0.22909166911900058, 1.1243189927397639, 0.0, 0.19448336251102827, 0.5984572577478211, 0.1283522455695424, 0.41289344472547074, 0.6848241078684796, 0.3673400329070047, 0.2447814510162527, 0.00711334193318236, 0.6228708919444212, 0.6698752496051291, 0.683572119618715, 0.7884703628215262, 0.6878879763882234, 0.615968445630928], [0.591165598404463, 1.0385692229047783, 0.0, 0.250482408349535, 0.5708404985798531, 0.12376206227456733, 0.18466677552157834, 0.684199188221751, 0.3328150735284694, 0.21815559498190162, 0.0069454663283523566, 0.5882519686431675, 0.6058121647180243, 0.6243394379364348, 0.7557227875370565, 0.6748012524585624, 0.5511086167019149], [1.5603323058555496, 1.172206635971832, 0.0, 0.3431052591347583, 0.6107368682447454, 0.11967455608356616, 0.26755099195360116, 0.6885040340436894, 0.3327754745929459, 0.2331425462990353, 0.007001439975721224, 0.560157990208205, 0.6176142173359196, 0.643049712287047, 0.7562919644151995, 0.6673476387409412, 0.5687895338155478]]}