{"labels_1": ["1", "2", "3", "4", "5", "6", "7", "8", "9"], "labels_2": ["1", "2", "3", "4", "5", "6", "7", "8", "9"], "adj_matrix_1": [[0.0, 0.19819, 0.1069, 0.01987, 0.00644, 0.09305, 0.10399, 0.30158, 0.26188], [0.19819, 0.0, 0.10174, 0.21413, 0.19288, 0.2686, 0.27619, 0.19371, 0.09273], [0.1069, 0.10174, 0.0, 0.12571, 0.10075, 0.19249, 0.20217, 0.25749, 0.18413], [0.01987, 0.21413, 0.12571, 0.0, 0.02629, 0.07366, 0.08475, 0.30736, 0.27392], [0.00644, 0.19288, 0.10075, 0.02629, 0.0, 0.09928, 0.11018, 0.29956, 0.25784], [0.09305, 0.2686, 0.19249, 0.07366, 0.09928, 0.0, 0.01131, 0.32359, 0.31295], [0.10399, 0.27619, 0.20217, 0.08475, 0.11018, 0.01131, 0.0, 0.32539, 0.31813], [0.30158, 0.19371, 0.25749, 0.30736, 0.29956, 0.32359, 0.32539, 0.0, 0.1171], [0.26188, 0.09273, 0.18413, 0.27392, 0.25784, 0.31295, 0.31813, 0.1171, 0.0]], "adj_matrix_2": [[0.0, 0.34604, 0.13954, 0.12154, 0.38962, 0.19082, 0.197, 0.34153, 0.07003], [0.34604, 0.0, 0.27823, 0.34814, 0.12266, 0.23426, 0.31129, 0.0095, 0.32066], [0.13954, 0.27823, 0.0, 0.23354, 0.35903, 0.05958, 0.27182, 0.27113, 0.07343], [0.12154, 0.34814, 0.23354, 0.0, 0.35884, 0.26835, 0.0954, 0.34638, 0.18088], [0.38962, 0.12266, 0.35903, 0.35884, 0.0, 0.32791, 0.30179, 0.13179, 0.38325], [0.19082, 0.23426, 0.05958, 0.26835, 0.32791, 0.0, 0.29023, 0.22629, 0.13029], [0.197, 0.31129, 0.27182, 0.0954, 0.30179, 0.29023, 0.0, 0.31129, 0.23907], [0.34153, 0.0095, 0.27113, 0.34638, 0.13179, 0.22629, 0.31129, 0.0, 0.31504], [0.07003, 0.32066, 0.07343, 0.18088, 0.38325, 0.13029, 0.23907, 0.31504, 0.0]], "features_1": [[0.018139403099572515, 0.833562813173857, 0.0, 0.23958785616140904, 0.5187381139739, 0.133765070231328, 0.30886453722037643, 0.6790087217065319, 0.4024334720047915, 0.19558024175520927, 0.007392832833969631, 0.6200921507221131, 0.6579467290469033, 0.680638511030709, 0.7955080322940916, 0.7118327298461753, 0.6211381684067804], [0.2725234148773419, 0.8084543028010885, 0.0, 0.23536415200881164, 0.5050013318187512, 0.13837125036744505, 0.30267050025590125, 0.6736533188755399, 0.4239522244806728, 0.19289185742361625, 0.007783488497544067, 0.6084029178227293, 0.6688253739749063, 0.6938648449195683, 0.8010612798934091, 0.7216522358673471, 0.6410311912310582], [-0.14627424515567888, 0.9625768607097767, 0.0, 0.22466388416989913, 0.5497949733485389, 0.13535959777965217, 0.29338744903309644, 0.6767810177934925, 0.41260997561443613, 0.2258791500197732, 0.007671947615560004, 0.6197018811463342, 0.6486407690971298, 0.6917309503274821, 0.7950358774579164, 0.7091973916843142, 0.6298418344821911], [-0.18776888810746506, 0.907025208719389, 0.0, 0.19469675633113956, 0.5331403667712984, 0.1376237539960617, 0.25065816338446256, 0.6739418380909635, 0.42934818266365915, 0.21915871988938607, 0.008062078829516484, 0.6239573602009147, 0.6681736116364534, 0.7047915010896041, 0.7982378222563979, 0.6945179462305997, 0.6300870647100195], [-0.09222539899532389, 0.8658810984811347, 0.0, 0.24249970586363334, 0.5201459258968764, 0.13738962369858937, 0.28927150479446195, 0.674592154469025, 0.4240099900292613, 0.206687552481156, 0.007894969482732161, 0.6201798802988465, 0.6587908021194525, 0.6760667625848654, 0.7989052358069807, 0.7150586870109277, 0.6153354276202398], [-0.3107926116701507, 0.9560286802714564, 0.0, 0.1973180761742065, 0.5450077181534841, 0.13857262886650795, 0.2558794258563644, 0.6733649240304693, 0.43461338436844876, 0.23066517756682514, 0.00822905385914674, 0.6331976677702924, 0.673720143751273, 0.6999741586932852, 0.8008438352087133, 0.7059605419850641, 0.6429265777422443], [-0.35793713581213904, 0.9647253366855433, 0.0, 0.1693702817337501, 0.5460925642681289, 0.13630452360131298, 0.24336607655363524, 0.6756255607921476, 0.406475988605866, 0.22849679574129378, 0.007894969482732161, 0.6327505716436383, 0.680594915278099, 0.7207635286669164, 0.7948062063724908, 0.7248406104848019, 0.6126569092575959], [0.5127401927924766, 1.0513273383555617, 0.0, 0.25414039434215735, 0.5797286158597273, 0.12732002365628045, 0.3353053347036514, 0.6842247916183903, 0.37596419874113085, 0.22653882803471181, 0.007616154688146137, 0.5948117928546497, 0.6444541544713981, 0.6594188347280322, 0.7845459478809305, 0.7121920784979241, 0.5834384471005353], [0.631410113668383, 1.0273101543795486, 0.0, 0.24095551159718231, 0.5699948375775281, 0.13094135157481168, 0.2632287344964247, 0.6804080437554283, 0.38678420294638527, 0.22815770592705809, 0.007671947615560004, 0.5922720999212681, 0.6290208199712435, 0.6585052957005323, 0.7846346162383696, 0.7070462135379606, 0.6154273852985559]], "features_2": [[0.056926774436183436, 0.8360331468872388, 0.0, 0.2284860914275273, 0.5046233259080881, 0.14360568944276936, 0.19903742441220587, 0.6638474409287474, 0.4635455747630117, 0.20609843451306387, 0.008006390651371653, 0.6250808368932894, 0.6461685033206325, 0.6683051797458558, 0.8010232759703617, 0.7207688964868403, 0.6460662981118312], [-0.3260513743334732, 0.748621816933611, 0.0, 0.2422836432372922, 0.49298060189689374, 0.1385629496963433, 0.3598272763688094, 0.6743319911945924, 0.44005842911060267, 0.18452511922440196, 0.008006390651371653, 0.6382095291449486, 0.6681147971296532, 0.697189074726947, 0.8057853833073257, 0.7022978766296949, 0.6437008528433544], [-0.18558835425242037, 0.9117408651900241, 0.0, 0.2051758467101772, 0.5293336239620351, 0.14305406742659482, 0.24199575094234546, 0.6668861143965736, 0.464738568165195, 0.22482664692185006, 0.00822905385914674, 0.63440662951684, 0.6619153373913306, 0.6914306875051108, 0.8061891836977894, 0.7291791157627356, 0.6514007424570374], [0.08355288141807993, 0.9438601580988116, 0.0, 0.21341779380148126, 0.5275074402245173, 0.14692367701377212, 0.13830354403473777, 0.6573984497339891, 0.4903034856081434, 0.23667170190497733, 0.008562602043175715, 0.6258745211129135, 0.650263776076575, 0.6725104057952376, 0.8012268967938679, 0.7158491212622359, 0.6420252293327804], [-0.584299471811268, 0.7790850063970169, 0.0, 0.24050639409578908, 0.5104942195250157, 0.13370769182776657, 0.41556750848351387, 0.6814144629310722, 0.41706176311538434, 0.18929191337228213, 0.007783488497544067, 0.6460225777060185, 0.682897981174541, 0.708377815020528, 0.805177149537395, 0.7142160775447269, 0.6208946482944091], [-0.028457188723232996, 0.9031722178069218, 0.0, 0.28422130766312365, 0.5281869051424832, 0.14315769204873494, 0.23071455965363513, 0.666988876072176, 0.46830266459773306, 0.22239474434748496, 0.007894969482732161, 0.6275662729420171, 0.6472538385400101, 0.6792423027245021, 0.8080961892808496, 0.7146688914296715, 0.6520610718975443], [0.27626922415683186, 0.9603608910945348, 0.0, 0.2347210634403895, 0.5351244677687773, 0.14349476148751078, 0.17990846437095342, 0.6648355981503999, 0.4724647681917291, 0.23649826574430644, 0.008451478759474051, 0.6075202438729981, 0.6492384566019157, 0.6927873518345342, 0.8011620529760308, 0.7281447287396852, 0.6364329346703677], [-0.21389356403641413, 0.9967386349638682, 0.0, 0.28620083490096354, 0.5686476119780353, 0.12775982866691601, 0.3572390397491027, 0.6849174748067877, 0.3827942938587603, 0.22148308494251578, 0.007281081678807366, 0.6274105061553417, 0.669370163359678, 0.6774108637336392, 0.7876222468124242, 0.698724753649594, 0.5787808127077549], [-0.04342106314639116, 1.067770288174518, 0.0, 0.29016322252260096, 0.5762675907343254, 0.1309669717402755, 0.2884216449958636, 0.6812252386711668, 0.3937610939912646, 0.2383274743449959, 0.007392832833969631, 0.6131624315473392, 0.668439482240502, 0.6930791325180016, 0.7881266301753274, 0.721772608803049, 0.594410966122191]]}