{"labels_1": ["1", "2", "3", "4", "5", "6", "7", "8", "9"], "labels_2": ["1", "2", "3", "4", "5", "6", "7", "8", "9"], "adj_matrix_1": [[0.0, 0.10645, 0.09697, 0.28194, 0.13538, 0.25059, 0.26456, 0.29448, 0.29461], [0.10645, 0.0, 0.18072, 0.25249, 0.20498, 0.25346, 0.25486, 0.23908, 0.23782], [0.09697, 0.18072, 0.0, 0.26577, 0.0438, 0.20388, 0.22903, 0.308, 0.30994], [0.28194, 0.25249, 0.26577, 0.0, 0.24613, 0.10291, 0.0661, 0.10859, 0.1154], [0.13538, 0.20498, 0.0438, 0.24613, 0.0, 0.17241, 0.20168, 0.30139, 0.30414], [0.25059, 0.25346, 0.20388, 0.10291, 0.17241, 0.0, 0.03811, 0.20105, 0.20687], [0.26456, 0.25486, 0.22903, 0.0661, 0.20168, 0.03811, 0.0, 0.16929, 0.17555], [0.29448, 0.23908, 0.308, 0.10859, 0.30139, 0.20105, 0.16929, 0.0, 0.00718], [0.29461, 0.23782, 0.30994, 0.1154, 0.30414, 0.20687, 0.17555, 0.00718, 0.0]], "adj_matrix_2": [[0.0, 0.00141, 0.04612, 0.15852, 0.17873, 0.01276, 0.18028, 0.13083, 0.05371], [0.00141, 0.0, 0.0475, 0.15973, 0.17765, 0.01135, 0.18144, 0.13211, 0.0551], [0.04612, 0.0475, 0.0, 0.11694, 0.21194, 0.05869, 0.14038, 0.08759, 0.00775], [0.15852, 0.15973, 0.11694, 0.0, 0.27774, 0.16943, 0.02537, 0.03083, 0.10969], [0.17873, 0.17765, 0.21194, 0.27774, 0.0, 0.1687, 0.288, 0.26333, 0.21684], [0.01276, 0.01135, 0.05869, 0.16943, 0.1687, 0.0, 0.19072, 0.14236, 0.06626], [0.18028, 0.18144, 0.14038, 0.02537, 0.288, 0.19072, 0.0, 0.05601, 0.13338], [0.13083, 0.13211, 0.08759, 0.03083, 0.26333, 0.14236, 0.05601, 0.0, 0.08013], [0.05371, 0.0551, 0.00775, 0.10969, 0.21684, 0.06626, 0.13338, 0.08013, 0.0]], "features_1": [[0.6394694700071617, 0.8009221466509091, 0.0, 0.3016657882002874, 0.5087832900174284, 0.13554660739187496, 0.3328158777895126, 0.6788009409110807, 0.42801556513227235, 0.19088671226256215, 0.007727725548673403, 0.591837776417115, 0.6500447479179816, 0.6762765802565567, 0.8026153524859401, 0.7198205380172529, 0.6107620267208423], [0.6071762685533564, 0.8085974557451504, 0.0, 0.278982704179828, 0.5069636989093587, 0.1389313526411565, 0.31176408332180755, 0.6755487658530105, 0.44747383471198776, 0.19929748671057612, 0.008673665988278678, 0.5953296233419803, 0.6851953140195025, 0.7237499696780237, 0.8084492572113963, 0.7301670512659649, 0.6098182392841404], [0.6172169927246696, 0.8905724737918489, 0.0, 0.25671136643158693, 0.5314991156626504, 0.13702983407918837, 0.3150797481268697, 0.6774642885171547, 0.4385804287511621, 0.2119419763489816, 0.008507047823598457, 0.5973610322147644, 0.6662886813604488, 0.7009515906202695, 0.8056219751166936, 0.7249710476350111, 0.6219300207679532], [0.7344407828597257, 0.8382543990653647, 0.0, 0.26028127915206667, 0.5138500698707055, 0.14023125567642486, 0.2688685785993101, 0.6735279863048276, 0.45927675225775655, 0.20136846018955712, 0.008507047823598457, 0.6152538847480322, 0.6594501746295648, 0.6802653230365497, 0.8086050609823764, 0.7304294617671921, 0.632806672320416], [0.16090767549730645, 0.7782561172400473, 0.0, 0.21392956762902657, 0.4910383125118857, 0.14207907328240285, 0.2657580649585064, 0.6715727546569749, 0.4514341646390925, 0.1952073935425367, 0.008451478759474051, 0.6216509060199868, 0.6910692942750527, 0.7271147511830885, 0.8111942398453776, 0.7397311761994297, 0.6234523063583634], [0.7049074369904611, 0.8553081238379495, 0.0, 0.22508114748791502, 0.5166348353424425, 0.14105721938326266, 0.26529972427044085, 0.6726787694841272, 0.4594585576935133, 0.20799653210358793, 0.00822905385914674, 0.6129361765064454, 0.677588202073614, 0.7168281201630107, 0.8106241554497762, 0.7281367209363865, 0.6335728567294395], [0.16271933234471359, 0.8437097132776765, 0.0, 0.18495401982960033, 0.5161963586804602, 0.1363720411695233, 0.30618365356199817, 0.6779645081124954, 0.4031542616092596, 0.19726938212494338, 0.007616154688146137, 0.6078100846050343, 0.6655368530215631, 0.687325853060152, 0.8043582641106422, 0.7367022257260171, 0.6175655603854819], [0.022699288215603186, 0.9125722518362879, 0.0, 0.20597731925186744, 0.5408540687939023, 0.1280456781035037, 0.3776690609826197, 0.6845130092607719, 0.3591961171175444, 0.20362234998140782, 0.007504523810135222, 0.6222014941301699, 0.6577219635924348, 0.6850641765591942, 0.7861421000922789, 0.7264964292587575, 0.5543945531109338], [-0.18192472104689816, 0.9611992559156773, 0.0, 0.18572438029547766, 0.5530062890810967, 0.12693264169953047, 0.30684926776384885, 0.6846238580791577, 0.347394804387853, 0.21288218081111654, 0.007281081678807366, 0.6197011252745313, 0.659216016635469, 0.6911010427548835, 0.7795087371887564, 0.6892919206550777, 0.5532407299590801]], "features_2": [[0.18642626960828146, 0.806310073008187, 0.0, 0.232570855906383, 0.5113289673372274, 0.13756830975108414, 0.3188557829974862, 0.6771461892798705, 0.43110179572805296, 0.19200680203180176, 0.008006390651371653, 0.6159659337531946, 0.6768566922142364, 0.6808786319488064, 0.8083684363738396, 0.7344932071906299, 0.6313091525865671], [-0.005075752977328207, 0.8173438961263012, 0.0, 0.2158694022382185, 0.5136996585636915, 0.1372756382450132, 0.3282908562750201, 0.6777151328074328, 0.4266051422100543, 0.19598234980423856, 0.00783923647221818, 0.6125425665311446, 0.6814944656763854, 0.7070830303072477, 0.8089456938080003, 0.7282252926939831, 0.6157496895172662], [0.24487837513235444, 0.9306774864673725, 0.0, 0.22882464239994849, 0.545436760277443, 0.13729569528249932, 0.3436139625892004, 0.6782688610623221, 0.4389457422792582, 0.21916389391017055, 0.008117752083540042, 0.6129531273031086, 0.6730827065238995, 0.6878681096260826, 0.8110404010097595, 0.7324569769355801, 0.6250781743925116], [-0.03576397798484221, 0.9438273996095156, 0.0, 0.21214515616691876, 0.5379171547819858, 0.14108590116961392, 0.24852513765798107, 0.6708428841792717, 0.45246270056553617, 0.22752557544187746, 0.008062078829516484, 0.6301250128852456, 0.6749467986989707, 0.691271202938378, 0.8057555355167231, 0.7156357180660946, 0.6270613010742663], [0.2086216334398001, 0.8582304276418999, 0.0, 0.2070669781398051, 0.522273051549144, 0.13588471130748175, 0.30643806698151865, 0.6780657075961313, 0.4215139030206936, 0.2029735616976629, 0.007950687539111767, 0.607942358104689, 0.6717946900470992, 0.7020724654945919, 0.8026298062782713, 0.7252516904385558, 0.6076643935585101], [0.4506751905892754, 1.012561647576919, 0.0, 0.24220749548141357, 0.5605873285804416, 0.137008611100855, 0.2968898281998854, 0.6768544975036497, 0.43874086316629257, 0.23386898142770063, 0.007727725548673403, 0.6062604962281748, 0.6645166924932547, 0.6881976178187784, 0.8043469542418172, 0.7345290080196267, 0.6162820629463782], [0.004724073666963591, 1.0104650595511215, 0.0, 0.23833122576369944, 0.5520872619765781, 0.1359153540056108, 0.2422891839534728, 0.6750847193860372, 0.41948468863556987, 0.2374013552367169, 0.008173410423425675, 0.6184953781538682, 0.6585802989889923, 0.6978171105072536, 0.7931104874398829, 0.7176363492455717, 0.6043759491524533], [0.11545549990313209, 1.0359162744113553, 0.0, 0.19049311857926823, 0.5736867260482115, 0.12552483891413635, 0.3076060339256891, 0.6854457232766409, 0.3437432437074104, 0.22039610161441714, 0.007057398507269275, 0.6034609653997984, 0.6372793320495153, 0.6489458040021878, 0.777056242736505, 0.6905759131931284, 0.573682041166906], [0.02899562956586621, 1.1036732913876723, 0.0, 0.19861035473440256, 0.588346018928978, 0.12433416449915835, 0.2519389630742488, 0.6852713196741315, 0.3353611207880909, 0.23313484837571297, 0.006889477554966383, 0.6076924882715073, 0.6486121647825327, 0.6671017029055624, 0.7674825175403228, 0.6824223902186868, 0.5651567549369332]]}