{"labels_1": ["1", "2", "3", "4", "5", "6", "7", "8", "9"], "labels_2": ["1", "2", "3", "4", "5", "6", "7", "8", "9"], "adj_matrix_1": [[0.0, 0.06409, 0.28594, 0.27269, 0.06577, 0.2504, 0.1098, 0.01734, 0.2857], [0.06409, 0.0, 0.30139, 0.27125, 0.12755, 0.24261, 0.09612, 0.04694, 0.29319], [0.28594, 0.30139, 0.0, 0.10197, 0.26227, 0.14468, 0.19517, 0.29057, 0.04653], [0.27269, 0.27125, 0.10197, 0.0, 0.26864, 0.05226, 0.18469, 0.27246, 0.05847], [0.06577, 0.12755, 0.26227, 0.26864, 0.0, 0.25448, 0.12529, 0.08267, 0.27098], [0.2504, 0.24261, 0.14468, 0.05226, 0.25448, 0.0, 0.16652, 0.24831, 0.10672], [0.1098, 0.09612, 0.19517, 0.18469, 0.12529, 0.16652, 0.0, 0.10574, 0.19414], [0.01734, 0.04694, 0.29057, 0.27246, 0.08267, 0.24831, 0.10574, 0.0, 0.28815], [0.2857, 0.29319, 0.04653, 0.05847, 0.27098, 0.10672, 0.19414, 0.28815, 0.0]], "adj_matrix_2": [[0.0, 0.24149, 0.00794, 0.07797, 0.24282, 0.08672, 0.10796, 0.04989, 0.18713], [0.24149, 0.0, 0.23569, 0.29039, 0.00174, 0.29488, 0.15051, 0.2026, 0.06678], [0.00794, 0.23569, 0.0, 0.08563, 0.23703, 0.09429, 0.10043, 0.04201, 0.18042], [0.07797, 0.29039, 0.08563, 0.0, 0.29144, 0.0091, 0.17803, 0.12521, 0.24616], [0.24282, 0.00174, 0.23703, 0.29144, 0.0, 0.29592, 0.15211, 0.2041, 0.0685], [0.08672, 0.29488, 0.09429, 0.0091, 0.29592, 0.0, 0.18541, 0.13348, 0.25203], [0.10796, 0.15051, 0.10043, 0.17803, 0.15211, 0.18541, 0.0, 0.05953, 0.08684], [0.04989, 0.2026, 0.04201, 0.12521, 0.2041, 0.13348, 0.05953, 0.0, 0.14333], [0.18713, 0.06678, 0.18042, 0.24616, 0.0685, 0.25203, 0.08684, 0.14333, 0.0]], "features_1": [[-0.241889326327835, 0.9437887283057509, 0.0, 0.24600086324247533, 0.5509570365397446, 0.13347987674781114, 0.33505071044915413, 0.6807989964569343, 0.412962981968235, 0.2205199354242111, 0.007504523810135222, 0.6283370309951892, 0.668895989628701, 0.7109952740687945, 0.7976828430041863, 0.7257082838473863, 0.5912984372312534], [-0.32123693471187753, 0.9249137512691994, 0.0, 0.23293861426165474, 0.5389777183074225, 0.13980645886920712, 0.29828216138904295, 0.6744594049601373, 0.4413958972115608, 0.2243747107426315, 0.007727725548673403, 0.6358472710093983, 0.6776402100804335, 0.6975887667714471, 0.8091306236382866, 0.7277418061663903, 0.6202276027915682], [0.08436721842705985, 1.069827254020132, 0.0, 0.26817261272605025, 0.5773129391391619, 0.1358508013542525, 0.3128779494296289, 0.6783448253871736, 0.43170217450896886, 0.24712559572976933, 0.00783923647221818, 0.6096857592334279, 0.6640626078714256, 0.7020323966037412, 0.7997753054716099, 0.7393313674373506, 0.6060133211244257], [0.4035093192428123, 1.0564776805568183, 0.0, 0.2637445642756234, 0.5699373256740523, 0.1375551200124971, 0.2686578034277652, 0.6755397860461027, 0.4349135477692838, 0.24615566176100812, 0.007950687539111767, 0.6023630733037635, 0.6698994895422619, 0.6934226247153846, 0.7995969306022704, 0.7350382074840716, 0.6048040472236683], [0.08936691859481227, 0.9378940521045882, 0.0, 0.23790138249718942, 0.5434792089875128, 0.1388407272007545, 0.3273860801802371, 0.6764281587092481, 0.4422061911629065, 0.2247058812179059, 0.007727725548673403, 0.6241402546003354, 0.6713432406671196, 0.706343248338034, 0.8104121625880307, 0.7447382955779611, 0.6281250381707941], [0.47293684283373016, 1.070074351495755, 0.0, 0.28919506125071387, 0.5770125567910965, 0.13664824942209292, 0.31456992731698674, 0.6779200271279266, 0.43663558374024203, 0.24665409444386266, 0.007727725548673403, 0.6010223077212058, 0.6685032900031045, 0.7012299699582304, 0.8031178701640589, 0.7200974579884989, 0.6253456118517612], [1.4409093625416292, 1.0389395920472602, 0.0, 0.27114104763900654, 0.5581245960357886, 0.14010771945298592, 0.2250464202214964, 0.6711888778876962, 0.44472395316319746, 0.2410077005619473, 0.007950687539111767, 0.5758104491403675, 0.643230336866723, 0.6676296172752334, 0.7994630702400763, 0.7329472584337876, 0.6176972229624242], [-0.05134729908959157, 1.1209169367041933, 0.0, 0.2460563660797146, 0.6054532101808753, 0.12222156657733567, 0.4589395329184825, 0.689493658396939, 0.3339263644374131, 0.2329188056354281, 0.006609306440138685, 0.6120379048588236, 0.6585315922166146, 0.6647868884549692, 0.7838259224644125, 0.7138919903026212, 0.5875964428366187], [0.29765618755509227, 1.1453772943266467, 0.0, 0.2613482755070338, 0.607430868713322, 0.12271777243460484, 0.4687682287345126, 0.6889814310668415, 0.3441871879339802, 0.2388372613109646, 0.007392832833969631, 0.5888124793109415, 0.6460402359625695, 0.6631174862730915, 0.7793298837662993, 0.713359373320991, 0.5835892271667357]], "features_2": [[0.2321322814677913, 0.9404179549492515, 0.0, 0.27451986978798215, 0.5475965371942767, 0.13091730497398904, 0.2982672456957367, 0.6804144403033281, 0.38818329410864094, 0.21122910060905387, 0.007336964783822175, 0.602940835287757, 0.6326907407694922, 0.6504819209128196, 0.7783228076384777, 0.6805741679262597, 0.5766488388689204], [-0.2547378894891472, 0.8868220789630021, 0.0, 0.23419329185102666, 0.5289907464948739, 0.13237111439798904, 0.29140474312974546, 0.678465163803142, 0.3872517874484014, 0.20457623505104316, 0.007281081678807366, 0.6297263590416213, 0.6618771617177773, 0.6754342879860865, 0.7812658562760043, 0.6842183455242882, 0.5764412396120481], [0.047538970450598406, 1.0487264208099338, 0.0, 0.26531689516184037, 0.5725185227166879, 0.13081362296053606, 0.316318433245997, 0.6806281068954589, 0.3763783842041011, 0.23066729118046037, 0.00711334193318236, 0.6053365874033203, 0.6507718477383543, 0.6642507735924367, 0.7777078045570667, 0.6818027992041351, 0.5824885851408399], [0.47500920767045773, 1.0423211916594308, 0.0, 0.27565731292603296, 0.5657528015823325, 0.13314007850882645, 0.2709886444153142, 0.6773709500619661, 0.39250472301919714, 0.23061707471243365, 0.007671947615560004, 0.5992952732263084, 0.640373524842825, 0.6629546594274767, 0.7779533350676596, 0.7139711299992797, 0.5823658690234762], [-0.1842468772678254, 0.8407674289825281, 0.0, 0.2331532114705597, 0.5109368868367553, 0.13547091371158, 0.2498590690114355, 0.6745457690099528, 0.3974415429253251, 0.1980949842452131, 0.007616154688146137, 0.6237215400387828, 0.6533029370685524, 0.6794107008320586, 0.7843259190805084, 0.6817375125723348, 0.5941714748408818], [0.044422673246124145, 0.9620845249342225, 0.0, 0.2429461173421826, 0.5455648365212648, 0.1360797224958659, 0.28888683991406766, 0.6747415519456943, 0.39400399101528705, 0.21987267672686062, 0.007560346756364078, 0.6006978661538835, 0.6387226989926993, 0.6672420010462865, 0.7846250027426752, 0.700405861891007, 0.597435755856803], [-0.06189249936904684, 0.9448408615864523, 0.0, 0.23481675280549952, 0.537600058724665, 0.1360489048489556, 0.2870623789214662, 0.6752991836843512, 0.3950759512748645, 0.22066055349234692, 0.00783923647221818, 0.621392808227045, 0.6743845175144046, 0.6894093665645736, 0.7904458959252433, 0.7072580414296553, 0.5985333375522913], [0.0070618080163815655, 0.7473011043151647, 0.0, 0.21224902327363118, 0.482480992205673, 0.13770573669889502, 0.2508415964047856, 0.6729559693094009, 0.4016264144599653, 0.17828020439903924, 0.007894969482732161, 0.613236825388259, 0.6454172343025543, 0.6493843870706307, 0.7929005950859468, 0.7222417677323782, 0.6087840968973655], [-0.07580449045379911, 0.7810097848099387, 0.0, 0.21085086807576545, 0.49388055087337757, 0.13613558250503696, 0.2828019315205189, 0.6750727006465878, 0.38758394585056455, 0.18445282081682768, 0.007894969482732161, 0.6194272723027843, 0.6476696832265941, 0.6798916762648191, 0.7909523105274993, 0.7167705838953502, 0.5960000044954279]]}