{"labels_1": ["1", "2", "3", "4", "5", "6", "7", "8", "9"], "labels_2": ["1", "2", "3", "4", "5", "6", "7", "8", "9"], "adj_matrix_1": [[0.0, 0.06409, 0.28594, 0.27269, 0.06577, 0.2504, 0.1098, 0.01734, 0.2857], [0.06409, 0.0, 0.30139, 0.27125, 0.12755, 0.24261, 0.09612, 0.04694, 0.29319], [0.28594, 0.30139, 0.0, 0.10197, 0.26227, 0.14468, 0.19517, 0.29057, 0.04653], [0.27269, 0.27125, 0.10197, 0.0, 0.26864, 0.05226, 0.18469, 0.27246, 0.05847], [0.06577, 0.12755, 0.26227, 0.26864, 0.0, 0.25448, 0.12529, 0.08267, 0.27098], [0.2504, 0.24261, 0.14468, 0.05226, 0.25448, 0.0, 0.16652, 0.24831, 0.10672], [0.1098, 0.09612, 0.19517, 0.18469, 0.12529, 0.16652, 0.0, 0.10574, 0.19414], [0.01734, 0.04694, 0.29057, 0.27246, 0.08267, 0.24831, 0.10574, 0.0, 0.28815], [0.2857, 0.29319, 0.04653, 0.05847, 0.27098, 0.10672, 0.19414, 0.28815, 0.0]], "adj_matrix_2": [[0.0, 0.18338, 0.02597, 0.11095, 0.25072, 0.18543, 0.19128, 0.22743, 0.23251], [0.18338, 0.0, 0.20204, 0.08613, 0.14797, 0.00287, 0.01131, 0.07345, 0.20522], [0.02597, 0.20204, 0.0, 0.13442, 0.25663, 0.20404, 0.20921, 0.2407, 0.23041], [0.11095, 0.08613, 0.13442, 0.0, 0.2053, 0.08884, 0.09665, 0.15083, 0.22809], [0.25072, 0.14797, 0.25663, 0.2053, 0.0, 0.14567, 0.13916, 0.08459, 0.10513], [0.18543, 0.00287, 0.20404, 0.08884, 0.14567, 0.0, 0.00844, 0.07074, 0.20405], [0.19128, 0.01131, 0.20921, 0.09665, 0.13916, 0.00844, 0.0, 0.06264, 0.20075], [0.22743, 0.07345, 0.2407, 0.15083, 0.08459, 0.07074, 0.06264, 0.0, 0.16855], [0.23251, 0.20522, 0.23041, 0.22809, 0.10513, 0.20405, 0.20075, 0.16855, 0.0]], "features_1": [[-0.241889326327835, 0.9437887283057509, 0.0, 0.24600086324247533, 0.5509570365397446, 0.13347987674781114, 0.33505071044915413, 0.6807989964569343, 0.412962981968235, 0.2205199354242111, 0.007504523810135222, 0.6283370309951892, 0.668895989628701, 0.7109952740687945, 0.7976828430041863, 0.7257082838473863, 0.5912984372312534], [-0.32123693471187753, 0.9249137512691994, 0.0, 0.23293861426165474, 0.5389777183074225, 0.13980645886920712, 0.29828216138904295, 0.6744594049601373, 0.4413958972115608, 0.2243747107426315, 0.007727725548673403, 0.6358472710093983, 0.6776402100804335, 0.6975887667714471, 0.8091306236382866, 0.7277418061663903, 0.6202276027915682], [0.08436721842705985, 1.069827254020132, 0.0, 0.26817261272605025, 0.5773129391391619, 0.1358508013542525, 0.3128779494296289, 0.6783448253871736, 0.43170217450896886, 0.24712559572976933, 0.00783923647221818, 0.6096857592334279, 0.6640626078714256, 0.7020323966037412, 0.7997753054716099, 0.7393313674373506, 0.6060133211244257], [0.4035093192428123, 1.0564776805568183, 0.0, 0.2637445642756234, 0.5699373256740523, 0.1375551200124971, 0.2686578034277652, 0.6755397860461027, 0.4349135477692838, 0.24615566176100812, 0.007950687539111767, 0.6023630733037635, 0.6698994895422619, 0.6934226247153846, 0.7995969306022704, 0.7350382074840716, 0.6048040472236683], [0.08936691859481227, 0.9378940521045882, 0.0, 0.23790138249718942, 0.5434792089875128, 0.1388407272007545, 0.3273860801802371, 0.6764281587092481, 0.4422061911629065, 0.2247058812179059, 0.007727725548673403, 0.6241402546003354, 0.6713432406671196, 0.706343248338034, 0.8104121625880307, 0.7447382955779611, 0.6281250381707941], [0.47293684283373016, 1.070074351495755, 0.0, 0.28919506125071387, 0.5770125567910965, 0.13664824942209292, 0.31456992731698674, 0.6779200271279266, 0.43663558374024203, 0.24665409444386266, 0.007727725548673403, 0.6010223077212058, 0.6685032900031045, 0.7012299699582304, 0.8031178701640589, 0.7200974579884989, 0.6253456118517612], [1.4409093625416292, 1.0389395920472602, 0.0, 0.27114104763900654, 0.5581245960357886, 0.14010771945298592, 0.2250464202214964, 0.6711888778876962, 0.44472395316319746, 0.2410077005619473, 0.007950687539111767, 0.5758104491403675, 0.643230336866723, 0.6676296172752334, 0.7994630702400763, 0.7329472584337876, 0.6176972229624242], [-0.05134729908959157, 1.1209169367041933, 0.0, 0.2460563660797146, 0.6054532101808753, 0.12222156657733567, 0.4589395329184825, 0.689493658396939, 0.3339263644374131, 0.2329188056354281, 0.006609306440138685, 0.6120379048588236, 0.6585315922166146, 0.6647868884549692, 0.7838259224644125, 0.7138919903026212, 0.5875964428366187], [0.29765618755509227, 1.1453772943266467, 0.0, 0.2613482755070338, 0.607430868713322, 0.12271777243460484, 0.4687682287345126, 0.6889814310668415, 0.3441871879339802, 0.2388372613109646, 0.007392832833969631, 0.5888124793109415, 0.6460402359625695, 0.6631174862730915, 0.7793298837662993, 0.713359373320991, 0.5835892271667357]], "features_2": [[0.4981299288491634, 0.9393441182999617, 0.0, 0.1747507960859613, 0.5135150327701131, 0.15141004381519868, 0.05522604717941491, 0.6448443621261593, 0.5086245119594297, 0.23434626383655366, 0.00839589484089287, 0.6135309689266344, 0.6400769580140421, 0.6690743151578613, 0.7965438507867416, 0.7196866478083003, 0.6265978826837962], [0.43631824555882837, 0.9249533011742636, 0.0, 0.2044620665814185, 0.5260699125466286, 0.1438243392775287, 0.2059907786207525, 0.664453142954395, 0.457703039404604, 0.2206747502216586, 0.008173410423425675, 0.6017364965160077, 0.65640886025268, 0.6888595856000367, 0.7995889594715038, 0.7333734133313363, 0.6185455624387444], [0.5183304878103119, 1.0867194038462997, 0.0, 0.1815225577453077, 0.553616622246422, 0.14784543886016502, 0.09698238113341233, 0.6532230386607362, 0.48915778235857865, 0.2586514080538336, 0.008618141428105908, 0.6108747151892198, 0.6443861923569986, 0.6684325468387249, 0.7948845830853435, 0.7201069184128789, 0.6210273595656234], [0.5812560688979338, 1.0527586966719997, 0.0, 0.17581324593299957, 0.5393644497229316, 0.15231336954145758, 0.0471438490819807, 0.6427997697411764, 0.5129882485870976, 0.25695256693504476, 0.008507047823598457, 0.6096246763084325, 0.6288247822862945, 0.6633475596847914, 0.795899648753385, 0.7163412826023101, 0.6292591680588819], [0.7198274317689544, 0.9718893283862221, 0.0, 0.21316702351497685, 0.5366276836169499, 0.14385767337327993, 0.19929417390842802, 0.6642351784185934, 0.45286039281635104, 0.22778229255592808, 0.007727725548673403, 0.5872057854836057, 0.6491560974310334, 0.6810988420437707, 0.7966537332531344, 0.7364424300157667, 0.6042362995155519], [0.7610286405499567, 1.1168583149777398, 0.0, 0.20244127940891704, 0.5655980982657955, 0.14556952341132728, 0.1489432853878462, 0.6593993735871495, 0.4625896144917807, 0.25883277064421173, 0.007616154688146137, 0.595536688827214, 0.6413204762131125, 0.6790726637750715, 0.7952437814632677, 0.7201844507292784, 0.6210973424054461], [0.5471350274878293, 0.975171437365737, 0.0, 0.20910271125199867, 0.5268672639075018, 0.14980366489080538, 0.09650208951876707, 0.6507502109903017, 0.4873378333587677, 0.2393591963252153, 0.00839589484089287, 0.6039122029484065, 0.6364792759268617, 0.6800971965160356, 0.7964054550172704, 0.7169126587723664, 0.6307277962823438], [0.5702675735692062, 1.1286723193221047, 0.0, 0.2068682798600438, 0.5747875128352281, 0.13762554194032456, 0.15688637894055973, 0.6700298019113251, 0.40082436878825844, 0.25064250910198216, 0.007616154688146137, 0.5883544962888037, 0.6299479510012279, 0.6600137175109814, 0.7809051753686365, 0.6842931272940185, 0.5980517920427274], [1.195729748771603, 1.0988404286705762, 0.0, 0.2580978749724345, 0.5678567550891097, 0.13839662553956894, 0.15191193431084998, 0.6686298428862353, 0.4164934552235462, 0.24602345286541571, 0.007727725548673403, 0.5775278876443983, 0.624562578249736, 0.6407636355998725, 0.7805931229511448, 0.6895035549514833, 0.6019323572449862]]}