{"labels_1": ["1", "2", "3", "4", "5", "6", "7", "8", "9"], "labels_2": ["1", "2", "3", "4", "5", "6", "7", "8", "9"], "adj_matrix_1": [[0.0, 0.03786, 0.13335, 0.12348, 0.08614, 0.18468, 0.07043, 0.23725, 0.1162], [0.03786, 0.0, 0.09856, 0.15583, 0.04929, 0.15343, 0.10632, 0.24318, 0.14916], [0.13335, 0.09856, 0.0, 0.22812, 0.05069, 0.05983, 0.19132, 0.24613, 0.22355], [0.12348, 0.15583, 0.22812, 0.0, 0.19401, 0.26157, 0.05696, 0.19119, 0.00822], [0.08614, 0.04929, 0.05069, 0.19401, 0.0, 0.10881, 0.15027, 0.24669, 0.1883], [0.18468, 0.15343, 0.05983, 0.26157, 0.10881, 0.0, 0.23376, 0.24125, 0.25843], [0.07043, 0.10632, 0.19132, 0.05696, 0.15027, 0.23376, 0.0, 0.21715, 0.04892], [0.23725, 0.24318, 0.24613, 0.19119, 0.24669, 0.24125, 0.21715, 0.0, 0.19547], [0.1162, 0.14916, 0.22355, 0.00822, 0.1883, 0.25843, 0.04892, 0.19547, 0.0]], "adj_matrix_2": [[0.0, 0.16857, 0.03557, 0.09964, 0.19322, 0.01335, 0.18845, 0.15582, 0.19541], [0.16857, 0.0, 0.14597, 0.09253, 0.11152, 0.16048, 0.22545, 0.02237, 0.22514], [0.03557, 0.14597, 0.0, 0.06695, 0.18851, 0.02233, 0.20814, 0.13042, 0.21395], [0.09964, 0.09253, 0.06695, 0.0, 0.16854, 0.08768, 0.23058, 0.07246, 0.23379], [0.19322, 0.11152, 0.18851, 0.16854, 0.0, 0.19174, 0.16735, 0.1277, 0.16449], [0.01335, 0.16048, 0.02233, 0.08768, 0.19174, 0.0, 0.19644, 0.14676, 0.20307], [0.18845, 0.22545, 0.20814, 0.23058, 0.16735, 0.19644, 0.0, 0.23055, 0.01089], [0.15582, 0.02237, 0.13042, 0.07246, 0.1277, 0.14676, 0.23055, 0.0, 0.23109], [0.19541, 0.22514, 0.21395, 0.23379, 0.16449, 0.20307, 0.01089, 0.23109, 0.0]], "features_1": [[0.5359872899982303, 0.760703742023661, 0.0, 0.23065914205339763, 0.510153225231817, 0.1263961036771841, 0.4651111915932418, 0.6869293761166684, 0.3793376531907311, 0.17152305707664883, 0.007671947615560004, 0.5959242263764932, 0.6622146681480209, 0.6924509118987187, 0.7951919835850245, 0.7242960662867054, 0.5938216221731977], [0.4959127929867222, 0.7749202801568943, 0.0, 0.22305853043829166, 0.5087338333499997, 0.12842293606587268, 0.4258795945877935, 0.6857382736403463, 0.38786766930290795, 0.17541693406734593, 0.00783923647221818, 0.5952275889236622, 0.6662737985114551, 0.6883036653738649, 0.7975049926170014, 0.7274810434212077, 0.5916377123657702], [0.5357484405061212, 0.8749523542611561, 0.0, 0.237411487106483, 0.5462393256578366, 0.12459112427193042, 0.48948719281615566, 0.6882507601309515, 0.3737905321418755, 0.19267396860113384, 0.007671947615560004, 0.5971250097980387, 0.6602710937663943, 0.684163266790933, 0.7928823625878546, 0.7031631196633285, 0.595468084283689], [0.7478073673344987, 0.8560995187575354, 0.0, 0.270636911322521, 0.5374066156918027, 0.12617434969743793, 0.4321315140261355, 0.6865319769695565, 0.37413707440913346, 0.18961080876738978, 0.007448685839370306, 0.5821765536524177, 0.6714222127901773, 0.7007428573046922, 0.7924605182058229, 0.7130533933569101, 0.597237993157957], [0.7083828261402112, 0.8138773477016595, 0.0, 0.24278139340731975, 0.518778771498463, 0.12681807121206592, 0.37921369808070365, 0.6857203913321133, 0.38304022485697997, 0.18169048578752944, 0.008062078829516484, 0.594210373109481, 0.6422386468456469, 0.6646251483363105, 0.7884200173674835, 0.7412069375859004, 0.5827436551545775], [0.4897701220400492, 0.9321920510385449, 0.0, 0.24144795453466145, 0.5609679754237342, 0.12305089273500858, 0.43677708767521467, 0.6885519818701307, 0.36008699846365344, 0.20066521368908474, 0.007225183508792421, 0.6043495506612704, 0.646919387744255, 0.6746264994823225, 0.7846318914499019, 0.7049230725276021, 0.5906351750477223], [0.41513987902406146, 0.8251247540986762, 0.0, 0.23552968536122068, 0.5241787728789301, 0.12749338323270845, 0.37363275623961345, 0.6850254743659914, 0.3587049283078423, 0.18430262941355413, 0.007281081678807366, 0.5920166795286823, 0.6671258869984862, 0.6893455940329383, 0.7905034294071652, 0.7199119281154646, 0.5993828668528458], [1.0263996422440185, 1.0246649128253102, 0.0, 0.2791486228028597, 0.5698691078745628, 0.12666339925230222, 0.2820687177315925, 0.6840187182311785, 0.37377698187819886, 0.22351319944007875, 0.007504523810135222, 0.5755155527892222, 0.6411688871692883, 0.6610402491689994, 0.7760563271802531, 0.7181395599653709, 0.5836545146381186], [0.5969303177640981, 0.9794895115951883, 0.0, 0.2393660435759717, 0.5641618719069865, 0.12439778873498192, 0.30382678904676724, 0.6859320342089437, 0.35599103999327975, 0.211323729158978, 0.00716927026363523, 0.5837136222988795, 0.6420190277626261, 0.675057438992792, 0.7727489435437029, 0.7034473164716113, 0.5839551304593931]], "features_2": [[0.487913443782769, 0.7024945372645623, 0.0, 0.15845209795459322, 0.4737971480300568, 0.14333296088943623, 0.2552392504185569, 0.6697591476346992, 0.4472599715130301, 0.174933251202543, 0.008284682400665488, 0.5947484486872696, 0.6577454721571134, 0.6817257770919649, 0.8132415016608382, 0.7404598824290081, 0.6425724734743923], [0.7967458202960667, 0.7230422673287783, 0.0, 0.19432617016159506, 0.47533748495964456, 0.14505929107958868, 0.2130103595431926, 0.66565201098765, 0.4792975611656676, 0.1835822365885742, 0.00839589484089287, 0.5866520365703152, 0.6782325126596762, 0.7122496858707988, 0.8089611913434728, 0.7286198254297838, 0.6390725541106534], [0.34219428863389245, 0.8385205587476499, 0.0, 0.1705881225787173, 0.5129882111894637, 0.14335177133963553, 0.2181737996814576, 0.668014748060922, 0.45175930195248526, 0.20567023771648918, 0.008284682400665488, 0.5964870601396259, 0.6751273860600842, 0.7019463915233944, 0.8075424392200251, 0.7118798097686255, 0.6377878460177504], [0.39111437629748247, 0.8116564419751635, 0.0, 0.1818449986724187, 0.5041116345330093, 0.14502524601332328, 0.241451288359206, 0.6676062781705043, 0.4569037221226744, 0.20267123218770688, 0.008173410423425675, 0.5967876111219566, 0.6798695589964555, 0.7214414457678988, 0.8161639705984606, 0.7460121889670317, 0.6471697236636096], [0.9585586782035587, 0.7575535995156015, 0.0, 0.1954315313316475, 0.48702503804602704, 0.14280133778085743, 0.2354094257320895, 0.6692050882937585, 0.4529816111731646, 0.18752950194067397, 0.007727725548673403, 0.5793639469041576, 0.6697752234860367, 0.7018456105486004, 0.8072088361441894, 0.7109142743630095, 0.6404368740327534], [0.286236730348715, 0.8859594483548107, 0.0, 0.2037976382049761, 0.5282679387957002, 0.14069345772585973, 0.2418609101157621, 0.6718459458854662, 0.4291307350859428, 0.21219793857150804, 0.007504523810135222, 0.5954435191232217, 0.6667464767564358, 0.6985598209538811, 0.8047046559311641, 0.7222060794913057, 0.6371342553118065], [0.08152335214134743, 0.7894588553189761, 0.0, 0.1814165877128925, 0.5059782691012202, 0.1396396782669051, 0.3005574707556796, 0.6749880507354361, 0.42751829581325196, 0.19116660809311514, 0.00783923647221818, 0.6106773298171362, 0.6785105210664518, 0.7235896794673053, 0.8115507223904073, 0.7340127391319031, 0.6384411396333619], [0.6753252591431482, 0.8765100868207873, 0.0, 0.1893988203054209, 0.5290218896431644, 0.1312553307259458, 0.23960831967656304, 0.6797714315555125, 0.3790690695365102, 0.20098696587744702, 0.007616154688146137, 0.5737628964053254, 0.6327332237680072, 0.6728556927469203, 0.7829179505269741, 0.713517033681537, 0.6091756686630023], [0.10017452987995634, 0.9302137377449411, 0.0, 0.16251414682435134, 0.5482735798121964, 0.1279755795275537, 0.2888681519917249, 0.6834468521068526, 0.3567334974032188, 0.2076148311689372, 0.007057398507269275, 0.5937035874646392, 0.6592213536743451, 0.6937981798668372, 0.7812844941640757, 0.6928969363401984, 0.5953175355117637]]}