{"labels_1": ["1", "2", "3", "4", "5", "6", "7", "8", "9"], "labels_2": ["1", "2", "3", "4", "5", "6", "7", "8", "9"], "adj_matrix_1": [[0.0, 0.03786, 0.13335, 0.12348, 0.08614, 0.18468, 0.07043, 0.23725, 0.1162], [0.03786, 0.0, 0.09856, 0.15583, 0.04929, 0.15343, 0.10632, 0.24318, 0.14916], [0.13335, 0.09856, 0.0, 0.22812, 0.05069, 0.05983, 0.19132, 0.24613, 0.22355], [0.12348, 0.15583, 0.22812, 0.0, 0.19401, 0.26157, 0.05696, 0.19119, 0.00822], [0.08614, 0.04929, 0.05069, 0.19401, 0.0, 0.10881, 0.15027, 0.24669, 0.1883], [0.18468, 0.15343, 0.05983, 0.26157, 0.10881, 0.0, 0.23376, 0.24125, 0.25843], [0.07043, 0.10632, 0.19132, 0.05696, 0.15027, 0.23376, 0.0, 0.21715, 0.04892], [0.23725, 0.24318, 0.24613, 0.19119, 0.24669, 0.24125, 0.21715, 0.0, 0.19547], [0.1162, 0.14916, 0.22355, 0.00822, 0.1883, 0.25843, 0.04892, 0.19547, 0.0]], "adj_matrix_2": [[0.0, 0.18338, 0.02597, 0.11095, 0.25072, 0.18543, 0.19128, 0.22743, 0.23251], [0.18338, 0.0, 0.20204, 0.08613, 0.14797, 0.00287, 0.01131, 0.07345, 0.20522], [0.02597, 0.20204, 0.0, 0.13442, 0.25663, 0.20404, 0.20921, 0.2407, 0.23041], [0.11095, 0.08613, 0.13442, 0.0, 0.2053, 0.08884, 0.09665, 0.15083, 0.22809], [0.25072, 0.14797, 0.25663, 0.2053, 0.0, 0.14567, 0.13916, 0.08459, 0.10513], [0.18543, 0.00287, 0.20404, 0.08884, 0.14567, 0.0, 0.00844, 0.07074, 0.20405], [0.19128, 0.01131, 0.20921, 0.09665, 0.13916, 0.00844, 0.0, 0.06264, 0.20075], [0.22743, 0.07345, 0.2407, 0.15083, 0.08459, 0.07074, 0.06264, 0.0, 0.16855], [0.23251, 0.20522, 0.23041, 0.22809, 0.10513, 0.20405, 0.20075, 0.16855, 0.0]], "features_1": [[0.5359872899982303, 0.760703742023661, 0.0, 0.23065914205339763, 0.510153225231817, 0.1263961036771841, 0.4651111915932418, 0.6869293761166684, 0.3793376531907311, 0.17152305707664883, 0.007671947615560004, 0.5959242263764932, 0.6622146681480209, 0.6924509118987187, 0.7951919835850245, 0.7242960662867054, 0.5938216221731977], [0.4959127929867222, 0.7749202801568943, 0.0, 0.22305853043829166, 0.5087338333499997, 0.12842293606587268, 0.4258795945877935, 0.6857382736403463, 0.38786766930290795, 0.17541693406734593, 0.00783923647221818, 0.5952275889236622, 0.6662737985114551, 0.6883036653738649, 0.7975049926170014, 0.7274810434212077, 0.5916377123657702], [0.5357484405061212, 0.8749523542611561, 0.0, 0.237411487106483, 0.5462393256578366, 0.12459112427193042, 0.48948719281615566, 0.6882507601309515, 0.3737905321418755, 0.19267396860113384, 0.007671947615560004, 0.5971250097980387, 0.6602710937663943, 0.684163266790933, 0.7928823625878546, 0.7031631196633285, 0.595468084283689], [0.7478073673344987, 0.8560995187575354, 0.0, 0.270636911322521, 0.5374066156918027, 0.12617434969743793, 0.4321315140261355, 0.6865319769695565, 0.37413707440913346, 0.18961080876738978, 0.007448685839370306, 0.5821765536524177, 0.6714222127901773, 0.7007428573046922, 0.7924605182058229, 0.7130533933569101, 0.597237993157957], [0.7083828261402112, 0.8138773477016595, 0.0, 0.24278139340731975, 0.518778771498463, 0.12681807121206592, 0.37921369808070365, 0.6857203913321133, 0.38304022485697997, 0.18169048578752944, 0.008062078829516484, 0.594210373109481, 0.6422386468456469, 0.6646251483363105, 0.7884200173674835, 0.7412069375859004, 0.5827436551545775], [0.4897701220400492, 0.9321920510385449, 0.0, 0.24144795453466145, 0.5609679754237342, 0.12305089273500858, 0.43677708767521467, 0.6885519818701307, 0.36008699846365344, 0.20066521368908474, 0.007225183508792421, 0.6043495506612704, 0.646919387744255, 0.6746264994823225, 0.7846318914499019, 0.7049230725276021, 0.5906351750477223], [0.41513987902406146, 0.8251247540986762, 0.0, 0.23552968536122068, 0.5241787728789301, 0.12749338323270845, 0.37363275623961345, 0.6850254743659914, 0.3587049283078423, 0.18430262941355413, 0.007281081678807366, 0.5920166795286823, 0.6671258869984862, 0.6893455940329383, 0.7905034294071652, 0.7199119281154646, 0.5993828668528458], [1.0263996422440185, 1.0246649128253102, 0.0, 0.2791486228028597, 0.5698691078745628, 0.12666339925230222, 0.2820687177315925, 0.6840187182311785, 0.37377698187819886, 0.22351319944007875, 0.007504523810135222, 0.5755155527892222, 0.6411688871692883, 0.6610402491689994, 0.7760563271802531, 0.7181395599653709, 0.5836545146381186], [0.5969303177640981, 0.9794895115951883, 0.0, 0.2393660435759717, 0.5641618719069865, 0.12439778873498192, 0.30382678904676724, 0.6859320342089437, 0.35599103999327975, 0.211323729158978, 0.00716927026363523, 0.5837136222988795, 0.6420190277626261, 0.675057438992792, 0.7727489435437029, 0.7034473164716113, 0.5839551304593931]], "features_2": [[0.4981299288491634, 0.9393441182999617, 0.0, 0.1747507960859613, 0.5135150327701131, 0.15141004381519868, 0.05522604717941491, 0.6448443621261593, 0.5086245119594297, 0.23434626383655366, 0.00839589484089287, 0.6135309689266344, 0.6400769580140421, 0.6690743151578613, 0.7965438507867416, 0.7196866478083003, 0.6265978826837962], [0.43631824555882837, 0.9249533011742636, 0.0, 0.2044620665814185, 0.5260699125466286, 0.1438243392775287, 0.2059907786207525, 0.664453142954395, 0.457703039404604, 0.2206747502216586, 0.008173410423425675, 0.6017364965160077, 0.65640886025268, 0.6888595856000367, 0.7995889594715038, 0.7333734133313363, 0.6185455624387444], [0.5183304878103119, 1.0867194038462997, 0.0, 0.1815225577453077, 0.553616622246422, 0.14784543886016502, 0.09698238113341233, 0.6532230386607362, 0.48915778235857865, 0.2586514080538336, 0.008618141428105908, 0.6108747151892198, 0.6443861923569986, 0.6684325468387249, 0.7948845830853435, 0.7201069184128789, 0.6210273595656234], [0.5812560688979338, 1.0527586966719997, 0.0, 0.17581324593299957, 0.5393644497229316, 0.15231336954145758, 0.0471438490819807, 0.6427997697411764, 0.5129882485870976, 0.25695256693504476, 0.008507047823598457, 0.6096246763084325, 0.6288247822862945, 0.6633475596847914, 0.795899648753385, 0.7163412826023101, 0.6292591680588819], [0.7198274317689544, 0.9718893283862221, 0.0, 0.21316702351497685, 0.5366276836169499, 0.14385767337327993, 0.19929417390842802, 0.6642351784185934, 0.45286039281635104, 0.22778229255592808, 0.007727725548673403, 0.5872057854836057, 0.6491560974310334, 0.6810988420437707, 0.7966537332531344, 0.7364424300157667, 0.6042362995155519], [0.7610286405499567, 1.1168583149777398, 0.0, 0.20244127940891704, 0.5655980982657955, 0.14556952341132728, 0.1489432853878462, 0.6593993735871495, 0.4625896144917807, 0.25883277064421173, 0.007616154688146137, 0.595536688827214, 0.6413204762131125, 0.6790726637750715, 0.7952437814632677, 0.7201844507292784, 0.6210973424054461], [0.5471350274878293, 0.975171437365737, 0.0, 0.20910271125199867, 0.5268672639075018, 0.14980366489080538, 0.09650208951876707, 0.6507502109903017, 0.4873378333587677, 0.2393591963252153, 0.00839589484089287, 0.6039122029484065, 0.6364792759268617, 0.6800971965160356, 0.7964054550172704, 0.7169126587723664, 0.6307277962823438], [0.5702675735692062, 1.1286723193221047, 0.0, 0.2068682798600438, 0.5747875128352281, 0.13762554194032456, 0.15688637894055973, 0.6700298019113251, 0.40082436878825844, 0.25064250910198216, 0.007616154688146137, 0.5883544962888037, 0.6299479510012279, 0.6600137175109814, 0.7809051753686365, 0.6842931272940185, 0.5980517920427274], [1.195729748771603, 1.0988404286705762, 0.0, 0.2580978749724345, 0.5678567550891097, 0.13839662553956894, 0.15191193431084998, 0.6686298428862353, 0.4164934552235462, 0.24602345286541571, 0.007727725548673403, 0.5775278876443983, 0.624562578249736, 0.6407636355998725, 0.7805931229511448, 0.6895035549514833, 0.6019323572449862]]}