{"labels_1": ["1", "2", "3", "4", "5", "6", "7", "8", "9"], "labels_2": ["1", "2", "3", "4", "5", "6", "7", "8", "9"], "adj_matrix_1": [[0.0, 0.31401, 0.13285, 0.00484, 0.22176, 0.1763, 0.14636, 0.02024, 0.31201], [0.31401, 0.0, 0.34681, 0.31554, 0.18023, 0.35287, 0.2426, 0.31975, 0.01192], [0.13285, 0.34681, 0.0, 0.12828, 0.31551, 0.04649, 0.26085, 0.11351, 0.34912], [0.00484, 0.31554, 0.12828, 0.0, 0.22555, 0.17194, 0.15083, 0.01541, 0.31391], [0.22176, 0.18023, 0.31551, 0.22555, 0.0, 0.34181, 0.08862, 0.23715, 0.17099], [0.1763, 0.35287, 0.04649, 0.17194, 0.34181, 0.0, 0.29523, 0.15777, 0.35649], [0.14636, 0.2426, 0.26085, 0.15083, 0.08862, 0.29523, 0.0, 0.16477, 0.23627], [0.02024, 0.31975, 0.11351, 0.01541, 0.23715, 0.15777, 0.16477, 0.0, 0.31927], [0.31201, 0.01192, 0.34912, 0.31391, 0.17099, 0.35649, 0.23627, 0.31927, 0.0]], "adj_matrix_2": [[0.0, 0.28071, 0.00967, 0.10113, 0.10361, 0.0289, 0.21387, 0.02993, 0.07088], [0.28071, 0.0, 0.28783, 0.34524, 0.19402, 0.25854, 0.38532, 0.30206, 0.32827], [0.00967, 0.28783, 0.0, 0.09181, 0.11291, 0.03854, 0.20619, 0.02028, 0.06138], [0.10113, 0.34524, 0.09181, 0.0, 0.19691, 0.12856, 0.1261, 0.07208, 0.03116], [0.10361, 0.19402, 0.11291, 0.19691, 0.0, 0.07548, 0.28797, 0.13211, 0.16993], [0.0289, 0.25854, 0.03854, 0.12856, 0.07548, 0.0, 0.23593, 0.05865, 0.09903], [0.21387, 0.38532, 0.20619, 0.1261, 0.28797, 0.23593, 0.0, 0.18969, 0.15424], [0.02993, 0.30206, 0.02028, 0.07208, 0.13211, 0.05865, 0.18969, 0.0, 0.04131], [0.07088, 0.32827, 0.06138, 0.03116, 0.16993, 0.09903, 0.15424, 0.04131, 0.0]], "features_1": [[-0.37524679304273034, 0.7289735152542853, 0.0, 0.24556520696043707, 0.4802577289614695, 0.13843732637807754, 0.32005128341478367, 0.6761463392961297, 0.4229722488547787, 0.18129266916285225, 0.007727725548673403, 0.6294771727834023, 0.6984172539745649, 0.7308351456680585, 0.8094939930393843, 0.7144954626763965, 0.6221775523517987], [0.09788141839676712, 0.7618883984856823, 0.0, 0.2724617748609361, 0.4806859846472414, 0.142435627662893, 0.23904825647182193, 0.6677097928130253, 0.44224069336633587, 0.19075855869214564, 0.008062078829516484, 0.6173214808166572, 0.6706659579048385, 0.6897097666911938, 0.8040019239558227, 0.7201898983042007, 0.6200561513493049], [-0.3546530797944061, 0.8585550112542306, 0.0, 0.2299620909098907, 0.5179333752495585, 0.1378964214549585, 0.32518759307677386, 0.6760022203395941, 0.4189134761708817, 0.2088357836963053, 0.007727725548673403, 0.6381860877638732, 0.6875409439679467, 0.7164092784770746, 0.8055689621143574, 0.7262972070178788, 0.6140271054933133], [-0.2317136562844433, 0.8203048537742011, 0.0, 0.2788500419698323, 0.5037662290204891, 0.14114781866514794, 0.2813378873189329, 0.6726488467929567, 0.43683194004588866, 0.20377526952205893, 0.008062078829516484, 0.6313191113340293, 0.6789250900030127, 0.7147139556155558, 0.8114040035728748, 0.7337662257920825, 0.6233849036411727], [0.16317004679283587, 0.8178651265854532, 0.0, 0.24886483618275848, 0.496777595885906, 0.14269313620600213, 0.18896090949350536, 0.6654004979613845, 0.45326230740031215, 0.20359438501076776, 0.00839589484089287, 0.6223880309103333, 0.6577274914803458, 0.6887723254867469, 0.7972316327539237, 0.7254588931134183, 0.6174179314642226], [-0.3376956677175498, 0.89885805803688, 0.0, 0.238926697508487, 0.5245493040536277, 0.14010792810323744, 0.2631813178954118, 0.6719221532048283, 0.42949577313645526, 0.2193948515599704, 0.007950687539111767, 0.6398606087977039, 0.6768052918192641, 0.7069284968093984, 0.803342912711566, 0.7322293056095278, 0.6244050248158837], [0.07545932921960352, 0.9749403184464828, 0.0, 0.22545507434753778, 0.5450923595227711, 0.13492619943776268, 0.2812247530406495, 0.6771825106458949, 0.41099052043381845, 0.2252992640794631, 0.007560346756364078, 0.6178994501544319, 0.6533637314704727, 0.6810098283944227, 0.7933241158758096, 0.7096514410690196, 0.5942189599311979], [0.0640121387377608, 1.1058311386362605, 0.0, 0.23001738681449704, 0.5785149071131238, 0.13144361509920066, 0.2402862997771585, 0.6794109600443002, 0.39472633155226156, 0.24595984183015007, 0.007727725548673403, 0.6240767628252173, 0.6719876954394487, 0.6755834028054369, 0.7803531347580532, 0.7226744947693925, 0.5985690816742081], [0.5820515820756329, 1.1537531882195586, 0.0, 0.2486439779910009, 0.5897132256050471, 0.12793225660286406, 0.2249944634608397, 0.6818214826584671, 0.36707197595121266, 0.24620244007052783, 0.00711334193318236, 0.5914890727488706, 0.6360981281944448, 0.6681368592701455, 0.7695728329822779, 0.6933049992829172, 0.5839269379844222]], "features_2": [[-0.28192127464791694, 0.767769918103098, 0.0, 0.17499716662975667, 0.48581541512397325, 0.14451169176378464, 0.24425591839571795, 0.6662006056677691, 0.4634517553812594, 0.1960731070410151, 0.008006390651371653, 0.638870029943087, 0.6781921760758899, 0.7084411088278978, 0.8075867253341038, 0.7316124000984777, 0.6314056315281705], [-0.49797112948138444, 0.7998903883093389, 0.0, 0.19168184887752795, 0.4915500631057287, 0.1470852812815494, 0.16719565348022628, 0.6610773720370164, 0.4777668714821559, 0.20723107815941488, 0.008173410423425675, 0.6536919917841479, 0.6786575032301042, 0.7049229596480767, 0.8076909092618538, 0.7442775049378009, 0.6379134283534571], [-0.13856246869479216, 0.9229676895841765, 0.0, 0.18915613525612932, 0.52595863764378, 0.14536561518921287, 0.20274922585903354, 0.6637128206972539, 0.4707459537963776, 0.2298479855053006, 0.00822905385914674, 0.6325717227134371, 0.6604243381322671, 0.6808026816244244, 0.8049511255634941, 0.7214195319649058, 0.6293976985967734], [-0.012828562687747347, 0.8956130948001525, 0.0, 0.1920193708247201, 0.5160047097455361, 0.1472979507756398, 0.16047765309475182, 0.6600337881501191, 0.47698632183200984, 0.22586002137137973, 0.008284682400665488, 0.6279224447610665, 0.6673638062179853, 0.7014554936433531, 0.8062548230980944, 0.7390557683577962, 0.6243250894382202], [-0.4067745094283559, 0.8625885410510862, 0.0, 0.18628408082435424, 0.5135261988656614, 0.1419912354698811, 0.21760899799964478, 0.6691106540620556, 0.43772444138303057, 0.2132255113673247, 0.007225183508792421, 0.6395835642655194, 0.6640086628966726, 0.7019507588267049, 0.8034572045677657, 0.7216508320943351, 0.636542477595353], [-0.13479482037513701, 0.9540236569548031, 0.0, 0.20615239313110356, 0.5305397440993298, 0.1470817705243168, 0.1442216389664736, 0.6595751859994161, 0.4752370215058872, 0.23751952627198758, 0.00822905385914674, 0.6379360487349204, 0.6732602328250893, 0.6982550866947115, 0.8036252091551195, 0.7258815837992023, 0.627658220123865], [0.27885233983206614, 0.9194776225032208, 0.0, 0.22699565789225465, 0.5188077603365994, 0.14774970607300947, 0.1388744787698002, 0.6584323577501676, 0.4860491596112344, 0.23030133005529363, 0.008284682400665488, 0.6212608921343283, 0.6463975215467298, 0.6859071390934924, 0.8039202175760332, 0.7384703886514863, 0.626003024773606], [-0.0918007880649081, 0.9005715166897197, 0.0, 0.25587236266490304, 0.5278233388912672, 0.1360048435163138, 0.21633930994561013, 0.6744574345131109, 0.3991868231905167, 0.2110282289410983, 0.00716927026363523, 0.6232952731403605, 0.6443397841376883, 0.6820725692916859, 0.7898708442501321, 0.7112712821925765, 0.6219781352773327], [0.19368217253404518, 0.9450479181565673, 0.0, 0.25530533338443745, 0.5313184081577899, 0.13878116663129758, 0.16173796999229423, 0.6692720188411447, 0.4342329087259458, 0.22553494399055096, 0.00783923647221818, 0.6182345381779206, 0.6500567529477004, 0.6891650263103869, 0.7879483763251937, 0.6954529240313942, 0.614970542874118]]}