{"labels_1": ["1", "2", "3", "4", "5", "6", "7", "8", "9"], "labels_2": ["1", "2", "3", "4", "5", "6", "7", "8", "9"], "adj_matrix_1": [[0.0, 0.17357, 0.09002, 0.03791, 0.25826, 0.12555, 0.11647, 0.2493, 0.02052], [0.17357, 0.0, 0.24188, 0.14022, 0.27046, 0.2639, 0.06303, 0.29246, 0.15583], [0.09002, 0.24188, 0.0, 0.12545, 0.22916, 0.03837, 0.1948, 0.20193, 0.10935], [0.03791, 0.14022, 0.12545, 0.0, 0.26506, 0.15886, 0.08035, 0.26349, 0.01747], [0.25826, 0.27046, 0.22916, 0.26506, 0.0, 0.21095, 0.27149, 0.06152, 0.26213], [0.12555, 0.2639, 0.03837, 0.15886, 0.21095, 0.0, 0.2223, 0.17614, 0.14381], [0.11647, 0.06303, 0.1948, 0.08035, 0.27149, 0.2223, 0.0, 0.28411, 0.09715], [0.2493, 0.29246, 0.20193, 0.26349, 0.06152, 0.17614, 0.28411, 0.0, 0.25733], [0.02052, 0.15583, 0.10935, 0.01747, 0.26213, 0.14381, 0.09715, 0.25733, 0.0]], "adj_matrix_2": [[0.0, 0.07185, 0.0363, 0.26089, 0.19153, 0.11207, 0.28291, 0.02791, 0.01391], [0.07185, 0.0, 0.03597, 0.21512, 0.1291, 0.04182, 0.24943, 0.04433, 0.08537], [0.0363, 0.03597, 0.0, 0.23909, 0.16105, 0.07724, 0.26732, 0.00843, 0.0501], [0.26089, 0.21512, 0.23909, 0.0, 0.10611, 0.18408, 0.06227, 0.24428, 0.26832], [0.19153, 0.1291, 0.16105, 0.10611, 0.0, 0.08994, 0.15992, 0.16823, 0.20253], [0.11207, 0.04182, 0.07724, 0.18408, 0.08994, 0.0, 0.22516, 0.0854, 0.12509], [0.28291, 0.24943, 0.26732, 0.06227, 0.15992, 0.22516, 0.0, 0.27106, 0.28792], [0.02791, 0.04433, 0.00843, 0.24428, 0.16823, 0.0854, 0.27106, 0.0, 0.04176], [0.01391, 0.08537, 0.0501, 0.26832, 0.20253, 0.12509, 0.28792, 0.04176, 0.0]], "features_1": [[-0.15235190076268035, 0.7171978388998883, 0.0, 0.21888867303671883, 0.4882049149470964, 0.1336713766014962, 0.4661303464833523, 0.6801437045232739, 0.4116017460510819, 0.17193215147087204, 0.007671947615560004, 0.6159685968425199, 0.6542462805132491, 0.6872174723762711, 0.7928907126818846, 0.7037673986367654, 0.6180107576930509], [-0.026381871185519046, 0.7335633526513677, 0.0, 0.23103502004977478, 0.4897837091559867, 0.13528017753868418, 0.3695599820409036, 0.6773742022844094, 0.4255114636111694, 0.17734824908514235, 0.008117752083540042, 0.6254410755898832, 0.6594291396417765, 0.6945409090085491, 0.7955249900249418, 0.7028985355201272, 0.6233767030333855], [0.03854626434041819, 0.8298868460705767, 0.0, 0.24555031112294212, 0.5235406794368688, 0.13374187339702764, 0.4917036604742947, 0.6802107812592949, 0.40580608101269755, 0.19412626729376847, 0.007783488497544067, 0.6127981204398529, 0.6651436554358053, 0.6819014445272608, 0.7924183683652596, 0.7045337861605441, 0.6219528098495015], [0.005112143198724439, 0.823669020542513, 0.0, 0.24301688010264222, 0.5172566746241614, 0.13512589202139766, 0.3918027503422678, 0.6775667536119765, 0.42080359581568727, 0.197603941042777, 0.008062078829516484, 0.6137485527707853, 0.6446794602583493, 0.6846294755389365, 0.7930755561909968, 0.7127586066259248, 0.6247397077767589], [0.5029355931487824, 0.8111318113391246, 0.0, 0.26623727000837377, 0.5148470013660806, 0.13222965515493626, 0.3061939261536416, 0.6795711649098164, 0.3898231744857936, 0.18757498420723207, 0.007560346756364078, 0.5890654208493125, 0.6550116032010451, 0.6807286990644766, 0.7878472599999604, 0.7077674853974536, 0.6186264296754757], [0.336313106667554, 0.9020065412760576, 0.0, 0.2449203393453745, 0.5424942900148926, 0.13332521594475794, 0.4449781526902562, 0.6799694888711494, 0.41103353965546696, 0.2076128903332386, 0.007894969482732161, 0.6008513217004756, 0.648651277327881, 0.6830864070285141, 0.7895070520870273, 0.7055926007677146, 0.6234591725579475], [0.024960346824449697, 0.8274197605718037, 0.0, 0.2150977964281575, 0.5202049040001312, 0.13289571479893822, 0.302193676860783, 0.6791686494218434, 0.40064209288556696, 0.19381244050114654, 0.007392832833969631, 0.6226356515747247, 0.6556031232987265, 0.6894424925440252, 0.7897609362438898, 0.6968310539817545, 0.6171841666380952], [1.1003000882694858, 0.95099125920012, 0.0, 0.2843733963952844, 0.5694259201034299, 0.12220171396330021, 0.4627691770503162, 0.6890625593887452, 0.35356622006052874, 0.19906215318513687, 0.007225183508792421, 0.5697117752663834, 0.6248280113237518, 0.6486237517363486, 0.7776550673761594, 0.696259584982028, 0.582919296923383], [-0.0030727308714717516, 0.8997693986482566, 0.0, 0.19391170302072347, 0.5469539009796404, 0.12715979637354874, 0.328264058635299, 0.6848082566472746, 0.38184211647957844, 0.20149526584784572, 0.007225183508792421, 0.6059639050512926, 0.6512821439679367, 0.6752273057347753, 0.7820385384347294, 0.7020133895095697, 0.6004498005282015]], "features_2": [[0.18383928232900448, 0.782131770083526, 0.0, 0.2564090056171849, 0.504170409025175, 0.14313283451822886, 0.33838024914398945, 0.6717390746984053, 0.463011569307505, 0.19335301891247503, 0.008618141428105908, 0.618750388855466, 0.6698994654106859, 0.6982108243673237, 0.8134281014076198, 0.7355785141892016, 0.6471051897658084], [0.32327211221938423, 0.8180181688014367, 0.0, 0.28775132887923444, 0.5110097920855554, 0.1405308972581616, 0.3318920235378336, 0.672225698144028, 0.4536840555774091, 0.1995270724216156, 0.008729175733573014, 0.61333691791483, 0.6504861397908009, 0.6783514079593369, 0.8023480485155432, 0.7339612870927276, 0.6287726980541527], [0.1666540846314346, 0.8828336030198639, 0.0, 0.25404487502464235, 0.5335064099889849, 0.14252062613375113, 0.3412798430615361, 0.6723841931862555, 0.4693965017129611, 0.21569021735309302, 0.008173410423425675, 0.6175804524720403, 0.6857777272378869, 0.704970315038046, 0.8123947908321232, 0.737871202391603, 0.6485818483777461], [0.3249555922752765, 0.8445920766566457, 0.0, 0.2699559950134615, 0.5187518287038451, 0.14524086161246208, 0.2939727253846556, 0.6688160289102004, 0.485683934282237, 0.2103564194869607, 0.008507047823598457, 0.6116198282466216, 0.6741583326306809, 0.7054862458041304, 0.8154302360398709, 0.7441371694771776, 0.6565955868699894], [0.37063567986982227, 0.8202913676039718, 0.0, 0.32237878147824545, 0.5060475437201284, 0.14276387398412133, 0.2670259789797029, 0.6683229957658701, 0.468911344854575, 0.2040628940090159, 0.008451478759474051, 0.6100360759198862, 0.6598513158687473, 0.6918339827349849, 0.8024716030843447, 0.710323339539476, 0.6385574169534513], [0.09683380101544525, 0.9100997475916104, 0.0, 0.2635303329254954, 0.5384714731031718, 0.1429236256079499, 0.3177361062982733, 0.6711044729904891, 0.4794814145937656, 0.2258640592169825, 0.009006502581913711, 0.6194716222689833, 0.6649479509739361, 0.6918793068957025, 0.8102013451681107, 0.7509883639163746, 0.6523755222205326], [0.25969996622933733, 0.8667273797060966, 0.0, 0.2551267462485992, 0.5277109198441179, 0.13572336170323002, 0.32657755861335, 0.678534880480468, 0.43738035415350085, 0.2070291911466795, 0.00839589484089287, 0.6123512915503639, 0.6769882932457288, 0.697419097549853, 0.8038432811390098, 0.7279632427706488, 0.6469092446789192], [0.27563547300233093, 0.9490322135263244, 0.0, 0.24954896149407288, 0.5478627396853037, 0.1333454080439465, 0.29968740764719615, 0.6794316640756437, 0.4139370034952985, 0.21855644181038758, 0.007894969482732161, 0.6204218507324817, 0.658729423304525, 0.6903837714558759, 0.7933561205598741, 0.7185755620979115, 0.6309308995534408], [0.38225433066695036, 0.9987157522050026, 0.0, 0.2670715236752124, 0.5617770018931381, 0.1293783522316881, 0.3461264178717762, 0.6833679243453475, 0.394155711500747, 0.22344054495344667, 0.00783923647221818, 0.6119316869217419, 0.6465050865563253, 0.6797971677044663, 0.7894219671370836, 0.7190084299258757, 0.6060895168149932]]}