{"labels_1": ["1", "2", "3", "4", "5", "6", "7", "8", "9"], "labels_2": ["1", "2", "3", "4", "5", "6", "7", "8", "9"], "adj_matrix_1": [[0.0, 0.03248, 0.02831, 0.21783, 0.21802, 0.21871, 0.08874, 0.14869, 0.30978], [0.03248, 0.0, 0.06037, 0.20218, 0.23806, 0.23862, 0.11875, 0.17505, 0.31639], [0.02831, 0.06037, 0.0, 0.22914, 0.19802, 0.19884, 0.06148, 0.12391, 0.30091], [0.21783, 0.20218, 0.22914, 0.0, 0.25967, 0.2595, 0.24724, 0.25741, 0.24224], [0.21802, 0.23806, 0.19802, 0.25967, 0.0, 0.00107, 0.1476, 0.08661, 0.15571], [0.21871, 0.23862, 0.19884, 0.2595, 0.00107, 0.0, 0.14853, 0.08764, 0.15481], [0.08874, 0.11875, 0.06148, 0.24724, 0.1476, 0.14853, 0.0, 0.06552, 0.27165], [0.14869, 0.17505, 0.12391, 0.25741, 0.08661, 0.08764, 0.06552, 0.0, 0.22823], [0.30978, 0.31639, 0.30091, 0.24224, 0.15571, 0.15481, 0.27165, 0.22823, 0.0]], "adj_matrix_2": [[0.0, 0.07185, 0.0363, 0.26089, 0.19153, 0.11207, 0.28291, 0.02791, 0.01391], [0.07185, 0.0, 0.03597, 0.21512, 0.1291, 0.04182, 0.24943, 0.04433, 0.08537], [0.0363, 0.03597, 0.0, 0.23909, 0.16105, 0.07724, 0.26732, 0.00843, 0.0501], [0.26089, 0.21512, 0.23909, 0.0, 0.10611, 0.18408, 0.06227, 0.24428, 0.26832], [0.19153, 0.1291, 0.16105, 0.10611, 0.0, 0.08994, 0.15992, 0.16823, 0.20253], [0.11207, 0.04182, 0.07724, 0.18408, 0.08994, 0.0, 0.22516, 0.0854, 0.12509], [0.28291, 0.24943, 0.26732, 0.06227, 0.15992, 0.22516, 0.0, 0.27106, 0.28792], [0.02791, 0.04433, 0.00843, 0.24428, 0.16823, 0.0854, 0.27106, 0.0, 0.04176], [0.01391, 0.08537, 0.0501, 0.26832, 0.20253, 0.12509, 0.28792, 0.04176, 0.0]], "features_1": [[0.33177485143444185, 0.8789480664576621, 0.0, 0.27874155416134416, 0.5145024257514145, 0.13443523804459204, 0.15320672559845933, 0.6725604119776595, 0.38551870678963107, 0.20323539608047025, 0.00783923647221818, 0.5932106922048579, 0.6304450417563463, 0.6667127703758687, 0.7758843039835224, 0.7017559052862495, 0.5859624742223395], [0.5362818588534433, 0.8248896602913611, 0.0, 0.2749763657702375, 0.49828000307161646, 0.13722217372690626, 0.17838740334488462, 0.6706655792321119, 0.41539144107371007, 0.19769147367272288, 0.008117752083540042, 0.6139973845437421, 0.6310872999700264, 0.6719752789243311, 0.7878204983356916, 0.6966404888503913, 0.6089794080909303], [0.19940342768617292, 0.988857214358745, 0.0, 0.2740414816144259, 0.5434407385076339, 0.13375196123474428, 0.16907114950909943, 0.674061694152059, 0.38969094487861167, 0.2263806896182874, 0.007950687539111767, 0.6026033423479225, 0.642587182549485, 0.6683681050670934, 0.7773978200112247, 0.6967845042095369, 0.5877675237438467], [0.9211724556673317, 0.9895605226210301, 0.0, 0.31681099459289397, 0.5415943892897992, 0.13317889876774883, 0.1463232716467388, 0.6735644296363585, 0.38225679194160245, 0.22107194952678544, 0.007727725548673403, 0.5790738483655256, 0.6355879018913685, 0.6481537628171393, 0.7708990947028321, 0.6957050280577004, 0.5600785252975561], [0.1988447683433998, 0.8296274172940762, 0.0, 0.26084195678612665, 0.4990254499030996, 0.1358060921821892, 0.22426522142571842, 0.6730150482963625, 0.39887698895299484, 0.19641473486239436, 0.008340296057933516, 0.6130171470632519, 0.6402726621242248, 0.6757189729387101, 0.7867552420360547, 0.7136677934214699, 0.5997007594454179], [-0.04757364285311416, 0.9562800269444385, 0.0, 0.23762086933171114, 0.536292556451551, 0.13338043038643585, 0.217569743856361, 0.6754225772372136, 0.38357788885928223, 0.22052968765088443, 0.007560346756364078, 0.6166685690618476, 0.6659069701963316, 0.6817986630151265, 0.7806711844396741, 0.7010804499137051, 0.5747358157651997], [0.3792968889702202, 0.9081363798838591, 0.0, 0.2901865902625598, 0.5245997794484312, 0.13182091176203997, 0.3172335646840523, 0.6777581372125786, 0.3756411392678527, 0.20627910056756127, 0.007448685839370306, 0.6090390056368757, 0.627140120017322, 0.6327886338142058, 0.7749775410767407, 0.7233536308274672, 0.5285739521835932], [0.010039119540123487, 0.9247249891253572, 0.0, 0.2530798161536603, 0.5288006885369609, 0.12936683653518505, 0.2641905221877828, 0.6794216308602424, 0.3552102317521266, 0.20857173028450826, 0.007560346756364078, 0.6111991064451692, 0.642156281234793, 0.6628360167561848, 0.7681160959345105, 0.707857016093473, 0.543289537674366], [-0.08849320509903835, 1.01467082829474, 0.0, 0.2457329495903499, 0.5523261474615123, 0.12720241629831602, 0.26664975623817355, 0.6810700795491885, 0.338714781467923, 0.2225697794365753, 0.007504523810135222, 0.6192063326117416, 0.6306546215748544, 0.6447594064054412, 0.7560796172002705, 0.6827472561079194, 0.5170404285888087]], "features_2": [[0.18383928232900448, 0.782131770083526, 0.0, 0.2564090056171849, 0.504170409025175, 0.14313283451822886, 0.33838024914398945, 0.6717390746984053, 0.463011569307505, 0.19335301891247503, 0.008618141428105908, 0.618750388855466, 0.6698994654106859, 0.6982108243673237, 0.8134281014076198, 0.7355785141892016, 0.6471051897658084], [0.32327211221938423, 0.8180181688014367, 0.0, 0.28775132887923444, 0.5110097920855554, 0.1405308972581616, 0.3318920235378336, 0.672225698144028, 0.4536840555774091, 0.1995270724216156, 0.008729175733573014, 0.61333691791483, 0.6504861397908009, 0.6783514079593369, 0.8023480485155432, 0.7339612870927276, 0.6287726980541527], [0.1666540846314346, 0.8828336030198639, 0.0, 0.25404487502464235, 0.5335064099889849, 0.14252062613375113, 0.3412798430615361, 0.6723841931862555, 0.4693965017129611, 0.21569021735309302, 0.008173410423425675, 0.6175804524720403, 0.6857777272378869, 0.704970315038046, 0.8123947908321232, 0.737871202391603, 0.6485818483777461], [0.3249555922752765, 0.8445920766566457, 0.0, 0.2699559950134615, 0.5187518287038451, 0.14524086161246208, 0.2939727253846556, 0.6688160289102004, 0.485683934282237, 0.2103564194869607, 0.008507047823598457, 0.6116198282466216, 0.6741583326306809, 0.7054862458041304, 0.8154302360398709, 0.7441371694771776, 0.6565955868699894], [0.37063567986982227, 0.8202913676039718, 0.0, 0.32237878147824545, 0.5060475437201284, 0.14276387398412133, 0.2670259789797029, 0.6683229957658701, 0.468911344854575, 0.2040628940090159, 0.008451478759474051, 0.6100360759198862, 0.6598513158687473, 0.6918339827349849, 0.8024716030843447, 0.710323339539476, 0.6385574169534513], [0.09683380101544525, 0.9100997475916104, 0.0, 0.2635303329254954, 0.5384714731031718, 0.1429236256079499, 0.3177361062982733, 0.6711044729904891, 0.4794814145937656, 0.2258640592169825, 0.009006502581913711, 0.6194716222689833, 0.6649479509739361, 0.6918793068957025, 0.8102013451681107, 0.7509883639163746, 0.6523755222205326], [0.25969996622933733, 0.8667273797060966, 0.0, 0.2551267462485992, 0.5277109198441179, 0.13572336170323002, 0.32657755861335, 0.678534880480468, 0.43738035415350085, 0.2070291911466795, 0.00839589484089287, 0.6123512915503639, 0.6769882932457288, 0.697419097549853, 0.8038432811390098, 0.7279632427706488, 0.6469092446789192], [0.27563547300233093, 0.9490322135263244, 0.0, 0.24954896149407288, 0.5478627396853037, 0.1333454080439465, 0.29968740764719615, 0.6794316640756437, 0.4139370034952985, 0.21855644181038758, 0.007894969482732161, 0.6204218507324817, 0.658729423304525, 0.6903837714558759, 0.7933561205598741, 0.7185755620979115, 0.6309308995534408], [0.38225433066695036, 0.9987157522050026, 0.0, 0.2670715236752124, 0.5617770018931381, 0.1293783522316881, 0.3461264178717762, 0.6833679243453475, 0.394155711500747, 0.22344054495344667, 0.00783923647221818, 0.6119316869217419, 0.6465050865563253, 0.6797971677044663, 0.7894219671370836, 0.7190084299258757, 0.6060895168149932]]}