{"labels_1": ["1", "2", "3", "4", "5", "6", "7", "8", "9"], "labels_2": ["1", "2", "3", "4", "5", "6", "7", "8", "9"], "adj_matrix_1": [[0.0, 0.03248, 0.02831, 0.21783, 0.21802, 0.21871, 0.08874, 0.14869, 0.30978], [0.03248, 0.0, 0.06037, 0.20218, 0.23806, 0.23862, 0.11875, 0.17505, 0.31639], [0.02831, 0.06037, 0.0, 0.22914, 0.19802, 0.19884, 0.06148, 0.12391, 0.30091], [0.21783, 0.20218, 0.22914, 0.0, 0.25967, 0.2595, 0.24724, 0.25741, 0.24224], [0.21802, 0.23806, 0.19802, 0.25967, 0.0, 0.00107, 0.1476, 0.08661, 0.15571], [0.21871, 0.23862, 0.19884, 0.2595, 0.00107, 0.0, 0.14853, 0.08764, 0.15481], [0.08874, 0.11875, 0.06148, 0.24724, 0.1476, 0.14853, 0.0, 0.06552, 0.27165], [0.14869, 0.17505, 0.12391, 0.25741, 0.08661, 0.08764, 0.06552, 0.0, 0.22823], [0.30978, 0.31639, 0.30091, 0.24224, 0.15571, 0.15481, 0.27165, 0.22823, 0.0]], "adj_matrix_2": [[0.0, 0.02362, 0.07365, 0.07654, 0.09983, 0.24729, 0.04273, 0.10698, 0.0004], [0.02362, 0.0, 0.05058, 0.05352, 0.07737, 0.2381, 0.01922, 0.12877, 0.02402], [0.07365, 0.05058, 0.0, 0.00299, 0.0275, 0.21383, 0.03155, 0.17256, 0.07404], [0.07654, 0.05352, 0.00299, 0.0, 0.02453, 0.21224, 0.03452, 0.17494, 0.07692], [0.09983, 0.07737, 0.0275, 0.02453, 0.0, 0.19809, 0.05871, 0.19393, 0.10018], [0.24729, 0.2381, 0.21383, 0.21224, 0.19809, 0.0, 0.22967, 0.27419, 0.24735], [0.04273, 0.01922, 0.03155, 0.03452, 0.05871, 0.22967, 0.0, 0.14586, 0.04312], [0.10698, 0.12877, 0.17256, 0.17494, 0.19393, 0.27419, 0.14586, 0.0, 0.10664], [0.0004, 0.02402, 0.07404, 0.07692, 0.10018, 0.24735, 0.04312, 0.10664, 0.0]], "features_1": [[0.33177485143444185, 0.8789480664576621, 0.0, 0.27874155416134416, 0.5145024257514145, 0.13443523804459204, 0.15320672559845933, 0.6725604119776595, 0.38551870678963107, 0.20323539608047025, 0.00783923647221818, 0.5932106922048579, 0.6304450417563463, 0.6667127703758687, 0.7758843039835224, 0.7017559052862495, 0.5859624742223395], [0.5362818588534433, 0.8248896602913611, 0.0, 0.2749763657702375, 0.49828000307161646, 0.13722217372690626, 0.17838740334488462, 0.6706655792321119, 0.41539144107371007, 0.19769147367272288, 0.008117752083540042, 0.6139973845437421, 0.6310872999700264, 0.6719752789243311, 0.7878204983356916, 0.6966404888503913, 0.6089794080909303], [0.19940342768617292, 0.988857214358745, 0.0, 0.2740414816144259, 0.5434407385076339, 0.13375196123474428, 0.16907114950909943, 0.674061694152059, 0.38969094487861167, 0.2263806896182874, 0.007950687539111767, 0.6026033423479225, 0.642587182549485, 0.6683681050670934, 0.7773978200112247, 0.6967845042095369, 0.5877675237438467], [0.9211724556673317, 0.9895605226210301, 0.0, 0.31681099459289397, 0.5415943892897992, 0.13317889876774883, 0.1463232716467388, 0.6735644296363585, 0.38225679194160245, 0.22107194952678544, 0.007727725548673403, 0.5790738483655256, 0.6355879018913685, 0.6481537628171393, 0.7708990947028321, 0.6957050280577004, 0.5600785252975561], [0.1988447683433998, 0.8296274172940762, 0.0, 0.26084195678612665, 0.4990254499030996, 0.1358060921821892, 0.22426522142571842, 0.6730150482963625, 0.39887698895299484, 0.19641473486239436, 0.008340296057933516, 0.6130171470632519, 0.6402726621242248, 0.6757189729387101, 0.7867552420360547, 0.7136677934214699, 0.5997007594454179], [-0.04757364285311416, 0.9562800269444385, 0.0, 0.23762086933171114, 0.536292556451551, 0.13338043038643585, 0.217569743856361, 0.6754225772372136, 0.38357788885928223, 0.22052968765088443, 0.007560346756364078, 0.6166685690618476, 0.6659069701963316, 0.6817986630151265, 0.7806711844396741, 0.7010804499137051, 0.5747358157651997], [0.3792968889702202, 0.9081363798838591, 0.0, 0.2901865902625598, 0.5245997794484312, 0.13182091176203997, 0.3172335646840523, 0.6777581372125786, 0.3756411392678527, 0.20627910056756127, 0.007448685839370306, 0.6090390056368757, 0.627140120017322, 0.6327886338142058, 0.7749775410767407, 0.7233536308274672, 0.5285739521835932], [0.010039119540123487, 0.9247249891253572, 0.0, 0.2530798161536603, 0.5288006885369609, 0.12936683653518505, 0.2641905221877828, 0.6794216308602424, 0.3552102317521266, 0.20857173028450826, 0.007560346756364078, 0.6111991064451692, 0.642156281234793, 0.6628360167561848, 0.7681160959345105, 0.707857016093473, 0.543289537674366], [-0.08849320509903835, 1.01467082829474, 0.0, 0.2457329495903499, 0.5523261474615123, 0.12720241629831602, 0.26664975623817355, 0.6810700795491885, 0.338714781467923, 0.2225697794365753, 0.007504523810135222, 0.6192063326117416, 0.6306546215748544, 0.6447594064054412, 0.7560796172002705, 0.6827472561079194, 0.5170404285888087]], "features_2": [[0.25475170530341806, 0.8773014609185512, 0.0, 0.2269932553694934, 0.523443962961812, 0.13630886061100664, 0.2644604330079666, 0.6762642535102542, 0.421540240384777, 0.2068601514814854, 0.008117752083540042, 0.6047479575627639, 0.6551011922304425, 0.6785866819611158, 0.7971532040196663, 0.7221183957976874, 0.6145575612768066], [0.4516946932968553, 0.892099379748261, 0.0, 0.2199009337673723, 0.5219565496708849, 0.13941492322191962, 0.22985843281779808, 0.6713985745116404, 0.43174919167536885, 0.2131351678696498, 0.00783923647221818, 0.6045536628298576, 0.647473458105115, 0.6652450797246012, 0.7978059530696604, 0.7165200126572554, 0.6154723831876852], [0.2906405465857418, 0.9919347386863283, 0.0, 0.24034048545107609, 0.5526221227436858, 0.13663056577680927, 0.26968586333781486, 0.6760719605413337, 0.4210043437988016, 0.23029810719388188, 0.007671947615560004, 0.6011516065500491, 0.6644165808317177, 0.6656334447624646, 0.7991574529921108, 0.7216643801696075, 0.6229478536443749], [0.3732224961681485, 0.935326748889389, 0.0, 0.22544516204260562, 0.5338363685991966, 0.13965103085438546, 0.23341336692854425, 0.6721121201890141, 0.4323530562039497, 0.22294454342561432, 0.008340296057933516, 0.6004616920355825, 0.6711656556238683, 0.696597442752098, 0.8023163610263075, 0.7325206229996095, 0.6227459856831948], [0.20253077567194655, 0.9010112043173312, 0.0, 0.20185145550374392, 0.5220686341463279, 0.14032042703649106, 0.24846819100707762, 0.66916286473765, 0.4369894326110173, 0.21446920268842318, 0.007894969482732161, 0.6108110529039519, 0.6597423480138085, 0.6650269480438942, 0.7922273883531765, 0.7107325259869204, 0.6060704303830082], [0.8990267680627069, 0.9889374501772651, 0.0, 0.22906333253992642, 0.5484692443285225, 0.13916669293520725, 0.23467628009515024, 0.672207866130387, 0.4288137986907614, 0.22920647844858544, 0.007727725548673403, 0.581451834521626, 0.6488389347491392, 0.6519619437494828, 0.7986217633602842, 0.7152299596876776, 0.6264819994999856], [0.4755226893587534, 0.8773038603935194, 0.0, 0.21001769811052268, 0.5185745511941445, 0.1409940484825387, 0.2484718908595866, 0.6701701201540311, 0.4250796017290881, 0.20796743235240456, 0.007727725548673403, 0.6020402765057771, 0.6427594285632698, 0.675623404601913, 0.801179802707239, 0.7184197633035111, 0.6213870067239282], [0.1609466992168751, 1.0317393152454744, 0.0, 0.23880525220729382, 0.567044136977201, 0.1288191841692473, 0.3586898551517422, 0.682146948719826, 0.3779578338837699, 0.22471558894014199, 0.007225183508792421, 0.6118456354456845, 0.6326989882486149, 0.6142262700682257, 0.7726121313782457, 0.6950556138284696, 0.5853110888982275], [0.8355069180018502, 0.9947698137773459, 0.0, 0.2543829584166574, 0.5640212644084478, 0.1280262508058869, 0.48820322060421406, 0.6846721430343667, 0.376405567236342, 0.21177974916469045, 0.007616154688146137, 0.58984547803019, 0.625189839604818, 0.6401633140613355, 0.7774636322869669, 0.7152870092927388, 0.598217610340104]]}