{"labels_1": ["1", "2", "3", "4", "5", "6", "7", "8", "9"], "labels_2": ["1", "2", "3", "4", "5", "6", "7", "8", "9"], "adj_matrix_1": [[0.0, 0.17357, 0.09002, 0.03791, 0.25826, 0.12555, 0.11647, 0.2493, 0.02052], [0.17357, 0.0, 0.24188, 0.14022, 0.27046, 0.2639, 0.06303, 0.29246, 0.15583], [0.09002, 0.24188, 0.0, 0.12545, 0.22916, 0.03837, 0.1948, 0.20193, 0.10935], [0.03791, 0.14022, 0.12545, 0.0, 0.26506, 0.15886, 0.08035, 0.26349, 0.01747], [0.25826, 0.27046, 0.22916, 0.26506, 0.0, 0.21095, 0.27149, 0.06152, 0.26213], [0.12555, 0.2639, 0.03837, 0.15886, 0.21095, 0.0, 0.2223, 0.17614, 0.14381], [0.11647, 0.06303, 0.1948, 0.08035, 0.27149, 0.2223, 0.0, 0.28411, 0.09715], [0.2493, 0.29246, 0.20193, 0.26349, 0.06152, 0.17614, 0.28411, 0.0, 0.25733], [0.02052, 0.15583, 0.10935, 0.01747, 0.26213, 0.14381, 0.09715, 0.25733, 0.0]], "adj_matrix_2": [[0.0, 0.02362, 0.07365, 0.07654, 0.09983, 0.24729, 0.04273, 0.10698, 0.0004], [0.02362, 0.0, 0.05058, 0.05352, 0.07737, 0.2381, 0.01922, 0.12877, 0.02402], [0.07365, 0.05058, 0.0, 0.00299, 0.0275, 0.21383, 0.03155, 0.17256, 0.07404], [0.07654, 0.05352, 0.00299, 0.0, 0.02453, 0.21224, 0.03452, 0.17494, 0.07692], [0.09983, 0.07737, 0.0275, 0.02453, 0.0, 0.19809, 0.05871, 0.19393, 0.10018], [0.24729, 0.2381, 0.21383, 0.21224, 0.19809, 0.0, 0.22967, 0.27419, 0.24735], [0.04273, 0.01922, 0.03155, 0.03452, 0.05871, 0.22967, 0.0, 0.14586, 0.04312], [0.10698, 0.12877, 0.17256, 0.17494, 0.19393, 0.27419, 0.14586, 0.0, 0.10664], [0.0004, 0.02402, 0.07404, 0.07692, 0.10018, 0.24735, 0.04312, 0.10664, 0.0]], "features_1": [[-0.15235190076268035, 0.7171978388998883, 0.0, 0.21888867303671883, 0.4882049149470964, 0.1336713766014962, 0.4661303464833523, 0.6801437045232739, 0.4116017460510819, 0.17193215147087204, 0.007671947615560004, 0.6159685968425199, 0.6542462805132491, 0.6872174723762711, 0.7928907126818846, 0.7037673986367654, 0.6180107576930509], [-0.026381871185519046, 0.7335633526513677, 0.0, 0.23103502004977478, 0.4897837091559867, 0.13528017753868418, 0.3695599820409036, 0.6773742022844094, 0.4255114636111694, 0.17734824908514235, 0.008117752083540042, 0.6254410755898832, 0.6594291396417765, 0.6945409090085491, 0.7955249900249418, 0.7028985355201272, 0.6233767030333855], [0.03854626434041819, 0.8298868460705767, 0.0, 0.24555031112294212, 0.5235406794368688, 0.13374187339702764, 0.4917036604742947, 0.6802107812592949, 0.40580608101269755, 0.19412626729376847, 0.007783488497544067, 0.6127981204398529, 0.6651436554358053, 0.6819014445272608, 0.7924183683652596, 0.7045337861605441, 0.6219528098495015], [0.005112143198724439, 0.823669020542513, 0.0, 0.24301688010264222, 0.5172566746241614, 0.13512589202139766, 0.3918027503422678, 0.6775667536119765, 0.42080359581568727, 0.197603941042777, 0.008062078829516484, 0.6137485527707853, 0.6446794602583493, 0.6846294755389365, 0.7930755561909968, 0.7127586066259248, 0.6247397077767589], [0.5029355931487824, 0.8111318113391246, 0.0, 0.26623727000837377, 0.5148470013660806, 0.13222965515493626, 0.3061939261536416, 0.6795711649098164, 0.3898231744857936, 0.18757498420723207, 0.007560346756364078, 0.5890654208493125, 0.6550116032010451, 0.6807286990644766, 0.7878472599999604, 0.7077674853974536, 0.6186264296754757], [0.336313106667554, 0.9020065412760576, 0.0, 0.2449203393453745, 0.5424942900148926, 0.13332521594475794, 0.4449781526902562, 0.6799694888711494, 0.41103353965546696, 0.2076128903332386, 0.007894969482732161, 0.6008513217004756, 0.648651277327881, 0.6830864070285141, 0.7895070520870273, 0.7055926007677146, 0.6234591725579475], [0.024960346824449697, 0.8274197605718037, 0.0, 0.2150977964281575, 0.5202049040001312, 0.13289571479893822, 0.302193676860783, 0.6791686494218434, 0.40064209288556696, 0.19381244050114654, 0.007392832833969631, 0.6226356515747247, 0.6556031232987265, 0.6894424925440252, 0.7897609362438898, 0.6968310539817545, 0.6171841666380952], [1.1003000882694858, 0.95099125920012, 0.0, 0.2843733963952844, 0.5694259201034299, 0.12220171396330021, 0.4627691770503162, 0.6890625593887452, 0.35356622006052874, 0.19906215318513687, 0.007225183508792421, 0.5697117752663834, 0.6248280113237518, 0.6486237517363486, 0.7776550673761594, 0.696259584982028, 0.582919296923383], [-0.0030727308714717516, 0.8997693986482566, 0.0, 0.19391170302072347, 0.5469539009796404, 0.12715979637354874, 0.328264058635299, 0.6848082566472746, 0.38184211647957844, 0.20149526584784572, 0.007225183508792421, 0.6059639050512926, 0.6512821439679367, 0.6752273057347753, 0.7820385384347294, 0.7020133895095697, 0.6004498005282015]], "features_2": [[0.25475170530341806, 0.8773014609185512, 0.0, 0.2269932553694934, 0.523443962961812, 0.13630886061100664, 0.2644604330079666, 0.6762642535102542, 0.421540240384777, 0.2068601514814854, 0.008117752083540042, 0.6047479575627639, 0.6551011922304425, 0.6785866819611158, 0.7971532040196663, 0.7221183957976874, 0.6145575612768066], [0.4516946932968553, 0.892099379748261, 0.0, 0.2199009337673723, 0.5219565496708849, 0.13941492322191962, 0.22985843281779808, 0.6713985745116404, 0.43174919167536885, 0.2131351678696498, 0.00783923647221818, 0.6045536628298576, 0.647473458105115, 0.6652450797246012, 0.7978059530696604, 0.7165200126572554, 0.6154723831876852], [0.2906405465857418, 0.9919347386863283, 0.0, 0.24034048545107609, 0.5526221227436858, 0.13663056577680927, 0.26968586333781486, 0.6760719605413337, 0.4210043437988016, 0.23029810719388188, 0.007671947615560004, 0.6011516065500491, 0.6644165808317177, 0.6656334447624646, 0.7991574529921108, 0.7216643801696075, 0.6229478536443749], [0.3732224961681485, 0.935326748889389, 0.0, 0.22544516204260562, 0.5338363685991966, 0.13965103085438546, 0.23341336692854425, 0.6721121201890141, 0.4323530562039497, 0.22294454342561432, 0.008340296057933516, 0.6004616920355825, 0.6711656556238683, 0.696597442752098, 0.8023163610263075, 0.7325206229996095, 0.6227459856831948], [0.20253077567194655, 0.9010112043173312, 0.0, 0.20185145550374392, 0.5220686341463279, 0.14032042703649106, 0.24846819100707762, 0.66916286473765, 0.4369894326110173, 0.21446920268842318, 0.007894969482732161, 0.6108110529039519, 0.6597423480138085, 0.6650269480438942, 0.7922273883531765, 0.7107325259869204, 0.6060704303830082], [0.8990267680627069, 0.9889374501772651, 0.0, 0.22906333253992642, 0.5484692443285225, 0.13916669293520725, 0.23467628009515024, 0.672207866130387, 0.4288137986907614, 0.22920647844858544, 0.007727725548673403, 0.581451834521626, 0.6488389347491392, 0.6519619437494828, 0.7986217633602842, 0.7152299596876776, 0.6264819994999856], [0.4755226893587534, 0.8773038603935194, 0.0, 0.21001769811052268, 0.5185745511941445, 0.1409940484825387, 0.2484718908595866, 0.6701701201540311, 0.4250796017290881, 0.20796743235240456, 0.007727725548673403, 0.6020402765057771, 0.6427594285632698, 0.675623404601913, 0.801179802707239, 0.7184197633035111, 0.6213870067239282], [0.1609466992168751, 1.0317393152454744, 0.0, 0.23880525220729382, 0.567044136977201, 0.1288191841692473, 0.3586898551517422, 0.682146948719826, 0.3779578338837699, 0.22471558894014199, 0.007225183508792421, 0.6118456354456845, 0.6326989882486149, 0.6142262700682257, 0.7726121313782457, 0.6950556138284696, 0.5853110888982275], [0.8355069180018502, 0.9947698137773459, 0.0, 0.2543829584166574, 0.5640212644084478, 0.1280262508058869, 0.48820322060421406, 0.6846721430343667, 0.376405567236342, 0.21177974916469045, 0.007616154688146137, 0.58984547803019, 0.625189839604818, 0.6401633140613355, 0.7774636322869669, 0.7152870092927388, 0.598217610340104]]}