{"labels_1": ["1", "2", "3", "4", "5", "6", "7", "8", "9"], "labels_2": ["1", "2", "3", "4", "5", "6", "7", "8", "9"], "adj_matrix_1": [[0.0, 0.34481, 0.09967, 0.00881, 0.05549, 0.17214, 0.07724, 0.28133, 0.04755], [0.34481, 0.0, 0.29706, 0.34197, 0.32229, 0.24056, 0.31071, 0.11136, 0.32617], [0.09967, 0.29706, 0.0, 0.09132, 0.04552, 0.07933, 0.02337, 0.21123, 0.05347], [0.00881, 0.34197, 0.09132, 0.0, 0.04681, 0.16473, 0.0687, 0.27637, 0.03884], [0.05549, 0.32229, 0.04552, 0.04681, 0.0, 0.12276, 0.02227, 0.24584, 0.00804], [0.17214, 0.24056, 0.07933, 0.16473, 0.12276, 0.0, 0.10183, 0.14154, 0.13019], [0.07724, 0.31071, 0.02337, 0.0687, 0.02227, 0.10183, 0.0, 0.22953, 0.03028], [0.28133, 0.11136, 0.21123, 0.27637, 0.24584, 0.14154, 0.22953, 0.0, 0.25151], [0.04755, 0.32617, 0.05347, 0.03884, 0.00804, 0.13019, 0.03028, 0.25151, 0.0]], "adj_matrix_2": [[0.0, 0.22775, 0.098, 0.06451, 0.26632, 0.02883, 0.32404, 0.17726, 0.13055], [0.22775, 0.0, 0.23747, 0.21682, 0.08557, 0.23148, 0.15318, 0.19237, 0.20313], [0.098, 0.23747, 0.0, 0.15762, 0.25442, 0.07018, 0.36406, 0.25387, 0.21518], [0.06451, 0.21682, 0.15762, 0.0, 0.26588, 0.09257, 0.2834, 0.1183, 0.06845], [0.26632, 0.08557, 0.25442, 0.26588, 0.0, 0.26449, 0.22218, 0.25415, 0.26044], [0.02883, 0.23148, 0.07018, 0.09257, 0.26449, 0.0, 0.33872, 0.20157, 0.15678], [0.32404, 0.15318, 0.36406, 0.2834, 0.22218, 0.33872, 0.0, 0.18583, 0.23044], [0.17726, 0.19237, 0.25387, 0.1183, 0.25415, 0.20157, 0.18583, 0.0, 0.05136], [0.13055, 0.20313, 0.21518, 0.06845, 0.26044, 0.15678, 0.23044, 0.05136, 0.0]], "features_1": [[-0.003340765481288699, 0.7917845998620909, 0.0, 0.21654455074955178, 0.5056809083459574, 0.1335673216526493, 0.3331551246236799, 0.6800035340324642, 0.40105039675063425, 0.18859180795285324, 0.007616154688146137, 0.6030269790243641, 0.6634489472881707, 0.7012640519300519, 0.799154038002388, 0.7246617148945771, 0.6250739967593931], [-0.22005283195581216, 0.8142551826457222, 0.0, 0.147494862489712, 0.511359258687581, 0.1342642914977908, 0.3227567516251277, 0.6793171882353812, 0.39465701301408074, 0.1924411932408685, 0.007671947615560004, 0.631821377943748, 0.6790959627724898, 0.6977168762500106, 0.7999551635248308, 0.7044161140898545, 0.6190851844449525], [-0.05635785247804437, 0.9220180748286354, 0.0, 0.19314554031674705, 0.5405055670855802, 0.13458515484195285, 0.30373222122749793, 0.678732096342161, 0.4046395216923997, 0.21529175538125345, 0.007671947615560004, 0.6109234322884647, 0.6715575507976788, 0.71107069674885, 0.7990447712229528, 0.7291887699011694, 0.6264101740729157], [0.089034402657731, 0.8820366823845727, 0.0, 0.23022249735956454, 0.5275560550024527, 0.13617789809574526, 0.3151826245761519, 0.6775664976026641, 0.4197691274172417, 0.20971628691663113, 0.007950687539111767, 0.6050128815027178, 0.6513135324879862, 0.7006030777990331, 0.8046172727067373, 0.7281268547455639, 0.6297494354506169], [0.12649500846197803, 0.8536014924366222, 0.0, 0.141190883166574, 0.5259872386596169, 0.1327959343372621, 0.3242312175601107, 0.6808638732023262, 0.39359998725517387, 0.19695329189136923, 0.007560346756364078, 0.604189801461319, 0.6604821962400683, 0.6785540372313942, 0.7983516048454685, 0.7109889090734566, 0.6117717778465163], [-0.04335731864332937, 0.9472726579994133, 0.0, 0.16311385560357253, 0.5506168922981307, 0.133633971614583, 0.31300846946880084, 0.6798041491674088, 0.40299010692996395, 0.2185140658321174, 0.007671947615560004, 0.6175035466832446, 0.6640879597639341, 0.7043513921036388, 0.7983926203359215, 0.7201007876953843, 0.6263636469748263], [0.09893626006927336, 0.9132939019781399, 0.0, 0.16827120338802778, 0.5354004386671447, 0.1358200462809273, 0.3094329193596913, 0.6777336054774618, 0.4194425747292989, 0.21405585268684435, 0.008062078829516484, 0.6097933220429228, 0.6689134249297937, 0.7033468103463016, 0.8015971011051801, 0.7134697482369765, 0.6133851639002258], [-0.04437708769321347, 0.9330545507548551, 0.0, 0.15853672523781065, 0.5517740965076683, 0.1281507365555225, 0.31174145480412746, 0.6836404947780739, 0.3771285984957895, 0.20839899078717217, 0.007504523810135222, 0.6209210823112246, 0.668140016033328, 0.686258221100018, 0.7848586525934794, 0.7016490885604593, 0.5969465908835785], [0.11380458579424069, 0.9379504642126876, 0.0, 0.17528896299593416, 0.5495691812622961, 0.12747526162466827, 0.28499262664788605, 0.6833746651814849, 0.36289348018600975, 0.20550487941015239, 0.00711334193318236, 0.6104370238208929, 0.6532267967378655, 0.6651452310730839, 0.7790810256892747, 0.6870792124501028, 0.5969243957394217]], "features_2": [[0.38677893244823336, 0.7663735598571983, 0.0, 0.22813253243741866, 0.47853550721021304, 0.14585863455879303, 0.235621659336028, 0.6636905269467122, 0.48062531042667067, 0.19510973690502142, 0.008618141428105908, 0.6214376176643803, 0.6634920048827899, 0.70120479792987, 0.8063507025925117, 0.7296561124244687, 0.622867161836086], [1.033237772044994, 0.8113724427234523, 0.0, 0.2555361849041072, 0.49188888794061614, 0.14168674236317264, 0.14787731343245766, 0.6643191432198021, 0.4430618189670841, 0.19620228143358065, 0.00783923647221818, 0.5889265172966707, 0.6345355571087555, 0.6563532274052941, 0.7911231371159161, 0.7169017334734812, 0.6117922826221635], [0.21256110928064942, 0.8678967546412322, 0.0, 0.2217951349639983, 0.5115587994681959, 0.14393608664407562, 0.2774170445072414, 0.6670619787482926, 0.4609557135280764, 0.21516086108567367, 0.008673665988278678, 0.6172889866492213, 0.6616764003652116, 0.6985143561666852, 0.8041564579805881, 0.7235642580180446, 0.6180449642274446], [-0.036064180239934185, 0.8155825323405127, 0.0, 0.20372258773819651, 0.4971023522166934, 0.14437238481399484, 0.2606239773029884, 0.6665881006109703, 0.4693059374543538, 0.20633072772849426, 0.00839589484089287, 0.6291613586088918, 0.670470829450652, 0.709163756595046, 0.8062830340870728, 0.7327163870277307, 0.6156927207536256], [0.4406553198105394, 0.796529455997746, 0.0, 0.24239126398021593, 0.493539232551932, 0.14090999029460793, 0.18022293469412176, 0.6673055585017282, 0.43402583755546087, 0.19571563317682705, 0.00822905385914674, 0.5961891310561585, 0.6492006082805533, 0.6898359192562893, 0.7944027873054091, 0.7147609578036792, 0.6097445050741402], [0.005781244311999778, 0.8682290720109955, 0.0, 0.2049661638049257, 0.5171803822706563, 0.14189344566433168, 0.2960474375057899, 0.6700615106018886, 0.4527083846159856, 0.21436854435307562, 0.008562602043175715, 0.6177404665319082, 0.6745416336576885, 0.7037277665440558, 0.8024487598765675, 0.7323184259253258, 0.6225245555851956], [-0.4991780937355297, 0.7801774981554578, 0.0, 0.17782990182666, 0.4964797428023776, 0.13744499772794846, 0.3128589044978625, 0.6750642412293915, 0.41703363347146305, 0.19167549483435886, 0.007894969482732161, 0.6462229270114177, 0.6741312066422448, 0.6932945319195282, 0.7985477612317824, 0.7152716108842836, 0.6123452553724662], [-0.349139664410433, 0.8888430550222818, 0.0, 0.22001296523452557, 0.5239364217124055, 0.1335957163505535, 0.19948141260254104, 0.6746105258013847, 0.3831480435233614, 0.20909187684364872, 0.007671947615560004, 0.6316310086090984, 0.6404435134711494, 0.6715584994745802, 0.7725666246975447, 0.6926949954660572, 0.5854211734448466], [-0.053942192458173555, 0.8959031165906056, 0.0, 0.2547263965605134, 0.5286414674893699, 0.13167741911879655, 0.2783249889605187, 0.6781014273669228, 0.3708897310506618, 0.20539870420026518, 0.007336964783822175, 0.6179507668187734, 0.6344890343260747, 0.6391972006344615, 0.7744754493422134, 0.7054019934007127, 0.5916835979380327]]}