{"labels_1": ["1", "2", "3", "4", "5", "6", "7", "8", "9"], "labels_2": ["1", "2", "3", "4", "5", "6", "7", "8", "9"], "adj_matrix_1": [[0.0, 0.34481, 0.09967, 0.00881, 0.05549, 0.17214, 0.07724, 0.28133, 0.04755], [0.34481, 0.0, 0.29706, 0.34197, 0.32229, 0.24056, 0.31071, 0.11136, 0.32617], [0.09967, 0.29706, 0.0, 0.09132, 0.04552, 0.07933, 0.02337, 0.21123, 0.05347], [0.00881, 0.34197, 0.09132, 0.0, 0.04681, 0.16473, 0.0687, 0.27637, 0.03884], [0.05549, 0.32229, 0.04552, 0.04681, 0.0, 0.12276, 0.02227, 0.24584, 0.00804], [0.17214, 0.24056, 0.07933, 0.16473, 0.12276, 0.0, 0.10183, 0.14154, 0.13019], [0.07724, 0.31071, 0.02337, 0.0687, 0.02227, 0.10183, 0.0, 0.22953, 0.03028], [0.28133, 0.11136, 0.21123, 0.27637, 0.24584, 0.14154, 0.22953, 0.0, 0.25151], [0.04755, 0.32617, 0.05347, 0.03884, 0.00804, 0.13019, 0.03028, 0.25151, 0.0]], "adj_matrix_2": [[0.0, 0.16559, 0.13058, 0.04836, 0.28154, 0.19566, 0.13994, 0.16586, 0.1764], [0.16559, 0.0, 0.03976, 0.20551, 0.23196, 0.03731, 0.2735, 0.00031, 0.29783], [0.13058, 0.03976, 0.0, 0.17371, 0.24869, 0.07639, 0.2491, 0.04008, 0.27694], [0.04836, 0.20551, 0.17371, 0.0, 0.28544, 0.23216, 0.09407, 0.20584, 0.13244], [0.28154, 0.23196, 0.24869, 0.28544, 0.0, 0.21254, 0.28528, 0.2317, 0.2825], [0.19566, 0.03731, 0.07639, 0.23216, 0.21254, 0.0, 0.29242, 0.03701, 0.31334], [0.13994, 0.2735, 0.2491, 0.09407, 0.28528, 0.29242, 0.0, 0.27381, 0.04008], [0.16586, 0.00031, 0.04008, 0.20584, 0.2317, 0.03701, 0.27381, 0.0, 0.29817], [0.1764, 0.29783, 0.27694, 0.13244, 0.2825, 0.31334, 0.04008, 0.29817, 0.0]], "features_1": [[-0.003340765481288699, 0.7917845998620909, 0.0, 0.21654455074955178, 0.5056809083459574, 0.1335673216526493, 0.3331551246236799, 0.6800035340324642, 0.40105039675063425, 0.18859180795285324, 0.007616154688146137, 0.6030269790243641, 0.6634489472881707, 0.7012640519300519, 0.799154038002388, 0.7246617148945771, 0.6250739967593931], [-0.22005283195581216, 0.8142551826457222, 0.0, 0.147494862489712, 0.511359258687581, 0.1342642914977908, 0.3227567516251277, 0.6793171882353812, 0.39465701301408074, 0.1924411932408685, 0.007671947615560004, 0.631821377943748, 0.6790959627724898, 0.6977168762500106, 0.7999551635248308, 0.7044161140898545, 0.6190851844449525], [-0.05635785247804437, 0.9220180748286354, 0.0, 0.19314554031674705, 0.5405055670855802, 0.13458515484195285, 0.30373222122749793, 0.678732096342161, 0.4046395216923997, 0.21529175538125345, 0.007671947615560004, 0.6109234322884647, 0.6715575507976788, 0.71107069674885, 0.7990447712229528, 0.7291887699011694, 0.6264101740729157], [0.089034402657731, 0.8820366823845727, 0.0, 0.23022249735956454, 0.5275560550024527, 0.13617789809574526, 0.3151826245761519, 0.6775664976026641, 0.4197691274172417, 0.20971628691663113, 0.007950687539111767, 0.6050128815027178, 0.6513135324879862, 0.7006030777990331, 0.8046172727067373, 0.7281268547455639, 0.6297494354506169], [0.12649500846197803, 0.8536014924366222, 0.0, 0.141190883166574, 0.5259872386596169, 0.1327959343372621, 0.3242312175601107, 0.6808638732023262, 0.39359998725517387, 0.19695329189136923, 0.007560346756364078, 0.604189801461319, 0.6604821962400683, 0.6785540372313942, 0.7983516048454685, 0.7109889090734566, 0.6117717778465163], [-0.04335731864332937, 0.9472726579994133, 0.0, 0.16311385560357253, 0.5506168922981307, 0.133633971614583, 0.31300846946880084, 0.6798041491674088, 0.40299010692996395, 0.2185140658321174, 0.007671947615560004, 0.6175035466832446, 0.6640879597639341, 0.7043513921036388, 0.7983926203359215, 0.7201007876953843, 0.6263636469748263], [0.09893626006927336, 0.9132939019781399, 0.0, 0.16827120338802778, 0.5354004386671447, 0.1358200462809273, 0.3094329193596913, 0.6777336054774618, 0.4194425747292989, 0.21405585268684435, 0.008062078829516484, 0.6097933220429228, 0.6689134249297937, 0.7033468103463016, 0.8015971011051801, 0.7134697482369765, 0.6133851639002258], [-0.04437708769321347, 0.9330545507548551, 0.0, 0.15853672523781065, 0.5517740965076683, 0.1281507365555225, 0.31174145480412746, 0.6836404947780739, 0.3771285984957895, 0.20839899078717217, 0.007504523810135222, 0.6209210823112246, 0.668140016033328, 0.686258221100018, 0.7848586525934794, 0.7016490885604593, 0.5969465908835785], [0.11380458579424069, 0.9379504642126876, 0.0, 0.17528896299593416, 0.5495691812622961, 0.12747526162466827, 0.28499262664788605, 0.6833746651814849, 0.36289348018600975, 0.20550487941015239, 0.00711334193318236, 0.6104370238208929, 0.6532267967378655, 0.6651452310730839, 0.7790810256892747, 0.6870792124501028, 0.5969243957394217]], "features_2": [[0.009002748814692207, 0.8707778608546131, 0.0, 0.24606623144759612, 0.5228974613953847, 0.13544044333975697, 0.23900029107355678, 0.6737490985125927, 0.4037955748508226, 0.2028011984663627, 0.007783488497544067, 0.6210701610230744, 0.6368349975236004, 0.6555297946534556, 0.7771628960607947, 0.691687945999298, 0.6154424745656865], [0.3504285997935317, 0.857825633076221, 0.0, 0.25013130986839416, 0.5188148219445177, 0.13559283019739551, 0.22380665412611195, 0.6742305385133307, 0.41232433745065733, 0.20092504032045588, 0.008173410423425675, 0.6086682399760015, 0.6433571655191405, 0.6761875944189514, 0.784839966412194, 0.6947948027934449, 0.6135143084518965], [0.01936840767513237, 1.0171798660203082, 0.0, 0.23124586924478285, 0.5621585291914964, 0.13320014995206336, 0.22092776504371373, 0.6764623622158994, 0.3926290374742645, 0.2292286433412427, 0.007616154688146137, 0.6147254770033124, 0.6174022540222049, 0.6521851601743064, 0.7761203960798393, 0.6936581442486706, 0.6111141288299303], [-0.09909258385023145, 1.02129065880191, 0.0, 0.23907324281142744, 0.5616586245813949, 0.13395002060195013, 0.21688984989926183, 0.675687168524055, 0.39333705975887234, 0.231509237897773, 0.007727725548673403, 0.6189359608800848, 0.6341205820673497, 0.6653398942990781, 0.7761395691121404, 0.6880085210922654, 0.6139562964656374], [0.5133338618335803, 0.89396256719786, 0.0, 0.24930908350009934, 0.5303184711982862, 0.13351482830547287, 0.2421131525572811, 0.6773829597006229, 0.39677375361923484, 0.20525094717841919, 0.007727725548673403, 0.5961430637880445, 0.628896994783819, 0.6680964309294926, 0.7866152705383227, 0.7195260475606083, 0.6093892521211108], [0.08478899363840808, 1.0242168836025458, 0.0, 0.23746352435921333, 0.5690712910461077, 0.13105930629992563, 0.25193487859645386, 0.6801301320020429, 0.3848794848097208, 0.22779355118589506, 0.00716927026363523, 0.6129318895268927, 0.6479750957215211, 0.6621350202743728, 0.7815674222887721, 0.7054148545443055, 0.6104619039666153], [-0.12805177980804094, 1.0126039026708253, 0.0, 0.2248074844051883, 0.5684299858274887, 0.12759868579085631, 0.2628048495500728, 0.6832563493105073, 0.3554198481898929, 0.22135925478939922, 0.00716927026363523, 0.6207795445604614, 0.6449812406733199, 0.6692305082077054, 0.7725325180109747, 0.684931744871088, 0.5986350915906686], [0.0847855080835318, 0.9829040350552337, 0.0, 0.19658511061006906, 0.5619845840904757, 0.12711490631289524, 0.28096978321490196, 0.6838350431229908, 0.3512729751153547, 0.21398098700451706, 0.007057398507269275, 0.6016236298873285, 0.6439883541855681, 0.6669546131181849, 0.7783985200013169, 0.705478304533701, 0.598621189892391], [-0.18523103006562458, 1.068962326048775, 0.0, 0.24393703145499446, 0.5871555047742347, 0.12208308659717393, 0.2954453501504254, 0.6874279437085806, 0.328220943970984, 0.22532020315135282, 0.00716927026363523, 0.6149637556992991, 0.6557523616845369, 0.6740387218994314, 0.7664797788279214, 0.6941836189351936, 0.5855967593025911]]}