{"labels_1": ["1", "2", "3", "4", "5", "6", "7", "8", "9"], "labels_2": ["1", "2", "3", "4", "5", "6", "7", "8", "9"], "adj_matrix_1": [[0.0, 0.34481, 0.09967, 0.00881, 0.05549, 0.17214, 0.07724, 0.28133, 0.04755], [0.34481, 0.0, 0.29706, 0.34197, 0.32229, 0.24056, 0.31071, 0.11136, 0.32617], [0.09967, 0.29706, 0.0, 0.09132, 0.04552, 0.07933, 0.02337, 0.21123, 0.05347], [0.00881, 0.34197, 0.09132, 0.0, 0.04681, 0.16473, 0.0687, 0.27637, 0.03884], [0.05549, 0.32229, 0.04552, 0.04681, 0.0, 0.12276, 0.02227, 0.24584, 0.00804], [0.17214, 0.24056, 0.07933, 0.16473, 0.12276, 0.0, 0.10183, 0.14154, 0.13019], [0.07724, 0.31071, 0.02337, 0.0687, 0.02227, 0.10183, 0.0, 0.22953, 0.03028], [0.28133, 0.11136, 0.21123, 0.27637, 0.24584, 0.14154, 0.22953, 0.0, 0.25151], [0.04755, 0.32617, 0.05347, 0.03884, 0.00804, 0.13019, 0.03028, 0.25151, 0.0]], "adj_matrix_2": [[0.0, 0.04092, 0.14648, 0.06554, 0.1388, 0.21975, 0.25066, 0.11236, 0.15863], [0.04092, 0.0, 0.10828, 0.10511, 0.10029, 0.18574, 0.21903, 0.07287, 0.12101], [0.14648, 0.10828, 0.0, 0.20289, 0.00837, 0.08356, 0.12109, 0.03656, 0.01333], [0.06554, 0.10511, 0.20289, 0.0, 0.19597, 0.26728, 0.29356, 0.17193, 0.21377], [0.1388, 0.10029, 0.00837, 0.19597, 0.0, 0.09171, 0.12903, 0.02822, 0.02171], [0.21975, 0.18574, 0.08356, 0.26728, 0.09171, 0.0, 0.03873, 0.1189, 0.07048], [0.25066, 0.21903, 0.12109, 0.29356, 0.12903, 0.03873, 0.0, 0.15536, 0.10832], [0.11236, 0.07287, 0.03656, 0.17193, 0.02822, 0.1189, 0.15536, 0.0, 0.04982], [0.15863, 0.12101, 0.01333, 0.21377, 0.02171, 0.07048, 0.10832, 0.04982, 0.0]], "features_1": [[-0.003340765481288699, 0.7917845998620909, 0.0, 0.21654455074955178, 0.5056809083459574, 0.1335673216526493, 0.3331551246236799, 0.6800035340324642, 0.40105039675063425, 0.18859180795285324, 0.007616154688146137, 0.6030269790243641, 0.6634489472881707, 0.7012640519300519, 0.799154038002388, 0.7246617148945771, 0.6250739967593931], [-0.22005283195581216, 0.8142551826457222, 0.0, 0.147494862489712, 0.511359258687581, 0.1342642914977908, 0.3227567516251277, 0.6793171882353812, 0.39465701301408074, 0.1924411932408685, 0.007671947615560004, 0.631821377943748, 0.6790959627724898, 0.6977168762500106, 0.7999551635248308, 0.7044161140898545, 0.6190851844449525], [-0.05635785247804437, 0.9220180748286354, 0.0, 0.19314554031674705, 0.5405055670855802, 0.13458515484195285, 0.30373222122749793, 0.678732096342161, 0.4046395216923997, 0.21529175538125345, 0.007671947615560004, 0.6109234322884647, 0.6715575507976788, 0.71107069674885, 0.7990447712229528, 0.7291887699011694, 0.6264101740729157], [0.089034402657731, 0.8820366823845727, 0.0, 0.23022249735956454, 0.5275560550024527, 0.13617789809574526, 0.3151826245761519, 0.6775664976026641, 0.4197691274172417, 0.20971628691663113, 0.007950687539111767, 0.6050128815027178, 0.6513135324879862, 0.7006030777990331, 0.8046172727067373, 0.7281268547455639, 0.6297494354506169], [0.12649500846197803, 0.8536014924366222, 0.0, 0.141190883166574, 0.5259872386596169, 0.1327959343372621, 0.3242312175601107, 0.6808638732023262, 0.39359998725517387, 0.19695329189136923, 0.007560346756364078, 0.604189801461319, 0.6604821962400683, 0.6785540372313942, 0.7983516048454685, 0.7109889090734566, 0.6117717778465163], [-0.04335731864332937, 0.9472726579994133, 0.0, 0.16311385560357253, 0.5506168922981307, 0.133633971614583, 0.31300846946880084, 0.6798041491674088, 0.40299010692996395, 0.2185140658321174, 0.007671947615560004, 0.6175035466832446, 0.6640879597639341, 0.7043513921036388, 0.7983926203359215, 0.7201007876953843, 0.6263636469748263], [0.09893626006927336, 0.9132939019781399, 0.0, 0.16827120338802778, 0.5354004386671447, 0.1358200462809273, 0.3094329193596913, 0.6777336054774618, 0.4194425747292989, 0.21405585268684435, 0.008062078829516484, 0.6097933220429228, 0.6689134249297937, 0.7033468103463016, 0.8015971011051801, 0.7134697482369765, 0.6133851639002258], [-0.04437708769321347, 0.9330545507548551, 0.0, 0.15853672523781065, 0.5517740965076683, 0.1281507365555225, 0.31174145480412746, 0.6836404947780739, 0.3771285984957895, 0.20839899078717217, 0.007504523810135222, 0.6209210823112246, 0.668140016033328, 0.686258221100018, 0.7848586525934794, 0.7016490885604593, 0.5969465908835785], [0.11380458579424069, 0.9379504642126876, 0.0, 0.17528896299593416, 0.5495691812622961, 0.12747526162466827, 0.28499262664788605, 0.6833746651814849, 0.36289348018600975, 0.20550487941015239, 0.00711334193318236, 0.6104370238208929, 0.6532267967378655, 0.6651452310730839, 0.7790810256892747, 0.6870792124501028, 0.5969243957394217]], "features_2": [[0.3103253766648666, 0.9874365332061001, 0.0, 0.2230454503909665, 0.5455762620598308, 0.13566594657121225, 0.23212640544531524, 0.6726250967433283, 0.4162663843234886, 0.22866839677606676, 0.008062078829516484, 0.6114339284344985, 0.6203930840346409, 0.6530300345644765, 0.7794398651980753, 0.7155307243785338, 0.5824510036005854], [-0.0547503025180025, 0.9044795469756896, 0.0, 0.17877871865717207, 0.5294068074774774, 0.13891255013309756, 0.2690175886440471, 0.6723916601536826, 0.42975292336243176, 0.21752581371270807, 0.008062078829516484, 0.6269087618033184, 0.6706178673672792, 0.6928696340691266, 0.7996602685438065, 0.7232846192750193, 0.6153138266567353], [0.014890108454873818, 1.0856572601344032, 0.0, 0.19186187437170107, 0.5674676796597022, 0.13724762825794537, 0.2821720311479908, 0.6721921086465629, 0.41814613717964666, 0.25081418644186737, 0.007727725548673403, 0.6246902872654805, 0.6453652208265571, 0.682118151481069, 0.7855713554703152, 0.7222956499507291, 0.5952592535558546], [0.25940360915429794, 1.0399451317991377, 0.0, 0.20360189679660476, 0.5532880930160446, 0.13846610181693178, 0.2300047099496169, 0.6687652750146903, 0.42946624786746135, 0.24330857940959216, 0.008173410423425675, 0.6117184575281629, 0.6482615474144623, 0.6789895795361717, 0.7812167807240583, 0.7138650754899117, 0.5935891293018271], [0.026108296336508907, 0.8093067321921978, 0.0, 0.1972387719036318, 0.49653895419521854, 0.14353802381709144, 0.2350461486031037, 0.6659910495541667, 0.4476246213235455, 0.20088948842111432, 0.007950687539111767, 0.6288121551438, 0.6544468005039031, 0.6970243839648226, 0.8049261112775632, 0.7212661759511599, 0.625209475837928], [-0.15962219717396664, 0.9379007902091432, 0.0, 0.18168445746717754, 0.5355215796169961, 0.14060811646902588, 0.2808736444493974, 0.6692766286122003, 0.42875063388878476, 0.226242165176896, 0.008062078829516484, 0.6331662489801764, 0.6585969183446001, 0.68945315301026, 0.7962240853564381, 0.7125374155842693, 0.6176273835712911], [-0.4331105301669047, 0.9176506842639032, 0.0, 0.1635696966554297, 0.5240194831020915, 0.14272906485858428, 0.26624526648569213, 0.6653353337640735, 0.4400761741125996, 0.22712848510269956, 0.008006390651371653, 0.6399635620519832, 0.6414931704422737, 0.6850189247816453, 0.7912521503020815, 0.6948138480307048, 0.6189649014174071], [0.08991626152625054, 0.8654874681792694, 0.0, 0.27210068724178144, 0.5298426557849588, 0.1287367432828105, 0.3123751533627356, 0.683489510742704, 0.3626918415953575, 0.19271860770889582, 0.00711334193318236, 0.61059132956286, 0.6560107655816879, 0.673353154848792, 0.7856247314778778, 0.711368978036096, 0.5896688155074855], [-0.2179792761655137, 0.8692117284293224, 0.0, 0.24388036874243088, 0.5313656613595545, 0.13148062202838479, 0.31175471306386837, 0.680552195106231, 0.3848946536682747, 0.20098274991472254, 0.00711334193318236, 0.6194401595598986, 0.641834003019396, 0.6661473856645167, 0.7864466841288479, 0.7045137031984395, 0.6127776614256183]]}