{"labels_1": ["1", "2", "3", "4", "5", "6", "7", "8", "9"], "labels_2": ["1", "2", "3", "4", "5", "6", "7", "8", "9"], "adj_matrix_1": [[0.0, 0.25188, 0.03223, 0.12828, 0.11595, 0.11326, 0.12807, 0.33831, 0.10871], [0.25188, 0.0, 0.27675, 0.34486, 0.15104, 0.33459, 0.13928, 0.14725, 0.15757], [0.03223, 0.27675, 0.0, 0.09696, 0.14672, 0.08175, 0.15857, 0.35388, 0.13973], [0.12828, 0.34486, 0.09696, 0.0, 0.23532, 0.01545, 0.24595, 0.39252, 0.229], [0.11595, 0.15104, 0.14672, 0.23532, 0.0, 0.22171, 0.01269, 0.26968, 0.0074], [0.11326, 0.33459, 0.08175, 0.01545, 0.22171, 0.0, 0.2326, 0.38709, 0.2154], [0.12807, 0.13928, 0.15857, 0.24595, 0.01269, 0.2326, 0.0, 0.26107, 0.02008], [0.33831, 0.14725, 0.35388, 0.39252, 0.26968, 0.38709, 0.26107, 0.0, 0.27457], [0.10871, 0.15757, 0.13973, 0.229, 0.0074, 0.2154, 0.02008, 0.27457, 0.0]], "adj_matrix_2": [[0.0, 0.00141, 0.04612, 0.15852, 0.17873, 0.01276, 0.18028, 0.13083, 0.05371], [0.00141, 0.0, 0.0475, 0.15973, 0.17765, 0.01135, 0.18144, 0.13211, 0.0551], [0.04612, 0.0475, 0.0, 0.11694, 0.21194, 0.05869, 0.14038, 0.08759, 0.00775], [0.15852, 0.15973, 0.11694, 0.0, 0.27774, 0.16943, 0.02537, 0.03083, 0.10969], [0.17873, 0.17765, 0.21194, 0.27774, 0.0, 0.1687, 0.288, 0.26333, 0.21684], [0.01276, 0.01135, 0.05869, 0.16943, 0.1687, 0.0, 0.19072, 0.14236, 0.06626], [0.18028, 0.18144, 0.14038, 0.02537, 0.288, 0.19072, 0.0, 0.05601, 0.13338], [0.13083, 0.13211, 0.08759, 0.03083, 0.26333, 0.14236, 0.05601, 0.0, 0.08013], [0.05371, 0.0551, 0.00775, 0.10969, 0.21684, 0.06626, 0.13338, 0.08013, 0.0]], "features_1": [[-0.3901998108685776, 0.8360680064011722, 0.0, 0.2157232819669807, 0.5243046876505468, 0.1324149054170766, 0.2856055363486469, 0.6802778964871186, 0.3871861114768731, 0.1966482273338106, 0.007727725548673403, 0.6305066823675485, 0.6753819687269479, 0.706094451942625, 0.7915628458617919, 0.7063373562281053, 0.6117176249714983], [-0.029789185095181914, 0.8869380175363839, 0.0, 0.2328288099494839, 0.5351252556613273, 0.13291479669548842, 0.23949120314722663, 0.6782838274462069, 0.3953075444084071, 0.20496097218192522, 0.007727725548673403, 0.6224448206774675, 0.6577086939414639, 0.6890722225179156, 0.7865819626446443, 0.6961196717462793, 0.6220239532586422], [-0.47960876201299785, 1.0003261006017075, 0.0, 0.2246164928335583, 0.5651424215245159, 0.13332603547846658, 0.25218109581220816, 0.6787313541528905, 0.404258146606683, 0.23364716997710278, 0.00783923647221818, 0.640628746276062, 0.6725610857420543, 0.6999022075450763, 0.7893794096573108, 0.6833681140966554, 0.6138396502652042], [-0.5144966826167825, 0.9609925854973583, 0.0, 0.23032342800858113, 0.5540920984397131, 0.13464733617705113, 0.2519335148066034, 0.6774783718882982, 0.41473226476858005, 0.22885072388377714, 0.007616154688146137, 0.6433903433061023, 0.6695589274863997, 0.6951745888008587, 0.7926327956305008, 0.6897175586438997, 0.6145401597496778], [-0.09602316668948996, 0.95119180025281, 0.0, 0.22722206875988588, 0.551103442252816, 0.1330408636038616, 0.2163137567267917, 0.6777424812693366, 0.39208439747492885, 0.21628927991701574, 0.00716927026363523, 0.6200989959462975, 0.6530387493106073, 0.6657690446976806, 0.7839656061747872, 0.699480757243281, 0.6145549267894347], [-0.4136944713090105, 1.1035672040411266, 0.0, 0.2457527140976023, 0.590275929569898, 0.13218153845041905, 0.24090138583622647, 0.679549268157851, 0.4019859367307561, 0.24957413138788098, 0.007727725548673403, 0.6385924016760449, 0.6763044621871642, 0.691125811116266, 0.7850106858821424, 0.6921043028138424, 0.6063795951936934], [-0.12048339206515912, 1.045215747374757, 0.0, 0.21777450879576749, 0.5765034372552715, 0.13159945925376962, 0.24777409659304298, 0.6800040771809313, 0.39244848097767493, 0.23550823607366178, 0.007783488497544067, 0.6259479180887282, 0.646834312488117, 0.6795968377288377, 0.7845802050939151, 0.702277829051122, 0.6089680163311944], [-0.13343836861197378, 1.2779359768162362, 0.0, 0.23327026157366748, 0.6290736919692078, 0.12241284945704667, 0.20284369186489143, 0.6861145776205162, 0.3382747837768032, 0.26323219001905995, 0.00711334193318236, 0.604049089721002, 0.6300683338188506, 0.6531858280895032, 0.7549811091431549, 0.6569035145467336, 0.5854163484083029], [-0.06679604148067142, 1.2764245691286327, 0.0, 0.20540108632039697, 0.638161019766725, 0.11909569574472784, 0.3149986177978171, 0.6894400612895694, 0.32764401267081356, 0.25463824433286564, 0.00677745458930179, 0.613332418243913, 0.638845612264903, 0.6445020075846846, 0.7593567861046193, 0.6819046385289316, 0.5780291079837123]], "features_2": [[0.18642626960828146, 0.806310073008187, 0.0, 0.232570855906383, 0.5113289673372274, 0.13756830975108414, 0.3188557829974862, 0.6771461892798705, 0.43110179572805296, 0.19200680203180176, 0.008006390651371653, 0.6159659337531946, 0.6768566922142364, 0.6808786319488064, 0.8083684363738396, 0.7344932071906299, 0.6313091525865671], [-0.005075752977328207, 0.8173438961263012, 0.0, 0.2158694022382185, 0.5136996585636915, 0.1372756382450132, 0.3282908562750201, 0.6777151328074328, 0.4266051422100543, 0.19598234980423856, 0.00783923647221818, 0.6125425665311446, 0.6814944656763854, 0.7070830303072477, 0.8089456938080003, 0.7282252926939831, 0.6157496895172662], [0.24487837513235444, 0.9306774864673725, 0.0, 0.22882464239994849, 0.545436760277443, 0.13729569528249932, 0.3436139625892004, 0.6782688610623221, 0.4389457422792582, 0.21916389391017055, 0.008117752083540042, 0.6129531273031086, 0.6730827065238995, 0.6878681096260826, 0.8110404010097595, 0.7324569769355801, 0.6250781743925116], [-0.03576397798484221, 0.9438273996095156, 0.0, 0.21214515616691876, 0.5379171547819858, 0.14108590116961392, 0.24852513765798107, 0.6708428841792717, 0.45246270056553617, 0.22752557544187746, 0.008062078829516484, 0.6301250128852456, 0.6749467986989707, 0.691271202938378, 0.8057555355167231, 0.7156357180660946, 0.6270613010742663], [0.2086216334398001, 0.8582304276418999, 0.0, 0.2070669781398051, 0.522273051549144, 0.13588471130748175, 0.30643806698151865, 0.6780657075961313, 0.4215139030206936, 0.2029735616976629, 0.007950687539111767, 0.607942358104689, 0.6717946900470992, 0.7020724654945919, 0.8026298062782713, 0.7252516904385558, 0.6076643935585101], [0.4506751905892754, 1.012561647576919, 0.0, 0.24220749548141357, 0.5605873285804416, 0.137008611100855, 0.2968898281998854, 0.6768544975036497, 0.43874086316629257, 0.23386898142770063, 0.007727725548673403, 0.6062604962281748, 0.6645166924932547, 0.6881976178187784, 0.8043469542418172, 0.7345290080196267, 0.6162820629463782], [0.004724073666963591, 1.0104650595511215, 0.0, 0.23833122576369944, 0.5520872619765781, 0.1359153540056108, 0.2422891839534728, 0.6750847193860372, 0.41948468863556987, 0.2374013552367169, 0.008173410423425675, 0.6184953781538682, 0.6585802989889923, 0.6978171105072536, 0.7931104874398829, 0.7176363492455717, 0.6043759491524533], [0.11545549990313209, 1.0359162744113553, 0.0, 0.19049311857926823, 0.5736867260482115, 0.12552483891413635, 0.3076060339256891, 0.6854457232766409, 0.3437432437074104, 0.22039610161441714, 0.007057398507269275, 0.6034609653997984, 0.6372793320495153, 0.6489458040021878, 0.777056242736505, 0.6905759131931284, 0.573682041166906], [0.02899562956586621, 1.1036732913876723, 0.0, 0.19861035473440256, 0.588346018928978, 0.12433416449915835, 0.2519389630742488, 0.6852713196741315, 0.3353611207880909, 0.23313484837571297, 0.006889477554966383, 0.6076924882715073, 0.6486121647825327, 0.6671017029055624, 0.7674825175403228, 0.6824223902186868, 0.5651567549369332]]}