{"labels_1": ["1", "2", "3", "4", "5", "6", "7", "8", "9"], "labels_2": ["1", "2", "3", "4", "5", "6", "7", "8", "9"], "adj_matrix_1": [[0.0, 0.25188, 0.03223, 0.12828, 0.11595, 0.11326, 0.12807, 0.33831, 0.10871], [0.25188, 0.0, 0.27675, 0.34486, 0.15104, 0.33459, 0.13928, 0.14725, 0.15757], [0.03223, 0.27675, 0.0, 0.09696, 0.14672, 0.08175, 0.15857, 0.35388, 0.13973], [0.12828, 0.34486, 0.09696, 0.0, 0.23532, 0.01545, 0.24595, 0.39252, 0.229], [0.11595, 0.15104, 0.14672, 0.23532, 0.0, 0.22171, 0.01269, 0.26968, 0.0074], [0.11326, 0.33459, 0.08175, 0.01545, 0.22171, 0.0, 0.2326, 0.38709, 0.2154], [0.12807, 0.13928, 0.15857, 0.24595, 0.01269, 0.2326, 0.0, 0.26107, 0.02008], [0.33831, 0.14725, 0.35388, 0.39252, 0.26968, 0.38709, 0.26107, 0.0, 0.27457], [0.10871, 0.15757, 0.13973, 0.229, 0.0074, 0.2154, 0.02008, 0.27457, 0.0]], "adj_matrix_2": [[0.0, 0.28071, 0.00967, 0.10113, 0.10361, 0.0289, 0.21387, 0.02993, 0.07088], [0.28071, 0.0, 0.28783, 0.34524, 0.19402, 0.25854, 0.38532, 0.30206, 0.32827], [0.00967, 0.28783, 0.0, 0.09181, 0.11291, 0.03854, 0.20619, 0.02028, 0.06138], [0.10113, 0.34524, 0.09181, 0.0, 0.19691, 0.12856, 0.1261, 0.07208, 0.03116], [0.10361, 0.19402, 0.11291, 0.19691, 0.0, 0.07548, 0.28797, 0.13211, 0.16993], [0.0289, 0.25854, 0.03854, 0.12856, 0.07548, 0.0, 0.23593, 0.05865, 0.09903], [0.21387, 0.38532, 0.20619, 0.1261, 0.28797, 0.23593, 0.0, 0.18969, 0.15424], [0.02993, 0.30206, 0.02028, 0.07208, 0.13211, 0.05865, 0.18969, 0.0, 0.04131], [0.07088, 0.32827, 0.06138, 0.03116, 0.16993, 0.09903, 0.15424, 0.04131, 0.0]], "features_1": [[-0.3901998108685776, 0.8360680064011722, 0.0, 0.2157232819669807, 0.5243046876505468, 0.1324149054170766, 0.2856055363486469, 0.6802778964871186, 0.3871861114768731, 0.1966482273338106, 0.007727725548673403, 0.6305066823675485, 0.6753819687269479, 0.706094451942625, 0.7915628458617919, 0.7063373562281053, 0.6117176249714983], [-0.029789185095181914, 0.8869380175363839, 0.0, 0.2328288099494839, 0.5351252556613273, 0.13291479669548842, 0.23949120314722663, 0.6782838274462069, 0.3953075444084071, 0.20496097218192522, 0.007727725548673403, 0.6224448206774675, 0.6577086939414639, 0.6890722225179156, 0.7865819626446443, 0.6961196717462793, 0.6220239532586422], [-0.47960876201299785, 1.0003261006017075, 0.0, 0.2246164928335583, 0.5651424215245159, 0.13332603547846658, 0.25218109581220816, 0.6787313541528905, 0.404258146606683, 0.23364716997710278, 0.00783923647221818, 0.640628746276062, 0.6725610857420543, 0.6999022075450763, 0.7893794096573108, 0.6833681140966554, 0.6138396502652042], [-0.5144966826167825, 0.9609925854973583, 0.0, 0.23032342800858113, 0.5540920984397131, 0.13464733617705113, 0.2519335148066034, 0.6774783718882982, 0.41473226476858005, 0.22885072388377714, 0.007616154688146137, 0.6433903433061023, 0.6695589274863997, 0.6951745888008587, 0.7926327956305008, 0.6897175586438997, 0.6145401597496778], [-0.09602316668948996, 0.95119180025281, 0.0, 0.22722206875988588, 0.551103442252816, 0.1330408636038616, 0.2163137567267917, 0.6777424812693366, 0.39208439747492885, 0.21628927991701574, 0.00716927026363523, 0.6200989959462975, 0.6530387493106073, 0.6657690446976806, 0.7839656061747872, 0.699480757243281, 0.6145549267894347], [-0.4136944713090105, 1.1035672040411266, 0.0, 0.2457527140976023, 0.590275929569898, 0.13218153845041905, 0.24090138583622647, 0.679549268157851, 0.4019859367307561, 0.24957413138788098, 0.007727725548673403, 0.6385924016760449, 0.6763044621871642, 0.691125811116266, 0.7850106858821424, 0.6921043028138424, 0.6063795951936934], [-0.12048339206515912, 1.045215747374757, 0.0, 0.21777450879576749, 0.5765034372552715, 0.13159945925376962, 0.24777409659304298, 0.6800040771809313, 0.39244848097767493, 0.23550823607366178, 0.007783488497544067, 0.6259479180887282, 0.646834312488117, 0.6795968377288377, 0.7845802050939151, 0.702277829051122, 0.6089680163311944], [-0.13343836861197378, 1.2779359768162362, 0.0, 0.23327026157366748, 0.6290736919692078, 0.12241284945704667, 0.20284369186489143, 0.6861145776205162, 0.3382747837768032, 0.26323219001905995, 0.00711334193318236, 0.604049089721002, 0.6300683338188506, 0.6531858280895032, 0.7549811091431549, 0.6569035145467336, 0.5854163484083029], [-0.06679604148067142, 1.2764245691286327, 0.0, 0.20540108632039697, 0.638161019766725, 0.11909569574472784, 0.3149986177978171, 0.6894400612895694, 0.32764401267081356, 0.25463824433286564, 0.00677745458930179, 0.613332418243913, 0.638845612264903, 0.6445020075846846, 0.7593567861046193, 0.6819046385289316, 0.5780291079837123]], "features_2": [[-0.28192127464791694, 0.767769918103098, 0.0, 0.17499716662975667, 0.48581541512397325, 0.14451169176378464, 0.24425591839571795, 0.6662006056677691, 0.4634517553812594, 0.1960731070410151, 0.008006390651371653, 0.638870029943087, 0.6781921760758899, 0.7084411088278978, 0.8075867253341038, 0.7316124000984777, 0.6314056315281705], [-0.49797112948138444, 0.7998903883093389, 0.0, 0.19168184887752795, 0.4915500631057287, 0.1470852812815494, 0.16719565348022628, 0.6610773720370164, 0.4777668714821559, 0.20723107815941488, 0.008173410423425675, 0.6536919917841479, 0.6786575032301042, 0.7049229596480767, 0.8076909092618538, 0.7442775049378009, 0.6379134283534571], [-0.13856246869479216, 0.9229676895841765, 0.0, 0.18915613525612932, 0.52595863764378, 0.14536561518921287, 0.20274922585903354, 0.6637128206972539, 0.4707459537963776, 0.2298479855053006, 0.00822905385914674, 0.6325717227134371, 0.6604243381322671, 0.6808026816244244, 0.8049511255634941, 0.7214195319649058, 0.6293976985967734], [-0.012828562687747347, 0.8956130948001525, 0.0, 0.1920193708247201, 0.5160047097455361, 0.1472979507756398, 0.16047765309475182, 0.6600337881501191, 0.47698632183200984, 0.22586002137137973, 0.008284682400665488, 0.6279224447610665, 0.6673638062179853, 0.7014554936433531, 0.8062548230980944, 0.7390557683577962, 0.6243250894382202], [-0.4067745094283559, 0.8625885410510862, 0.0, 0.18628408082435424, 0.5135261988656614, 0.1419912354698811, 0.21760899799964478, 0.6691106540620556, 0.43772444138303057, 0.2132255113673247, 0.007225183508792421, 0.6395835642655194, 0.6640086628966726, 0.7019507588267049, 0.8034572045677657, 0.7216508320943351, 0.636542477595353], [-0.13479482037513701, 0.9540236569548031, 0.0, 0.20615239313110356, 0.5305397440993298, 0.1470817705243168, 0.1442216389664736, 0.6595751859994161, 0.4752370215058872, 0.23751952627198758, 0.00822905385914674, 0.6379360487349204, 0.6732602328250893, 0.6982550866947115, 0.8036252091551195, 0.7258815837992023, 0.627658220123865], [0.27885233983206614, 0.9194776225032208, 0.0, 0.22699565789225465, 0.5188077603365994, 0.14774970607300947, 0.1388744787698002, 0.6584323577501676, 0.4860491596112344, 0.23030133005529363, 0.008284682400665488, 0.6212608921343283, 0.6463975215467298, 0.6859071390934924, 0.8039202175760332, 0.7384703886514863, 0.626003024773606], [-0.0918007880649081, 0.9005715166897197, 0.0, 0.25587236266490304, 0.5278233388912672, 0.1360048435163138, 0.21633930994561013, 0.6744574345131109, 0.3991868231905167, 0.2110282289410983, 0.00716927026363523, 0.6232952731403605, 0.6443397841376883, 0.6820725692916859, 0.7898708442501321, 0.7112712821925765, 0.6219781352773327], [0.19368217253404518, 0.9450479181565673, 0.0, 0.25530533338443745, 0.5313184081577899, 0.13878116663129758, 0.16173796999229423, 0.6692720188411447, 0.4342329087259458, 0.22553494399055096, 0.00783923647221818, 0.6182345381779206, 0.6500567529477004, 0.6891650263103869, 0.7879483763251937, 0.6954529240313942, 0.614970542874118]]}