{"labels_1": ["1", "2", "3", "4", "5", "6", "7", "8", "9"], "labels_2": ["1", "2", "3", "4", "5", "6", "7", "8", "9"], "adj_matrix_1": [[0.0, 0.17357, 0.09002, 0.03791, 0.25826, 0.12555, 0.11647, 0.2493, 0.02052], [0.17357, 0.0, 0.24188, 0.14022, 0.27046, 0.2639, 0.06303, 0.29246, 0.15583], [0.09002, 0.24188, 0.0, 0.12545, 0.22916, 0.03837, 0.1948, 0.20193, 0.10935], [0.03791, 0.14022, 0.12545, 0.0, 0.26506, 0.15886, 0.08035, 0.26349, 0.01747], [0.25826, 0.27046, 0.22916, 0.26506, 0.0, 0.21095, 0.27149, 0.06152, 0.26213], [0.12555, 0.2639, 0.03837, 0.15886, 0.21095, 0.0, 0.2223, 0.17614, 0.14381], [0.11647, 0.06303, 0.1948, 0.08035, 0.27149, 0.2223, 0.0, 0.28411, 0.09715], [0.2493, 0.29246, 0.20193, 0.26349, 0.06152, 0.17614, 0.28411, 0.0, 0.25733], [0.02052, 0.15583, 0.10935, 0.01747, 0.26213, 0.14381, 0.09715, 0.25733, 0.0]], "adj_matrix_2": [[0.0, 0.16857, 0.03557, 0.09964, 0.19322, 0.01335, 0.18845, 0.15582, 0.19541], [0.16857, 0.0, 0.14597, 0.09253, 0.11152, 0.16048, 0.22545, 0.02237, 0.22514], [0.03557, 0.14597, 0.0, 0.06695, 0.18851, 0.02233, 0.20814, 0.13042, 0.21395], [0.09964, 0.09253, 0.06695, 0.0, 0.16854, 0.08768, 0.23058, 0.07246, 0.23379], [0.19322, 0.11152, 0.18851, 0.16854, 0.0, 0.19174, 0.16735, 0.1277, 0.16449], [0.01335, 0.16048, 0.02233, 0.08768, 0.19174, 0.0, 0.19644, 0.14676, 0.20307], [0.18845, 0.22545, 0.20814, 0.23058, 0.16735, 0.19644, 0.0, 0.23055, 0.01089], [0.15582, 0.02237, 0.13042, 0.07246, 0.1277, 0.14676, 0.23055, 0.0, 0.23109], [0.19541, 0.22514, 0.21395, 0.23379, 0.16449, 0.20307, 0.01089, 0.23109, 0.0]], "features_1": [[-0.15235190076268035, 0.7171978388998883, 0.0, 0.21888867303671883, 0.4882049149470964, 0.1336713766014962, 0.4661303464833523, 0.6801437045232739, 0.4116017460510819, 0.17193215147087204, 0.007671947615560004, 0.6159685968425199, 0.6542462805132491, 0.6872174723762711, 0.7928907126818846, 0.7037673986367654, 0.6180107576930509], [-0.026381871185519046, 0.7335633526513677, 0.0, 0.23103502004977478, 0.4897837091559867, 0.13528017753868418, 0.3695599820409036, 0.6773742022844094, 0.4255114636111694, 0.17734824908514235, 0.008117752083540042, 0.6254410755898832, 0.6594291396417765, 0.6945409090085491, 0.7955249900249418, 0.7028985355201272, 0.6233767030333855], [0.03854626434041819, 0.8298868460705767, 0.0, 0.24555031112294212, 0.5235406794368688, 0.13374187339702764, 0.4917036604742947, 0.6802107812592949, 0.40580608101269755, 0.19412626729376847, 0.007783488497544067, 0.6127981204398529, 0.6651436554358053, 0.6819014445272608, 0.7924183683652596, 0.7045337861605441, 0.6219528098495015], [0.005112143198724439, 0.823669020542513, 0.0, 0.24301688010264222, 0.5172566746241614, 0.13512589202139766, 0.3918027503422678, 0.6775667536119765, 0.42080359581568727, 0.197603941042777, 0.008062078829516484, 0.6137485527707853, 0.6446794602583493, 0.6846294755389365, 0.7930755561909968, 0.7127586066259248, 0.6247397077767589], [0.5029355931487824, 0.8111318113391246, 0.0, 0.26623727000837377, 0.5148470013660806, 0.13222965515493626, 0.3061939261536416, 0.6795711649098164, 0.3898231744857936, 0.18757498420723207, 0.007560346756364078, 0.5890654208493125, 0.6550116032010451, 0.6807286990644766, 0.7878472599999604, 0.7077674853974536, 0.6186264296754757], [0.336313106667554, 0.9020065412760576, 0.0, 0.2449203393453745, 0.5424942900148926, 0.13332521594475794, 0.4449781526902562, 0.6799694888711494, 0.41103353965546696, 0.2076128903332386, 0.007894969482732161, 0.6008513217004756, 0.648651277327881, 0.6830864070285141, 0.7895070520870273, 0.7055926007677146, 0.6234591725579475], [0.024960346824449697, 0.8274197605718037, 0.0, 0.2150977964281575, 0.5202049040001312, 0.13289571479893822, 0.302193676860783, 0.6791686494218434, 0.40064209288556696, 0.19381244050114654, 0.007392832833969631, 0.6226356515747247, 0.6556031232987265, 0.6894424925440252, 0.7897609362438898, 0.6968310539817545, 0.6171841666380952], [1.1003000882694858, 0.95099125920012, 0.0, 0.2843733963952844, 0.5694259201034299, 0.12220171396330021, 0.4627691770503162, 0.6890625593887452, 0.35356622006052874, 0.19906215318513687, 0.007225183508792421, 0.5697117752663834, 0.6248280113237518, 0.6486237517363486, 0.7776550673761594, 0.696259584982028, 0.582919296923383], [-0.0030727308714717516, 0.8997693986482566, 0.0, 0.19391170302072347, 0.5469539009796404, 0.12715979637354874, 0.328264058635299, 0.6848082566472746, 0.38184211647957844, 0.20149526584784572, 0.007225183508792421, 0.6059639050512926, 0.6512821439679367, 0.6752273057347753, 0.7820385384347294, 0.7020133895095697, 0.6004498005282015]], "features_2": [[0.487913443782769, 0.7024945372645623, 0.0, 0.15845209795459322, 0.4737971480300568, 0.14333296088943623, 0.2552392504185569, 0.6697591476346992, 0.4472599715130301, 0.174933251202543, 0.008284682400665488, 0.5947484486872696, 0.6577454721571134, 0.6817257770919649, 0.8132415016608382, 0.7404598824290081, 0.6425724734743923], [0.7967458202960667, 0.7230422673287783, 0.0, 0.19432617016159506, 0.47533748495964456, 0.14505929107958868, 0.2130103595431926, 0.66565201098765, 0.4792975611656676, 0.1835822365885742, 0.00839589484089287, 0.5866520365703152, 0.6782325126596762, 0.7122496858707988, 0.8089611913434728, 0.7286198254297838, 0.6390725541106534], [0.34219428863389245, 0.8385205587476499, 0.0, 0.1705881225787173, 0.5129882111894637, 0.14335177133963553, 0.2181737996814576, 0.668014748060922, 0.45175930195248526, 0.20567023771648918, 0.008284682400665488, 0.5964870601396259, 0.6751273860600842, 0.7019463915233944, 0.8075424392200251, 0.7118798097686255, 0.6377878460177504], [0.39111437629748247, 0.8116564419751635, 0.0, 0.1818449986724187, 0.5041116345330093, 0.14502524601332328, 0.241451288359206, 0.6676062781705043, 0.4569037221226744, 0.20267123218770688, 0.008173410423425675, 0.5967876111219566, 0.6798695589964555, 0.7214414457678988, 0.8161639705984606, 0.7460121889670317, 0.6471697236636096], [0.9585586782035587, 0.7575535995156015, 0.0, 0.1954315313316475, 0.48702503804602704, 0.14280133778085743, 0.2354094257320895, 0.6692050882937585, 0.4529816111731646, 0.18752950194067397, 0.007727725548673403, 0.5793639469041576, 0.6697752234860367, 0.7018456105486004, 0.8072088361441894, 0.7109142743630095, 0.6404368740327534], [0.286236730348715, 0.8859594483548107, 0.0, 0.2037976382049761, 0.5282679387957002, 0.14069345772585973, 0.2418609101157621, 0.6718459458854662, 0.4291307350859428, 0.21219793857150804, 0.007504523810135222, 0.5954435191232217, 0.6667464767564358, 0.6985598209538811, 0.8047046559311641, 0.7222060794913057, 0.6371342553118065], [0.08152335214134743, 0.7894588553189761, 0.0, 0.1814165877128925, 0.5059782691012202, 0.1396396782669051, 0.3005574707556796, 0.6749880507354361, 0.42751829581325196, 0.19116660809311514, 0.00783923647221818, 0.6106773298171362, 0.6785105210664518, 0.7235896794673053, 0.8115507223904073, 0.7340127391319031, 0.6384411396333619], [0.6753252591431482, 0.8765100868207873, 0.0, 0.1893988203054209, 0.5290218896431644, 0.1312553307259458, 0.23960831967656304, 0.6797714315555125, 0.3790690695365102, 0.20098696587744702, 0.007616154688146137, 0.5737628964053254, 0.6327332237680072, 0.6728556927469203, 0.7829179505269741, 0.713517033681537, 0.6091756686630023], [0.10017452987995634, 0.9302137377449411, 0.0, 0.16251414682435134, 0.5482735798121964, 0.1279755795275537, 0.2888681519917249, 0.6834468521068526, 0.3567334974032188, 0.2076148311689372, 0.007057398507269275, 0.5937035874646392, 0.6592213536743451, 0.6937981798668372, 0.7812844941640757, 0.6928969363401984, 0.5953175355117637]]}