{"labels_1": ["1", "2", "3", "4", "5", "6", "7", "8", "9"], "labels_2": ["1", "2", "3", "4", "5", "6", "7", "8", "9"], "adj_matrix_1": [[0.0, 0.38699, 0.19785, 0.06759, 0.27441, 0.27114, 0.37467, 0.30024, 0.3393], [0.38699, 0.0, 0.30794, 0.3666, 0.25261, 0.2554, 0.10257, 0.22696, 0.17693], [0.19785, 0.30794, 0.0, 0.13463, 0.09118, 0.087, 0.24961, 0.12546, 0.18318], [0.06759, 0.3666, 0.13463, 0.0, 0.21775, 0.21414, 0.33933, 0.24705, 0.29317], [0.27441, 0.25261, 0.09118, 0.21775, 0.0, 0.0043, 0.17496, 0.0357, 0.09808], [0.27114, 0.2554, 0.087, 0.21414, 0.0043, 0.0, 0.17869, 0.03999, 0.10226], [0.37467, 0.10257, 0.24961, 0.33933, 0.17496, 0.17869, 0.0, 0.14304, 0.0831], [0.30024, 0.22696, 0.12546, 0.24705, 0.0357, 0.03999, 0.14304, 0.0, 0.06333], [0.3393, 0.17693, 0.18318, 0.29317, 0.09808, 0.10226, 0.0831, 0.06333, 0.0]], "adj_matrix_2": [[0.0, 0.04763, 0.25803, 0.08408, 0.10921, 0.13537, 0.08408, 0.07501, 0.26338], [0.04763, 0.0, 0.29111, 0.1301, 0.06249, 0.17926, 0.13011, 0.12136, 0.29572], [0.25803, 0.29111, 0.0, 0.19147, 0.32966, 0.14452, 0.19146, 0.19897, 0.00811], [0.08408, 0.1301, 0.19147, 0.0, 0.18808, 0.05343, 1e-05, 0.00919, 0.19805], [0.10921, 0.06249, 0.32966, 0.18808, 0.0, 0.2336, 0.18809, 0.17994, 0.33325], [0.13537, 0.17926, 0.14452, 0.05343, 0.2336, 0.0, 0.05342, 0.06249, 0.15175], [0.08408, 0.13011, 0.19146, 1e-05, 0.18809, 0.05342, 0.0, 0.0092, 0.19804], [0.07501, 0.12136, 0.19897, 0.00919, 0.17994, 0.06249, 0.0092, 0.0, 0.20547], [0.26338, 0.29572, 0.00811, 0.19805, 0.33325, 0.15175, 0.19804, 0.20547, 0.0]], "features_1": [[-0.38471817932201224, 0.6642505815645539, 0.0, 0.16100212720394302, 0.46056291907096264, 0.14164918631428353, 0.30154046455135697, 0.6736429731410731, 0.4464161490583478, 0.16638517455893687, 0.007894969482732161, 0.6448058756807675, 0.6778346050860256, 0.7053655143797517, 0.8146806238367724, 0.7329736898924291, 0.6287847780869177], [0.0950272132047778, 0.616573976295208, 0.0, 0.20899978625612167, 0.43851415167223723, 0.1465960622124897, 0.27704872529535507, 0.6683809771394914, 0.4929636120499654, 0.15781417018716914, 0.008340296057933516, 0.6211511574468913, 0.6643877853018252, 0.7099758720651683, 0.8252712172076047, 0.7555128175666737, 0.6571111661792243], [-0.24199236920537937, 0.7493968695499923, 0.0, 0.17865754970338435, 0.49134414167868234, 0.140778153914741, 0.3028825057766859, 0.6749322652981362, 0.44444140799700005, 0.18465412700650607, 0.007448685839370306, 0.6311695656376317, 0.6662446471127108, 0.684236743433046, 0.814402753721685, 0.7304212164725477, 0.6407383292536231], [-0.4648801871147161, 0.7866937566462873, 0.0, 0.1506395392016469, 0.4983047020851995, 0.14092836216938395, 0.2404986410990652, 0.6716188861141879, 0.44668697691617587, 0.19659217721005473, 0.007671947615560004, 0.6419558517138255, 0.6755960561099418, 0.7033646688594898, 0.8085569336386966, 0.7185654171679035, 0.629148021070589], [-0.004806251309575682, 0.6985465737483144, 0.0, 0.19493308702454545, 0.46763076728818975, 0.14396017988811616, 0.2862749454447382, 0.670503140386371, 0.48942786673836713, 0.1776169380862327, 0.008451478759474051, 0.630244600710606, 0.6856876982401117, 0.7230457524065613, 0.8196164248097917, 0.7331034141798837, 0.6493735274950971], [-0.3992990207279079, 0.7932971893619688, 0.0, 0.17549106207400253, 0.5065514696239796, 0.1393685943797196, 0.2882216962425993, 0.6750688224624526, 0.44865899070619886, 0.19602413865528434, 0.007560346756364078, 0.6369325249211437, 0.6781921558404028, 0.7124930219997029, 0.8113938277109262, 0.7103925689095713, 0.6405753195811723], [0.1290199774713643, 0.8249343712540299, 0.0, 0.2795337675602558, 0.5162375229345315, 0.1350741335504538, 0.29373129735631026, 0.6776316399041706, 0.4164024758710021, 0.19652110669026257, 0.008062078829516484, 0.6153042033006881, 0.6547829270791999, 0.6870317940640528, 0.7988452440154454, 0.7093188168269843, 0.6146201534291555], [0.10832656210062153, 0.9939693718968764, 0.0, 0.2205313349542036, 0.5665009435621956, 0.12853080677928788, 0.39736251444840676, 0.6847095925509887, 0.3959392276337863, 0.22109633837327425, 0.007616154688146137, 0.6113385599904146, 0.6608597827092756, 0.6778835445059245, 0.7931202065088458, 0.7277971967726841, 0.611309143778955], [0.06391362663249422, 1.1095219598368755, 0.0, 0.238805773242248, 0.5983436323820268, 0.12560564355560255, 0.3926040917495797, 0.6867110105768743, 0.3682790714345725, 0.23744743297758286, 0.007057398507269275, 0.604099594239536, 0.6587722530925265, 0.6866002002385255, 0.7854668300509673, 0.7139621315931896, 0.5809916091213931]], "features_2": [[-0.2455550667799753, 0.7057833364442436, 0.0, 0.21378233257110585, 0.47580563634091805, 0.1387160818582631, 0.3796916686642007, 0.6777587688317956, 0.4342559395184944, 0.1742801038121189, 0.007950687539111767, 0.6394945277623898, 0.6987933515729323, 0.7151147832545686, 0.8161369750572973, 0.7456957660883353, 0.6124571940895487], [-0.3054031062022764, 0.8268249764731831, 0.0, 0.18995818326030628, 0.5144637672999678, 0.13569539415906662, 0.428719889629145, 0.6812214418693665, 0.4122152827099359, 0.1972309012298057, 0.007504523810135222, 0.6308544590999472, 0.6913628581598108, 0.7080930142443432, 0.811406368061261, 0.7256790277879855, 0.5856987340034138], [-0.1792669466846597, 0.8412364565195944, 0.0, 0.2059507566985386, 0.515058484499614, 0.1388876185147796, 0.36337602943576075, 0.6771636637791748, 0.4317596342882426, 0.20451921853003485, 0.00783923647221818, 0.6244777349208204, 0.6888073285692015, 0.7133274861928571, 0.8142449197339467, 0.7232333932674557, 0.6143939413476254], [-0.15399186943531928, 0.7619889515949988, 0.0, 0.19924423302824734, 0.48915612904683337, 0.14181501714409006, 0.33046920430959403, 0.6738663758299765, 0.4462504418858353, 0.18968844171136912, 0.007894969482732161, 0.6302759394290982, 0.6882054530008214, 0.7188965097753307, 0.819502511094888, 0.7340701705534491, 0.6311985725621309], [-0.2094323647782237, 0.9115320177003445, 0.0, 0.20102778241313324, 0.5454564968490666, 0.12942437941153065, 0.4880221491717286, 0.6862425008707151, 0.3759695864114341, 0.20680783181122409, 0.007504523810135222, 0.6271540434123017, 0.6792089460555627, 0.6906476725823175, 0.801779447344431, 0.7287118280754218, 0.5731818936952798], [-0.1707300947518866, 0.8989405849327886, 0.0, 0.19724405537327738, 0.5308537545732265, 0.13685936664815312, 0.3746683949702067, 0.6790799180389675, 0.41850238531190254, 0.21369933625878468, 0.007616154688146137, 0.6230211195646911, 0.6820366984378541, 0.7092875546191753, 0.8100040271627656, 0.7470469825753339, 0.6079520445004979], [0.19263902636365549, 0.7784544107414221, 0.0, 0.23518082648124675, 0.48400552754810466, 0.14673610563399203, 0.2601188295467104, 0.6670970176781638, 0.4910160644588364, 0.19901924958132144, 0.008784670673857464, 0.6301812406005554, 0.6708099596260924, 0.7053403048051703, 0.8208021431265167, 0.7435867057332646, 0.6330784337554484], [-0.17578256424115413, 1.0715637428285059, 0.0, 0.25611381642016523, 0.5924772191965603, 0.11792888592922927, 0.4543132060031837, 0.690789804420505, 0.30359457493329245, 0.21989671921222675, 0.00683347364535547, 0.6121022606508468, 0.6581873753497792, 0.6646421188814764, 0.7681935388986094, 0.6936878668910509, 0.5467447317862354], [-0.16334838723125955, 0.8936401124998689, 0.0, 0.20293979398524015, 0.5393888383162863, 0.1265810953908973, 0.42696459796118374, 0.6866359509390456, 0.35779776571325916, 0.19954184709967682, 0.00716927026363523, 0.6087738915786098, 0.6652923185223729, 0.7007362228233021, 0.7904314202184901, 0.7129202751769966, 0.5814729926127753]]}