{"labels_1": ["1", "2", "3", "4", "5", "6", "7", "8", "9"], "labels_2": ["1", "2", "3", "4", "5", "6", "7", "8", "9"], "adj_matrix_1": [[0.0, 0.38699, 0.19785, 0.06759, 0.27441, 0.27114, 0.37467, 0.30024, 0.3393], [0.38699, 0.0, 0.30794, 0.3666, 0.25261, 0.2554, 0.10257, 0.22696, 0.17693], [0.19785, 0.30794, 0.0, 0.13463, 0.09118, 0.087, 0.24961, 0.12546, 0.18318], [0.06759, 0.3666, 0.13463, 0.0, 0.21775, 0.21414, 0.33933, 0.24705, 0.29317], [0.27441, 0.25261, 0.09118, 0.21775, 0.0, 0.0043, 0.17496, 0.0357, 0.09808], [0.27114, 0.2554, 0.087, 0.21414, 0.0043, 0.0, 0.17869, 0.03999, 0.10226], [0.37467, 0.10257, 0.24961, 0.33933, 0.17496, 0.17869, 0.0, 0.14304, 0.0831], [0.30024, 0.22696, 0.12546, 0.24705, 0.0357, 0.03999, 0.14304, 0.0, 0.06333], [0.3393, 0.17693, 0.18318, 0.29317, 0.09808, 0.10226, 0.0831, 0.06333, 0.0]], "adj_matrix_2": [[0.0, 0.34604, 0.13954, 0.12154, 0.38962, 0.19082, 0.197, 0.34153, 0.07003], [0.34604, 0.0, 0.27823, 0.34814, 0.12266, 0.23426, 0.31129, 0.0095, 0.32066], [0.13954, 0.27823, 0.0, 0.23354, 0.35903, 0.05958, 0.27182, 0.27113, 0.07343], [0.12154, 0.34814, 0.23354, 0.0, 0.35884, 0.26835, 0.0954, 0.34638, 0.18088], [0.38962, 0.12266, 0.35903, 0.35884, 0.0, 0.32791, 0.30179, 0.13179, 0.38325], [0.19082, 0.23426, 0.05958, 0.26835, 0.32791, 0.0, 0.29023, 0.22629, 0.13029], [0.197, 0.31129, 0.27182, 0.0954, 0.30179, 0.29023, 0.0, 0.31129, 0.23907], [0.34153, 0.0095, 0.27113, 0.34638, 0.13179, 0.22629, 0.31129, 0.0, 0.31504], [0.07003, 0.32066, 0.07343, 0.18088, 0.38325, 0.13029, 0.23907, 0.31504, 0.0]], "features_1": [[-0.38471817932201224, 0.6642505815645539, 0.0, 0.16100212720394302, 0.46056291907096264, 0.14164918631428353, 0.30154046455135697, 0.6736429731410731, 0.4464161490583478, 0.16638517455893687, 0.007894969482732161, 0.6448058756807675, 0.6778346050860256, 0.7053655143797517, 0.8146806238367724, 0.7329736898924291, 0.6287847780869177], [0.0950272132047778, 0.616573976295208, 0.0, 0.20899978625612167, 0.43851415167223723, 0.1465960622124897, 0.27704872529535507, 0.6683809771394914, 0.4929636120499654, 0.15781417018716914, 0.008340296057933516, 0.6211511574468913, 0.6643877853018252, 0.7099758720651683, 0.8252712172076047, 0.7555128175666737, 0.6571111661792243], [-0.24199236920537937, 0.7493968695499923, 0.0, 0.17865754970338435, 0.49134414167868234, 0.140778153914741, 0.3028825057766859, 0.6749322652981362, 0.44444140799700005, 0.18465412700650607, 0.007448685839370306, 0.6311695656376317, 0.6662446471127108, 0.684236743433046, 0.814402753721685, 0.7304212164725477, 0.6407383292536231], [-0.4648801871147161, 0.7866937566462873, 0.0, 0.1506395392016469, 0.4983047020851995, 0.14092836216938395, 0.2404986410990652, 0.6716188861141879, 0.44668697691617587, 0.19659217721005473, 0.007671947615560004, 0.6419558517138255, 0.6755960561099418, 0.7033646688594898, 0.8085569336386966, 0.7185654171679035, 0.629148021070589], [-0.004806251309575682, 0.6985465737483144, 0.0, 0.19493308702454545, 0.46763076728818975, 0.14396017988811616, 0.2862749454447382, 0.670503140386371, 0.48942786673836713, 0.1776169380862327, 0.008451478759474051, 0.630244600710606, 0.6856876982401117, 0.7230457524065613, 0.8196164248097917, 0.7331034141798837, 0.6493735274950971], [-0.3992990207279079, 0.7932971893619688, 0.0, 0.17549106207400253, 0.5065514696239796, 0.1393685943797196, 0.2882216962425993, 0.6750688224624526, 0.44865899070619886, 0.19602413865528434, 0.007560346756364078, 0.6369325249211437, 0.6781921558404028, 0.7124930219997029, 0.8113938277109262, 0.7103925689095713, 0.6405753195811723], [0.1290199774713643, 0.8249343712540299, 0.0, 0.2795337675602558, 0.5162375229345315, 0.1350741335504538, 0.29373129735631026, 0.6776316399041706, 0.4164024758710021, 0.19652110669026257, 0.008062078829516484, 0.6153042033006881, 0.6547829270791999, 0.6870317940640528, 0.7988452440154454, 0.7093188168269843, 0.6146201534291555], [0.10832656210062153, 0.9939693718968764, 0.0, 0.2205313349542036, 0.5665009435621956, 0.12853080677928788, 0.39736251444840676, 0.6847095925509887, 0.3959392276337863, 0.22109633837327425, 0.007616154688146137, 0.6113385599904146, 0.6608597827092756, 0.6778835445059245, 0.7931202065088458, 0.7277971967726841, 0.611309143778955], [0.06391362663249422, 1.1095219598368755, 0.0, 0.238805773242248, 0.5983436323820268, 0.12560564355560255, 0.3926040917495797, 0.6867110105768743, 0.3682790714345725, 0.23744743297758286, 0.007057398507269275, 0.604099594239536, 0.6587722530925265, 0.6866002002385255, 0.7854668300509673, 0.7139621315931896, 0.5809916091213931]], "features_2": [[0.056926774436183436, 0.8360331468872388, 0.0, 0.2284860914275273, 0.5046233259080881, 0.14360568944276936, 0.19903742441220587, 0.6638474409287474, 0.4635455747630117, 0.20609843451306387, 0.008006390651371653, 0.6250808368932894, 0.6461685033206325, 0.6683051797458558, 0.8010232759703617, 0.7207688964868403, 0.6460662981118312], [-0.3260513743334732, 0.748621816933611, 0.0, 0.2422836432372922, 0.49298060189689374, 0.1385629496963433, 0.3598272763688094, 0.6743319911945924, 0.44005842911060267, 0.18452511922440196, 0.008006390651371653, 0.6382095291449486, 0.6681147971296532, 0.697189074726947, 0.8057853833073257, 0.7022978766296949, 0.6437008528433544], [-0.18558835425242037, 0.9117408651900241, 0.0, 0.2051758467101772, 0.5293336239620351, 0.14305406742659482, 0.24199575094234546, 0.6668861143965736, 0.464738568165195, 0.22482664692185006, 0.00822905385914674, 0.63440662951684, 0.6619153373913306, 0.6914306875051108, 0.8061891836977894, 0.7291791157627356, 0.6514007424570374], [0.08355288141807993, 0.9438601580988116, 0.0, 0.21341779380148126, 0.5275074402245173, 0.14692367701377212, 0.13830354403473777, 0.6573984497339891, 0.4903034856081434, 0.23667170190497733, 0.008562602043175715, 0.6258745211129135, 0.650263776076575, 0.6725104057952376, 0.8012268967938679, 0.7158491212622359, 0.6420252293327804], [-0.584299471811268, 0.7790850063970169, 0.0, 0.24050639409578908, 0.5104942195250157, 0.13370769182776657, 0.41556750848351387, 0.6814144629310722, 0.41706176311538434, 0.18929191337228213, 0.007783488497544067, 0.6460225777060185, 0.682897981174541, 0.708377815020528, 0.805177149537395, 0.7142160775447269, 0.6208946482944091], [-0.028457188723232996, 0.9031722178069218, 0.0, 0.28422130766312365, 0.5281869051424832, 0.14315769204873494, 0.23071455965363513, 0.666988876072176, 0.46830266459773306, 0.22239474434748496, 0.007894969482732161, 0.6275662729420171, 0.6472538385400101, 0.6792423027245021, 0.8080961892808496, 0.7146688914296715, 0.6520610718975443], [0.27626922415683186, 0.9603608910945348, 0.0, 0.2347210634403895, 0.5351244677687773, 0.14349476148751078, 0.17990846437095342, 0.6648355981503999, 0.4724647681917291, 0.23649826574430644, 0.008451478759474051, 0.6075202438729981, 0.6492384566019157, 0.6927873518345342, 0.8011620529760308, 0.7281447287396852, 0.6364329346703677], [-0.21389356403641413, 0.9967386349638682, 0.0, 0.28620083490096354, 0.5686476119780353, 0.12775982866691601, 0.3572390397491027, 0.6849174748067877, 0.3827942938587603, 0.22148308494251578, 0.007281081678807366, 0.6274105061553417, 0.669370163359678, 0.6774108637336392, 0.7876222468124242, 0.698724753649594, 0.5787808127077549], [-0.04342106314639116, 1.067770288174518, 0.0, 0.29016322252260096, 0.5762675907343254, 0.1309669717402755, 0.2884216449958636, 0.6812252386711668, 0.3937610939912646, 0.2383274743449959, 0.007392832833969631, 0.6131624315473392, 0.668439482240502, 0.6930791325180016, 0.7881266301753274, 0.721772608803049, 0.594410966122191]]}