{"labels_1": ["1", "2", "3", "4", "5", "6", "7", "8", "9"], "labels_2": ["1", "2", "3", "4", "5", "6", "7", "8", "9"], "adj_matrix_1": [[0.0, 0.15364, 0.02386, 0.28616, 0.04569, 0.22956, 0.06061, 0.28735, 0.2592], [0.15364, 0.0, 0.1324, 0.16847, 0.11212, 0.286, 0.09779, 0.17028, 0.13083], [0.02386, 0.1324, 0.0, 0.27256, 0.02196, 0.24135, 0.03704, 0.27389, 0.24356], [0.28616, 0.16847, 0.27256, 0.0, 0.25855, 0.29914, 0.24818, 0.00204, 0.04087], [0.04569, 0.11212, 0.02196, 0.25855, 0.0, 0.25117, 0.01515, 0.25995, 0.22783], [0.22956, 0.286, 0.24135, 0.29914, 0.25117, 0.0, 0.25731, 0.29894, 0.29932], [0.06061, 0.09779, 0.03704, 0.24818, 0.01515, 0.25731, 0.0, 0.24964, 0.21634], [0.28735, 0.17028, 0.27389, 0.00204, 0.25995, 0.29894, 0.24964, 0.0, 0.0429], [0.2592, 0.13083, 0.24356, 0.04087, 0.22783, 0.29932, 0.21634, 0.0429, 0.0]], "adj_matrix_2": [[0.0, 0.16857, 0.03557, 0.09964, 0.19322, 0.01335, 0.18845, 0.15582, 0.19541], [0.16857, 0.0, 0.14597, 0.09253, 0.11152, 0.16048, 0.22545, 0.02237, 0.22514], [0.03557, 0.14597, 0.0, 0.06695, 0.18851, 0.02233, 0.20814, 0.13042, 0.21395], [0.09964, 0.09253, 0.06695, 0.0, 0.16854, 0.08768, 0.23058, 0.07246, 0.23379], [0.19322, 0.11152, 0.18851, 0.16854, 0.0, 0.19174, 0.16735, 0.1277, 0.16449], [0.01335, 0.16048, 0.02233, 0.08768, 0.19174, 0.0, 0.19644, 0.14676, 0.20307], [0.18845, 0.22545, 0.20814, 0.23058, 0.16735, 0.19644, 0.0, 0.23055, 0.01089], [0.15582, 0.02237, 0.13042, 0.07246, 0.1277, 0.14676, 0.23055, 0.0, 0.23109], [0.19541, 0.22514, 0.21395, 0.23379, 0.16449, 0.20307, 0.01089, 0.23109, 0.0]], "features_1": [[0.09126029532533586, 0.8641089625099209, 0.0, 0.26157004652860455, 0.5358027619392114, 0.13100296436217637, 0.35814995763220664, 0.6828658349499961, 0.3848795257105486, 0.1978020742665909, 0.007671947615560004, 0.6071041595786348, 0.6411074155089783, 0.6691212250916901, 0.7954857376727845, 0.7018956150496971, 0.6076360547380107], [-0.12581685003091536, 0.8951801020824679, 0.0, 0.27551950808212416, 0.5474397034255079, 0.13009540796883312, 0.39515533008164994, 0.6843180303030201, 0.3830603867374256, 0.20407459771706704, 0.007448685839370306, 0.6128169125048841, 0.6695271107439339, 0.6849008973744738, 0.7960315620782629, 0.6933336523824208, 0.5952232799766412], [0.21276264750149831, 0.9595901276480239, 0.0, 0.2603677326139055, 0.563891792253721, 0.13167974688551906, 0.4090557545264403, 0.6836207085390629, 0.39158999375542836, 0.21562113691663343, 0.007448685839370306, 0.6076848424929071, 0.6720171193500662, 0.6985387051241994, 0.802835244716718, 0.697392415111228, 0.6199991665547863], [-0.04400477395267366, 0.9280921958930568, 0.0, 0.22195724261727645, 0.5462821854656389, 0.13522926586869125, 0.34588605287844415, 0.679464863158921, 0.4086335619436372, 0.2164118376335904, 0.007560346756364078, 0.6263895645490454, 0.6767263800583139, 0.7015256079504153, 0.805189348114815, 0.7126778468195055, 0.6355120309852048], [0.154936940032536, 0.8838843314042727, 0.0, 0.22309840076482873, 0.5368034952404332, 0.13365379203128935, 0.32715928197977034, 0.6803021983926968, 0.38770117619008637, 0.2036341367786969, 0.007225183508792421, 0.6023632089462878, 0.6486156867875681, 0.6755983431128952, 0.7981358536307579, 0.7180488557539644, 0.6185982578933842], [0.24316068457405837, 0.9539357078158789, 0.0, 0.2316484363865404, 0.5579114258787563, 0.1353672699197183, 0.3547087208882978, 0.6795063686521259, 0.39722752204600864, 0.21747353836728078, 0.007783488497544067, 0.5993313069004547, 0.6566821643781666, 0.6789465020865888, 0.806633499262411, 0.6943210910093608, 0.6427234010084321], [0.16623114731469268, 0.849406116059871, 0.0, 0.24023104636923506, 0.5212719348270418, 0.13793689734504494, 0.36610936683599105, 0.6782497238156766, 0.4191243670340834, 0.20238927143103003, 0.008006390651371653, 0.6103765018113663, 0.6821809062499075, 0.7009809854763825, 0.813375811003868, 0.7333683524240597, 0.6343396326784385], [-0.31640175289828854, 0.9979837453956399, 0.0, 0.2522443771008355, 0.5611354544474745, 0.12797494084314268, 0.2768277864700323, 0.683244577710159, 0.36077396563832353, 0.22354309907961056, 0.007336964783822175, 0.6301864236347567, 0.6553928009900095, 0.67134498165526, 0.7790481163213772, 0.7048228932759227, 0.6037162900276479], [0.05675864505763073, 0.9207919040801895, 0.0, 0.26140291178407604, 0.5348357260837565, 0.13299896495181882, 0.24272260430841328, 0.6781633514060502, 0.3931062584642029, 0.21339749494516402, 0.007336964783822175, 0.6223526640859038, 0.6634949385043839, 0.6918639601765189, 0.7877383313091225, 0.7292101536442397, 0.6249255792790711]], "features_2": [[0.487913443782769, 0.7024945372645623, 0.0, 0.15845209795459322, 0.4737971480300568, 0.14333296088943623, 0.2552392504185569, 0.6697591476346992, 0.4472599715130301, 0.174933251202543, 0.008284682400665488, 0.5947484486872696, 0.6577454721571134, 0.6817257770919649, 0.8132415016608382, 0.7404598824290081, 0.6425724734743923], [0.7967458202960667, 0.7230422673287783, 0.0, 0.19432617016159506, 0.47533748495964456, 0.14505929107958868, 0.2130103595431926, 0.66565201098765, 0.4792975611656676, 0.1835822365885742, 0.00839589484089287, 0.5866520365703152, 0.6782325126596762, 0.7122496858707988, 0.8089611913434728, 0.7286198254297838, 0.6390725541106534], [0.34219428863389245, 0.8385205587476499, 0.0, 0.1705881225787173, 0.5129882111894637, 0.14335177133963553, 0.2181737996814576, 0.668014748060922, 0.45175930195248526, 0.20567023771648918, 0.008284682400665488, 0.5964870601396259, 0.6751273860600842, 0.7019463915233944, 0.8075424392200251, 0.7118798097686255, 0.6377878460177504], [0.39111437629748247, 0.8116564419751635, 0.0, 0.1818449986724187, 0.5041116345330093, 0.14502524601332328, 0.241451288359206, 0.6676062781705043, 0.4569037221226744, 0.20267123218770688, 0.008173410423425675, 0.5967876111219566, 0.6798695589964555, 0.7214414457678988, 0.8161639705984606, 0.7460121889670317, 0.6471697236636096], [0.9585586782035587, 0.7575535995156015, 0.0, 0.1954315313316475, 0.48702503804602704, 0.14280133778085743, 0.2354094257320895, 0.6692050882937585, 0.4529816111731646, 0.18752950194067397, 0.007727725548673403, 0.5793639469041576, 0.6697752234860367, 0.7018456105486004, 0.8072088361441894, 0.7109142743630095, 0.6404368740327534], [0.286236730348715, 0.8859594483548107, 0.0, 0.2037976382049761, 0.5282679387957002, 0.14069345772585973, 0.2418609101157621, 0.6718459458854662, 0.4291307350859428, 0.21219793857150804, 0.007504523810135222, 0.5954435191232217, 0.6667464767564358, 0.6985598209538811, 0.8047046559311641, 0.7222060794913057, 0.6371342553118065], [0.08152335214134743, 0.7894588553189761, 0.0, 0.1814165877128925, 0.5059782691012202, 0.1396396782669051, 0.3005574707556796, 0.6749880507354361, 0.42751829581325196, 0.19116660809311514, 0.00783923647221818, 0.6106773298171362, 0.6785105210664518, 0.7235896794673053, 0.8115507223904073, 0.7340127391319031, 0.6384411396333619], [0.6753252591431482, 0.8765100868207873, 0.0, 0.1893988203054209, 0.5290218896431644, 0.1312553307259458, 0.23960831967656304, 0.6797714315555125, 0.3790690695365102, 0.20098696587744702, 0.007616154688146137, 0.5737628964053254, 0.6327332237680072, 0.6728556927469203, 0.7829179505269741, 0.713517033681537, 0.6091756686630023], [0.10017452987995634, 0.9302137377449411, 0.0, 0.16251414682435134, 0.5482735798121964, 0.1279755795275537, 0.2888681519917249, 0.6834468521068526, 0.3567334974032188, 0.2076148311689372, 0.007057398507269275, 0.5937035874646392, 0.6592213536743451, 0.6937981798668372, 0.7812844941640757, 0.6928969363401984, 0.5953175355117637]]}