{"labels_1": ["1", "2", "3", "4", "5", "6", "7", "8", "9"], "labels_2": ["1", "2", "3", "4", "5", "6", "7", "8", "9"], "adj_matrix_1": [[0.0, 0.15364, 0.02386, 0.28616, 0.04569, 0.22956, 0.06061, 0.28735, 0.2592], [0.15364, 0.0, 0.1324, 0.16847, 0.11212, 0.286, 0.09779, 0.17028, 0.13083], [0.02386, 0.1324, 0.0, 0.27256, 0.02196, 0.24135, 0.03704, 0.27389, 0.24356], [0.28616, 0.16847, 0.27256, 0.0, 0.25855, 0.29914, 0.24818, 0.00204, 0.04087], [0.04569, 0.11212, 0.02196, 0.25855, 0.0, 0.25117, 0.01515, 0.25995, 0.22783], [0.22956, 0.286, 0.24135, 0.29914, 0.25117, 0.0, 0.25731, 0.29894, 0.29932], [0.06061, 0.09779, 0.03704, 0.24818, 0.01515, 0.25731, 0.0, 0.24964, 0.21634], [0.28735, 0.17028, 0.27389, 0.00204, 0.25995, 0.29894, 0.24964, 0.0, 0.0429], [0.2592, 0.13083, 0.24356, 0.04087, 0.22783, 0.29932, 0.21634, 0.0429, 0.0]], "adj_matrix_2": [[0.0, 0.16559, 0.13058, 0.04836, 0.28154, 0.19566, 0.13994, 0.16586, 0.1764], [0.16559, 0.0, 0.03976, 0.20551, 0.23196, 0.03731, 0.2735, 0.00031, 0.29783], [0.13058, 0.03976, 0.0, 0.17371, 0.24869, 0.07639, 0.2491, 0.04008, 0.27694], [0.04836, 0.20551, 0.17371, 0.0, 0.28544, 0.23216, 0.09407, 0.20584, 0.13244], [0.28154, 0.23196, 0.24869, 0.28544, 0.0, 0.21254, 0.28528, 0.2317, 0.2825], [0.19566, 0.03731, 0.07639, 0.23216, 0.21254, 0.0, 0.29242, 0.03701, 0.31334], [0.13994, 0.2735, 0.2491, 0.09407, 0.28528, 0.29242, 0.0, 0.27381, 0.04008], [0.16586, 0.00031, 0.04008, 0.20584, 0.2317, 0.03701, 0.27381, 0.0, 0.29817], [0.1764, 0.29783, 0.27694, 0.13244, 0.2825, 0.31334, 0.04008, 0.29817, 0.0]], "features_1": [[0.09126029532533586, 0.8641089625099209, 0.0, 0.26157004652860455, 0.5358027619392114, 0.13100296436217637, 0.35814995763220664, 0.6828658349499961, 0.3848795257105486, 0.1978020742665909, 0.007671947615560004, 0.6071041595786348, 0.6411074155089783, 0.6691212250916901, 0.7954857376727845, 0.7018956150496971, 0.6076360547380107], [-0.12581685003091536, 0.8951801020824679, 0.0, 0.27551950808212416, 0.5474397034255079, 0.13009540796883312, 0.39515533008164994, 0.6843180303030201, 0.3830603867374256, 0.20407459771706704, 0.007448685839370306, 0.6128169125048841, 0.6695271107439339, 0.6849008973744738, 0.7960315620782629, 0.6933336523824208, 0.5952232799766412], [0.21276264750149831, 0.9595901276480239, 0.0, 0.2603677326139055, 0.563891792253721, 0.13167974688551906, 0.4090557545264403, 0.6836207085390629, 0.39158999375542836, 0.21562113691663343, 0.007448685839370306, 0.6076848424929071, 0.6720171193500662, 0.6985387051241994, 0.802835244716718, 0.697392415111228, 0.6199991665547863], [-0.04400477395267366, 0.9280921958930568, 0.0, 0.22195724261727645, 0.5462821854656389, 0.13522926586869125, 0.34588605287844415, 0.679464863158921, 0.4086335619436372, 0.2164118376335904, 0.007560346756364078, 0.6263895645490454, 0.6767263800583139, 0.7015256079504153, 0.805189348114815, 0.7126778468195055, 0.6355120309852048], [0.154936940032536, 0.8838843314042727, 0.0, 0.22309840076482873, 0.5368034952404332, 0.13365379203128935, 0.32715928197977034, 0.6803021983926968, 0.38770117619008637, 0.2036341367786969, 0.007225183508792421, 0.6023632089462878, 0.6486156867875681, 0.6755983431128952, 0.7981358536307579, 0.7180488557539644, 0.6185982578933842], [0.24316068457405837, 0.9539357078158789, 0.0, 0.2316484363865404, 0.5579114258787563, 0.1353672699197183, 0.3547087208882978, 0.6795063686521259, 0.39722752204600864, 0.21747353836728078, 0.007783488497544067, 0.5993313069004547, 0.6566821643781666, 0.6789465020865888, 0.806633499262411, 0.6943210910093608, 0.6427234010084321], [0.16623114731469268, 0.849406116059871, 0.0, 0.24023104636923506, 0.5212719348270418, 0.13793689734504494, 0.36610936683599105, 0.6782497238156766, 0.4191243670340834, 0.20238927143103003, 0.008006390651371653, 0.6103765018113663, 0.6821809062499075, 0.7009809854763825, 0.813375811003868, 0.7333683524240597, 0.6343396326784385], [-0.31640175289828854, 0.9979837453956399, 0.0, 0.2522443771008355, 0.5611354544474745, 0.12797494084314268, 0.2768277864700323, 0.683244577710159, 0.36077396563832353, 0.22354309907961056, 0.007336964783822175, 0.6301864236347567, 0.6553928009900095, 0.67134498165526, 0.7790481163213772, 0.7048228932759227, 0.6037162900276479], [0.05675864505763073, 0.9207919040801895, 0.0, 0.26140291178407604, 0.5348357260837565, 0.13299896495181882, 0.24272260430841328, 0.6781633514060502, 0.3931062584642029, 0.21339749494516402, 0.007336964783822175, 0.6223526640859038, 0.6634949385043839, 0.6918639601765189, 0.7877383313091225, 0.7292101536442397, 0.6249255792790711]], "features_2": [[0.009002748814692207, 0.8707778608546131, 0.0, 0.24606623144759612, 0.5228974613953847, 0.13544044333975697, 0.23900029107355678, 0.6737490985125927, 0.4037955748508226, 0.2028011984663627, 0.007783488497544067, 0.6210701610230744, 0.6368349975236004, 0.6555297946534556, 0.7771628960607947, 0.691687945999298, 0.6154424745656865], [0.3504285997935317, 0.857825633076221, 0.0, 0.25013130986839416, 0.5188148219445177, 0.13559283019739551, 0.22380665412611195, 0.6742305385133307, 0.41232433745065733, 0.20092504032045588, 0.008173410423425675, 0.6086682399760015, 0.6433571655191405, 0.6761875944189514, 0.784839966412194, 0.6947948027934449, 0.6135143084518965], [0.01936840767513237, 1.0171798660203082, 0.0, 0.23124586924478285, 0.5621585291914964, 0.13320014995206336, 0.22092776504371373, 0.6764623622158994, 0.3926290374742645, 0.2292286433412427, 0.007616154688146137, 0.6147254770033124, 0.6174022540222049, 0.6521851601743064, 0.7761203960798393, 0.6936581442486706, 0.6111141288299303], [-0.09909258385023145, 1.02129065880191, 0.0, 0.23907324281142744, 0.5616586245813949, 0.13395002060195013, 0.21688984989926183, 0.675687168524055, 0.39333705975887234, 0.231509237897773, 0.007727725548673403, 0.6189359608800848, 0.6341205820673497, 0.6653398942990781, 0.7761395691121404, 0.6880085210922654, 0.6139562964656374], [0.5133338618335803, 0.89396256719786, 0.0, 0.24930908350009934, 0.5303184711982862, 0.13351482830547287, 0.2421131525572811, 0.6773829597006229, 0.39677375361923484, 0.20525094717841919, 0.007727725548673403, 0.5961430637880445, 0.628896994783819, 0.6680964309294926, 0.7866152705383227, 0.7195260475606083, 0.6093892521211108], [0.08478899363840808, 1.0242168836025458, 0.0, 0.23746352435921333, 0.5690712910461077, 0.13105930629992563, 0.25193487859645386, 0.6801301320020429, 0.3848794848097208, 0.22779355118589506, 0.00716927026363523, 0.6129318895268927, 0.6479750957215211, 0.6621350202743728, 0.7815674222887721, 0.7054148545443055, 0.6104619039666153], [-0.12805177980804094, 1.0126039026708253, 0.0, 0.2248074844051883, 0.5684299858274887, 0.12759868579085631, 0.2628048495500728, 0.6832563493105073, 0.3554198481898929, 0.22135925478939922, 0.00716927026363523, 0.6207795445604614, 0.6449812406733199, 0.6692305082077054, 0.7725325180109747, 0.684931744871088, 0.5986350915906686], [0.0847855080835318, 0.9829040350552337, 0.0, 0.19658511061006906, 0.5619845840904757, 0.12711490631289524, 0.28096978321490196, 0.6838350431229908, 0.3512729751153547, 0.21398098700451706, 0.007057398507269275, 0.6016236298873285, 0.6439883541855681, 0.6669546131181849, 0.7783985200013169, 0.705478304533701, 0.598621189892391], [-0.18523103006562458, 1.068962326048775, 0.0, 0.24393703145499446, 0.5871555047742347, 0.12208308659717393, 0.2954453501504254, 0.6874279437085806, 0.328220943970984, 0.22532020315135282, 0.00716927026363523, 0.6149637556992991, 0.6557523616845369, 0.6740387218994314, 0.7664797788279214, 0.6941836189351936, 0.5855967593025911]]}