{"labels_1": ["1", "2", "3", "4", "5", "6", "7", "8", "9"], "labels_2": ["1", "2", "3", "4", "5", "6", "7", "8", "9"], "adj_matrix_1": [[0.0, 0.27539, 0.21846, 0.14976, 0.33423, 0.3409, 0.32497, 0.33099, 0.3317], [0.27539, 0.0, 0.07723, 0.15136, 0.22484, 0.1611, 0.09732, 0.23171, 0.11747], [0.21846, 0.07723, 0.0, 0.0782, 0.26823, 0.22179, 0.16776, 0.27241, 0.18541], [0.14976, 0.15136, 0.0782, 0.0, 0.30031, 0.27243, 0.23054, 0.30177, 0.24483], [0.33423, 0.22484, 0.26823, 0.30031, 0.0, 0.08845, 0.15206, 0.01251, 0.13362], [0.3409, 0.1611, 0.22179, 0.27243, 0.08845, 0.0, 0.07084, 0.10005, 0.04969], [0.32497, 0.09732, 0.16776, 0.23054, 0.15206, 0.07084, 0.0, 0.16201, 0.02164], [0.33099, 0.23171, 0.27241, 0.30177, 0.01251, 0.10005, 0.16201, 0.0, 0.14416], [0.3317, 0.11747, 0.18541, 0.24483, 0.13362, 0.04969, 0.02164, 0.14416, 0.0]], "adj_matrix_2": [[0.0, 0.10946, 0.01361, 0.21496, 0.11094, 0.07732, 0.23017, 0.089, 0.14994], [0.10946, 0.0, 0.09621, 0.11388, 0.00155, 0.03287, 0.13129, 0.02098, 0.04254], [0.01361, 0.09621, 0.0, 0.20308, 0.09773, 0.0639, 0.21863, 0.07566, 0.13714], [0.21496, 0.11388, 0.20308, 0.0, 0.11239, 0.14498, 0.01839, 0.13377, 0.07248], [0.11094, 0.00155, 0.09773, 0.11239, 0.0, 0.03442, 0.12983, 0.02253, 0.04101], [0.07732, 0.03287, 0.0639, 0.14498, 0.03442, 0.0, 0.16185, 0.01192, 0.07512], [0.23017, 0.13129, 0.21863, 0.01839, 0.12983, 0.16185, 0.0, 0.15086, 0.09043], [0.089, 0.02098, 0.07566, 0.13377, 0.02253, 0.01192, 0.15086, 0.0, 0.06337], [0.14994, 0.04254, 0.13714, 0.07248, 0.04101, 0.07512, 0.09043, 0.06337, 0.0]], "features_1": [[-8.063402573244005e-05, 0.8194981056957037, 0.0, 0.22515225738311206, 0.5105484946846582, 0.1349128831035431, 0.26480934237521864, 0.676280167394454, 0.41571017195507043, 0.19289460551884052, 0.007560346756364078, 0.6280199321555375, 0.6595596155987005, 0.6856155689918751, 0.7915674630551391, 0.7329433757681424, 0.6153801177743767], [0.26661225524373044, 0.9223621041396135, 0.0, 0.20057791475574693, 0.5314629057153538, 0.13608108003624045, 0.16955021583480773, 0.6720149440906005, 0.42239019403338807, 0.2166927989292058, 0.008117752083540042, 0.609605089203539, 0.6455619788425219, 0.6804675769894486, 0.7838619669901116, 0.7151476614978312, 0.6059806928554509], [0.1337000676311182, 0.9695806069360137, 0.0, 0.23347448589915518, 0.5490496087566593, 0.13421705604541648, 0.23761026370926075, 0.676182780901676, 0.4084768519315114, 0.2217790591665212, 0.007560346756364078, 0.6097872543495022, 0.6387816033373535, 0.6621627534199482, 0.7878138056363222, 0.7291367729707156, 0.6126927551248759], [0.02886730623493028, 0.9196235422918024, 0.0, 0.24040710099322626, 0.5358225142503512, 0.13511215800995974, 0.24973418411787662, 0.6757753216079794, 0.41319799279302827, 0.21348524868661833, 0.007783488497544067, 0.6179748910085587, 0.6677161222863822, 0.6882014089961589, 0.7924898646164061, 0.7324769585741818, 0.6173186113709938], [0.8748110821937449, 0.9393252102350411, 0.0, 0.23392607020246953, 0.5335952624464988, 0.13741067120881392, 0.16546559676831835, 0.6705592981005866, 0.42463298178097, 0.21762509021922694, 0.007894969482732161, 0.5912246409909352, 0.6360070143790013, 0.6619812438707338, 0.7867122070012617, 0.7138592547348909, 0.608745896977456], [0.3777272362244042, 1.0118840983008452, 0.0, 0.2480730754622168, 0.5599743002400807, 0.13371712080046166, 0.2184528930268911, 0.6764014706487357, 0.4023703378614676, 0.22798054914684518, 0.007448685839370306, 0.5952635423361223, 0.6383144178123835, 0.6683227706368998, 0.7856374057487652, 0.7207664842142437, 0.613005026391826], [0.6938410397390569, 0.9298324444416405, 0.0, 0.2764658770832972, 0.5385021465632864, 0.13337799694373514, 0.2585749735850314, 0.6777390478175531, 0.4043199686177792, 0.2122907808841754, 0.00783923647221818, 0.600968239914849, 0.6371895182374196, 0.6742920234738273, 0.7901712117466165, 0.7109757758490378, 0.6095297397772848], [0.9893380806151955, 1.0017061103091331, 0.0, 0.27808863814128215, 0.5628331550381975, 0.1281039219690852, 0.25507925989001945, 0.6823310003565912, 0.36232422722978974, 0.21464326663180988, 0.0069454663283523566, 0.5773942182185152, 0.6369001047208254, 0.6411832306507923, 0.7770874626068155, 0.7006974368950274, 0.5968181940316649], [0.40023101426824104, 1.0775957578307749, 0.0, 0.28615420958577553, 0.5877038066695026, 0.12057482310352889, 0.29624876639657316, 0.6881718038698441, 0.32082450433478815, 0.2213947672669876, 0.0069454663283523566, 0.5909104209508054, 0.6373239501264706, 0.6578930658861216, 0.7618060189876443, 0.694840236875692, 0.5608856872011617]], "features_2": [[-0.2130723940128374, 0.7720694378826604, 0.0, 0.18232935323456986, 0.473153878652347, 0.14692184693808102, 0.19126731444846926, 0.660001803182222, 0.48859365325905024, 0.20016259213871956, 0.008451478759474051, 0.6500027112122924, 0.665658157951231, 0.6925557270457348, 0.8055972510472764, 0.7369431419103689, 0.6212802862450248], [-0.2975078618056952, 0.8360286520159974, 0.0, 0.17729866441125774, 0.4857318829644832, 0.15238910747369747, 0.16877600048628735, 0.6517073654041565, 0.5300842284588503, 0.2225869243899441, 0.008895616178821175, 0.6482088871386553, 0.6696950287929405, 0.7021997932057878, 0.8100670845570191, 0.7140882407354856, 0.6302823623932338], [-0.2261076472076815, 0.9116415736967913, 0.0, 0.19936517454031238, 0.5126737043732262, 0.14660997820268717, 0.21757118048355722, 0.6609436218299202, 0.4892160144291353, 0.2318635203902395, 0.008451478759474051, 0.6462265671602823, 0.6717777117931014, 0.6906980747896267, 0.8039209772222848, 0.7186089203137481, 0.6240535293773691], [-0.027610683114736023, 0.8576909166686767, 0.0, 0.2078613704511192, 0.5003654335844375, 0.14553573325586208, 0.23330772038684416, 0.6634863732440877, 0.47431996739049387, 0.2183404395205768, 0.008117752083540042, 0.6332450968856493, 0.6720698875546267, 0.6987952336244826, 0.8083370505311801, 0.7266443380712726, 0.6233784823946651], [-0.3767589084969134, 0.9022772265171688, 0.0, 0.1882126834824025, 0.5069515572702267, 0.15009036317792743, 0.23887756565988383, 0.6566637013896047, 0.5021713218678274, 0.23511126264061288, 0.008673665988278678, 0.6503447998549075, 0.6746653504879561, 0.7135470010658712, 0.8067652502741399, 0.7140860495627269, 0.6328304240328027], [-0.2832366151897183, 0.9732315677784953, 0.0, 0.21794310747009296, 0.5334119226758653, 0.14383069255455766, 0.28137325163024085, 0.6667905988585521, 0.47074263023596075, 0.24226834717884138, 0.008673665988278678, 0.6459237300762664, 0.666956643044335, 0.704647728998114, 0.8041760424336155, 0.7199332756803043, 0.6265825056463524], [-0.12058347745135478, 0.9160288385214204, 0.0, 0.23840127870209152, 0.5132361106253085, 0.14706825599019194, 0.30601537682742685, 0.6631112183551235, 0.4688981263631138, 0.2312361095321065, 0.008562602043175715, 0.643033408100409, 0.6781403535396147, 0.7070500857289367, 0.809203070009575, 0.7319220564804138, 0.6290341932467451], [-0.14136302877095153, 1.041559328267112, 0.0, 0.23787085003061523, 0.5555624452673195, 0.13651939530355287, 0.46321464832926224, 0.6761241830868171, 0.40156458594722766, 0.2408681201247198, 0.007783488497544067, 0.6271181545609892, 0.6542706072802925, 0.6849427841649569, 0.7888980948910448, 0.7211734792236011, 0.5977714478592251], [-0.11669051853722134, 1.0503820523873522, 0.0, 0.26103989685026596, 0.5596251356479435, 0.13526976372690913, 0.46335869056175694, 0.6779344481084411, 0.3907995799133426, 0.2386994617924616, 0.007894969482732161, 0.6294745959903159, 0.6545027197445482, 0.6460666492359569, 0.7900594970942207, 0.7106493037702195, 0.600317814120923]]}