{"labels_1": ["1", "2", "3", "4", "5", "6", "7", "8", "9"], "labels_2": ["1", "2", "3", "4", "5", "6", "7", "8", "9"], "adj_matrix_1": [[0.0, 0.27539, 0.21846, 0.14976, 0.33423, 0.3409, 0.32497, 0.33099, 0.3317], [0.27539, 0.0, 0.07723, 0.15136, 0.22484, 0.1611, 0.09732, 0.23171, 0.11747], [0.21846, 0.07723, 0.0, 0.0782, 0.26823, 0.22179, 0.16776, 0.27241, 0.18541], [0.14976, 0.15136, 0.0782, 0.0, 0.30031, 0.27243, 0.23054, 0.30177, 0.24483], [0.33423, 0.22484, 0.26823, 0.30031, 0.0, 0.08845, 0.15206, 0.01251, 0.13362], [0.3409, 0.1611, 0.22179, 0.27243, 0.08845, 0.0, 0.07084, 0.10005, 0.04969], [0.32497, 0.09732, 0.16776, 0.23054, 0.15206, 0.07084, 0.0, 0.16201, 0.02164], [0.33099, 0.23171, 0.27241, 0.30177, 0.01251, 0.10005, 0.16201, 0.0, 0.14416], [0.3317, 0.11747, 0.18541, 0.24483, 0.13362, 0.04969, 0.02164, 0.14416, 0.0]], "adj_matrix_2": [[0.0, 0.34604, 0.13954, 0.12154, 0.38962, 0.19082, 0.197, 0.34153, 0.07003], [0.34604, 0.0, 0.27823, 0.34814, 0.12266, 0.23426, 0.31129, 0.0095, 0.32066], [0.13954, 0.27823, 0.0, 0.23354, 0.35903, 0.05958, 0.27182, 0.27113, 0.07343], [0.12154, 0.34814, 0.23354, 0.0, 0.35884, 0.26835, 0.0954, 0.34638, 0.18088], [0.38962, 0.12266, 0.35903, 0.35884, 0.0, 0.32791, 0.30179, 0.13179, 0.38325], [0.19082, 0.23426, 0.05958, 0.26835, 0.32791, 0.0, 0.29023, 0.22629, 0.13029], [0.197, 0.31129, 0.27182, 0.0954, 0.30179, 0.29023, 0.0, 0.31129, 0.23907], [0.34153, 0.0095, 0.27113, 0.34638, 0.13179, 0.22629, 0.31129, 0.0, 0.31504], [0.07003, 0.32066, 0.07343, 0.18088, 0.38325, 0.13029, 0.23907, 0.31504, 0.0]], "features_1": [[-8.063402573244005e-05, 0.8194981056957037, 0.0, 0.22515225738311206, 0.5105484946846582, 0.1349128831035431, 0.26480934237521864, 0.676280167394454, 0.41571017195507043, 0.19289460551884052, 0.007560346756364078, 0.6280199321555375, 0.6595596155987005, 0.6856155689918751, 0.7915674630551391, 0.7329433757681424, 0.6153801177743767], [0.26661225524373044, 0.9223621041396135, 0.0, 0.20057791475574693, 0.5314629057153538, 0.13608108003624045, 0.16955021583480773, 0.6720149440906005, 0.42239019403338807, 0.2166927989292058, 0.008117752083540042, 0.609605089203539, 0.6455619788425219, 0.6804675769894486, 0.7838619669901116, 0.7151476614978312, 0.6059806928554509], [0.1337000676311182, 0.9695806069360137, 0.0, 0.23347448589915518, 0.5490496087566593, 0.13421705604541648, 0.23761026370926075, 0.676182780901676, 0.4084768519315114, 0.2217790591665212, 0.007560346756364078, 0.6097872543495022, 0.6387816033373535, 0.6621627534199482, 0.7878138056363222, 0.7291367729707156, 0.6126927551248759], [0.02886730623493028, 0.9196235422918024, 0.0, 0.24040710099322626, 0.5358225142503512, 0.13511215800995974, 0.24973418411787662, 0.6757753216079794, 0.41319799279302827, 0.21348524868661833, 0.007783488497544067, 0.6179748910085587, 0.6677161222863822, 0.6882014089961589, 0.7924898646164061, 0.7324769585741818, 0.6173186113709938], [0.8748110821937449, 0.9393252102350411, 0.0, 0.23392607020246953, 0.5335952624464988, 0.13741067120881392, 0.16546559676831835, 0.6705592981005866, 0.42463298178097, 0.21762509021922694, 0.007894969482732161, 0.5912246409909352, 0.6360070143790013, 0.6619812438707338, 0.7867122070012617, 0.7138592547348909, 0.608745896977456], [0.3777272362244042, 1.0118840983008452, 0.0, 0.2480730754622168, 0.5599743002400807, 0.13371712080046166, 0.2184528930268911, 0.6764014706487357, 0.4023703378614676, 0.22798054914684518, 0.007448685839370306, 0.5952635423361223, 0.6383144178123835, 0.6683227706368998, 0.7856374057487652, 0.7207664842142437, 0.613005026391826], [0.6938410397390569, 0.9298324444416405, 0.0, 0.2764658770832972, 0.5385021465632864, 0.13337799694373514, 0.2585749735850314, 0.6777390478175531, 0.4043199686177792, 0.2122907808841754, 0.00783923647221818, 0.600968239914849, 0.6371895182374196, 0.6742920234738273, 0.7901712117466165, 0.7109757758490378, 0.6095297397772848], [0.9893380806151955, 1.0017061103091331, 0.0, 0.27808863814128215, 0.5628331550381975, 0.1281039219690852, 0.25507925989001945, 0.6823310003565912, 0.36232422722978974, 0.21464326663180988, 0.0069454663283523566, 0.5773942182185152, 0.6369001047208254, 0.6411832306507923, 0.7770874626068155, 0.7006974368950274, 0.5968181940316649], [0.40023101426824104, 1.0775957578307749, 0.0, 0.28615420958577553, 0.5877038066695026, 0.12057482310352889, 0.29624876639657316, 0.6881718038698441, 0.32082450433478815, 0.2213947672669876, 0.0069454663283523566, 0.5909104209508054, 0.6373239501264706, 0.6578930658861216, 0.7618060189876443, 0.694840236875692, 0.5608856872011617]], "features_2": [[0.056926774436183436, 0.8360331468872388, 0.0, 0.2284860914275273, 0.5046233259080881, 0.14360568944276936, 0.19903742441220587, 0.6638474409287474, 0.4635455747630117, 0.20609843451306387, 0.008006390651371653, 0.6250808368932894, 0.6461685033206325, 0.6683051797458558, 0.8010232759703617, 0.7207688964868403, 0.6460662981118312], [-0.3260513743334732, 0.748621816933611, 0.0, 0.2422836432372922, 0.49298060189689374, 0.1385629496963433, 0.3598272763688094, 0.6743319911945924, 0.44005842911060267, 0.18452511922440196, 0.008006390651371653, 0.6382095291449486, 0.6681147971296532, 0.697189074726947, 0.8057853833073257, 0.7022978766296949, 0.6437008528433544], [-0.18558835425242037, 0.9117408651900241, 0.0, 0.2051758467101772, 0.5293336239620351, 0.14305406742659482, 0.24199575094234546, 0.6668861143965736, 0.464738568165195, 0.22482664692185006, 0.00822905385914674, 0.63440662951684, 0.6619153373913306, 0.6914306875051108, 0.8061891836977894, 0.7291791157627356, 0.6514007424570374], [0.08355288141807993, 0.9438601580988116, 0.0, 0.21341779380148126, 0.5275074402245173, 0.14692367701377212, 0.13830354403473777, 0.6573984497339891, 0.4903034856081434, 0.23667170190497733, 0.008562602043175715, 0.6258745211129135, 0.650263776076575, 0.6725104057952376, 0.8012268967938679, 0.7158491212622359, 0.6420252293327804], [-0.584299471811268, 0.7790850063970169, 0.0, 0.24050639409578908, 0.5104942195250157, 0.13370769182776657, 0.41556750848351387, 0.6814144629310722, 0.41706176311538434, 0.18929191337228213, 0.007783488497544067, 0.6460225777060185, 0.682897981174541, 0.708377815020528, 0.805177149537395, 0.7142160775447269, 0.6208946482944091], [-0.028457188723232996, 0.9031722178069218, 0.0, 0.28422130766312365, 0.5281869051424832, 0.14315769204873494, 0.23071455965363513, 0.666988876072176, 0.46830266459773306, 0.22239474434748496, 0.007894969482732161, 0.6275662729420171, 0.6472538385400101, 0.6792423027245021, 0.8080961892808496, 0.7146688914296715, 0.6520610718975443], [0.27626922415683186, 0.9603608910945348, 0.0, 0.2347210634403895, 0.5351244677687773, 0.14349476148751078, 0.17990846437095342, 0.6648355981503999, 0.4724647681917291, 0.23649826574430644, 0.008451478759474051, 0.6075202438729981, 0.6492384566019157, 0.6927873518345342, 0.8011620529760308, 0.7281447287396852, 0.6364329346703677], [-0.21389356403641413, 0.9967386349638682, 0.0, 0.28620083490096354, 0.5686476119780353, 0.12775982866691601, 0.3572390397491027, 0.6849174748067877, 0.3827942938587603, 0.22148308494251578, 0.007281081678807366, 0.6274105061553417, 0.669370163359678, 0.6774108637336392, 0.7876222468124242, 0.698724753649594, 0.5787808127077549], [-0.04342106314639116, 1.067770288174518, 0.0, 0.29016322252260096, 0.5762675907343254, 0.1309669717402755, 0.2884216449958636, 0.6812252386711668, 0.3937610939912646, 0.2383274743449959, 0.007392832833969631, 0.6131624315473392, 0.668439482240502, 0.6930791325180016, 0.7881266301753274, 0.721772608803049, 0.594410966122191]]}