{"labels_1": ["1", "2", "3", "4", "5", "6", "7", "8", "9"], "labels_2": ["1", "2", "3", "4", "5", "6", "7", "8", "9"], "adj_matrix_1": [[0.0, 0.27539, 0.21846, 0.14976, 0.33423, 0.3409, 0.32497, 0.33099, 0.3317], [0.27539, 0.0, 0.07723, 0.15136, 0.22484, 0.1611, 0.09732, 0.23171, 0.11747], [0.21846, 0.07723, 0.0, 0.0782, 0.26823, 0.22179, 0.16776, 0.27241, 0.18541], [0.14976, 0.15136, 0.0782, 0.0, 0.30031, 0.27243, 0.23054, 0.30177, 0.24483], [0.33423, 0.22484, 0.26823, 0.30031, 0.0, 0.08845, 0.15206, 0.01251, 0.13362], [0.3409, 0.1611, 0.22179, 0.27243, 0.08845, 0.0, 0.07084, 0.10005, 0.04969], [0.32497, 0.09732, 0.16776, 0.23054, 0.15206, 0.07084, 0.0, 0.16201, 0.02164], [0.33099, 0.23171, 0.27241, 0.30177, 0.01251, 0.10005, 0.16201, 0.0, 0.14416], [0.3317, 0.11747, 0.18541, 0.24483, 0.13362, 0.04969, 0.02164, 0.14416, 0.0]], "adj_matrix_2": [[0.0, 0.28071, 0.00967, 0.10113, 0.10361, 0.0289, 0.21387, 0.02993, 0.07088], [0.28071, 0.0, 0.28783, 0.34524, 0.19402, 0.25854, 0.38532, 0.30206, 0.32827], [0.00967, 0.28783, 0.0, 0.09181, 0.11291, 0.03854, 0.20619, 0.02028, 0.06138], [0.10113, 0.34524, 0.09181, 0.0, 0.19691, 0.12856, 0.1261, 0.07208, 0.03116], [0.10361, 0.19402, 0.11291, 0.19691, 0.0, 0.07548, 0.28797, 0.13211, 0.16993], [0.0289, 0.25854, 0.03854, 0.12856, 0.07548, 0.0, 0.23593, 0.05865, 0.09903], [0.21387, 0.38532, 0.20619, 0.1261, 0.28797, 0.23593, 0.0, 0.18969, 0.15424], [0.02993, 0.30206, 0.02028, 0.07208, 0.13211, 0.05865, 0.18969, 0.0, 0.04131], [0.07088, 0.32827, 0.06138, 0.03116, 0.16993, 0.09903, 0.15424, 0.04131, 0.0]], "features_1": [[-8.063402573244005e-05, 0.8194981056957037, 0.0, 0.22515225738311206, 0.5105484946846582, 0.1349128831035431, 0.26480934237521864, 0.676280167394454, 0.41571017195507043, 0.19289460551884052, 0.007560346756364078, 0.6280199321555375, 0.6595596155987005, 0.6856155689918751, 0.7915674630551391, 0.7329433757681424, 0.6153801177743767], [0.26661225524373044, 0.9223621041396135, 0.0, 0.20057791475574693, 0.5314629057153538, 0.13608108003624045, 0.16955021583480773, 0.6720149440906005, 0.42239019403338807, 0.2166927989292058, 0.008117752083540042, 0.609605089203539, 0.6455619788425219, 0.6804675769894486, 0.7838619669901116, 0.7151476614978312, 0.6059806928554509], [0.1337000676311182, 0.9695806069360137, 0.0, 0.23347448589915518, 0.5490496087566593, 0.13421705604541648, 0.23761026370926075, 0.676182780901676, 0.4084768519315114, 0.2217790591665212, 0.007560346756364078, 0.6097872543495022, 0.6387816033373535, 0.6621627534199482, 0.7878138056363222, 0.7291367729707156, 0.6126927551248759], [0.02886730623493028, 0.9196235422918024, 0.0, 0.24040710099322626, 0.5358225142503512, 0.13511215800995974, 0.24973418411787662, 0.6757753216079794, 0.41319799279302827, 0.21348524868661833, 0.007783488497544067, 0.6179748910085587, 0.6677161222863822, 0.6882014089961589, 0.7924898646164061, 0.7324769585741818, 0.6173186113709938], [0.8748110821937449, 0.9393252102350411, 0.0, 0.23392607020246953, 0.5335952624464988, 0.13741067120881392, 0.16546559676831835, 0.6705592981005866, 0.42463298178097, 0.21762509021922694, 0.007894969482732161, 0.5912246409909352, 0.6360070143790013, 0.6619812438707338, 0.7867122070012617, 0.7138592547348909, 0.608745896977456], [0.3777272362244042, 1.0118840983008452, 0.0, 0.2480730754622168, 0.5599743002400807, 0.13371712080046166, 0.2184528930268911, 0.6764014706487357, 0.4023703378614676, 0.22798054914684518, 0.007448685839370306, 0.5952635423361223, 0.6383144178123835, 0.6683227706368998, 0.7856374057487652, 0.7207664842142437, 0.613005026391826], [0.6938410397390569, 0.9298324444416405, 0.0, 0.2764658770832972, 0.5385021465632864, 0.13337799694373514, 0.2585749735850314, 0.6777390478175531, 0.4043199686177792, 0.2122907808841754, 0.00783923647221818, 0.600968239914849, 0.6371895182374196, 0.6742920234738273, 0.7901712117466165, 0.7109757758490378, 0.6095297397772848], [0.9893380806151955, 1.0017061103091331, 0.0, 0.27808863814128215, 0.5628331550381975, 0.1281039219690852, 0.25507925989001945, 0.6823310003565912, 0.36232422722978974, 0.21464326663180988, 0.0069454663283523566, 0.5773942182185152, 0.6369001047208254, 0.6411832306507923, 0.7770874626068155, 0.7006974368950274, 0.5968181940316649], [0.40023101426824104, 1.0775957578307749, 0.0, 0.28615420958577553, 0.5877038066695026, 0.12057482310352889, 0.29624876639657316, 0.6881718038698441, 0.32082450433478815, 0.2213947672669876, 0.0069454663283523566, 0.5909104209508054, 0.6373239501264706, 0.6578930658861216, 0.7618060189876443, 0.694840236875692, 0.5608856872011617]], "features_2": [[-0.28192127464791694, 0.767769918103098, 0.0, 0.17499716662975667, 0.48581541512397325, 0.14451169176378464, 0.24425591839571795, 0.6662006056677691, 0.4634517553812594, 0.1960731070410151, 0.008006390651371653, 0.638870029943087, 0.6781921760758899, 0.7084411088278978, 0.8075867253341038, 0.7316124000984777, 0.6314056315281705], [-0.49797112948138444, 0.7998903883093389, 0.0, 0.19168184887752795, 0.4915500631057287, 0.1470852812815494, 0.16719565348022628, 0.6610773720370164, 0.4777668714821559, 0.20723107815941488, 0.008173410423425675, 0.6536919917841479, 0.6786575032301042, 0.7049229596480767, 0.8076909092618538, 0.7442775049378009, 0.6379134283534571], [-0.13856246869479216, 0.9229676895841765, 0.0, 0.18915613525612932, 0.52595863764378, 0.14536561518921287, 0.20274922585903354, 0.6637128206972539, 0.4707459537963776, 0.2298479855053006, 0.00822905385914674, 0.6325717227134371, 0.6604243381322671, 0.6808026816244244, 0.8049511255634941, 0.7214195319649058, 0.6293976985967734], [-0.012828562687747347, 0.8956130948001525, 0.0, 0.1920193708247201, 0.5160047097455361, 0.1472979507756398, 0.16047765309475182, 0.6600337881501191, 0.47698632183200984, 0.22586002137137973, 0.008284682400665488, 0.6279224447610665, 0.6673638062179853, 0.7014554936433531, 0.8062548230980944, 0.7390557683577962, 0.6243250894382202], [-0.4067745094283559, 0.8625885410510862, 0.0, 0.18628408082435424, 0.5135261988656614, 0.1419912354698811, 0.21760899799964478, 0.6691106540620556, 0.43772444138303057, 0.2132255113673247, 0.007225183508792421, 0.6395835642655194, 0.6640086628966726, 0.7019507588267049, 0.8034572045677657, 0.7216508320943351, 0.636542477595353], [-0.13479482037513701, 0.9540236569548031, 0.0, 0.20615239313110356, 0.5305397440993298, 0.1470817705243168, 0.1442216389664736, 0.6595751859994161, 0.4752370215058872, 0.23751952627198758, 0.00822905385914674, 0.6379360487349204, 0.6732602328250893, 0.6982550866947115, 0.8036252091551195, 0.7258815837992023, 0.627658220123865], [0.27885233983206614, 0.9194776225032208, 0.0, 0.22699565789225465, 0.5188077603365994, 0.14774970607300947, 0.1388744787698002, 0.6584323577501676, 0.4860491596112344, 0.23030133005529363, 0.008284682400665488, 0.6212608921343283, 0.6463975215467298, 0.6859071390934924, 0.8039202175760332, 0.7384703886514863, 0.626003024773606], [-0.0918007880649081, 0.9005715166897197, 0.0, 0.25587236266490304, 0.5278233388912672, 0.1360048435163138, 0.21633930994561013, 0.6744574345131109, 0.3991868231905167, 0.2110282289410983, 0.00716927026363523, 0.6232952731403605, 0.6443397841376883, 0.6820725692916859, 0.7898708442501321, 0.7112712821925765, 0.6219781352773327], [0.19368217253404518, 0.9450479181565673, 0.0, 0.25530533338443745, 0.5313184081577899, 0.13878116663129758, 0.16173796999229423, 0.6692720188411447, 0.4342329087259458, 0.22553494399055096, 0.00783923647221818, 0.6182345381779206, 0.6500567529477004, 0.6891650263103869, 0.7879483763251937, 0.6954529240313942, 0.614970542874118]]}