{"labels_1": ["1", "2", "3", "4", "5", "6", "7", "8", "9"], "labels_2": ["1", "2", "3", "4", "5", "6", "7", "8", "9"], "adj_matrix_1": [[0.0, 0.08879, 0.12782, 0.15315, 0.29033, 0.20297, 0.37155, 0.25919, 0.33128], [0.08879, 0.0, 0.04199, 0.07022, 0.24042, 0.12836, 0.36787, 0.19873, 0.30012], [0.12782, 0.04199, 0.0, 0.02869, 0.20952, 0.08893, 0.35665, 0.16393, 0.27681], [0.15315, 0.07022, 0.02869, 0.0, 0.18623, 0.06101, 0.34567, 0.1384, 0.25807], [0.29033, 0.24042, 0.20952, 0.18623, 0.0, 0.13186, 0.21459, 0.05363, 0.08913], [0.20297, 0.12836, 0.08893, 0.06101, 0.13186, 0.0, 0.31432, 0.08046, 0.21181], [0.37155, 0.36787, 0.35665, 0.34567, 0.21459, 0.31432, 0.0, 0.25855, 0.13272], [0.25919, 0.19873, 0.16393, 0.1384, 0.05363, 0.08046, 0.25855, 0.0, 0.14052], [0.33128, 0.30012, 0.27681, 0.25807, 0.08913, 0.21181, 0.13272, 0.14052, 0.0]], "adj_matrix_2": [[0.0, 0.02362, 0.07365, 0.07654, 0.09983, 0.24729, 0.04273, 0.10698, 0.0004], [0.02362, 0.0, 0.05058, 0.05352, 0.07737, 0.2381, 0.01922, 0.12877, 0.02402], [0.07365, 0.05058, 0.0, 0.00299, 0.0275, 0.21383, 0.03155, 0.17256, 0.07404], [0.07654, 0.05352, 0.00299, 0.0, 0.02453, 0.21224, 0.03452, 0.17494, 0.07692], [0.09983, 0.07737, 0.0275, 0.02453, 0.0, 0.19809, 0.05871, 0.19393, 0.10018], [0.24729, 0.2381, 0.21383, 0.21224, 0.19809, 0.0, 0.22967, 0.27419, 0.24735], [0.04273, 0.01922, 0.03155, 0.03452, 0.05871, 0.22967, 0.0, 0.14586, 0.04312], [0.10698, 0.12877, 0.17256, 0.17494, 0.19393, 0.27419, 0.14586, 0.0, 0.10664], [0.0004, 0.02402, 0.07404, 0.07692, 0.10018, 0.24735, 0.04312, 0.10664, 0.0]], "features_1": [[0.3793092466658803, 0.6798357185645579, 0.0, 0.28234063057576086, 0.4685701214508775, 0.1418133804019841, 0.3034007043975393, 0.6727998890991194, 0.45185327018408095, 0.17082628901858032, 0.007950687539111767, 0.6100737942507264, 0.6743691153630174, 0.7151028117075952, 0.8132401538489589, 0.7406485057747539, 0.6261000178185272], [-0.1707428189998188, 0.7215515188888844, 0.0, 0.22620284750765102, 0.4811076919189524, 0.14122535119850865, 0.29672972606524795, 0.6733859169571843, 0.4505796761973724, 0.1825695511400789, 0.007950687539111767, 0.6236879417732144, 0.6777841023799528, 0.7134789875249673, 0.8117287656367344, 0.7422358492801274, 0.6227993063221978], [-0.10328010614911598, 0.7915609134478584, 0.0, 0.27659524993678114, 0.5039863852267696, 0.140731624169114, 0.29805431818657413, 0.6736826341190718, 0.44260385311754935, 0.19713758178285667, 0.007727725548673403, 0.6224151555691422, 0.692482222529489, 0.7340604534336024, 0.8107996137329717, 0.730522115971441, 0.6290961833391635], [0.10319836870109, 0.7627330991440043, 0.0, 0.28987753770769686, 0.49305057812179676, 0.14263518392465233, 0.2870017213576844, 0.6711829835454284, 0.4483226662408697, 0.18937837757472176, 0.00783923647221818, 0.6157588701871197, 0.684794479219763, 0.7274628476614282, 0.8132562789958255, 0.741194235723212, 0.6284085333229757], [-0.31614165171705855, 0.7322179928045157, 0.0, 0.22538662168875423, 0.4812254604061873, 0.14194584610352645, 0.28331280879184034, 0.6719152638075215, 0.4487987213530298, 0.18594794190628283, 0.008173410423425675, 0.6365013616103468, 0.6830088400042154, 0.7213006254463838, 0.8107859348039816, 0.7421308936906703, 0.626848023131285], [-0.292122735929353, 0.8302050468799458, 0.0, 0.27417091130487065, 0.5147100688292722, 0.1387719726650655, 0.29809875792899165, 0.6748032918873483, 0.4314864624628387, 0.20470800497801944, 0.008173410423425675, 0.6279450640140392, 0.6702285838696986, 0.7075812517235184, 0.8040501775538423, 0.7157177061338061, 0.6191258715360045], [-0.38261632904812926, 0.7767694496396246, 0.0, 0.24457589973154584, 0.5006688243210307, 0.13781533736003598, 0.35250745938240013, 0.6773972407544255, 0.4244308599514226, 0.19040932632845164, 0.007616154688146137, 0.6408956927633915, 0.6878713961514409, 0.7211833054960874, 0.8085863667079475, 0.7158934767867114, 0.599647224251447], [-0.1819973383574487, 0.8374944991225796, 0.0, 0.2724688580434626, 0.5140754245060716, 0.1356218619258084, 0.28753460436834144, 0.6767831123575461, 0.4038810540578437, 0.2000081297212437, 0.007616154688146137, 0.6232691830909942, 0.6649720147985151, 0.6963987561963944, 0.7944999444068064, 0.7246378906283838, 0.6030159155000683], [-0.22159308627060614, 0.8578314341869118, 0.0, 0.2914606524046692, 0.5225545562275247, 0.134856800712522, 0.3045317717642554, 0.6784705591664774, 0.40118569371532575, 0.20390915981639512, 0.007504523810135222, 0.6352491253782937, 0.66809580462077, 0.6984892638507677, 0.7960350541496217, 0.701199430715414, 0.5999798987518671]], "features_2": [[0.25475170530341806, 0.8773014609185512, 0.0, 0.2269932553694934, 0.523443962961812, 0.13630886061100664, 0.2644604330079666, 0.6762642535102542, 0.421540240384777, 0.2068601514814854, 0.008117752083540042, 0.6047479575627639, 0.6551011922304425, 0.6785866819611158, 0.7971532040196663, 0.7221183957976874, 0.6145575612768066], [0.4516946932968553, 0.892099379748261, 0.0, 0.2199009337673723, 0.5219565496708849, 0.13941492322191962, 0.22985843281779808, 0.6713985745116404, 0.43174919167536885, 0.2131351678696498, 0.00783923647221818, 0.6045536628298576, 0.647473458105115, 0.6652450797246012, 0.7978059530696604, 0.7165200126572554, 0.6154723831876852], [0.2906405465857418, 0.9919347386863283, 0.0, 0.24034048545107609, 0.5526221227436858, 0.13663056577680927, 0.26968586333781486, 0.6760719605413337, 0.4210043437988016, 0.23029810719388188, 0.007671947615560004, 0.6011516065500491, 0.6644165808317177, 0.6656334447624646, 0.7991574529921108, 0.7216643801696075, 0.6229478536443749], [0.3732224961681485, 0.935326748889389, 0.0, 0.22544516204260562, 0.5338363685991966, 0.13965103085438546, 0.23341336692854425, 0.6721121201890141, 0.4323530562039497, 0.22294454342561432, 0.008340296057933516, 0.6004616920355825, 0.6711656556238683, 0.696597442752098, 0.8023163610263075, 0.7325206229996095, 0.6227459856831948], [0.20253077567194655, 0.9010112043173312, 0.0, 0.20185145550374392, 0.5220686341463279, 0.14032042703649106, 0.24846819100707762, 0.66916286473765, 0.4369894326110173, 0.21446920268842318, 0.007894969482732161, 0.6108110529039519, 0.6597423480138085, 0.6650269480438942, 0.7922273883531765, 0.7107325259869204, 0.6060704303830082], [0.8990267680627069, 0.9889374501772651, 0.0, 0.22906333253992642, 0.5484692443285225, 0.13916669293520725, 0.23467628009515024, 0.672207866130387, 0.4288137986907614, 0.22920647844858544, 0.007727725548673403, 0.581451834521626, 0.6488389347491392, 0.6519619437494828, 0.7986217633602842, 0.7152299596876776, 0.6264819994999856], [0.4755226893587534, 0.8773038603935194, 0.0, 0.21001769811052268, 0.5185745511941445, 0.1409940484825387, 0.2484718908595866, 0.6701701201540311, 0.4250796017290881, 0.20796743235240456, 0.007727725548673403, 0.6020402765057771, 0.6427594285632698, 0.675623404601913, 0.801179802707239, 0.7184197633035111, 0.6213870067239282], [0.1609466992168751, 1.0317393152454744, 0.0, 0.23880525220729382, 0.567044136977201, 0.1288191841692473, 0.3586898551517422, 0.682146948719826, 0.3779578338837699, 0.22471558894014199, 0.007225183508792421, 0.6118456354456845, 0.6326989882486149, 0.6142262700682257, 0.7726121313782457, 0.6950556138284696, 0.5853110888982275], [0.8355069180018502, 0.9947698137773459, 0.0, 0.2543829584166574, 0.5640212644084478, 0.1280262508058869, 0.48820322060421406, 0.6846721430343667, 0.376405567236342, 0.21177974916469045, 0.007616154688146137, 0.58984547803019, 0.625189839604818, 0.6401633140613355, 0.7774636322869669, 0.7152870092927388, 0.598217610340104]]}