{"labels_1": ["1", "2", "3", "4", "5", "6", "7", "8", "9"], "labels_2": ["1", "2", "3", "4", "5", "6", "7", "8", "9"], "adj_matrix_1": [[0.0, 0.11321, 0.147, 0.07806, 0.2952, 0.21727, 0.06803, 0.10941, 0.12465], [0.11321, 0.0, 0.24361, 0.03659, 0.24487, 0.11971, 0.1756, 0.21181, 0.2248], [0.147, 0.24361, 0.0, 0.21543, 0.3269, 0.31393, 0.08179, 0.03972, 0.02377], [0.07806, 0.03659, 0.21543, 0.0, 0.26363, 0.15271, 0.14306, 0.18138, 0.19527], [0.2952, 0.24487, 0.3269, 0.26363, 0.0, 0.16151, 0.31362, 0.32157, 0.32383], [0.21727, 0.11971, 0.31393, 0.15271, 0.16151, 0.0, 0.26563, 0.29192, 0.30103], [0.06803, 0.1756, 0.08179, 0.14306, 0.31362, 0.26563, 0.0, 0.0425, 0.05837], [0.10941, 0.21181, 0.03972, 0.18138, 0.32157, 0.29192, 0.0425, 0.0, 0.016], [0.12465, 0.2248, 0.02377, 0.19527, 0.32383, 0.30103, 0.05837, 0.016, 0.0]], "adj_matrix_2": [[0.0, 0.16857, 0.03557, 0.09964, 0.19322, 0.01335, 0.18845, 0.15582, 0.19541], [0.16857, 0.0, 0.14597, 0.09253, 0.11152, 0.16048, 0.22545, 0.02237, 0.22514], [0.03557, 0.14597, 0.0, 0.06695, 0.18851, 0.02233, 0.20814, 0.13042, 0.21395], [0.09964, 0.09253, 0.06695, 0.0, 0.16854, 0.08768, 0.23058, 0.07246, 0.23379], [0.19322, 0.11152, 0.18851, 0.16854, 0.0, 0.19174, 0.16735, 0.1277, 0.16449], [0.01335, 0.16048, 0.02233, 0.08768, 0.19174, 0.0, 0.19644, 0.14676, 0.20307], [0.18845, 0.22545, 0.20814, 0.23058, 0.16735, 0.19644, 0.0, 0.23055, 0.01089], [0.15582, 0.02237, 0.13042, 0.07246, 0.1277, 0.14676, 0.23055, 0.0, 0.23109], [0.19541, 0.22514, 0.21395, 0.23379, 0.16449, 0.20307, 0.01089, 0.23109, 0.0]], "features_1": [[0.0045628426588226745, 0.7420951384010896, 0.0, 0.20656881398649768, 0.4856881851828809, 0.1389585689263356, 0.24474900056191232, 0.6722119032327529, 0.4272382077782555, 0.1820758269766931, 0.008006390651371653, 0.6221747154596338, 0.6633321135445767, 0.7002183456481779, 0.8011804259201298, 0.7104308428527698, 0.6234907121646419], [0.18513119027252367, 0.7887564747562477, 0.0, 0.20711206007419092, 0.5022561047161866, 0.13584906569771438, 0.2958862406973658, 0.6760918396627271, 0.41757583523172626, 0.18937032109216467, 0.008173410423425675, 0.6089353074348436, 0.6575726201029946, 0.6825524582291889, 0.7968884072451061, 0.7173997845897709, 0.601852524354685], [-0.05651590185366562, 0.883112047901351, 0.0, 0.21276681620725976, 0.5270224551073591, 0.136923624532117, 0.24335501413759672, 0.6741107008713859, 0.420108408716354, 0.2116442070706297, 0.00822905385914674, 0.6289152129088387, 0.6489704563606581, 0.6735176177706642, 0.7956420899780786, 0.7147855921171444, 0.6128787367833772], [0.09154390688531144, 0.8254878657245884, 0.0, 0.217630161602268, 0.505995276582737, 0.1412596466140323, 0.19457283947042542, 0.6678861007622321, 0.444760213966809, 0.2031615321046043, 0.008117752083540042, 0.6208827347641703, 0.6582377741725343, 0.6800137835306533, 0.800363951864058, 0.7144130333356661, 0.6294697022059293], [0.5701500213117918, 0.7992949141475916, 0.0, 0.26785440101330527, 0.5022992996629652, 0.1375612523598852, 0.25988165535876107, 0.6734827541581783, 0.43591960991057066, 0.1934373555725748, 0.008117752083540042, 0.5953312415081631, 0.6602894475201176, 0.6833762906671047, 0.796417576876092, 0.7287352037557826, 0.608441776264042], [0.2938420701263955, 0.9307703782754236, 0.0, 0.20874972909302517, 0.5366717291430645, 0.1377545266332639, 0.24181948737393172, 0.6725835690818946, 0.41562617321082596, 0.21881116247055687, 0.007950687539111767, 0.6010620005385046, 0.6628611561298162, 0.6720616794508765, 0.7940680847325864, 0.7326007223471541, 0.6103039966155339], [0.041535690363890154, 0.8687823934970673, 0.0, 0.21234692948730782, 0.516123721349615, 0.13910684475974852, 0.2067153219757003, 0.669950646639236, 0.4135112978135558, 0.20708502646364102, 0.007783488497544067, 0.6261805092998425, 0.6580007006792427, 0.680180605662528, 0.7945462052187152, 0.721639375056938, 0.620295563196076], [0.0934663688617916, 0.8897971975132455, 0.0, 0.2299271523314552, 0.5263956543796948, 0.1336753018259283, 0.18776621831189502, 0.6751864271595512, 0.40659361462731414, 0.20958717414557637, 0.008117752083540042, 0.6247710250183733, 0.6315590545211589, 0.6496475156510367, 0.7799744710556147, 0.7102357992253777, 0.5924391733700052], [-0.3138820564563547, 0.9336677243275926, 0.0, 0.22600161548039044, 0.5436296696449978, 0.12891206430603336, 0.20738593738136615, 0.6802807824552947, 0.369662384104833, 0.21313591441992608, 0.007448685839370306, 0.6212204095491003, 0.6400663059051656, 0.66180672883197, 0.7714344580412614, 0.6989747342820117, 0.5906360206770678]], "features_2": [[0.487913443782769, 0.7024945372645623, 0.0, 0.15845209795459322, 0.4737971480300568, 0.14333296088943623, 0.2552392504185569, 0.6697591476346992, 0.4472599715130301, 0.174933251202543, 0.008284682400665488, 0.5947484486872696, 0.6577454721571134, 0.6817257770919649, 0.8132415016608382, 0.7404598824290081, 0.6425724734743923], [0.7967458202960667, 0.7230422673287783, 0.0, 0.19432617016159506, 0.47533748495964456, 0.14505929107958868, 0.2130103595431926, 0.66565201098765, 0.4792975611656676, 0.1835822365885742, 0.00839589484089287, 0.5866520365703152, 0.6782325126596762, 0.7122496858707988, 0.8089611913434728, 0.7286198254297838, 0.6390725541106534], [0.34219428863389245, 0.8385205587476499, 0.0, 0.1705881225787173, 0.5129882111894637, 0.14335177133963553, 0.2181737996814576, 0.668014748060922, 0.45175930195248526, 0.20567023771648918, 0.008284682400665488, 0.5964870601396259, 0.6751273860600842, 0.7019463915233944, 0.8075424392200251, 0.7118798097686255, 0.6377878460177504], [0.39111437629748247, 0.8116564419751635, 0.0, 0.1818449986724187, 0.5041116345330093, 0.14502524601332328, 0.241451288359206, 0.6676062781705043, 0.4569037221226744, 0.20267123218770688, 0.008173410423425675, 0.5967876111219566, 0.6798695589964555, 0.7214414457678988, 0.8161639705984606, 0.7460121889670317, 0.6471697236636096], [0.9585586782035587, 0.7575535995156015, 0.0, 0.1954315313316475, 0.48702503804602704, 0.14280133778085743, 0.2354094257320895, 0.6692050882937585, 0.4529816111731646, 0.18752950194067397, 0.007727725548673403, 0.5793639469041576, 0.6697752234860367, 0.7018456105486004, 0.8072088361441894, 0.7109142743630095, 0.6404368740327534], [0.286236730348715, 0.8859594483548107, 0.0, 0.2037976382049761, 0.5282679387957002, 0.14069345772585973, 0.2418609101157621, 0.6718459458854662, 0.4291307350859428, 0.21219793857150804, 0.007504523810135222, 0.5954435191232217, 0.6667464767564358, 0.6985598209538811, 0.8047046559311641, 0.7222060794913057, 0.6371342553118065], [0.08152335214134743, 0.7894588553189761, 0.0, 0.1814165877128925, 0.5059782691012202, 0.1396396782669051, 0.3005574707556796, 0.6749880507354361, 0.42751829581325196, 0.19116660809311514, 0.00783923647221818, 0.6106773298171362, 0.6785105210664518, 0.7235896794673053, 0.8115507223904073, 0.7340127391319031, 0.6384411396333619], [0.6753252591431482, 0.8765100868207873, 0.0, 0.1893988203054209, 0.5290218896431644, 0.1312553307259458, 0.23960831967656304, 0.6797714315555125, 0.3790690695365102, 0.20098696587744702, 0.007616154688146137, 0.5737628964053254, 0.6327332237680072, 0.6728556927469203, 0.7829179505269741, 0.713517033681537, 0.6091756686630023], [0.10017452987995634, 0.9302137377449411, 0.0, 0.16251414682435134, 0.5482735798121964, 0.1279755795275537, 0.2888681519917249, 0.6834468521068526, 0.3567334974032188, 0.2076148311689372, 0.007057398507269275, 0.5937035874646392, 0.6592213536743451, 0.6937981798668372, 0.7812844941640757, 0.6928969363401984, 0.5953175355117637]]}