{"labels_1": ["1", "2", "3", "4", "5", "6", "7", "8", "9"], "labels_2": ["1", "2", "3", "4", "5", "6", "7", "8", "9"], "adj_matrix_1": [[0.0, 0.02389, 0.08715, 0.0838, 0.11402, 0.02724, 0.27474, 0.12714, 0.10649], [0.02389, 0.0, 0.10994, 0.10666, 0.13609, 0.05097, 0.28296, 0.14871, 0.12871], [0.08715, 0.10994, 0.0, 0.00347, 0.02835, 0.06061, 0.23422, 0.04254, 0.0204], [0.0838, 0.10666, 0.00347, 0.0, 0.0318, 0.0572, 0.23613, 0.04598, 0.02386], [0.11402, 0.13609, 0.02835, 0.0318, 0.0, 0.08813, 0.21762, 0.01429, 0.00796], [0.02724, 0.05097, 0.06061, 0.0572, 0.08813, 0.0, 0.26393, 0.10176, 0.08048], [0.27474, 0.28296, 0.23422, 0.23613, 0.21762, 0.26393, 0.0, 0.2086, 0.22236], [0.12714, 0.14871, 0.04254, 0.04598, 0.01429, 0.10176, 0.2086, 0.0, 0.02225], [0.10649, 0.12871, 0.0204, 0.02386, 0.00796, 0.08048, 0.22236, 0.02225, 0.0]], "adj_matrix_2": [[0.0, 0.13327, 0.09742, 0.01789, 0.17889, 0.17748, 0.05857, 0.18375, 0.18558], [0.13327, 0.0, 0.04458, 0.12001, 0.26716, 0.06968, 0.08462, 0.26814, 0.0852], [0.09742, 0.04458, 0.0, 0.08178, 0.24539, 0.11001, 0.04225, 0.24807, 0.12392], [0.01789, 0.12001, 0.08178, 0.0, 0.19164, 0.16892, 0.04146, 0.19629, 0.17819], [0.17889, 0.26716, 0.24539, 0.19164, 0.0, 0.28778, 0.22096, 0.01948, 0.28968], [0.17748, 0.06968, 0.11001, 0.16892, 0.28778, 0.0, 0.14307, 0.28535, 0.01662], [0.05857, 0.08462, 0.04225, 0.04146, 0.22096, 0.14307, 0.0, 0.22462, 0.15483], [0.18375, 0.26814, 0.24807, 0.19629, 0.01948, 0.28535, 0.22462, 0.0, 0.28639], [0.18558, 0.0852, 0.12392, 0.17819, 0.28968, 0.01662, 0.15483, 0.28639, 0.0]], "features_1": [[-0.0014949823668812812, 1.3179888135243922, 0.0, 0.28886464847009635, 0.643147470423261, 0.12124895225020464, 0.4723298417130728, 0.6883649716390201, 0.33261880744473604, 0.26423859271121986, 0.007001439975721224, 0.6063642789298265, 0.6467708702774988, 0.6714767930326989, 0.757773986043976, 0.6667661603481568, 0.5685473531335212], [0.13759745742023943, 1.2239300222848724, 0.0, 0.2665162827171491, 0.6266234261865159, 0.12183911558984842, 0.5113567185349283, 0.6885373567727581, 0.3357705780308209, 0.24652421888680975, 0.00711334193318236, 0.6011129625426102, 0.6260550740956119, 0.6449881981313711, 0.7621786073464464, 0.6696630416360236, 0.5820930703462274], [0.03870878883554196, 1.4368259810542872, 0.0, 0.2485102095005579, 0.6622205379249517, 0.1204469823535806, 0.43515467399634955, 0.6885616525610508, 0.33455004888979656, 0.2799561223170135, 0.006889477554966383, 0.60119491768922, 0.6321892532250157, 0.6478553240042765, 0.7560489108471676, 0.6717916370083361, 0.5667582078763251], [0.32879460149321815, 1.4655530705965871, 0.0, 0.24992741714616362, 0.6677729740620965, 0.11896959444487987, 0.4542954129937414, 0.6892583603985063, 0.3210585810140041, 0.27597708867830617, 0.0064410216040902135, 0.586145334528515, 0.6190618674817896, 0.6235783912543256, 0.7493895126894293, 0.6711584469095087, 0.5613657045628346], [0.2694536757510275, 1.371500432192335, 0.0, 0.24925273865258915, 0.6580068532194592, 0.11613588178092644, 0.5849239474948064, 0.6914489841308316, 0.297536571800042, 0.25687236549316017, 0.0064410216040902135, 0.5930290655967183, 0.6249871232142803, 0.6223036861815702, 0.7522565180971383, 0.6787659281349026, 0.5604708263067437], [0.3694377142250871, 1.493370822152789, 0.0, 0.2519387300780968, 0.6754959488289058, 0.11929668269479791, 0.5605773704175881, 0.6897848727489769, 0.323884762726, 0.2791139558614606, 0.007001439975721224, 0.5872774258685027, 0.6273449043753311, 0.6388351912062054, 0.7532475817870686, 0.6678261112566085, 0.564679880100471], [0.5069844320656167, 1.6883755825797442, 0.0, 0.3035448447487138, 0.7054811914890323, 0.11821068695873835, 0.5832431025973832, 0.6905934419312179, 0.3126332136598029, 0.3074865471079171, 0.006889477554966383, 0.5712508832876892, 0.6320470162949513, 0.6301843613431103, 0.7524081507150102, 0.6868581326022072, 0.5469297831360338], [0.26764964653648926, 1.6258875953965695, 0.0, 0.2824194579157432, 0.7047499992554395, 0.11306098697919244, 0.5688588586998684, 0.692361607294736, 0.28785878574024215, 0.2901572831732093, 0.006216428718621936, 0.5907900021481334, 0.6124091616367908, 0.6379107981367174, 0.7422872460448525, 0.6596857023123527, 0.5411137924596808], [0.39858644159471623, 1.6918992772468475, 0.0, 0.2653446771471123, 0.7092290864467938, 0.11555244349548828, 0.637379210918715, 0.6915950755763677, 0.3010686064564838, 0.3019840587579061, 0.006328755639155359, 0.5799526456792428, 0.6278610385147453, 0.6363252641520256, 0.7422880901808122, 0.6755292122483185, 0.5376125742953257]], "features_2": [[0.9614114768625845, 1.482210163478563, 0.0, 0.23586241509065195, 0.6457513717258592, 0.14282491065027925, 0.29506885517600734, 0.6727698241530866, 0.467531480990111, 0.31977563795596464, 0.007727725548673403, 0.5868776007851313, 0.6813449482321725, 0.7094907517021021, 0.8192663074173494, 0.7213601463267483, 0.6510464695198326], [0.7792018985438247, 1.5281526109067194, 0.0, 0.2428915167220828, 0.6450305240579499, 0.14291904371913158, 0.25848591978213376, 0.6702368909916846, 0.46259170006800066, 0.3289668977872935, 0.008006390651371653, 0.5902513889771992, 0.6744304250424535, 0.6930848267017801, 0.8152528860839304, 0.7239780069160621, 0.6378618074601916], [0.8697561578572581, 1.531962724900245, 0.0, 0.2218496715088598, 0.6495985346440158, 0.1440691116153234, 0.25270484966645484, 0.6692477875444505, 0.47905581000325914, 0.33105716121565276, 0.00839589484089287, 0.594722612103491, 0.671825705008507, 0.7042626164640563, 0.8162134616912556, 0.7189718303309349, 0.6437357168846336], [0.893955972605033, 1.5283280369003338, 0.0, 0.24526996181027994, 0.6486765482618383, 0.14499910581391512, 0.24614100033435307, 0.6682925123799072, 0.4879613033086101, 0.3335703018500151, 0.008451478759474051, 0.5962762395938324, 0.6673576152542299, 0.7075455095561397, 0.8173652221547065, 0.7065410890987633, 0.6408411479423729], [0.20302033393151397, 1.8281528548999677, 0.0, 0.27258762170565637, 0.7046423636430666, 0.1298790865859153, 0.4272513975937578, 0.6851891703983142, 0.3833495918964098, 0.35274124036181975, 0.007336964783822175, 0.6120622049461684, 0.6672432663957504, 0.6890349348036252, 0.8022995445343025, 0.7027492343699578, 0.5889019109120699], [0.7818070612884558, 1.5592309269617626, 0.0, 0.23764549629054058, 0.6578166573377043, 0.14184305890670076, 0.2845435534636273, 0.6726049331987791, 0.4752251007458328, 0.3341867557833498, 0.008173410423425675, 0.6020501570432772, 0.6690421930416884, 0.6918688361460184, 0.8152860262167579, 0.7203348716261442, 0.631209265853887], [0.7474877783602714, 1.9157116633141194, 0.0, 0.2476764615961996, 0.7122744770260157, 0.13816653876134455, 0.3520289995395139, 0.6786788859865053, 0.4512657491719163, 0.3795777025355913, 0.008117752083540042, 0.5998676065939545, 0.6487580018109745, 0.6857404308616755, 0.8137870698416299, 0.7235386627673184, 0.5832642284512174], [0.3276195119008256, 1.713751364145052, 0.0, 0.2822529200512367, 0.7024477314002139, 0.1280835735227941, 0.5142872316235426, 0.6876729219203388, 0.39166251459784274, 0.3352884169310879, 0.007448685839370306, 0.607770429118311, 0.6766592607314178, 0.697091240768042, 0.8040061473058376, 0.7014152713271435, 0.588995392387303], [0.3278951133497934, 1.526610534960092, 0.0, 0.2465840309728331, 0.6620872484037772, 0.13779484800518801, 0.372917191654129, 0.6793889736726645, 0.4512801988743307, 0.32827284200534157, 0.008284682400665488, 0.6031693931163358, 0.6801256163337517, 0.7080784277853761, 0.8160009646465631, 0.710376950531059, 0.6116530548500322]]}