{"labels_1": ["1", "2", "3", "4", "5", "6", "7", "8", "9"], "labels_2": ["1", "2", "3", "4", "5", "6", "7", "8", "9"], "adj_matrix_1": [[0.0, 0.09546, 0.21875, 0.03465, 0.20578, 0.17437, 0.18473, 0.00875, 0.151], [0.09546, 0.0, 0.25263, 0.1272, 0.24946, 0.2342, 0.10053, 0.08715, 0.06107], [0.21875, 0.25263, 0.0, 0.20097, 0.03015, 0.08098, 0.26568, 0.2224, 0.26304], [0.03465, 0.1272, 0.20097, 0.0, 0.18456, 0.14779, 0.20995, 0.04328, 0.17916], [0.20578, 0.24946, 0.03015, 0.18456, 0.0, 0.05229, 0.27207, 0.21052, 0.26577], [0.17437, 0.2342, 0.08098, 0.14779, 0.05229, 0.0, 0.27316, 0.18045, 0.26055], [0.18473, 0.10053, 0.26568, 0.20995, 0.27207, 0.27316, 0.0, 0.17831, 0.04094], [0.00875, 0.08715, 0.2224, 0.04328, 0.21052, 0.18045, 0.17831, 0.0, 0.14364], [0.151, 0.06107, 0.26304, 0.17916, 0.26577, 0.26055, 0.04094, 0.14364, 0.0]], "adj_matrix_2": [[0.0, 0.23445, 0.19632, 0.21156, 0.21302, 0.24155, 0.27325, 0.14582, 0.20108], [0.23445, 0.0, 0.22865, 0.22309, 0.03725, 0.20485, 0.17483, 0.20602, 0.19439], [0.19632, 0.22865, 0.0, 0.02174, 0.22731, 0.07175, 0.348, 0.28987, 0.31848], [0.21156, 0.22309, 0.02174, 0.0, 0.22451, 0.05063, 0.34667, 0.29677, 0.322], [0.21302, 0.03725, 0.22731, 0.22451, 0.0, 0.2137, 0.14785, 0.18065, 0.16758], [0.24155, 0.20485, 0.07175, 0.05063, 0.2137, 0.0, 0.33774, 0.3069, 0.32394], [0.27325, 0.17483, 0.348, 0.34667, 0.14785, 0.33774, 0.0, 0.15135, 0.09168], [0.14582, 0.20602, 0.28987, 0.29677, 0.18065, 0.3069, 0.15135, 0.0, 0.06231], [0.20108, 0.19439, 0.31848, 0.322, 0.16758, 0.32394, 0.09168, 0.06231, 0.0]], "features_1": [[0.17648469566563696, 1.1178552116911473, 0.0, 0.2603513329028335, 0.6006109054050683, 0.1235858828891808, 0.34316938265159325, 0.6866251484819043, 0.35608366477617026, 0.23559211664072532, 0.007281081678807366, 0.593828035652014, 0.6378081074195162, 0.6669306661792872, 0.7670848051548355, 0.671816135613234, 0.6043290356880967], [0.10608278508719104, 1.1370937790379416, 0.0, 0.23400193755638668, 0.5948366357712037, 0.13089990096031565, 0.299175384611943, 0.6803003428878797, 0.39303798431789305, 0.24773418184637097, 0.00716927026363523, 0.6158666199443297, 0.6309531108602856, 0.6424036266392384, 0.7779590620150574, 0.6968493277924317, 0.5979878042262947], [0.33388676716367494, 1.2136183225756838, 0.0, 0.264580616495552, 0.617635531390958, 0.12571478301375197, 0.40617240356428397, 0.6854913873691574, 0.362200944342145, 0.2530039021794701, 0.00716927026363523, 0.5921966524223734, 0.6329850464430081, 0.6570496492846183, 0.7704847027916472, 0.6830914326288311, 0.6035463389445376], [0.1079179867107718, 1.182462225050046, 0.0, 0.24615758759233886, 0.608633509916591, 0.12686282973998897, 0.3139796823540607, 0.6841353507718433, 0.3707935930385551, 0.24953227639755227, 0.00711334193318236, 0.599917761411995, 0.6229803675328376, 0.6475753714025978, 0.7731845485293397, 0.6768960948831779, 0.6189031425803813], [0.8060959325946846, 1.3266370433328925, 0.0, 0.2378104193828587, 0.637521467295515, 0.12619461337038185, 0.3791829662558463, 0.6856334630982, 0.36042913882148575, 0.26292903655455446, 0.007057398507269275, 0.5852522036296004, 0.6445930346017769, 0.617431205042958, 0.775162317482174, 0.700023986167028, 0.5767342633083223], [0.4857171295577376, 1.2112912667429483, 0.0, 0.26162313268735526, 0.6194256656783732, 0.1258589074847748, 0.5166194401422466, 0.6861932384914047, 0.3574217316252206, 0.24733890421468874, 0.007057398507269275, 0.579528729071713, 0.6352053062059048, 0.6424289604212167, 0.7730478426316547, 0.676812217995894, 0.6127413111627871], [0.3322738542282062, 1.55503532134516, 0.0, 0.18985257459022534, 0.6776846027029428, 0.12257137261483238, 0.3803341431698115, 0.6887151870255473, 0.3473006846398117, 0.29703078582249365, 0.00677745458930179, 0.61177290544122, 0.6428153861358714, 0.6449969069832878, 0.7771941941710515, 0.6930024345924178, 0.5742051884683117], [0.5449851870030606, 1.3850424015575742, 0.0, 0.30607167595341933, 0.6631062703258328, 0.11740228554102622, 0.4453288810624656, 0.6910069383323489, 0.32386088529345414, 0.2628818668642785, 0.006609306440138685, 0.5831716039661878, 0.625693112717078, 0.625173598869908, 0.7614095231642922, 0.6782663397280523, 0.5670727084903573], [0.07059634431302175, 1.339694511154301, 0.0, 0.2552102316877746, 0.6526136967488827, 0.11719785102367075, 0.36894385629576687, 0.6908400164602757, 0.32754133313678624, 0.26266597634907174, 0.00677745458930179, 0.5971595141979014, 0.6300055101219851, 0.6504950859938939, 0.7598043219170054, 0.6646617876866465, 0.569684760863005]], "features_2": [[0.2867388030486473, 1.1536629779963314, 0.0, 0.20927684243511416, 0.5971640987441726, 0.13321551807783405, 0.34296874961292545, 0.6793864609063276, 0.4026762156025092, 0.25233108883371314, 0.007281081678807366, 0.6057007727671502, 0.6506500271467123, 0.681898887461035, 0.7824608649581591, 0.6909897582806244, 0.611285235821964], [0.7111424444892851, 1.25509481913622, 0.0, 0.2618911611263508, 0.6193889437155561, 0.12941113813151708, 0.36599480926458694, 0.6834490587098829, 0.3813060121350724, 0.26178632144335046, 0.00711334193318236, 0.5768945009518553, 0.6526051467030543, 0.662606577706359, 0.7827923805675829, 0.7160531006232898, 0.5958168522476337], [0.25132814845255824, 1.293181773111744, 0.0, 0.22506449581478152, 0.6283815438404201, 0.13128069783980814, 0.4274931729750378, 0.682155718136044, 0.3846061066036426, 0.2726289622573439, 0.007281081678807366, 0.5915040679988135, 0.6573737379009457, 0.6712091377032192, 0.7807722599246352, 0.684882664842078, 0.6109949532056321], [0.1945796206353827, 1.2817793968682432, 0.0, 0.24100325398891173, 0.6320870835768488, 0.12637118874097628, 0.49048360198622587, 0.6862207015885566, 0.35771315705105744, 0.26191573405035173, 0.006721420376576193, 0.5837459802728797, 0.6481018982678829, 0.6573027823727841, 0.7733431657597704, 0.666655268502472, 0.5992364912423754], [0.799682748332958, 1.753959512286224, 0.0, 0.2733121193679674, 0.7134530239063939, 0.11688109018149052, 0.48629811081701463, 0.6914418014971704, 0.2986837202734771, 0.3115714269239942, 0.006328755639155359, 0.5673698403372698, 0.6292651917298288, 0.6419640299100836, 0.7651395619190818, 0.6804553124962096, 0.5486659182299156], [0.26780350136240694, 1.4643771491511581, 0.0, 0.21397078782867504, 0.6704658541577652, 0.12409464521068789, 0.6048876133284764, 0.688369829731725, 0.3376618793277253, 0.28496259727324236, 0.006497131753992358, 0.5767066091622355, 0.6526293368061471, 0.6647606093473012, 0.7712380953360471, 0.6783649912627755, 0.5972661101965099], [-0.367926265743145, 1.715076258392181, 0.0, 0.2165761596443757, 0.7169685540718302, 0.11212842069062395, 0.710643960056774, 0.6928894838941733, 0.27662169309356655, 0.305015238118874, 0.006104040759826512, 0.6089969483297062, 0.6424209563241682, 0.6473160675724942, 0.7511837091621772, 0.6540587384341537, 0.5093849760317938], [0.010366455029146682, 1.8530004302638445, 0.0, 0.24716899675691298, 0.7494092039663065, 0.10813101623798158, 0.8616601715205284, 0.6930993713511746, 0.26880571673473863, 0.3084935933941275, 0.005879081395912644, 0.5864202562466954, 0.6453424263637628, 0.6423512854196182, 0.7458692649164036, 0.6576089564848422, 0.5166865469795975], [-0.2570865958265669, 1.6313927644018542, 0.0, 0.2359533313621126, 0.7118605613747337, 0.11145550695978965, 0.8688221435388683, 0.6930755284168733, 0.27423922999066286, 0.2878121485103735, 0.005991591679928909, 0.5988700052292377, 0.6424529361686336, 0.6429874459573723, 0.7489446663010005, 0.6631553334719618, 0.5372987950635514]]}