{"labels_1": ["1", "2", "3", "4", "5", "6", "7", "8", "9"], "labels_2": ["1", "2", "3", "4", "5", "6", "7", "8", "9"], "adj_matrix_1": [[0.0, 0.09546, 0.21875, 0.03465, 0.20578, 0.17437, 0.18473, 0.00875, 0.151], [0.09546, 0.0, 0.25263, 0.1272, 0.24946, 0.2342, 0.10053, 0.08715, 0.06107], [0.21875, 0.25263, 0.0, 0.20097, 0.03015, 0.08098, 0.26568, 0.2224, 0.26304], [0.03465, 0.1272, 0.20097, 0.0, 0.18456, 0.14779, 0.20995, 0.04328, 0.17916], [0.20578, 0.24946, 0.03015, 0.18456, 0.0, 0.05229, 0.27207, 0.21052, 0.26577], [0.17437, 0.2342, 0.08098, 0.14779, 0.05229, 0.0, 0.27316, 0.18045, 0.26055], [0.18473, 0.10053, 0.26568, 0.20995, 0.27207, 0.27316, 0.0, 0.17831, 0.04094], [0.00875, 0.08715, 0.2224, 0.04328, 0.21052, 0.18045, 0.17831, 0.0, 0.14364], [0.151, 0.06107, 0.26304, 0.17916, 0.26577, 0.26055, 0.04094, 0.14364, 0.0]], "adj_matrix_2": [[0.0, 0.03926, 0.13696, 0.05475, 0.11001, 0.07755, 0.23607, 0.25048, 0.24234], [0.03926, 0.0, 0.10043, 0.01567, 0.14558, 0.11484, 0.2554, 0.25049, 0.25972], [0.13696, 0.10043, 0.0, 0.0854, 0.22704, 0.20257, 0.29064, 0.24185, 0.29017], [0.05475, 0.01567, 0.0854, 0.0, 0.15915, 0.12922, 0.26216, 0.24989, 0.26571], [0.11001, 0.14558, 0.22704, 0.15915, 0.0, 0.03444, 0.1619, 0.2336, 0.17258], [0.07755, 0.11484, 0.20257, 0.12922, 0.03444, 0.0, 0.18762, 0.24192, 0.19713], [0.23607, 0.2554, 0.29064, 0.26216, 0.1619, 0.18762, 0.0, 0.1481, 0.01516], [0.25048, 0.25049, 0.24185, 0.24989, 0.2336, 0.24192, 0.1481, 0.0, 0.13707], [0.24234, 0.25972, 0.29017, 0.26571, 0.17258, 0.19713, 0.01516, 0.13707, 0.0]], "features_1": [[0.17648469566563696, 1.1178552116911473, 0.0, 0.2603513329028335, 0.6006109054050683, 0.1235858828891808, 0.34316938265159325, 0.6866251484819043, 0.35608366477617026, 0.23559211664072532, 0.007281081678807366, 0.593828035652014, 0.6378081074195162, 0.6669306661792872, 0.7670848051548355, 0.671816135613234, 0.6043290356880967], [0.10608278508719104, 1.1370937790379416, 0.0, 0.23400193755638668, 0.5948366357712037, 0.13089990096031565, 0.299175384611943, 0.6803003428878797, 0.39303798431789305, 0.24773418184637097, 0.00716927026363523, 0.6158666199443297, 0.6309531108602856, 0.6424036266392384, 0.7779590620150574, 0.6968493277924317, 0.5979878042262947], [0.33388676716367494, 1.2136183225756838, 0.0, 0.264580616495552, 0.617635531390958, 0.12571478301375197, 0.40617240356428397, 0.6854913873691574, 0.362200944342145, 0.2530039021794701, 0.00716927026363523, 0.5921966524223734, 0.6329850464430081, 0.6570496492846183, 0.7704847027916472, 0.6830914326288311, 0.6035463389445376], [0.1079179867107718, 1.182462225050046, 0.0, 0.24615758759233886, 0.608633509916591, 0.12686282973998897, 0.3139796823540607, 0.6841353507718433, 0.3707935930385551, 0.24953227639755227, 0.00711334193318236, 0.599917761411995, 0.6229803675328376, 0.6475753714025978, 0.7731845485293397, 0.6768960948831779, 0.6189031425803813], [0.8060959325946846, 1.3266370433328925, 0.0, 0.2378104193828587, 0.637521467295515, 0.12619461337038185, 0.3791829662558463, 0.6856334630982, 0.36042913882148575, 0.26292903655455446, 0.007057398507269275, 0.5852522036296004, 0.6445930346017769, 0.617431205042958, 0.775162317482174, 0.700023986167028, 0.5767342633083223], [0.4857171295577376, 1.2112912667429483, 0.0, 0.26162313268735526, 0.6194256656783732, 0.1258589074847748, 0.5166194401422466, 0.6861932384914047, 0.3574217316252206, 0.24733890421468874, 0.007057398507269275, 0.579528729071713, 0.6352053062059048, 0.6424289604212167, 0.7730478426316547, 0.676812217995894, 0.6127413111627871], [0.3322738542282062, 1.55503532134516, 0.0, 0.18985257459022534, 0.6776846027029428, 0.12257137261483238, 0.3803341431698115, 0.6887151870255473, 0.3473006846398117, 0.29703078582249365, 0.00677745458930179, 0.61177290544122, 0.6428153861358714, 0.6449969069832878, 0.7771941941710515, 0.6930024345924178, 0.5742051884683117], [0.5449851870030606, 1.3850424015575742, 0.0, 0.30607167595341933, 0.6631062703258328, 0.11740228554102622, 0.4453288810624656, 0.6910069383323489, 0.32386088529345414, 0.2628818668642785, 0.006609306440138685, 0.5831716039661878, 0.625693112717078, 0.625173598869908, 0.7614095231642922, 0.6782663397280523, 0.5670727084903573], [0.07059634431302175, 1.339694511154301, 0.0, 0.2552102316877746, 0.6526136967488827, 0.11719785102367075, 0.36894385629576687, 0.6908400164602757, 0.32754133313678624, 0.26266597634907174, 0.00677745458930179, 0.5971595141979014, 0.6300055101219851, 0.6504950859938939, 0.7598043219170054, 0.6646617876866465, 0.569684760863005]], "features_2": [[0.36729717735697864, 1.2279473777980336, 0.0, 0.19822806416249347, 0.6161119901774665, 0.1326636304232291, 0.3033574773544984, 0.6806561177854257, 0.41040854925744785, 0.2636710269591871, 0.007950687539111767, 0.6000569066443031, 0.6520589782259283, 0.6584941661804934, 0.7891624798080659, 0.7040196733247265, 0.6158586730635753], [0.08280723888166053, 1.299756139855956, 0.0, 0.1803867457267184, 0.6173718743382134, 0.13962841517702268, 0.22288677093839623, 0.6726538748947366, 0.4486261730011558, 0.2884735214576837, 0.007727725548673403, 0.6154779694738979, 0.6568125928498031, 0.6687272114097776, 0.7967614968894793, 0.6943333793054558, 0.5906578616234895], [0.12325309363856052, 1.405480539795628, 0.0, 0.1840708599288841, 0.6501084984699859, 0.13100079051592683, 0.314330441468573, 0.6826625596823882, 0.4028134550845883, 0.29186955481190124, 0.007336964783822175, 0.6078298577100272, 0.6536027541660351, 0.6690496289808848, 0.7880852819816794, 0.7102510544524399, 0.6052969828741116], [0.04885044955179074, 1.3253682860064921, 0.0, 0.1993415405810015, 0.6402055008810593, 0.12747022123571655, 0.35231720430645697, 0.6855595183529815, 0.3868553771082428, 0.2738729998805154, 0.007504523810135222, 0.6034711189164927, 0.635649566481624, 0.6512606640868953, 0.7846878848717879, 0.7042869214033695, 0.6112685391996906], [0.5089599840736758, 1.7052885583372148, 0.0, 0.22463279498327743, 0.6912233497090579, 0.12746271587462651, 0.3983086389057142, 0.6861686022524383, 0.36055536084015705, 0.3212514953114507, 0.00711334193318236, 0.6159031644900135, 0.631225051381547, 0.6370879822376382, 0.7874531629216404, 0.6826716733740973, 0.515131570386525], [0.18744150980965069, 1.4672694385305032, 0.0, 0.2096007165736374, 0.6710187826741612, 0.1252178588908019, 0.4778512007915808, 0.6882474719178824, 0.37295581970394, 0.29179633173024877, 0.007001439975721224, 0.596047443466942, 0.6655656099936711, 0.6845463173184552, 0.7844296435691128, 0.6955433430924354, 0.5953740146627461], [1.0459186755431178, 1.642355097437639, 0.0, 0.2812359364184212, 0.6945471214952986, 0.12307757159960439, 0.4704853275931562, 0.6893310468617003, 0.33997353300210564, 0.29942829622161393, 0.006889477554966383, 0.5861080134599819, 0.6342139911641875, 0.6231636342563296, 0.7850416313983849, 0.7097122691240898, 0.5600988924950101], [0.5254092933337389, 1.3042733329728788, 0.0, 0.24554858137256197, 0.6392477277083182, 0.12112877874562689, 0.5436833494970358, 0.6896729759815721, 0.3232341898989415, 0.255435443336949, 0.00655322669591385, 0.5848715885763456, 0.638638839335217, 0.6349157476782591, 0.7707760518409309, 0.7133420486364572, 0.561307002758485], [0.15836388966369475, 1.3688702820906, 0.0, 0.2429332845526932, 0.6639928595662223, 0.11546312037009368, 0.6653101589971435, 0.6923676406266774, 0.3049706772361127, 0.25839859926061925, 0.005991591679928909, 0.5837858097786004, 0.6522431111708736, 0.6565513561256732, 0.7682631753791894, 0.6907527850145432, 0.5573709578654714]]}