{"labels_1": ["1", "2", "3", "4", "5", "6", "7", "8", "9"], "labels_2": ["1", "2", "3", "4", "5", "6", "7", "8", "9"], "adj_matrix_1": [[0.0, 0.17668, 0.00417, 0.03562, 0.16735, 0.09966, 0.06277, 0.14707, 0.04581], [0.17668, 0.0, 0.17326, 0.14624, 0.01098, 0.08498, 0.12123, 0.03401, 0.13704], [0.00417, 0.17326, 0.0, 0.03148, 0.16387, 0.09576, 0.05872, 0.14351, 0.0417], [0.03562, 0.14624, 0.03148, 0.0, 0.13633, 0.0654, 0.02754, 0.11498, 0.01029], [0.16735, 0.01098, 0.16387, 0.13633, 0.0, 0.07433, 0.11098, 0.02308, 0.127], [0.09966, 0.08498, 0.09576, 0.0654, 0.07433, 0.0, 0.03823, 0.05164, 0.05532], [0.06277, 0.12123, 0.05872, 0.02754, 0.11098, 0.03823, 0.0, 0.08899, 0.01728], [0.14707, 0.03401, 0.14351, 0.11498, 0.02308, 0.05164, 0.08899, 0.0, 0.10539], [0.04581, 0.13704, 0.0417, 0.01029, 0.127, 0.05532, 0.01728, 0.10539, 0.0]], "adj_matrix_2": [[0.0, 0.10947, 0.14038, 0.25604, 0.1322, 0.29929, 0.3442, 0.26675, 0.34038], [0.10947, 0.0, 0.03249, 0.16352, 0.02391, 0.21944, 0.29491, 0.17695, 0.2856], [0.14038, 0.03249, 0.0, 0.13379, 0.00858, 0.19279, 0.27674, 0.14786, 0.26584], [0.25604, 0.16352, 0.13379, 0.0, 0.14153, 0.06696, 0.18046, 0.01549, 0.16338], [0.1322, 0.02391, 0.00858, 0.14153, 0.0, 0.19979, 0.28133, 0.15577, 0.27109], [0.29929, 0.21944, 0.19279, 0.06696, 0.19979, 0.0, 0.12208, 0.05167, 0.10283], [0.3442, 0.29491, 0.27674, 0.18046, 0.28133, 0.12208, 0.0, 0.16738, 0.02089], [0.26675, 0.17695, 0.14786, 0.01549, 0.15577, 0.05167, 0.16738, 0.0, 0.14995], [0.34038, 0.2856, 0.26584, 0.16338, 0.27109, 0.10283, 0.02089, 0.14995, 0.0]], "features_1": [[1.0163147204872667, 1.0149624926117777, 0.0, 0.22056582294227817, 0.5884658108603256, 0.12686488974758403, 0.37457611312503547, 0.6861050441401672, 0.38623895016098864, 0.21480312687538605, 0.007448685839370306, 0.5903364212528621, 0.6475376988837069, 0.659281232544324, 0.7881014463692324, 0.7111405775083994, 0.6103357133760935], [0.39429987483462536, 0.9930243636341836, 0.0, 0.21322771045763245, 0.5639022231448328, 0.13424687101737773, 0.22977776065818317, 0.6771449762408819, 0.4242597120010372, 0.22574820128065443, 0.007783488497544067, 0.6171675567602191, 0.6481792621327627, 0.6622280009818351, 0.7895790754691856, 0.6966426997175025, 0.6227229974287235], [0.5809930277614574, 1.118698078242739, 0.0, 0.23549498725976456, 0.6000156615297659, 0.12937792526691533, 0.30205032979090163, 0.6830909838150994, 0.3848088808956458, 0.23974460952628207, 0.007225183508792421, 0.5953678367347521, 0.6361247605518009, 0.6468890039793195, 0.7861794069826831, 0.6808634883257675, 0.6098758551191074], [0.714327644832184, 1.1142735140964926, 0.0, 0.2620489273375658, 0.6009544561230055, 0.127643723658921, 0.3126806348080059, 0.6843802102289582, 0.3823784584631833, 0.2364743443320756, 0.007225183508792421, 0.5922655826150343, 0.6461535389066397, 0.6567076792410498, 0.7828704322660727, 0.6949931135007263, 0.5963913517131163], [0.2778344033710418, 1.0715992257107254, 0.0, 0.23431040679493403, 0.5817250458862397, 0.13015868815808693, 0.2715421339736587, 0.6812496704616806, 0.403466583617313, 0.23589746918449261, 0.007894969482732161, 0.6165379811722489, 0.6453572513396671, 0.6559785822816304, 0.7842231245551889, 0.6919754159515575, 0.6074336296362915], [0.308088095539782, 1.178877448687071, 0.0, 0.2027013871021366, 0.6051633624438995, 0.13082046099550176, 0.2502225585085746, 0.6805801199703827, 0.38901797382419456, 0.2519666673258538, 0.007448685839370306, 0.6056365628335729, 0.6428730132578875, 0.6531797018563326, 0.7833781095788719, 0.7039989731493077, 0.6024454742281031], [0.6954452593461751, 1.2383483107970588, 0.0, 0.25400833163310793, 0.6237255601060798, 0.1274939201474168, 0.3274660787830257, 0.6845220607931639, 0.3758749753323485, 0.253751732519355, 0.007392832833969631, 0.6008495855229383, 0.6433102559671181, 0.6295592855398148, 0.7814635772654934, 0.6918024212386086, 0.584055178347151], [0.16377690340017503, 1.3033810002334323, 0.0, 0.21989735204726213, 0.6366630583593955, 0.1255176176783231, 0.26061869479207755, 0.6847387366853951, 0.3680894567105635, 0.26609742917827384, 0.007336964783822175, 0.5991939534343893, 0.6274880271795484, 0.6328224178119962, 0.7713176987415931, 0.6855692126717092, 0.5784230356495972], [0.2749941706362913, 1.157520631477886, 0.0, 0.21709975890433053, 0.6000594923183702, 0.12988159921331255, 0.2151665370982819, 0.6801706463386381, 0.38739884826700544, 0.24715114446747055, 0.007336964783822175, 0.6081429557858069, 0.6365643192169388, 0.6355060154144341, 0.7764941811414996, 0.6785143182012626, 0.5908012208168703]], "features_2": [[-0.26179921119195937, 1.0679516735215302, 0.0, 0.15437306307995655, 0.5854828970565696, 0.12677426774062314, 0.2887357518295026, 0.6845520661042508, 0.3626282885432235, 0.23112113323032202, 0.00683347364535547, 0.6216864423369421, 0.6559924481647766, 0.6759458182013989, 0.7763990681127266, 0.6816423194434027, 0.6042926230883043], [-0.2706753906165753, 1.1591824549813194, 0.0, 0.16944261731290086, 0.5944456313798593, 0.132841854690098, 0.22159979927588652, 0.678173046697927, 0.39687887303170566, 0.2577137168929602, 0.007560346756364078, 0.6218981886730739, 0.6362406812314586, 0.6779333910574713, 0.7823018235372121, 0.6905554399886569, 0.5954684375827887], [-0.0679972346552975, 1.1907092728806887, 0.0, 0.19771360197494897, 0.6140877648348897, 0.12643136240996233, 0.2751680950987314, 0.684502261144297, 0.36157344281354487, 0.25056590415207247, 0.006889477554966383, 0.6111846375810512, 0.6492224859589989, 0.6536954215863623, 0.7738281583375617, 0.6801199607554864, 0.607071876035504], [0.028840195433233795, 1.159696074020943, 0.0, 0.1953330375347161, 0.6074512754092023, 0.12597702032733848, 0.2656849854792675, 0.6845603672251586, 0.366875296694251, 0.24543314971803998, 0.007057398507269275, 0.604465757675404, 0.650112892481107, 0.6777272040205309, 0.7717864976126083, 0.6721580116956813, 0.6031803011435299], [0.19420773254418844, 1.4973005767883254, 0.0, 0.2056257791035737, 0.664239830537117, 0.1243396168040759, 0.33909824013584355, 0.6868732835385752, 0.33618387658033067, 0.29204198661463066, 0.0064410216040902135, 0.6145329571634901, 0.6370563345617793, 0.6521517288229283, 0.7745934759853343, 0.6783219147593531, 0.5564327553252236], [0.035834429743840435, 1.328440716271374, 0.0, 0.214846477683167, 0.6504949878193532, 0.1190689565559132, 0.31985561950993074, 0.6894474964533955, 0.32312791361498117, 0.2616760131145961, 0.006609306440138685, 0.5944671437174938, 0.642964038638039, 0.6633586365642481, 0.7601571137050602, 0.6745029124037515, 0.5825706904887987], [0.16154826865702532, 1.3513539166184514, 0.0, 0.2843059139582208, 0.6454169347656118, 0.12415548701271104, 0.30684704868456336, 0.6864053779405351, 0.3593814276209206, 0.275866518471936, 0.0069454663283523566, 0.5991588089090383, 0.6545522808374327, 0.6885347444518507, 0.7722000860824564, 0.6867961497090911, 0.5647586632930177], [0.3068009512321779, 1.6055190068890772, 0.0, 0.2513696885264384, 0.7078722752358751, 0.10605963163762376, 0.40401935437302683, 0.6931380272835399, 0.24036591369916716, 0.27271245602198757, 0.005710201030130202, 0.578097234083593, 0.6285777021982589, 0.6320113848833286, 0.7241516772558312, 0.6379943170710438, 0.49812211021379016], [0.2809210408445817, 1.483084352516803, 0.0, 0.25645674011150466, 0.6869737714064601, 0.11040112502828629, 0.5102866023769395, 0.6927773452606565, 0.28636787731997404, 0.26667970771603366, 0.006721420376576193, 0.5747628426218201, 0.6261005545758698, 0.6317024789034739, 0.7393511827903194, 0.6649617354909517, 0.5169174084301337]]}