{"labels_1": ["1", "2", "3", "4", "5", "6", "7", "8", "9"], "labels_2": ["1", "2", "3", "4", "5", "6", "7", "8", "9"], "adj_matrix_1": [[0.0, 0.02389, 0.08715, 0.0838, 0.11402, 0.02724, 0.27474, 0.12714, 0.10649], [0.02389, 0.0, 0.10994, 0.10666, 0.13609, 0.05097, 0.28296, 0.14871, 0.12871], [0.08715, 0.10994, 0.0, 0.00347, 0.02835, 0.06061, 0.23422, 0.04254, 0.0204], [0.0838, 0.10666, 0.00347, 0.0, 0.0318, 0.0572, 0.23613, 0.04598, 0.02386], [0.11402, 0.13609, 0.02835, 0.0318, 0.0, 0.08813, 0.21762, 0.01429, 0.00796], [0.02724, 0.05097, 0.06061, 0.0572, 0.08813, 0.0, 0.26393, 0.10176, 0.08048], [0.27474, 0.28296, 0.23422, 0.23613, 0.21762, 0.26393, 0.0, 0.2086, 0.22236], [0.12714, 0.14871, 0.04254, 0.04598, 0.01429, 0.10176, 0.2086, 0.0, 0.02225], [0.10649, 0.12871, 0.0204, 0.02386, 0.00796, 0.08048, 0.22236, 0.02225, 0.0]], "adj_matrix_2": [[0.0, 0.23445, 0.19632, 0.21156, 0.21302, 0.24155, 0.27325, 0.14582, 0.20108], [0.23445, 0.0, 0.22865, 0.22309, 0.03725, 0.20485, 0.17483, 0.20602, 0.19439], [0.19632, 0.22865, 0.0, 0.02174, 0.22731, 0.07175, 0.348, 0.28987, 0.31848], [0.21156, 0.22309, 0.02174, 0.0, 0.22451, 0.05063, 0.34667, 0.29677, 0.322], [0.21302, 0.03725, 0.22731, 0.22451, 0.0, 0.2137, 0.14785, 0.18065, 0.16758], [0.24155, 0.20485, 0.07175, 0.05063, 0.2137, 0.0, 0.33774, 0.3069, 0.32394], [0.27325, 0.17483, 0.348, 0.34667, 0.14785, 0.33774, 0.0, 0.15135, 0.09168], [0.14582, 0.20602, 0.28987, 0.29677, 0.18065, 0.3069, 0.15135, 0.0, 0.06231], [0.20108, 0.19439, 0.31848, 0.322, 0.16758, 0.32394, 0.09168, 0.06231, 0.0]], "features_1": [[-0.0014949823668812812, 1.3179888135243922, 0.0, 0.28886464847009635, 0.643147470423261, 0.12124895225020464, 0.4723298417130728, 0.6883649716390201, 0.33261880744473604, 0.26423859271121986, 0.007001439975721224, 0.6063642789298265, 0.6467708702774988, 0.6714767930326989, 0.757773986043976, 0.6667661603481568, 0.5685473531335212], [0.13759745742023943, 1.2239300222848724, 0.0, 0.2665162827171491, 0.6266234261865159, 0.12183911558984842, 0.5113567185349283, 0.6885373567727581, 0.3357705780308209, 0.24652421888680975, 0.00711334193318236, 0.6011129625426102, 0.6260550740956119, 0.6449881981313711, 0.7621786073464464, 0.6696630416360236, 0.5820930703462274], [0.03870878883554196, 1.4368259810542872, 0.0, 0.2485102095005579, 0.6622205379249517, 0.1204469823535806, 0.43515467399634955, 0.6885616525610508, 0.33455004888979656, 0.2799561223170135, 0.006889477554966383, 0.60119491768922, 0.6321892532250157, 0.6478553240042765, 0.7560489108471676, 0.6717916370083361, 0.5667582078763251], [0.32879460149321815, 1.4655530705965871, 0.0, 0.24992741714616362, 0.6677729740620965, 0.11896959444487987, 0.4542954129937414, 0.6892583603985063, 0.3210585810140041, 0.27597708867830617, 0.0064410216040902135, 0.586145334528515, 0.6190618674817896, 0.6235783912543256, 0.7493895126894293, 0.6711584469095087, 0.5613657045628346], [0.2694536757510275, 1.371500432192335, 0.0, 0.24925273865258915, 0.6580068532194592, 0.11613588178092644, 0.5849239474948064, 0.6914489841308316, 0.297536571800042, 0.25687236549316017, 0.0064410216040902135, 0.5930290655967183, 0.6249871232142803, 0.6223036861815702, 0.7522565180971383, 0.6787659281349026, 0.5604708263067437], [0.3694377142250871, 1.493370822152789, 0.0, 0.2519387300780968, 0.6754959488289058, 0.11929668269479791, 0.5605773704175881, 0.6897848727489769, 0.323884762726, 0.2791139558614606, 0.007001439975721224, 0.5872774258685027, 0.6273449043753311, 0.6388351912062054, 0.7532475817870686, 0.6678261112566085, 0.564679880100471], [0.5069844320656167, 1.6883755825797442, 0.0, 0.3035448447487138, 0.7054811914890323, 0.11821068695873835, 0.5832431025973832, 0.6905934419312179, 0.3126332136598029, 0.3074865471079171, 0.006889477554966383, 0.5712508832876892, 0.6320470162949513, 0.6301843613431103, 0.7524081507150102, 0.6868581326022072, 0.5469297831360338], [0.26764964653648926, 1.6258875953965695, 0.0, 0.2824194579157432, 0.7047499992554395, 0.11306098697919244, 0.5688588586998684, 0.692361607294736, 0.28785878574024215, 0.2901572831732093, 0.006216428718621936, 0.5907900021481334, 0.6124091616367908, 0.6379107981367174, 0.7422872460448525, 0.6596857023123527, 0.5411137924596808], [0.39858644159471623, 1.6918992772468475, 0.0, 0.2653446771471123, 0.7092290864467938, 0.11555244349548828, 0.637379210918715, 0.6915950755763677, 0.3010686064564838, 0.3019840587579061, 0.006328755639155359, 0.5799526456792428, 0.6278610385147453, 0.6363252641520256, 0.7422880901808122, 0.6755292122483185, 0.5376125742953257]], "features_2": [[0.2867388030486473, 1.1536629779963314, 0.0, 0.20927684243511416, 0.5971640987441726, 0.13321551807783405, 0.34296874961292545, 0.6793864609063276, 0.4026762156025092, 0.25233108883371314, 0.007281081678807366, 0.6057007727671502, 0.6506500271467123, 0.681898887461035, 0.7824608649581591, 0.6909897582806244, 0.611285235821964], [0.7111424444892851, 1.25509481913622, 0.0, 0.2618911611263508, 0.6193889437155561, 0.12941113813151708, 0.36599480926458694, 0.6834490587098829, 0.3813060121350724, 0.26178632144335046, 0.00711334193318236, 0.5768945009518553, 0.6526051467030543, 0.662606577706359, 0.7827923805675829, 0.7160531006232898, 0.5958168522476337], [0.25132814845255824, 1.293181773111744, 0.0, 0.22506449581478152, 0.6283815438404201, 0.13128069783980814, 0.4274931729750378, 0.682155718136044, 0.3846061066036426, 0.2726289622573439, 0.007281081678807366, 0.5915040679988135, 0.6573737379009457, 0.6712091377032192, 0.7807722599246352, 0.684882664842078, 0.6109949532056321], [0.1945796206353827, 1.2817793968682432, 0.0, 0.24100325398891173, 0.6320870835768488, 0.12637118874097628, 0.49048360198622587, 0.6862207015885566, 0.35771315705105744, 0.26191573405035173, 0.006721420376576193, 0.5837459802728797, 0.6481018982678829, 0.6573027823727841, 0.7733431657597704, 0.666655268502472, 0.5992364912423754], [0.799682748332958, 1.753959512286224, 0.0, 0.2733121193679674, 0.7134530239063939, 0.11688109018149052, 0.48629811081701463, 0.6914418014971704, 0.2986837202734771, 0.3115714269239942, 0.006328755639155359, 0.5673698403372698, 0.6292651917298288, 0.6419640299100836, 0.7651395619190818, 0.6804553124962096, 0.5486659182299156], [0.26780350136240694, 1.4643771491511581, 0.0, 0.21397078782867504, 0.6704658541577652, 0.12409464521068789, 0.6048876133284764, 0.688369829731725, 0.3376618793277253, 0.28496259727324236, 0.006497131753992358, 0.5767066091622355, 0.6526293368061471, 0.6647606093473012, 0.7712380953360471, 0.6783649912627755, 0.5972661101965099], [-0.367926265743145, 1.715076258392181, 0.0, 0.2165761596443757, 0.7169685540718302, 0.11212842069062395, 0.710643960056774, 0.6928894838941733, 0.27662169309356655, 0.305015238118874, 0.006104040759826512, 0.6089969483297062, 0.6424209563241682, 0.6473160675724942, 0.7511837091621772, 0.6540587384341537, 0.5093849760317938], [0.010366455029146682, 1.8530004302638445, 0.0, 0.24716899675691298, 0.7494092039663065, 0.10813101623798158, 0.8616601715205284, 0.6930993713511746, 0.26880571673473863, 0.3084935933941275, 0.005879081395912644, 0.5864202562466954, 0.6453424263637628, 0.6423512854196182, 0.7458692649164036, 0.6576089564848422, 0.5166865469795975], [-0.2570865958265669, 1.6313927644018542, 0.0, 0.2359533313621126, 0.7118605613747337, 0.11145550695978965, 0.8688221435388683, 0.6930755284168733, 0.27423922999066286, 0.2878121485103735, 0.005991591679928909, 0.5988700052292377, 0.6424529361686336, 0.6429874459573723, 0.7489446663010005, 0.6631553334719618, 0.5372987950635514]]}