{"labels_1": ["1", "2", "3", "4", "5", "6", "7", "8", "9"], "labels_2": ["1", "2", "3", "4", "5", "6", "7", "8", "9"], "adj_matrix_1": [[0.0, 0.30799, 0.04448, 0.06497, 0.30251, 0.07397, 0.10649, 0.12536, 0.13093], [0.30799, 0.0, 0.31199, 0.31332, 0.11857, 0.31346, 0.28484, 0.31222, 0.27712], [0.04448, 0.31199, 0.0, 0.02068, 0.32064, 0.02981, 0.14848, 0.08251, 0.17172], [0.06497, 0.31332, 0.02068, 0.0, 0.32789, 0.00915, 0.1673, 0.06215, 0.18993], [0.30251, 0.11857, 0.32064, 0.32789, 0.0, 0.33097, 0.24477, 0.34558, 0.22786], [0.07397, 0.31346, 0.02981, 0.00915, 0.33097, 0.0, 0.17558, 0.05314, 0.19787], [0.10649, 0.28484, 0.14848, 0.1673, 0.24477, 0.17558, 0.0, 0.22166, 0.02585], [0.12536, 0.31222, 0.08251, 0.06215, 0.34558, 0.05314, 0.22166, 0.0, 0.24181], [0.13093, 0.27712, 0.17172, 0.18993, 0.22786, 0.19787, 0.02585, 0.24181, 0.0]], "adj_matrix_2": [[0.0, 0.15326, 0.05439, 0.11705, 0.00802, 0.17084, 0.04756, 0.16009, 0.18439], [0.15326, 0.0, 0.10327, 0.04006, 0.16008, 0.28716, 0.10947, 0.00798, 0.03724], [0.05439, 0.10327, 0.0, 0.06467, 0.06226, 0.21678, 0.00683, 0.11073, 0.13744], [0.11705, 0.04006, 0.06467, 0.0, 0.12441, 0.26365, 0.07124, 0.04794, 0.07663], [0.00802, 0.16008, 0.06226, 0.12441, 0.0, 0.16375, 0.05556, 0.16703, 0.19076], [0.17084, 0.28716, 0.21678, 0.26365, 0.16375, 0.0, 0.21129, 0.29142, 0.30482], [0.04756, 0.10947, 0.00683, 0.07124, 0.05556, 0.21129, 0.0, 0.11703, 0.14332], [0.16009, 0.00798, 0.11073, 0.04794, 0.16703, 0.29142, 0.11703, 0.0, 0.02931], [0.18439, 0.03724, 0.13744, 0.07663, 0.19076, 0.30482, 0.14332, 0.02931, 0.0]], "features_1": [[-0.2050623018691562, 1.0961640452001677, 0.0, 0.25884695609740516, 0.5926917571510597, 0.12515204414233172, 0.35885242318346683, 0.6853056276072715, 0.34946621121424926, 0.2351807176784806, 0.007336964783822175, 0.6142315272541805, 0.649336065511815, 0.6784750250846113, 0.7637912894189365, 0.6733847474620369, 0.589335843373821], [0.3652658986416286, 1.1834394272259894, 0.0, 0.26624695025185874, 0.6041098649083961, 0.1289964210393671, 0.33750323813804994, 0.6830107767548893, 0.3848930539213855, 0.2556842860569246, 0.00783923647221818, 0.596563972279553, 0.6281711666015025, 0.6478080530212367, 0.7769342801530721, 0.6885394129754616, 0.5745182763609475], [-0.21423493266140303, 1.2117865040107056, 0.0, 0.25129146816285713, 0.6127403861480007, 0.12617471329654428, 0.27707860033777576, 0.6839182852144186, 0.3539459950737516, 0.25723619994393543, 0.007001439975721224, 0.6197125277243654, 0.6427789320817685, 0.6585203670783014, 0.7651574762298826, 0.6702326820785054, 0.5980995347490247], [-0.34632097213440316, 1.1424015937968883, 0.0, 0.2571380019534277, 0.6005857737622571, 0.12421359876828741, 0.3210203069976842, 0.68527882264776, 0.3353751244972556, 0.2426157200697734, 0.007225183508792421, 0.6229083730925928, 0.6201534256728545, 0.6446125628405874, 0.7573679247513591, 0.6630990242274396, 0.589324448683266], [0.8281541137011748, 1.5880760547387154, 0.0, 0.23580735176680717, 0.6831522419441155, 0.12060049453870297, 0.41102836720630054, 0.6896200482807142, 0.34002342482419556, 0.297262691808011, 0.00711334193318236, 0.589343426078087, 0.618951910739827, 0.6241220754436456, 0.7696027588528765, 0.6772558798519138, 0.5223452713909458], [-0.13473383060667654, 1.2371899529456463, 0.0, 0.22174137193658253, 0.6275995711800175, 0.12255654832542551, 0.34403106020818724, 0.6877785782880395, 0.35223895615429046, 0.2572447571907188, 0.007281081678807366, 0.619255557896611, 0.6553769881065039, 0.679388606776064, 0.7687537456145066, 0.6708195271563451, 0.6003455257464023], [0.23441876433795672, 1.5380028405561323, 0.0, 0.19277886323440643, 0.6802377323314635, 0.12055158263984597, 0.422944162349831, 0.6895965372200812, 0.32842642647682707, 0.2907924241870341, 0.00683347364535547, 0.5994058055871896, 0.6407058012968467, 0.6450632391534032, 0.7700958083135953, 0.6970162526665271, 0.5737119517614843], [-0.16492262612731823, 1.6349818222490347, 0.0, 0.2554525238031379, 0.7144017129551743, 0.10385722422804346, 0.38244731709230706, 0.6930631710456673, 0.25866599702964965, 0.28135610601683836, 0.006272599803500922, 0.5996821827721903, 0.6457409400265792, 0.6429258292834023, 0.7220528081875396, 0.6255520324804691, 0.5047167057988756], [-0.1631332111376076, 1.4226056929549544, 0.0, 0.24323917626078767, 0.6780597998488554, 0.1102275029712792, 0.4558485154431338, 0.6929195845616961, 0.2785722363820762, 0.26006392344600315, 0.0064410216040902135, 0.5957743829103579, 0.6351415242888602, 0.6479863383820127, 0.748070828397419, 0.6594054083290237, 0.5229564871012786]], "features_2": [[0.08874283381129366, 1.2303468717586339, 0.0, 0.1943455306432468, 0.6070391430160582, 0.1289397770132723, 0.10694995133854449, 0.6787772421443973, 0.3757198894167453, 0.26405925489215676, 0.00783923647221818, 0.614206626329239, 0.6330792595634769, 0.6582702843074983, 0.7563569893995499, 0.6727199730840183, 0.5829705770444792], [0.09710052870000485, 1.298034897030242, 0.0, 0.18782604825331062, 0.6181028881432978, 0.13080472302262613, 0.1293288245735802, 0.6774258715453012, 0.37833035634772494, 0.27635589229118773, 0.007616154688146137, 0.6087024774230272, 0.6206450673257673, 0.6426395018440179, 0.7654558888451681, 0.6863753060940806, 0.5933482405671721], [0.08231130258145347, 1.3416963415942469, 0.0, 0.2185276339346877, 0.6315995121951464, 0.12860615092792715, 0.12647519598246076, 0.6800205188784312, 0.3770535848773291, 0.2822556847128952, 0.007616154688146137, 0.606651595525129, 0.6437139248434423, 0.6543646331240074, 0.7597781302105747, 0.6640151396606606, 0.5896064040257211], [0.1768335716942957, 1.3281105727117053, 0.0, 0.23090694525188118, 0.6243706778596094, 0.13019158876545267, 0.09663629877650806, 0.6772852721118645, 0.3807291341435286, 0.2799144874939772, 0.007392832833969631, 0.6062413700166078, 0.6213401704751054, 0.6305948806699813, 0.7584979803288203, 0.6816624077729477, 0.5832245170327162], [0.22408330213716443, 1.557782984760962, 0.0, 0.19029738979773625, 0.6766716327775908, 0.12337416487513257, 0.33789057213072554, 0.6877367445538237, 0.3327413433001598, 0.2991301773134143, 0.006497131753992358, 0.6133557108137191, 0.6492521269759419, 0.649604920288334, 0.7751425940927513, 0.6975301551651769, 0.5509536694932816], [-0.05386657337891876, 1.3253418530785124, 0.0, 0.22667041004252178, 0.6409741081844033, 0.1253560310763672, 0.2624143905803386, 0.6854026584468822, 0.35545400887640977, 0.26880936976664893, 0.00683347364535547, 0.6180146216248237, 0.6231654248913688, 0.6422645970190675, 0.7666741083253649, 0.6873167327150017, 0.5960165846736327], [-0.19695414976652303, 1.698590060453332, 0.0, 0.2093083480038761, 0.6884742670347085, 0.1286618884021646, 0.2610417691846131, 0.6828934579972084, 0.3702224677981969, 0.3373708222758547, 0.00716927026363523, 0.6187133388480852, 0.6422271311925705, 0.6655853170103673, 0.779135603484157, 0.6712557944297252, 0.5591491947237269], [0.7483123403719807, 1.5201273197779288, 0.0, 0.25759045520457563, 0.695273353109393, 0.11220988970865627, 0.4550826636790674, 0.6927263437864186, 0.3236921725567705, 0.2800057575959958, 0.007281081678807366, 0.5844870184316084, 0.6304962590702434, 0.6348239442237036, 0.7546184545653878, 0.6623352411367692, 0.5248848344988173], [0.14480766875676654, 1.4060994865859855, 0.0, 0.27331714587068556, 0.6653972235079685, 0.11839992774068052, 0.4066943826823014, 0.6905866140585981, 0.3296092802884252, 0.27422200948313225, 0.00683347364535547, 0.5950537241746274, 0.6389092750283564, 0.6616693293690793, 0.7625271981586581, 0.664198083325588, 0.563552511276697]]}