{"labels_1": ["1", "2", "3", "4", "5", "6", "7", "8", "9"], "labels_2": ["1", "2", "3", "4", "5", "6", "7", "8", "9"], "adj_matrix_1": [[0.0, 0.08837, 0.01767, 0.30229, 0.1464, 0.30543, 0.17468, 0.31686, 0.22253], [0.08837, 0.0, 0.10477, 0.26765, 0.20865, 0.27278, 0.09708, 0.29162, 0.15599], [0.01767, 0.10477, 0.0, 0.30576, 0.13198, 0.30856, 0.18797, 0.31854, 0.23303], [0.30229, 0.26765, 0.30576, 0.0, 0.28903, 0.00865, 0.20076, 0.04139, 0.1452], [0.1464, 0.20865, 0.13198, 0.28903, 0.0, 0.28879, 0.25418, 0.28785, 0.27312], [0.30543, 0.27278, 0.30856, 0.00865, 0.28879, 0.0, 0.20787, 0.0328, 0.15308], [0.17468, 0.09708, 0.18797, 0.20076, 0.25418, 0.20787, 0.0, 0.23377, 0.06455], [0.31686, 0.29162, 0.31854, 0.04139, 0.28785, 0.0328, 0.23377, 0.0, 0.18225], [0.22253, 0.15599, 0.23303, 0.1452, 0.27312, 0.15308, 0.06455, 0.18225, 0.0]], "adj_matrix_2": [[0.0, 0.10947, 0.14038, 0.25604, 0.1322, 0.29929, 0.3442, 0.26675, 0.34038], [0.10947, 0.0, 0.03249, 0.16352, 0.02391, 0.21944, 0.29491, 0.17695, 0.2856], [0.14038, 0.03249, 0.0, 0.13379, 0.00858, 0.19279, 0.27674, 0.14786, 0.26584], [0.25604, 0.16352, 0.13379, 0.0, 0.14153, 0.06696, 0.18046, 0.01549, 0.16338], [0.1322, 0.02391, 0.00858, 0.14153, 0.0, 0.19979, 0.28133, 0.15577, 0.27109], [0.29929, 0.21944, 0.19279, 0.06696, 0.19979, 0.0, 0.12208, 0.05167, 0.10283], [0.3442, 0.29491, 0.27674, 0.18046, 0.28133, 0.12208, 0.0, 0.16738, 0.02089], [0.26675, 0.17695, 0.14786, 0.01549, 0.15577, 0.05167, 0.16738, 0.0, 0.14995], [0.34038, 0.2856, 0.26584, 0.16338, 0.27109, 0.10283, 0.02089, 0.14995, 0.0]], "features_1": [[0.24240005542031673, 1.011471130746082, 0.0, 0.25340075346393, 0.5795792471024774, 0.12509814896272567, 0.43208072903134465, 0.686588999946605, 0.35403373373984603, 0.21321757275291042, 0.007001439975721224, 0.5964225319510281, 0.6362164092143185, 0.6370909771569323, 0.7706590441654708, 0.7037610231661261, 0.5968853327390142], [0.39975167758378616, 0.9676011815728413, 0.0, 0.2605707220182681, 0.5566731448625163, 0.13180831402994758, 0.3195792972553285, 0.6799042069721791, 0.3801640280026761, 0.21108037343778685, 0.007225183508792421, 0.5905759593753301, 0.6385098786803289, 0.6486723365385183, 0.7748935566194309, 0.6932622640699582, 0.5966230836036099], [0.3637786809088466, 1.1294421970092965, 0.0, 0.2654674261884807, 0.6029085879325123, 0.12476997954298373, 0.302965171619045, 0.6856801086181971, 0.3532245893804731, 0.2325196758568444, 0.00711334193318236, 0.5917134148468113, 0.6260126208613443, 0.6333632956507037, 0.7645765611579475, 0.6761221634101342, 0.5888263892170744], [-0.066112194057244, 1.1042869906734318, 0.0, 0.23284048272146887, 0.5998455762881885, 0.12425611994402731, 0.34928198901161595, 0.686787793885069, 0.3460647054200672, 0.2306443011494126, 0.006889477554966383, 0.6102628538921939, 0.6395729672454497, 0.6658828121789286, 0.7699226124013754, 0.6957805329432395, 0.5827202028061559], [1.403879260870056, 1.0946195142300674, 0.0, 0.27772204234097797, 0.5900542086704423, 0.1254362757747082, 0.32253426626270854, 0.6856244656701906, 0.35248718254913514, 0.22005095508236017, 0.007001439975721224, 0.5853463031780248, 0.6162501872546338, 0.6241607784453677, 0.7735070540420975, 0.7007911724842744, 0.5748400954161543], [0.002668144776811321, 1.1991782309243417, 0.0, 0.2267450653610788, 0.6270981357396938, 0.11999728533347348, 0.34395237782592003, 0.6895440759816635, 0.3345706004586406, 0.23816709543503656, 0.00655322669591385, 0.6059993338476239, 0.6451920594031463, 0.6493298481614979, 0.7644822766973149, 0.686257016067903, 0.5782804767547605], [0.3961488784334377, 1.4000632944182896, 0.0, 0.21464926768030115, 0.6627889026380088, 0.11977378034170967, 0.5026038458712165, 0.6904128380837562, 0.32364147064962956, 0.2692678670635209, 0.0066653709969386465, 0.5940107356437649, 0.6353129376415553, 0.6481485405417905, 0.7701155541473083, 0.6999536202127954, 0.5152050686082652], [-0.18472394707585948, 1.2681070222532282, 0.0, 0.2485687927570964, 0.6519675953466715, 0.11148708975505983, 0.5019753864927224, 0.6929282167491504, 0.2895406176692885, 0.23713581599452938, 0.0064410216040902135, 0.6001450726168729, 0.6387628871731948, 0.6281357343721786, 0.7543032615079158, 0.6719203047530113, 0.5146281518274507], [0.013510269782891271, 1.2644081543000205, 0.0, 0.246644729228799, 0.6505686774186589, 0.11202311790738667, 0.4879711284921022, 0.6928245276844367, 0.2816764645401042, 0.23557227469139885, 0.006216428718621936, 0.5819469600810121, 0.6372249642809412, 0.6590742064878808, 0.7576641597598683, 0.6639983684183409, 0.4964557530185498]], "features_2": [[-0.26179921119195937, 1.0679516735215302, 0.0, 0.15437306307995655, 0.5854828970565696, 0.12677426774062314, 0.2887357518295026, 0.6845520661042508, 0.3626282885432235, 0.23112113323032202, 0.00683347364535547, 0.6216864423369421, 0.6559924481647766, 0.6759458182013989, 0.7763990681127266, 0.6816423194434027, 0.6042926230883043], [-0.2706753906165753, 1.1591824549813194, 0.0, 0.16944261731290086, 0.5944456313798593, 0.132841854690098, 0.22159979927588652, 0.678173046697927, 0.39687887303170566, 0.2577137168929602, 0.007560346756364078, 0.6218981886730739, 0.6362406812314586, 0.6779333910574713, 0.7823018235372121, 0.6905554399886569, 0.5954684375827887], [-0.0679972346552975, 1.1907092728806887, 0.0, 0.19771360197494897, 0.6140877648348897, 0.12643136240996233, 0.2751680950987314, 0.684502261144297, 0.36157344281354487, 0.25056590415207247, 0.006889477554966383, 0.6111846375810512, 0.6492224859589989, 0.6536954215863623, 0.7738281583375617, 0.6801199607554864, 0.607071876035504], [0.028840195433233795, 1.159696074020943, 0.0, 0.1953330375347161, 0.6074512754092023, 0.12597702032733848, 0.2656849854792675, 0.6845603672251586, 0.366875296694251, 0.24543314971803998, 0.007057398507269275, 0.604465757675404, 0.650112892481107, 0.6777272040205309, 0.7717864976126083, 0.6721580116956813, 0.6031803011435299], [0.19420773254418844, 1.4973005767883254, 0.0, 0.2056257791035737, 0.664239830537117, 0.1243396168040759, 0.33909824013584355, 0.6868732835385752, 0.33618387658033067, 0.29204198661463066, 0.0064410216040902135, 0.6145329571634901, 0.6370563345617793, 0.6521517288229283, 0.7745934759853343, 0.6783219147593531, 0.5564327553252236], [0.035834429743840435, 1.328440716271374, 0.0, 0.214846477683167, 0.6504949878193532, 0.1190689565559132, 0.31985561950993074, 0.6894474964533955, 0.32312791361498117, 0.2616760131145961, 0.006609306440138685, 0.5944671437174938, 0.642964038638039, 0.6633586365642481, 0.7601571137050602, 0.6745029124037515, 0.5825706904887987], [0.16154826865702532, 1.3513539166184514, 0.0, 0.2843059139582208, 0.6454169347656118, 0.12415548701271104, 0.30684704868456336, 0.6864053779405351, 0.3593814276209206, 0.275866518471936, 0.0069454663283523566, 0.5991588089090383, 0.6545522808374327, 0.6885347444518507, 0.7722000860824564, 0.6867961497090911, 0.5647586632930177], [0.3068009512321779, 1.6055190068890772, 0.0, 0.2513696885264384, 0.7078722752358751, 0.10605963163762376, 0.40401935437302683, 0.6931380272835399, 0.24036591369916716, 0.27271245602198757, 0.005710201030130202, 0.578097234083593, 0.6285777021982589, 0.6320113848833286, 0.7241516772558312, 0.6379943170710438, 0.49812211021379016], [0.2809210408445817, 1.483084352516803, 0.0, 0.25645674011150466, 0.6869737714064601, 0.11040112502828629, 0.5102866023769395, 0.6927773452606565, 0.28636787731997404, 0.26667970771603366, 0.006721420376576193, 0.5747628426218201, 0.6261005545758698, 0.6317024789034739, 0.7393511827903194, 0.6649617354909517, 0.5169174084301337]]}