{"labels_1": ["1", "2", "3", "4", "5", "6", "7", "8", "9"], "labels_2": ["1", "2", "3", "4", "5", "6", "7", "8", "9"], "adj_matrix_1": [[0.0, 0.30799, 0.04448, 0.06497, 0.30251, 0.07397, 0.10649, 0.12536, 0.13093], [0.30799, 0.0, 0.31199, 0.31332, 0.11857, 0.31346, 0.28484, 0.31222, 0.27712], [0.04448, 0.31199, 0.0, 0.02068, 0.32064, 0.02981, 0.14848, 0.08251, 0.17172], [0.06497, 0.31332, 0.02068, 0.0, 0.32789, 0.00915, 0.1673, 0.06215, 0.18993], [0.30251, 0.11857, 0.32064, 0.32789, 0.0, 0.33097, 0.24477, 0.34558, 0.22786], [0.07397, 0.31346, 0.02981, 0.00915, 0.33097, 0.0, 0.17558, 0.05314, 0.19787], [0.10649, 0.28484, 0.14848, 0.1673, 0.24477, 0.17558, 0.0, 0.22166, 0.02585], [0.12536, 0.31222, 0.08251, 0.06215, 0.34558, 0.05314, 0.22166, 0.0, 0.24181], [0.13093, 0.27712, 0.17172, 0.18993, 0.22786, 0.19787, 0.02585, 0.24181, 0.0]], "adj_matrix_2": [[0.0, 0.13327, 0.09742, 0.01789, 0.17889, 0.17748, 0.05857, 0.18375, 0.18558], [0.13327, 0.0, 0.04458, 0.12001, 0.26716, 0.06968, 0.08462, 0.26814, 0.0852], [0.09742, 0.04458, 0.0, 0.08178, 0.24539, 0.11001, 0.04225, 0.24807, 0.12392], [0.01789, 0.12001, 0.08178, 0.0, 0.19164, 0.16892, 0.04146, 0.19629, 0.17819], [0.17889, 0.26716, 0.24539, 0.19164, 0.0, 0.28778, 0.22096, 0.01948, 0.28968], [0.17748, 0.06968, 0.11001, 0.16892, 0.28778, 0.0, 0.14307, 0.28535, 0.01662], [0.05857, 0.08462, 0.04225, 0.04146, 0.22096, 0.14307, 0.0, 0.22462, 0.15483], [0.18375, 0.26814, 0.24807, 0.19629, 0.01948, 0.28535, 0.22462, 0.0, 0.28639], [0.18558, 0.0852, 0.12392, 0.17819, 0.28968, 0.01662, 0.15483, 0.28639, 0.0]], "features_1": [[-0.2050623018691562, 1.0961640452001677, 0.0, 0.25884695609740516, 0.5926917571510597, 0.12515204414233172, 0.35885242318346683, 0.6853056276072715, 0.34946621121424926, 0.2351807176784806, 0.007336964783822175, 0.6142315272541805, 0.649336065511815, 0.6784750250846113, 0.7637912894189365, 0.6733847474620369, 0.589335843373821], [0.3652658986416286, 1.1834394272259894, 0.0, 0.26624695025185874, 0.6041098649083961, 0.1289964210393671, 0.33750323813804994, 0.6830107767548893, 0.3848930539213855, 0.2556842860569246, 0.00783923647221818, 0.596563972279553, 0.6281711666015025, 0.6478080530212367, 0.7769342801530721, 0.6885394129754616, 0.5745182763609475], [-0.21423493266140303, 1.2117865040107056, 0.0, 0.25129146816285713, 0.6127403861480007, 0.12617471329654428, 0.27707860033777576, 0.6839182852144186, 0.3539459950737516, 0.25723619994393543, 0.007001439975721224, 0.6197125277243654, 0.6427789320817685, 0.6585203670783014, 0.7651574762298826, 0.6702326820785054, 0.5980995347490247], [-0.34632097213440316, 1.1424015937968883, 0.0, 0.2571380019534277, 0.6005857737622571, 0.12421359876828741, 0.3210203069976842, 0.68527882264776, 0.3353751244972556, 0.2426157200697734, 0.007225183508792421, 0.6229083730925928, 0.6201534256728545, 0.6446125628405874, 0.7573679247513591, 0.6630990242274396, 0.589324448683266], [0.8281541137011748, 1.5880760547387154, 0.0, 0.23580735176680717, 0.6831522419441155, 0.12060049453870297, 0.41102836720630054, 0.6896200482807142, 0.34002342482419556, 0.297262691808011, 0.00711334193318236, 0.589343426078087, 0.618951910739827, 0.6241220754436456, 0.7696027588528765, 0.6772558798519138, 0.5223452713909458], [-0.13473383060667654, 1.2371899529456463, 0.0, 0.22174137193658253, 0.6275995711800175, 0.12255654832542551, 0.34403106020818724, 0.6877785782880395, 0.35223895615429046, 0.2572447571907188, 0.007281081678807366, 0.619255557896611, 0.6553769881065039, 0.679388606776064, 0.7687537456145066, 0.6708195271563451, 0.6003455257464023], [0.23441876433795672, 1.5380028405561323, 0.0, 0.19277886323440643, 0.6802377323314635, 0.12055158263984597, 0.422944162349831, 0.6895965372200812, 0.32842642647682707, 0.2907924241870341, 0.00683347364535547, 0.5994058055871896, 0.6407058012968467, 0.6450632391534032, 0.7700958083135953, 0.6970162526665271, 0.5737119517614843], [-0.16492262612731823, 1.6349818222490347, 0.0, 0.2554525238031379, 0.7144017129551743, 0.10385722422804346, 0.38244731709230706, 0.6930631710456673, 0.25866599702964965, 0.28135610601683836, 0.006272599803500922, 0.5996821827721903, 0.6457409400265792, 0.6429258292834023, 0.7220528081875396, 0.6255520324804691, 0.5047167057988756], [-0.1631332111376076, 1.4226056929549544, 0.0, 0.24323917626078767, 0.6780597998488554, 0.1102275029712792, 0.4558485154431338, 0.6929195845616961, 0.2785722363820762, 0.26006392344600315, 0.0064410216040902135, 0.5957743829103579, 0.6351415242888602, 0.6479863383820127, 0.748070828397419, 0.6594054083290237, 0.5229564871012786]], "features_2": [[0.9614114768625845, 1.482210163478563, 0.0, 0.23586241509065195, 0.6457513717258592, 0.14282491065027925, 0.29506885517600734, 0.6727698241530866, 0.467531480990111, 0.31977563795596464, 0.007727725548673403, 0.5868776007851313, 0.6813449482321725, 0.7094907517021021, 0.8192663074173494, 0.7213601463267483, 0.6510464695198326], [0.7792018985438247, 1.5281526109067194, 0.0, 0.2428915167220828, 0.6450305240579499, 0.14291904371913158, 0.25848591978213376, 0.6702368909916846, 0.46259170006800066, 0.3289668977872935, 0.008006390651371653, 0.5902513889771992, 0.6744304250424535, 0.6930848267017801, 0.8152528860839304, 0.7239780069160621, 0.6378618074601916], [0.8697561578572581, 1.531962724900245, 0.0, 0.2218496715088598, 0.6495985346440158, 0.1440691116153234, 0.25270484966645484, 0.6692477875444505, 0.47905581000325914, 0.33105716121565276, 0.00839589484089287, 0.594722612103491, 0.671825705008507, 0.7042626164640563, 0.8162134616912556, 0.7189718303309349, 0.6437357168846336], [0.893955972605033, 1.5283280369003338, 0.0, 0.24526996181027994, 0.6486765482618383, 0.14499910581391512, 0.24614100033435307, 0.6682925123799072, 0.4879613033086101, 0.3335703018500151, 0.008451478759474051, 0.5962762395938324, 0.6673576152542299, 0.7075455095561397, 0.8173652221547065, 0.7065410890987633, 0.6408411479423729], [0.20302033393151397, 1.8281528548999677, 0.0, 0.27258762170565637, 0.7046423636430666, 0.1298790865859153, 0.4272513975937578, 0.6851891703983142, 0.3833495918964098, 0.35274124036181975, 0.007336964783822175, 0.6120622049461684, 0.6672432663957504, 0.6890349348036252, 0.8022995445343025, 0.7027492343699578, 0.5889019109120699], [0.7818070612884558, 1.5592309269617626, 0.0, 0.23764549629054058, 0.6578166573377043, 0.14184305890670076, 0.2845435534636273, 0.6726049331987791, 0.4752251007458328, 0.3341867557833498, 0.008173410423425675, 0.6020501570432772, 0.6690421930416884, 0.6918688361460184, 0.8152860262167579, 0.7203348716261442, 0.631209265853887], [0.7474877783602714, 1.9157116633141194, 0.0, 0.2476764615961996, 0.7122744770260157, 0.13816653876134455, 0.3520289995395139, 0.6786788859865053, 0.4512657491719163, 0.3795777025355913, 0.008117752083540042, 0.5998676065939545, 0.6487580018109745, 0.6857404308616755, 0.8137870698416299, 0.7235386627673184, 0.5832642284512174], [0.3276195119008256, 1.713751364145052, 0.0, 0.2822529200512367, 0.7024477314002139, 0.1280835735227941, 0.5142872316235426, 0.6876729219203388, 0.39166251459784274, 0.3352884169310879, 0.007448685839370306, 0.607770429118311, 0.6766592607314178, 0.697091240768042, 0.8040061473058376, 0.7014152713271435, 0.588995392387303], [0.3278951133497934, 1.526610534960092, 0.0, 0.2465840309728331, 0.6620872484037772, 0.13779484800518801, 0.372917191654129, 0.6793889736726645, 0.4512801988743307, 0.32827284200534157, 0.008284682400665488, 0.6031693931163358, 0.6801256163337517, 0.7080784277853761, 0.8160009646465631, 0.710376950531059, 0.6116530548500322]]}