{"labels_1": ["1", "2", "3", "4", "5", "6", "7", "8", "9"], "labels_2": ["1", "2", "3", "4", "5", "6", "7", "8", "9"], "adj_matrix_1": [[0.0, 0.09279, 0.19958, 0.15148, 0.32688, 0.04045, 0.33584, 0.05331, 0.0902], [0.09279, 0.0, 0.11327, 0.0612, 0.26772, 0.05286, 0.32714, 0.03999, 0.00262], [0.19958, 0.11327, 0.0, 0.05331, 0.17791, 0.16303, 0.30126, 0.15104, 0.11573], [0.15148, 0.0612, 0.05331, 0.0, 0.22193, 0.11295, 0.31569, 0.10042, 0.06376], [0.32688, 0.26772, 0.17791, 0.22193, 0.0, 0.30294, 0.20953, 0.29475, 0.26967], [0.04045, 0.05286, 0.16303, 0.11295, 0.30294, 0.0, 0.33317, 0.01295, 0.05026], [0.33584, 0.32714, 0.30126, 0.31569, 0.20953, 0.33317, 0.0, 0.33192, 0.32742], [0.05331, 0.03999, 0.15104, 0.10042, 0.29475, 0.01295, 0.33192, 0.0, 0.03739], [0.0902, 0.00262, 0.11573, 0.06376, 0.26967, 0.05026, 0.32742, 0.03739, 0.0]], "adj_matrix_2": [[0.0, 0.30978, 0.30401, 0.03265, 0.1786, 0.24353, 0.30971, 0.2626, 0.05654], [0.30978, 0.0, 0.04476, 0.29988, 0.33695, 0.16591, 0.00292, 0.14043, 0.29154], [0.30401, 0.04476, 0.0, 0.29022, 0.35077, 0.12879, 0.04188, 0.10074, 0.27892], [0.03265, 0.29988, 0.29022, 0.0, 0.20724, 0.2193, 0.29956, 0.2405, 0.02405], [0.1786, 0.33695, 0.35077, 0.20724, 0.0, 0.34918, 0.33824, 0.35537, 0.22723], [0.24353, 0.16591, 0.12879, 0.2193, 0.34918, 0.0, 0.16368, 0.03083, 0.20042], [0.30971, 0.00292, 0.04188, 0.29956, 0.33824, 0.16368, 0.0, 0.13801, 0.29099], [0.2626, 0.14043, 0.10074, 0.2405, 0.35537, 0.03083, 0.13801, 0.0, 0.22312], [0.05654, 0.29154, 0.27892, 0.02405, 0.22723, 0.20042, 0.29099, 0.22312, 0.0]], "features_1": [[-0.296808645344687, 1.0206124278854714, 0.0, 0.2617586525594581, 0.5811394421461175, 0.13219447934332573, 0.4560363126164454, 0.6827930447297463, 0.4084124304077261, 0.2323393130046616, 0.007504523810135222, 0.6297061878905199, 0.6622829724097484, 0.689125820360164, 0.7924645512482016, 0.7150992415041817, 0.6288759103362139], [-0.26700377916632734, 1.1567978641068495, 0.0, 0.2705718696550707, 0.6023748474573942, 0.1320358995535154, 0.34874395413326836, 0.6817624057410826, 0.4060259995698081, 0.2607510443620351, 0.007894969482732161, 0.6254021118853312, 0.6695902560719408, 0.6992759025013187, 0.7928958701364515, 0.709126521897545, 0.608473038857325], [-0.21333475948717595, 1.15588923256617, 0.0, 0.2560351575759541, 0.6063869221259947, 0.13053172160875673, 0.3823898135033815, 0.6830691976628401, 0.3876845831736915, 0.25403052497429646, 0.007336964783822175, 0.6212050047460034, 0.662409251913169, 0.6807909246388593, 0.7880683160782319, 0.6917707910903897, 0.6184867044781626], [-0.3576132293545662, 1.1245437558059295, 0.0, 0.25785860961175167, 0.5994955666552163, 0.12997147054519373, 0.44735771911898753, 0.6837332486968131, 0.3783106329555228, 0.2464825637497321, 0.007281081678807366, 0.6174383501685226, 0.6439904258821345, 0.6696742525539627, 0.7860126503612002, 0.6830787886611659, 0.615321126236871], [0.13629006998400728, 1.5957830724669109, 0.0, 0.24880531349687696, 0.6933181297152183, 0.11709629288344404, 0.48893536096318113, 0.6915804981957319, 0.31516600479900125, 0.2968061306535297, 0.006609306440138685, 0.6018702257109241, 0.6561094282594316, 0.6733540619348812, 0.771705552283847, 0.6930903149195514, 0.519106196877686], [-0.2754320799504084, 1.2524820838985802, 0.0, 0.2495603890842219, 0.6366448931295986, 0.12172967588734597, 0.46697221706053893, 0.6896506140805803, 0.35322958996265696, 0.2592568756346094, 0.0069454663283523566, 0.6206890640052434, 0.6642769047632405, 0.6752199662305273, 0.7790438340410687, 0.6740884566940953, 0.5907781282093155], [0.4300262551298384, 1.5426333767026679, 0.0, 0.24256616864839228, 0.680658916159756, 0.12176299061734394, 0.48536307702018033, 0.6896693815098704, 0.3298682813882794, 0.2900058755650783, 0.006721420376576193, 0.59866930096191, 0.6296554370098091, 0.6480586630592776, 0.7786335045244012, 0.7005891752472365, 0.5358952136365145], [-0.2614242077800073, 1.3167207064828932, 0.0, 0.25017305140495727, 0.657673326254455, 0.11219138886049451, 0.4881449096118281, 0.6927298352707246, 0.29647597489786315, 0.25138202142056, 0.006328755639155359, 0.6078693439474256, 0.6366138446588472, 0.6648744031498939, 0.7558553364928781, 0.6721793276479577, 0.5216128787857758], [-0.10449232336260117, 1.3370587940387837, 0.0, 0.2822738132707858, 0.6640079632058955, 0.10953136283272955, 0.5731978738986598, 0.6930750971531303, 0.28151346657820686, 0.24741985587092175, 0.005710201030130202, 0.6038328769350039, 0.6477482991013787, 0.6395030979804479, 0.7517512558187366, 0.6859050305139811, 0.5141747765261746]], "features_2": [[-0.31294423878009425, 1.2650341384819204, 0.0, 0.1583742392660296, 0.6391065725878615, 0.12051788581167934, 0.45866809924859736, 0.6894439979097862, 0.3330816844081552, 0.2522355929670641, 0.006721420376576193, 0.609901340655131, 0.6343621463921584, 0.6419219072837006, 0.7592693897664945, 0.6450712452793955, 0.5828800490125753], [0.03999441782119062, 1.3478194400766228, 0.0, 0.1810698630849025, 0.6506149408747662, 0.12217404740868221, 0.4141789302007467, 0.6885780065138798, 0.34403319030927504, 0.2676946322946545, 0.00677745458930179, 0.5912778322536743, 0.6482859888740555, 0.6635335548396725, 0.7659919405809011, 0.6747915842114363, 0.5824117844495725], [-0.05831124887030725, 1.3838524059681017, 0.0, 0.15495116575611814, 0.6590757765636931, 0.12195738521078747, 0.41673154488421177, 0.6884132430779007, 0.3434505124977283, 0.2741920072461308, 0.00683347364535547, 0.5917153773083805, 0.6399499505823191, 0.6614455732015556, 0.7620385064778702, 0.6568028821104135, 0.5864651527699957], [-0.2363447013477855, 1.2942727804598586, 0.0, 0.15981291780226078, 0.6418743500095937, 0.12357816063787755, 0.3942329932251617, 0.6873299952347942, 0.354839862528777, 0.2646615176113156, 0.0069454663283523566, 0.6077749044364753, 0.6586976308049695, 0.6751031286842119, 0.7658330859812363, 0.6483368239466235, 0.599344265877811], [-0.11187004223231778, 1.498553584871224, 0.0, 0.19624887288940118, 0.6848063352438474, 0.11595599200160837, 0.5238366529825683, 0.6919663414093966, 0.31671802191098997, 0.27907447710283617, 0.00655322669591385, 0.6104506890765136, 0.6322007587683696, 0.6379566701813945, 0.7645623440059026, 0.6848754499220807, 0.5640631677747048], [-0.17422655444097712, 1.4033359086956279, 0.0, 0.1418903118200986, 0.6704048833645481, 0.1187116745627103, 0.5508335839664937, 0.6908686572176139, 0.3312965188869481, 0.2724729197761433, 0.006497131753992358, 0.5950103986069772, 0.6270172407954522, 0.6526982507707472, 0.7623630515717497, 0.6661053658526646, 0.5787887730945335], [-0.056556992058566014, 1.4155335131103393, 0.0, 0.18608317914895123, 0.660710332121544, 0.1261265098468586, 0.465956580937317, 0.6872444057355416, 0.3729953559996815, 0.28882799366634604, 0.0069454663283523566, 0.6051824442064913, 0.6461608537812192, 0.6790181682484602, 0.7829145308814704, 0.677604267143974, 0.5816327240879811], [0.2908015790327698, 1.463923098236813, 0.0, 0.2078056906772497, 0.6845734310026467, 0.11558650290591375, 0.5856440748404694, 0.6920801105816765, 0.30934973908247376, 0.26906860005800737, 0.00683347364535547, 0.585476828119674, 0.6364684159113808, 0.6455504488048804, 0.7543289033575161, 0.6776325588709986, 0.5746877960602004], [-0.12285346120528429, 1.2277897545287417, 0.0, 0.18442888260098242, 0.6415775621229253, 0.1190461209126828, 0.6588131975564352, 0.69123101374884, 0.33187535083005937, 0.24495471291013748, 0.00716927026363523, 0.6073343590982758, 0.6406265139998513, 0.6573183188851027, 0.7660595301386072, 0.6985953697696006, 0.5788958190210011]]}