{"labels_1": ["1", "2", "3", "4", "5", "6", "7", "8", "9"], "labels_2": ["1", "2", "3", "4", "5", "6", "7", "8", "9"], "adj_matrix_1": [[0.0, 0.09279, 0.19958, 0.15148, 0.32688, 0.04045, 0.33584, 0.05331, 0.0902], [0.09279, 0.0, 0.11327, 0.0612, 0.26772, 0.05286, 0.32714, 0.03999, 0.00262], [0.19958, 0.11327, 0.0, 0.05331, 0.17791, 0.16303, 0.30126, 0.15104, 0.11573], [0.15148, 0.0612, 0.05331, 0.0, 0.22193, 0.11295, 0.31569, 0.10042, 0.06376], [0.32688, 0.26772, 0.17791, 0.22193, 0.0, 0.30294, 0.20953, 0.29475, 0.26967], [0.04045, 0.05286, 0.16303, 0.11295, 0.30294, 0.0, 0.33317, 0.01295, 0.05026], [0.33584, 0.32714, 0.30126, 0.31569, 0.20953, 0.33317, 0.0, 0.33192, 0.32742], [0.05331, 0.03999, 0.15104, 0.10042, 0.29475, 0.01295, 0.33192, 0.0, 0.03739], [0.0902, 0.00262, 0.11573, 0.06376, 0.26967, 0.05026, 0.32742, 0.03739, 0.0]], "adj_matrix_2": [[0.0, 0.07637, 0.09732, 0.05816, 0.19258, 0.2162, 0.05764, 0.12399, 0.13117], [0.07637, 0.0, 0.02343, 0.01939, 0.14972, 0.19245, 0.01941, 0.05499, 0.06403], [0.09732, 0.02343, 0.0, 0.04259, 0.13221, 0.18017, 0.04257, 0.03208, 0.04145], [0.05816, 0.01939, 0.04259, 0.0, 0.16278, 0.20136, 0.00014, 0.07338, 0.08219], [0.19258, 0.14972, 0.13221, 0.16278, 0.0, 0.06565, 0.1623, 0.10541, 0.09692], [0.2162, 0.19245, 0.18017, 0.20136, 0.06565, 0.0, 0.20137, 0.15932, 0.15261], [0.05764, 0.01941, 0.04257, 0.00014, 0.1623, 0.20137, 0.0, 0.07319, 0.0822], [0.12399, 0.05499, 0.03208, 0.07338, 0.10541, 0.15932, 0.07319, 0.0, 0.00953], [0.13117, 0.06403, 0.04145, 0.08219, 0.09692, 0.15261, 0.0822, 0.00953, 0.0]], "features_1": [[-0.296808645344687, 1.0206124278854714, 0.0, 0.2617586525594581, 0.5811394421461175, 0.13219447934332573, 0.4560363126164454, 0.6827930447297463, 0.4084124304077261, 0.2323393130046616, 0.007504523810135222, 0.6297061878905199, 0.6622829724097484, 0.689125820360164, 0.7924645512482016, 0.7150992415041817, 0.6288759103362139], [-0.26700377916632734, 1.1567978641068495, 0.0, 0.2705718696550707, 0.6023748474573942, 0.1320358995535154, 0.34874395413326836, 0.6817624057410826, 0.4060259995698081, 0.2607510443620351, 0.007894969482732161, 0.6254021118853312, 0.6695902560719408, 0.6992759025013187, 0.7928958701364515, 0.709126521897545, 0.608473038857325], [-0.21333475948717595, 1.15588923256617, 0.0, 0.2560351575759541, 0.6063869221259947, 0.13053172160875673, 0.3823898135033815, 0.6830691976628401, 0.3876845831736915, 0.25403052497429646, 0.007336964783822175, 0.6212050047460034, 0.662409251913169, 0.6807909246388593, 0.7880683160782319, 0.6917707910903897, 0.6184867044781626], [-0.3576132293545662, 1.1245437558059295, 0.0, 0.25785860961175167, 0.5994955666552163, 0.12997147054519373, 0.44735771911898753, 0.6837332486968131, 0.3783106329555228, 0.2464825637497321, 0.007281081678807366, 0.6174383501685226, 0.6439904258821345, 0.6696742525539627, 0.7860126503612002, 0.6830787886611659, 0.615321126236871], [0.13629006998400728, 1.5957830724669109, 0.0, 0.24880531349687696, 0.6933181297152183, 0.11709629288344404, 0.48893536096318113, 0.6915804981957319, 0.31516600479900125, 0.2968061306535297, 0.006609306440138685, 0.6018702257109241, 0.6561094282594316, 0.6733540619348812, 0.771705552283847, 0.6930903149195514, 0.519106196877686], [-0.2754320799504084, 1.2524820838985802, 0.0, 0.2495603890842219, 0.6366448931295986, 0.12172967588734597, 0.46697221706053893, 0.6896506140805803, 0.35322958996265696, 0.2592568756346094, 0.0069454663283523566, 0.6206890640052434, 0.6642769047632405, 0.6752199662305273, 0.7790438340410687, 0.6740884566940953, 0.5907781282093155], [0.4300262551298384, 1.5426333767026679, 0.0, 0.24256616864839228, 0.680658916159756, 0.12176299061734394, 0.48536307702018033, 0.6896693815098704, 0.3298682813882794, 0.2900058755650783, 0.006721420376576193, 0.59866930096191, 0.6296554370098091, 0.6480586630592776, 0.7786335045244012, 0.7005891752472365, 0.5358952136365145], [-0.2614242077800073, 1.3167207064828932, 0.0, 0.25017305140495727, 0.657673326254455, 0.11219138886049451, 0.4881449096118281, 0.6927298352707246, 0.29647597489786315, 0.25138202142056, 0.006328755639155359, 0.6078693439474256, 0.6366138446588472, 0.6648744031498939, 0.7558553364928781, 0.6721793276479577, 0.5216128787857758], [-0.10449232336260117, 1.3370587940387837, 0.0, 0.2822738132707858, 0.6640079632058955, 0.10953136283272955, 0.5731978738986598, 0.6930750971531303, 0.28151346657820686, 0.24741985587092175, 0.005710201030130202, 0.6038328769350039, 0.6477482991013787, 0.6395030979804479, 0.7517512558187366, 0.6859050305139811, 0.5141747765261746]], "features_2": [[2.129602152996159, 1.2470591671241675, 0.0, 0.2963571722082068, 0.6287936969998505, 0.12447607761331986, 0.4834632327346732, 0.6882806992480628, 0.36575382568158576, 0.24688986243781086, 0.007001439975721224, 0.5751749273453808, 0.6416336628203704, 0.6464816786368786, 0.7925354765284054, 0.719893296190231, 0.6159999171849432], [1.1066476742156182, 1.1811522382429722, 0.0, 0.35710974344901625, 0.5945553435206633, 0.1365867135499178, 0.2886132093667804, 0.6766646736564105, 0.45137188738233647, 0.26033726847714367, 0.007783488497544067, 0.5912820590583525, 0.647280296284346, 0.6559413186160661, 0.8035298203572386, 0.710347101252465, 0.6374317327306611], [1.7043177884255032, 1.3510563396634518, 0.0, 0.3120849993152573, 0.6474940671101476, 0.12355460170737258, 0.4409044908140878, 0.6885815951520989, 0.3585135129010639, 0.2614059748437092, 0.007001439975721224, 0.5790212302559377, 0.6194566290117542, 0.6275241077955183, 0.7886339497962942, 0.7181083832733619, 0.6134393661245866], [1.8379235101657585, 1.415317046551158, 0.0, 0.27302250180065435, 0.659412351229006, 0.12254096861622985, 0.43616392540408955, 0.6888707275917092, 0.351976476730425, 0.26984098145129076, 0.0066653709969386465, 0.5674260384963934, 0.6316913461631609, 0.6199759035024218, 0.7851800305078909, 0.7055416704694456, 0.6081020135610554], [0.8189824425462064, 1.22737822108549, 0.0, 0.2891025857662239, 0.6070021768910983, 0.13410750232993773, 0.33158937546729417, 0.680375171474549, 0.42084498856234487, 0.26440834274127756, 0.007560346756364078, 0.5938730822600997, 0.6361388368887338, 0.6597723913558399, 0.8024959847477462, 0.7177699295019384, 0.6347131555033464], [1.3084312720542828, 1.4384798941680685, 0.0, 0.28491067593415415, 0.6632469138902702, 0.12279226236802071, 0.4196622977862667, 0.6891297470068692, 0.35126484527411383, 0.27378690430801456, 0.0064410216040902135, 0.5814700209910133, 0.6418950052171, 0.6463657847460962, 0.7860097480650102, 0.7057120432985036, 0.6204960668315994], [0.5115886769701672, 1.8847195985414944, 0.0, 0.24567250900825013, 0.7275988267999777, 0.11901348207952654, 0.49132198077838324, 0.6908274976262099, 0.31756373515633207, 0.33753279880688924, 0.006328755639155359, 0.5745394046541341, 0.6360950553220462, 0.6677726430337313, 0.7782531293759414, 0.6887785273565088, 0.5536657647918732], [1.5100039772197418, 1.2656679519161025, 0.0, 0.2736735289674189, 0.6276468359504334, 0.1268567341756629, 0.4301365399321114, 0.6870075665192742, 0.3953929649294663, 0.258639465779434, 0.007225183508792421, 0.5761814246155557, 0.6436307702236478, 0.6602244806148774, 0.7960263877506969, 0.7239287826350055, 0.629888022214565], [1.3663383142774252, 1.4753078907816144, 0.0, 0.2817816319376721, 0.6687091951439769, 0.121374613147394, 0.4485675454577908, 0.6897202832424627, 0.33655811660497337, 0.27874258679609465, 0.0064410216040902135, 0.5653173602668611, 0.6252985672803095, 0.644032731734016, 0.7831498296942725, 0.7188030018807655, 0.6085168157630589]]}