{"labels_1": ["1", "2", "3", "4", "5", "6", "7", "8", "9"], "labels_2": ["1", "2", "3", "4", "5", "6", "7", "8", "9"], "adj_matrix_1": [[0.0, 0.09279, 0.19958, 0.15148, 0.32688, 0.04045, 0.33584, 0.05331, 0.0902], [0.09279, 0.0, 0.11327, 0.0612, 0.26772, 0.05286, 0.32714, 0.03999, 0.00262], [0.19958, 0.11327, 0.0, 0.05331, 0.17791, 0.16303, 0.30126, 0.15104, 0.11573], [0.15148, 0.0612, 0.05331, 0.0, 0.22193, 0.11295, 0.31569, 0.10042, 0.06376], [0.32688, 0.26772, 0.17791, 0.22193, 0.0, 0.30294, 0.20953, 0.29475, 0.26967], [0.04045, 0.05286, 0.16303, 0.11295, 0.30294, 0.0, 0.33317, 0.01295, 0.05026], [0.33584, 0.32714, 0.30126, 0.31569, 0.20953, 0.33317, 0.0, 0.33192, 0.32742], [0.05331, 0.03999, 0.15104, 0.10042, 0.29475, 0.01295, 0.33192, 0.0, 0.03739], [0.0902, 0.00262, 0.11573, 0.06376, 0.26967, 0.05026, 0.32742, 0.03739, 0.0]], "adj_matrix_2": [[0.0, 0.1819, 0.06384, 0.06192, 0.15423, 0.02466, 0.09539, 0.07394, 0.11871], [0.1819, 0.0, 0.23005, 0.12866, 0.03377, 0.20117, 0.0967, 0.23713, 0.26689], [0.06384, 0.23005, 0.0, 0.12341, 0.20692, 0.03946, 0.15456, 0.01032, 0.0567], [0.06192, 0.12866, 0.12341, 0.0, 0.09765, 0.08594, 0.03458, 0.13295, 0.17455], [0.15423, 0.03377, 0.20692, 0.09765, 0.0, 0.17523, 0.06436, 0.21479, 0.24814], [0.02466, 0.20117, 0.03946, 0.08594, 0.17523, 0.0, 0.11867, 0.0497, 0.09528], [0.09539, 0.0967, 0.15456, 0.03458, 0.06436, 0.11867, 0.0, 0.16362, 0.20278], [0.07394, 0.23713, 0.01032, 0.13295, 0.21479, 0.0497, 0.16362, 0.0, 0.04649], [0.11871, 0.26689, 0.0567, 0.17455, 0.24814, 0.09528, 0.20278, 0.04649, 0.0]], "features_1": [[-0.296808645344687, 1.0206124278854714, 0.0, 0.2617586525594581, 0.5811394421461175, 0.13219447934332573, 0.4560363126164454, 0.6827930447297463, 0.4084124304077261, 0.2323393130046616, 0.007504523810135222, 0.6297061878905199, 0.6622829724097484, 0.689125820360164, 0.7924645512482016, 0.7150992415041817, 0.6288759103362139], [-0.26700377916632734, 1.1567978641068495, 0.0, 0.2705718696550707, 0.6023748474573942, 0.1320358995535154, 0.34874395413326836, 0.6817624057410826, 0.4060259995698081, 0.2607510443620351, 0.007894969482732161, 0.6254021118853312, 0.6695902560719408, 0.6992759025013187, 0.7928958701364515, 0.709126521897545, 0.608473038857325], [-0.21333475948717595, 1.15588923256617, 0.0, 0.2560351575759541, 0.6063869221259947, 0.13053172160875673, 0.3823898135033815, 0.6830691976628401, 0.3876845831736915, 0.25403052497429646, 0.007336964783822175, 0.6212050047460034, 0.662409251913169, 0.6807909246388593, 0.7880683160782319, 0.6917707910903897, 0.6184867044781626], [-0.3576132293545662, 1.1245437558059295, 0.0, 0.25785860961175167, 0.5994955666552163, 0.12997147054519373, 0.44735771911898753, 0.6837332486968131, 0.3783106329555228, 0.2464825637497321, 0.007281081678807366, 0.6174383501685226, 0.6439904258821345, 0.6696742525539627, 0.7860126503612002, 0.6830787886611659, 0.615321126236871], [0.13629006998400728, 1.5957830724669109, 0.0, 0.24880531349687696, 0.6933181297152183, 0.11709629288344404, 0.48893536096318113, 0.6915804981957319, 0.31516600479900125, 0.2968061306535297, 0.006609306440138685, 0.6018702257109241, 0.6561094282594316, 0.6733540619348812, 0.771705552283847, 0.6930903149195514, 0.519106196877686], [-0.2754320799504084, 1.2524820838985802, 0.0, 0.2495603890842219, 0.6366448931295986, 0.12172967588734597, 0.46697221706053893, 0.6896506140805803, 0.35322958996265696, 0.2592568756346094, 0.0069454663283523566, 0.6206890640052434, 0.6642769047632405, 0.6752199662305273, 0.7790438340410687, 0.6740884566940953, 0.5907781282093155], [0.4300262551298384, 1.5426333767026679, 0.0, 0.24256616864839228, 0.680658916159756, 0.12176299061734394, 0.48536307702018033, 0.6896693815098704, 0.3298682813882794, 0.2900058755650783, 0.006721420376576193, 0.59866930096191, 0.6296554370098091, 0.6480586630592776, 0.7786335045244012, 0.7005891752472365, 0.5358952136365145], [-0.2614242077800073, 1.3167207064828932, 0.0, 0.25017305140495727, 0.657673326254455, 0.11219138886049451, 0.4881449096118281, 0.6927298352707246, 0.29647597489786315, 0.25138202142056, 0.006328755639155359, 0.6078693439474256, 0.6366138446588472, 0.6648744031498939, 0.7558553364928781, 0.6721793276479577, 0.5216128787857758], [-0.10449232336260117, 1.3370587940387837, 0.0, 0.2822738132707858, 0.6640079632058955, 0.10953136283272955, 0.5731978738986598, 0.6930750971531303, 0.28151346657820686, 0.24741985587092175, 0.005710201030130202, 0.6038328769350039, 0.6477482991013787, 0.6395030979804479, 0.7517512558187366, 0.6859050305139811, 0.5141747765261746]], "features_2": [[0.1409785934709098, 1.3696374089066734, 0.0, 0.21768059326655026, 0.644190396109142, 0.131619644847743, 0.26846063030385564, 0.6803091176053685, 0.4104026652375925, 0.2894482327127297, 0.007727725548673403, 0.6177466519631334, 0.6475366121400746, 0.6585776958144014, 0.7826567401060968, 0.6856746729695516, 0.6261332622410868], [0.04924968407157193, 1.3669448054511337, 0.0, 0.27805212057238177, 0.6450524997852902, 0.13049903533485732, 0.32266614958446665, 0.6824392620681584, 0.39842158781491444, 0.29145907911569924, 0.007671947615560004, 0.6160547937514282, 0.6499587915260274, 0.6761757955717924, 0.7877768395857515, 0.6870786362307651, 0.6163478072973437], [0.17643844623886773, 1.4819352491328854, 0.0, 0.22291394982842808, 0.6597362689076761, 0.13171197623090536, 0.2386934962383215, 0.6796141141526884, 0.41699123949301486, 0.3103422474552553, 0.008006390651371653, 0.6215452066501657, 0.650392137494057, 0.668638351308547, 0.7795219411489758, 0.6795668827313064, 0.618772732210092], [0.07906930290073522, 1.467511537171514, 0.0, 0.2349890877309575, 0.6529035686546072, 0.13301045318306964, 0.20451385361913807, 0.677335516450299, 0.42480731559544815, 0.3109730549236609, 0.00783923647221818, 0.6201970085457242, 0.6459610030823931, 0.6626250525030672, 0.7783118169866964, 0.6896544376243781, 0.6170999750900845], [0.24958717409313058, 1.609098388745674, 0.0, 0.2405851199460823, 0.6909559287268612, 0.12141512041889099, 0.40004758895826525, 0.6891057736580166, 0.3371048185502501, 0.3091438598892948, 0.007225183508792421, 0.6030387039030121, 0.6475646183311873, 0.6662808456437529, 0.7731017904082592, 0.6760499589571254, 0.5808543910172979], [0.15751903983886084, 1.5010857057042775, 0.0, 0.282573498172984, 0.6707506975921034, 0.1276941116644194, 0.3055616994840136, 0.6845683835493888, 0.39837869300770623, 0.30661297407274946, 0.007894969482732161, 0.6100982770000192, 0.6649404822821264, 0.6751173945505465, 0.7803448308628183, 0.6899257982458422, 0.6103780785411643], [0.09610872637837042, 1.5949028089192332, 0.0, 0.2236075774627109, 0.6720507987376708, 0.13067960786985602, 0.2516535489055457, 0.6808628847143943, 0.3978718984012819, 0.32316585768447115, 0.007727725548673403, 0.6161098950135848, 0.6563821337580737, 0.6698944362401511, 0.7819778677624937, 0.6992674555088471, 0.5982980912971106], [0.01982353410668214, 1.4900560737130566, 0.0, 0.2303183863675336, 0.6796752289964813, 0.11794518505207768, 0.4625403388311561, 0.6908756941667415, 0.3218365421187832, 0.2809905504180825, 0.0066653709969386465, 0.5985362146751161, 0.6347425271478441, 0.6222331868167137, 0.7653484530486233, 0.6644886110761072, 0.5795705517200421], [0.07646725727698112, 1.4426684968807806, 0.0, 0.24913627408168512, 0.6655158031067384, 0.12184617061143163, 0.35072893430289726, 0.6885649283493187, 0.3512194166249458, 0.28295557300686425, 0.007225183508792421, 0.6060721449244697, 0.6316136983157226, 0.6252255094380417, 0.7713962274469572, 0.6800921495349991, 0.5956987371665211]]}