{"labels_1": ["1", "2", "3", "4", "5", "6", "7", "8", "9"], "labels_2": ["1", "2", "3", "4", "5", "6", "7", "8", "9"], "adj_matrix_1": [[0.0, 0.06948, 0.11139, 0.20395, 0.21443, 0.14078, 0.16625, 0.26247, 0.04236], [0.06948, 0.0, 0.04395, 0.14949, 0.26281, 0.07595, 0.22204, 0.23865, 0.02757], [0.11139, 0.04395, 0.0, 0.1108, 0.28643, 0.03271, 0.25122, 0.2179, 0.071], [0.20395, 0.14949, 0.1108, 0.0, 0.31598, 0.08025, 0.29753, 0.14187, 0.17195], [0.21443, 0.26281, 0.28643, 0.31598, 0.0, 0.2999, 0.05723, 0.2802, 0.24547], [0.14078, 0.07595, 0.03271, 0.08025, 0.2999, 0.0, 0.26919, 0.1994, 0.10217], [0.16625, 0.22204, 0.25122, 0.29753, 0.05723, 0.26919, 0.0, 0.28253, 0.20143], [0.26247, 0.23865, 0.2179, 0.14187, 0.2802, 0.1994, 0.28253, 0.0, 0.24935], [0.04236, 0.02757, 0.071, 0.17195, 0.24547, 0.10217, 0.20143, 0.24935, 0.0]], "adj_matrix_2": [[0.0, 0.10212, 0.07213, 0.06048, 0.02798, 0.16857, 0.2638, 0.17339, 0.17396], [0.10212, 0.0, 0.03078, 0.04258, 0.12868, 0.07065, 0.31387, 0.25454, 0.25497], [0.07213, 0.03078, 0.0, 0.01185, 0.09936, 0.10075, 0.30082, 0.23203, 0.23245], [0.06048, 0.04258, 0.01185, 0.0, 0.08789, 0.11215, 0.29543, 0.22298, 0.22343], [0.02798, 0.12868, 0.09936, 0.08789, 0.0, 0.19321, 0.24693, 0.14896, 0.14946], [0.16857, 0.07065, 0.10075, 0.11215, 0.19321, 0.0, 0.338, 0.30111, 0.30131], [0.2638, 0.31387, 0.30082, 0.29543, 0.24693, 0.338, 0.0, 0.12857, 0.12808], [0.17339, 0.25454, 0.23203, 0.22298, 0.14896, 0.30111, 0.12857, 0.0, 0.0006], [0.17396, 0.25497, 0.23245, 0.22343, 0.14946, 0.30131, 0.12808, 0.0006, 0.0]], "features_1": [[0.08318843121195618, 1.0582977896158066, 0.0, 0.2840317249274344, 0.5895392959414929, 0.12715609507017983, 0.4429104491584205, 0.6860147263048979, 0.374331643948175, 0.227345969575788, 0.007336964783822175, 0.6104728790285543, 0.651410599341475, 0.6560176250677927, 0.7771192005772624, 0.6915032422127642, 0.5822236059058874], [0.29599470727773314, 1.1026167407959917, 0.0, 0.3082748077182782, 0.5913727874117289, 0.1311247547706016, 0.30286229114589036, 0.6818047191401568, 0.40698141099866225, 0.24037792585609763, 0.007560346756364078, 0.6054666192551199, 0.6423075257188601, 0.6595472412901566, 0.7837895350031955, 0.7134415316907374, 0.5677548272293614], [0.17038695314235097, 1.1842869460258272, 0.0, 0.3038446966887212, 0.6134449433799097, 0.12777930743095278, 0.3641769080320024, 0.684981869322778, 0.3879333285223683, 0.25290140540207995, 0.007448685839370306, 0.6070218055939813, 0.6491893395220307, 0.6567664996842277, 0.7777826399634178, 0.7037508843059375, 0.5737535221404182], [0.18074512452764901, 1.118151443861687, 0.0, 0.29267981792817765, 0.5975585499501271, 0.1293466811708029, 0.3680669724594843, 0.6836650082643672, 0.3985278725258865, 0.2466807319103994, 0.007727725548673403, 0.6092657344908969, 0.6576804906387127, 0.6768613380506133, 0.778800168248069, 0.6947964976444341, 0.5772792216379258], [0.12262732510103103, 1.4246255931997418, 0.0, 0.23939165285564387, 0.6632567792821917, 0.12111611679746793, 0.4207823308482602, 0.6896510250600448, 0.33185501979768905, 0.2745416419292308, 0.00711334193318236, 0.6125504897592502, 0.6544876882637727, 0.6358975279251979, 0.7748187826631555, 0.6910097734028406, 0.5263816324530601], [0.397351750415202, 1.2357874522632257, 0.0, 0.3112345292591412, 0.6311248730348806, 0.12176554336463848, 0.3778251852147008, 0.6888838032099704, 0.35840597910153726, 0.2494648671450972, 0.00711334193318236, 0.5939715307552971, 0.6413007581366734, 0.6379446706152249, 0.7694836531765414, 0.7071137245104413, 0.5671465312444003], [0.06373714440947165, 1.2957179330090536, 0.0, 0.21889575859582755, 0.6336735548882959, 0.1251731917820093, 0.42737482855658515, 0.6871213945587256, 0.35355950359991795, 0.2642074525395848, 0.007001439975721224, 0.6099153363245442, 0.6498484187940834, 0.6699054100327849, 0.7789342900053774, 0.7101249641066133, 0.5663149601605408], [0.6571976540603939, 1.406079990237268, 0.0, 0.29476567829934114, 0.6734831479822326, 0.10925356437409564, 0.3910033731632069, 0.6929136376947023, 0.28538924088450646, 0.25562008601474373, 0.006497131753992358, 0.5687679449624978, 0.6143475901811057, 0.6258569921151776, 0.7365805818934098, 0.6686428456931859, 0.49439058953572207], [0.2433337368499, 1.2207355811298966, 0.0, 0.24629773171958433, 0.6314410462945521, 0.11695308334391079, 0.46431515676326923, 0.691061439960069, 0.31980940815818704, 0.23955369571364216, 0.007001439975721224, 0.5905425858646005, 0.6285707564741311, 0.6507382003844849, 0.7586784799021802, 0.6647239752124562, 0.5450286586528621]], "features_2": [[-0.2594398503915385, 1.12271418338025, 0.0, 0.29675517661541245, 0.6066731211969304, 0.12357022077338188, 0.36754914881833545, 0.6872685929973721, 0.34897846143194644, 0.23884861400416768, 0.006721420376576193, 0.6061682834829922, 0.6443203484115988, 0.671349950305191, 0.7718325202308579, 0.6872613023662874, 0.6184514657711556], [-0.19657637968253505, 1.1410524441048984, 0.0, 0.25329772263792494, 0.6147409059058935, 0.12140295006584223, 0.432792456436777, 0.6895281824301989, 0.34333412000821983, 0.2362526574100976, 0.00716927026363523, 0.6121050499075693, 0.6523464808230988, 0.6673472237378592, 0.7770117218626678, 0.6794873667094721, 0.6098676130540082], [-0.2834601064718356, 1.245997409260881, 0.0, 0.2825089146834629, 0.635886365960571, 0.12038868740988234, 0.3939299756781466, 0.6897267621264056, 0.3355075699322245, 0.25431153481234103, 0.0069454663283523566, 0.6065289296140328, 0.6508114914016183, 0.6755795881639327, 0.77113483607057, 0.7024211229747452, 0.6099783539181244], [-0.20154631665809886, 1.2117796933984346, 0.0, 0.2821836124506239, 0.6220779678080205, 0.12302089951751359, 0.36633364592624673, 0.6875887878398457, 0.3434338002229538, 0.25180065036323507, 0.0069454663283523566, 0.6079090099610682, 0.6446396279432676, 0.6634990772269547, 0.771224141584065, 0.6893744382606921, 0.6131843495410678], [0.02969650166555393, 1.3422315856438038, 0.0, 0.2211241278876198, 0.6615784678768428, 0.11372070143286508, 0.6097836448223163, 0.6926419563207746, 0.2902428448239871, 0.25175868751136843, 0.006384896235913207, 0.5947198921404462, 0.6460883815806385, 0.6366493507851563, 0.7644309301633869, 0.651976888992258, 0.5494123031772624], [-0.3628117454476256, 1.3066891869646837, 0.0, 0.27198311063046476, 0.6515274738577033, 0.11549257831303719, 0.4703082434241189, 0.6919289316615079, 0.3095921097622707, 0.25679999495703476, 0.00677745458930179, 0.6114806606995389, 0.6461652020848169, 0.668720810054393, 0.7648441496304924, 0.6864028502608461, 0.5960232676435352], [0.43702684299139305, 1.3766709672894957, 0.0, 0.3008274949139126, 0.6526649341907867, 0.12019203575523438, 0.3931307317413527, 0.6895944446676578, 0.32495013807048134, 0.2684914265959031, 0.006384896235913207, 0.5949268914667958, 0.6332073675499134, 0.6399947058665388, 0.7712795284583616, 0.6924490305198289, 0.5915014470560043], [0.5172455516874956, 1.4599560078582432, 0.0, 0.27448963909922347, 0.6893416818624561, 0.10783775733207979, 0.5753842108983243, 0.6931452026753611, 0.27625960523702964, 0.2586064111753259, 0.006272599803500922, 0.5769706962985497, 0.6291939813369265, 0.6389888623583309, 0.7455605291644866, 0.6480762446912807, 0.5636415793481022], [0.05989026304473466, 1.318457178582649, 0.0, 0.25386443020813143, 0.6598260959343052, 0.11143672890907913, 0.534648172979162, 0.6928650775732292, 0.28755193469732654, 0.24479692236248174, 0.006384896235913207, 0.5796116875056221, 0.6428737110533601, 0.6357497675737406, 0.7579389571388916, 0.6809059314535081, 0.5729481027756771]]}