{"labels_1": ["1", "2", "3", "4", "5", "6", "7", "8", "9"], "labels_2": ["1", "2", "3", "4", "5", "6", "7", "8", "9"], "adj_matrix_1": [[0.0, 0.06948, 0.11139, 0.20395, 0.21443, 0.14078, 0.16625, 0.26247, 0.04236], [0.06948, 0.0, 0.04395, 0.14949, 0.26281, 0.07595, 0.22204, 0.23865, 0.02757], [0.11139, 0.04395, 0.0, 0.1108, 0.28643, 0.03271, 0.25122, 0.2179, 0.071], [0.20395, 0.14949, 0.1108, 0.0, 0.31598, 0.08025, 0.29753, 0.14187, 0.17195], [0.21443, 0.26281, 0.28643, 0.31598, 0.0, 0.2999, 0.05723, 0.2802, 0.24547], [0.14078, 0.07595, 0.03271, 0.08025, 0.2999, 0.0, 0.26919, 0.1994, 0.10217], [0.16625, 0.22204, 0.25122, 0.29753, 0.05723, 0.26919, 0.0, 0.28253, 0.20143], [0.26247, 0.23865, 0.2179, 0.14187, 0.2802, 0.1994, 0.28253, 0.0, 0.24935], [0.04236, 0.02757, 0.071, 0.17195, 0.24547, 0.10217, 0.20143, 0.24935, 0.0]], "adj_matrix_2": [[0.0, 0.15801, 0.06576, 0.15001, 0.27725, 0.12125, 0.2249, 0.09289, 0.03917], [0.15801, 0.0, 0.21232, 0.27439, 0.1914, 0.0412, 0.08737, 0.07072, 0.19083], [0.06576, 0.21232, 0.0, 0.08768, 0.29604, 0.18004, 0.26659, 0.15426, 0.02684], [0.15001, 0.27439, 0.08768, 0.0, 0.31028, 0.24941, 0.31011, 0.22826, 0.11349], [0.27725, 0.1914, 0.29604, 0.31028, 0.0, 0.21825, 0.12099, 0.23521, 0.28882], [0.12125, 0.0412, 0.18004, 0.24941, 0.21825, 0.0, 0.12562, 0.03009, 0.15674], [0.2249, 0.08737, 0.26659, 0.31011, 0.12099, 0.12562, 0.0, 0.152, 0.25058], [0.09289, 0.07072, 0.15426, 0.22826, 0.23521, 0.03009, 0.152, 0.0, 0.12991], [0.03917, 0.19083, 0.02684, 0.11349, 0.28882, 0.15674, 0.25058, 0.12991, 0.0]], "features_1": [[0.08318843121195618, 1.0582977896158066, 0.0, 0.2840317249274344, 0.5895392959414929, 0.12715609507017983, 0.4429104491584205, 0.6860147263048979, 0.374331643948175, 0.227345969575788, 0.007336964783822175, 0.6104728790285543, 0.651410599341475, 0.6560176250677927, 0.7771192005772624, 0.6915032422127642, 0.5822236059058874], [0.29599470727773314, 1.1026167407959917, 0.0, 0.3082748077182782, 0.5913727874117289, 0.1311247547706016, 0.30286229114589036, 0.6818047191401568, 0.40698141099866225, 0.24037792585609763, 0.007560346756364078, 0.6054666192551199, 0.6423075257188601, 0.6595472412901566, 0.7837895350031955, 0.7134415316907374, 0.5677548272293614], [0.17038695314235097, 1.1842869460258272, 0.0, 0.3038446966887212, 0.6134449433799097, 0.12777930743095278, 0.3641769080320024, 0.684981869322778, 0.3879333285223683, 0.25290140540207995, 0.007448685839370306, 0.6070218055939813, 0.6491893395220307, 0.6567664996842277, 0.7777826399634178, 0.7037508843059375, 0.5737535221404182], [0.18074512452764901, 1.118151443861687, 0.0, 0.29267981792817765, 0.5975585499501271, 0.1293466811708029, 0.3680669724594843, 0.6836650082643672, 0.3985278725258865, 0.2466807319103994, 0.007727725548673403, 0.6092657344908969, 0.6576804906387127, 0.6768613380506133, 0.778800168248069, 0.6947964976444341, 0.5772792216379258], [0.12262732510103103, 1.4246255931997418, 0.0, 0.23939165285564387, 0.6632567792821917, 0.12111611679746793, 0.4207823308482602, 0.6896510250600448, 0.33185501979768905, 0.2745416419292308, 0.00711334193318236, 0.6125504897592502, 0.6544876882637727, 0.6358975279251979, 0.7748187826631555, 0.6910097734028406, 0.5263816324530601], [0.397351750415202, 1.2357874522632257, 0.0, 0.3112345292591412, 0.6311248730348806, 0.12176554336463848, 0.3778251852147008, 0.6888838032099704, 0.35840597910153726, 0.2494648671450972, 0.00711334193318236, 0.5939715307552971, 0.6413007581366734, 0.6379446706152249, 0.7694836531765414, 0.7071137245104413, 0.5671465312444003], [0.06373714440947165, 1.2957179330090536, 0.0, 0.21889575859582755, 0.6336735548882959, 0.1251731917820093, 0.42737482855658515, 0.6871213945587256, 0.35355950359991795, 0.2642074525395848, 0.007001439975721224, 0.6099153363245442, 0.6498484187940834, 0.6699054100327849, 0.7789342900053774, 0.7101249641066133, 0.5663149601605408], [0.6571976540603939, 1.406079990237268, 0.0, 0.29476567829934114, 0.6734831479822326, 0.10925356437409564, 0.3910033731632069, 0.6929136376947023, 0.28538924088450646, 0.25562008601474373, 0.006497131753992358, 0.5687679449624978, 0.6143475901811057, 0.6258569921151776, 0.7365805818934098, 0.6686428456931859, 0.49439058953572207], [0.2433337368499, 1.2207355811298966, 0.0, 0.24629773171958433, 0.6314410462945521, 0.11695308334391079, 0.46431515676326923, 0.691061439960069, 0.31980940815818704, 0.23955369571364216, 0.007001439975721224, 0.5905425858646005, 0.6285707564741311, 0.6507382003844849, 0.7586784799021802, 0.6647239752124562, 0.5450286586528621]], "features_2": [[0.12021237259680584, 1.0655903192913707, 0.0, 0.28724181440348284, 0.6218419704787062, 0.11262646687349094, 0.6213881359288784, 0.6928716723696415, 0.3051916509091068, 0.2078181615124881, 0.006328755639155359, 0.5997876485672518, 0.651163540517843, 0.6393185715220647, 0.759400139792277, 0.6974894250071019, 0.5812419340059842], [0.42819967321651387, 1.118469561376169, 0.0, 0.2835083472288801, 0.6140451237997184, 0.11783760195700486, 0.3380595937301386, 0.6900829009976366, 0.3162805628759897, 0.22101624310732126, 0.0066653709969386465, 0.586187115378207, 0.6324608769454169, 0.6577854067007176, 0.7586504945283064, 0.6924408825080771, 0.5927212302901405], [-0.2546288119154836, 1.1286961991137507, 0.0, 0.24455634154643924, 0.625393982185364, 0.11466367669698953, 0.5159885245972383, 0.6922722537020524, 0.30881907722688084, 0.22281482870201175, 0.006328755639155359, 0.607737674406809, 0.6597543146938752, 0.6692645368142193, 0.7606893376571917, 0.6746540881445402, 0.5809149985183247], [-0.23439770733779897, 1.1269247409949705, 0.0, 0.24543607917150592, 0.6283823280257814, 0.1144032126286839, 0.5703405106340214, 0.6924709305790526, 0.3011909404114941, 0.22118229159629332, 0.0064410216040902135, 0.6066657519248424, 0.6385251506249753, 0.6499446764044947, 0.7619951807118552, 0.6738049795184279, 0.5796292381368492], [0.2630462599487333, 1.1523087173058384, 0.0, 0.2611645760200951, 0.6242705451989344, 0.11333948976696906, 0.3846135374277139, 0.6920208085121172, 0.2860848485828402, 0.21966788165613438, 0.006216428718621936, 0.5828732618992114, 0.6269264278130833, 0.6510390456471343, 0.7516279825774037, 0.6669219516964496, 0.5696557973748085], [-0.10841748457129219, 1.2346536221672544, 0.0, 0.2370239073485071, 0.6454172565528976, 0.11283778223261268, 0.491055017693337, 0.6925422242449987, 0.2981800088746662, 0.23742111735444849, 0.006328755639155359, 0.5986560789283328, 0.6319533562415052, 0.6555664312896367, 0.754850988281909, 0.6592902683897564, 0.575745237631673], [0.42589734073415153, 1.3804735718557855, 0.0, 0.2764279213572763, 0.6713087853813603, 0.11266148231573617, 0.5533174647064996, 0.6926822033000481, 0.29685271245324585, 0.2542310865329305, 0.006160242374180447, 0.5846154650732234, 0.6371426549146103, 0.6361684617606073, 0.759067723972123, 0.6810579626532594, 0.5278747065600863], [0.07319402777732886, 1.3995711490513105, 0.0, 0.22035268687725193, 0.6776350322272748, 0.10860600322690732, 0.4595855156637221, 0.6930157732919535, 0.2705933858947558, 0.25273607823784894, 0.006216428718621936, 0.5899063025709927, 0.6363434289092276, 0.633915490843244, 0.7349177383498752, 0.6608599965812485, 0.5612993697079849], [0.14286959087346984, 1.352643968561879, 0.0, 0.2509820283841928, 0.6713058139167583, 0.10770703739979962, 0.5320131687134826, 0.6931218244053627, 0.26935172265845875, 0.2433293683196205, 0.006384896235913207, 0.5862912739461683, 0.6304493266218173, 0.6378253145272981, 0.7391730671709367, 0.6876605143329793, 0.5342188492114828]]}