{"labels_1": ["1", "2", "3", "4", "5", "6", "7", "8", "9"], "labels_2": ["1", "2", "3", "4", "5", "6", "7", "8", "9"], "adj_matrix_1": [[0.0, 0.03613, 0.16274, 0.02444, 0.08338, 0.16486, 0.25737, 0.0011, 0.04147], [0.03613, 0.0, 0.19348, 0.06031, 0.11777, 0.19546, 0.2809, 0.03716, 0.07699], [0.16274, 0.19348, 0.0, 0.14085, 0.0842, 0.00243, 0.11434, 0.16177, 0.12497], [0.02444, 0.06031, 0.14085, 0.0, 0.05955, 0.14307, 0.24, 0.02332, 0.01715], [0.08338, 0.11777, 0.0842, 0.05955, 0.0, 0.08658, 0.19197, 0.08239, 0.04261], [0.16486, 0.19546, 0.00243, 0.14307, 0.08658, 0.0, 0.11206, 0.16398, 0.12727], [0.25737, 0.2809, 0.11434, 0.24, 0.19197, 0.11206, 0.0, 0.25741, 0.2272], [0.0011, 0.03716, 0.16177, 0.02332, 0.08239, 0.16398, 0.25741, 0.0, 0.04043], [0.04147, 0.07699, 0.12497, 0.01715, 0.04261, 0.12727, 0.2272, 0.04043, 0.0]], "adj_matrix_2": [[0.0, 0.13709, 0.03176, 0.17058, 0.33962, 0.29915, 0.26339, 0.35426, 0.27187], [0.13709, 0.0, 0.16687, 0.03613, 0.25728, 0.19258, 0.27882, 0.31008, 0.28483], [0.03176, 0.16687, 0.0, 0.19925, 0.35461, 0.31973, 0.25845, 0.36063, 0.26727], [0.17058, 0.03613, 0.19925, 0.0, 0.23103, 0.161, 0.2809, 0.29385, 0.2861], [0.33962, 0.25728, 0.35461, 0.23103, 0.0, 0.08647, 0.24396, 0.11372, 0.24046], [0.29915, 0.19258, 0.31973, 0.161, 0.08647, 0.0, 0.2697, 0.18854, 0.26973], [0.26339, 0.27882, 0.25845, 0.2809, 0.24396, 0.2697, 0.0, 0.18421, 0.01245], [0.35426, 0.31008, 0.36063, 0.29385, 0.11372, 0.18854, 0.18421, 0.0, 0.17623], [0.27187, 0.28483, 0.26727, 0.2861, 0.24046, 0.26973, 0.01245, 0.17623, 0.0]], "features_1": [[0.032754352850295376, 1.1821113958492913, 0.0, 0.2022658082648027, 0.6196857238459846, 0.12778602613518786, 0.3839214617006668, 0.6855633597575845, 0.3960604780582886, 0.25192400320530073, 0.00716927026363523, 0.6081404140085422, 0.6676891633260097, 0.6933366283202921, 0.7847040229340739, 0.6957268585227034, 0.5822075646966429], [-0.06615864094373203, 1.2089701760569782, 0.0, 0.2707101505198697, 0.6221567387532089, 0.12996500206914707, 0.3488957827534698, 0.6841135125008618, 0.40971853927156276, 0.2626484376607201, 0.007448685839370306, 0.616861629021761, 0.662725238685284, 0.69546657582853, 0.7877583214742363, 0.6869293278018772, 0.5840864992136475], [-0.11471925126979299, 1.294971313731979, 0.0, 0.20760288062077423, 0.6418538208719968, 0.1263490565209785, 0.36642218164074764, 0.6863243943320363, 0.3844744380656042, 0.26941374577707733, 0.00711334193318236, 0.6144966185425043, 0.6510739955228532, 0.6807848234127455, 0.7796430516696372, 0.7117806155568094, 0.5786449710749694], [-0.12217476074157885, 1.300988687900074, 0.0, 0.21560874247917874, 0.6466969148535596, 0.12272892141138159, 0.42626195415478774, 0.6888169004602288, 0.35877441684492695, 0.26413968916785313, 0.0069454663283523566, 0.6054516019694391, 0.6440691250112611, 0.6762013318784176, 0.77684050225586, 0.6927012705056717, 0.5790248429798831], [0.1442930981795718, 1.4616776948189178, 0.0, 0.30616609188232186, 0.677692193630409, 0.12022377684654428, 0.45872088421287527, 0.690530297379245, 0.34503139399910054, 0.2814191977396787, 0.007001439975721224, 0.6046770996658424, 0.6589450598719436, 0.6682695644137299, 0.7730685002123292, 0.6850685293081226, 0.579079651674977], [-0.05069246257208926, 1.3662193400095048, 0.0, 0.24341692256747827, 0.6670436350406036, 0.11993427762486017, 0.4847268844340945, 0.6907697367405143, 0.34774161956990013, 0.26852089604934526, 0.006889477554966383, 0.6058767998089674, 0.6472287731057603, 0.6716023615731695, 0.7736804739791201, 0.6960219609726404, 0.5651288415683756], [-0.18343449594923644, 1.6686948793784024, 0.0, 0.23042653644087943, 0.7155250711708002, 0.11040243372880595, 0.5522370575158255, 0.6930258299711598, 0.2874085114385767, 0.2944737164791542, 0.005822803276368971, 0.6060323383567465, 0.644789881222857, 0.6532586505862523, 0.7574612299705993, 0.6647732338799623, 0.5129792955964185], [0.3134247374298247, 1.637639218841545, 0.0, 0.2980525210011335, 0.7209862809205461, 0.10462149962619781, 0.4815797315665584, 0.6930581458303402, 0.24881419411808836, 0.27525933778828593, 0.005710201030130202, 0.5792507437775094, 0.6240319623758854, 0.6244419085225178, 0.7317959604248263, 0.6443420877140779, 0.4971494028369171], [0.079613455732777, 1.5371053285367478, 0.0, 0.2722834103586043, 0.70534157450142, 0.10469848667669204, 0.5213006553304318, 0.6930435343141965, 0.2564605161053952, 0.2644089500086766, 0.005710201030130202, 0.5869080050486497, 0.6383643324218197, 0.6320633446038911, 0.7365363048548944, 0.6482926101618616, 0.5014293729557568]], "features_2": [[-0.3166720955590496, 1.1637031030861928, 0.0, 0.18894833092596422, 0.6334813825063424, 0.11846227641684394, 0.6684114970592369, 0.6919829090219926, 0.3362626822614254, 0.23292544211917243, 0.0066653709969386465, 0.6171541585361289, 0.6682701052667624, 0.6672668445294417, 0.7770769652524461, 0.6937852194238124, 0.5794316362778292], [-0.22921850098387875, 1.2948166128006646, 0.0, 0.18120220763979597, 0.6432973410394836, 0.12897932516297544, 0.540023332288834, 0.6872562380179963, 0.39075514399147515, 0.2716114963944012, 0.007225183508792421, 0.6202086767126247, 0.6685309474193526, 0.6928240056872104, 0.7938433917775934, 0.7127914151650645, 0.5855148368913466], [-0.18189261662596357, 1.2658690822481473, 0.0, 0.19630275602763772, 0.6496972418314738, 0.12148180446455487, 0.656163403735551, 0.6910438978548532, 0.35003151364889584, 0.2521904440663225, 0.00655322669591385, 0.618283294980366, 0.6562206347658741, 0.6635340354360647, 0.7808996111417612, 0.7138102776864411, 0.577030872478422], [-0.09042402635145885, 1.2269320467354148, 0.0, 0.20274363373806653, 0.6464238792462325, 0.11733596007003316, 0.6760407429758019, 0.6921890883470416, 0.3345018442490151, 0.24176191543326309, 0.006384896235913207, 0.6083914162482098, 0.6587324109441834, 0.6620366969868411, 0.7739558441494255, 0.6914062403980924, 0.5763582856336967], [0.0403830316772944, 1.7274021718783688, 0.0, 0.19968676522301576, 0.7082335989641638, 0.12322466858201148, 0.5531272208555216, 0.6896360323167843, 0.3410327127868562, 0.3226699511441471, 0.0066653709969386465, 0.5994472260984314, 0.6472341073147414, 0.6648558755029343, 0.7834412236351874, 0.6945651892583755, 0.5515267808572363], [0.10603471598331815, 1.3151034100038714, 0.0, 0.22820920214926674, 0.6635064980099756, 0.11779544231340013, 0.7845795257375471, 0.6924021063696679, 0.3425404774212133, 0.2547165344407074, 0.007057398507269275, 0.6044484683156544, 0.6650937255007037, 0.6831939538378791, 0.7787958056076891, 0.7023131796128249, 0.5671520589242561], [0.1920274845954224, 1.3733435776645067, 0.0, 0.19927434999161503, 0.6646536396736554, 0.11729159688887271, 0.6111608207025355, 0.6917546437519554, 0.33217376156201484, 0.26290638063619864, 0.006721420376576193, 0.5918318108392806, 0.656336319808234, 0.6675367156793449, 0.7741653989543369, 0.6853360432125213, 0.5865867861101028], [0.9415718150432144, 1.4475039802875405, 0.0, 0.2567207013212631, 0.6818128747077253, 0.11235179847363343, 0.5415714439516549, 0.6927447233787971, 0.3144170917416942, 0.2620089268849992, 0.006272599803500922, 0.5797457074154844, 0.6326758775150332, 0.6357797517425088, 0.7583393606936304, 0.6867424536921891, 0.5409522219652775], [1.1505488167342417, 1.283537888283874, 0.0, 0.30984181128658483, 0.6552940486165643, 0.11259831006290871, 0.6360480791955994, 0.6927890209154017, 0.33725193543506937, 0.24165409401879212, 0.007057398507269275, 0.5738866202354307, 0.6297036184243379, 0.6466639783545957, 0.7633896807435189, 0.6975189656219352, 0.5569344607207355]]}