{"labels_1": ["1", "2", "3", "4", "5", "6", "7", "8", "9"], "labels_2": ["1", "2", "3", "4", "5", "6", "7", "8", "9"], "adj_matrix_1": [[0.0, 0.08837, 0.01767, 0.30229, 0.1464, 0.30543, 0.17468, 0.31686, 0.22253], [0.08837, 0.0, 0.10477, 0.26765, 0.20865, 0.27278, 0.09708, 0.29162, 0.15599], [0.01767, 0.10477, 0.0, 0.30576, 0.13198, 0.30856, 0.18797, 0.31854, 0.23303], [0.30229, 0.26765, 0.30576, 0.0, 0.28903, 0.00865, 0.20076, 0.04139, 0.1452], [0.1464, 0.20865, 0.13198, 0.28903, 0.0, 0.28879, 0.25418, 0.28785, 0.27312], [0.30543, 0.27278, 0.30856, 0.00865, 0.28879, 0.0, 0.20787, 0.0328, 0.15308], [0.17468, 0.09708, 0.18797, 0.20076, 0.25418, 0.20787, 0.0, 0.23377, 0.06455], [0.31686, 0.29162, 0.31854, 0.04139, 0.28785, 0.0328, 0.23377, 0.0, 0.18225], [0.22253, 0.15599, 0.23303, 0.1452, 0.27312, 0.15308, 0.06455, 0.18225, 0.0]], "adj_matrix_2": [[0.0, 0.03926, 0.13696, 0.05475, 0.11001, 0.07755, 0.23607, 0.25048, 0.24234], [0.03926, 0.0, 0.10043, 0.01567, 0.14558, 0.11484, 0.2554, 0.25049, 0.25972], [0.13696, 0.10043, 0.0, 0.0854, 0.22704, 0.20257, 0.29064, 0.24185, 0.29017], [0.05475, 0.01567, 0.0854, 0.0, 0.15915, 0.12922, 0.26216, 0.24989, 0.26571], [0.11001, 0.14558, 0.22704, 0.15915, 0.0, 0.03444, 0.1619, 0.2336, 0.17258], [0.07755, 0.11484, 0.20257, 0.12922, 0.03444, 0.0, 0.18762, 0.24192, 0.19713], [0.23607, 0.2554, 0.29064, 0.26216, 0.1619, 0.18762, 0.0, 0.1481, 0.01516], [0.25048, 0.25049, 0.24185, 0.24989, 0.2336, 0.24192, 0.1481, 0.0, 0.13707], [0.24234, 0.25972, 0.29017, 0.26571, 0.17258, 0.19713, 0.01516, 0.13707, 0.0]], "features_1": [[0.24240005542031673, 1.011471130746082, 0.0, 0.25340075346393, 0.5795792471024774, 0.12509814896272567, 0.43208072903134465, 0.686588999946605, 0.35403373373984603, 0.21321757275291042, 0.007001439975721224, 0.5964225319510281, 0.6362164092143185, 0.6370909771569323, 0.7706590441654708, 0.7037610231661261, 0.5968853327390142], [0.39975167758378616, 0.9676011815728413, 0.0, 0.2605707220182681, 0.5566731448625163, 0.13180831402994758, 0.3195792972553285, 0.6799042069721791, 0.3801640280026761, 0.21108037343778685, 0.007225183508792421, 0.5905759593753301, 0.6385098786803289, 0.6486723365385183, 0.7748935566194309, 0.6932622640699582, 0.5966230836036099], [0.3637786809088466, 1.1294421970092965, 0.0, 0.2654674261884807, 0.6029085879325123, 0.12476997954298373, 0.302965171619045, 0.6856801086181971, 0.3532245893804731, 0.2325196758568444, 0.00711334193318236, 0.5917134148468113, 0.6260126208613443, 0.6333632956507037, 0.7645765611579475, 0.6761221634101342, 0.5888263892170744], [-0.066112194057244, 1.1042869906734318, 0.0, 0.23284048272146887, 0.5998455762881885, 0.12425611994402731, 0.34928198901161595, 0.686787793885069, 0.3460647054200672, 0.2306443011494126, 0.006889477554966383, 0.6102628538921939, 0.6395729672454497, 0.6658828121789286, 0.7699226124013754, 0.6957805329432395, 0.5827202028061559], [1.403879260870056, 1.0946195142300674, 0.0, 0.27772204234097797, 0.5900542086704423, 0.1254362757747082, 0.32253426626270854, 0.6856244656701906, 0.35248718254913514, 0.22005095508236017, 0.007001439975721224, 0.5853463031780248, 0.6162501872546338, 0.6241607784453677, 0.7735070540420975, 0.7007911724842744, 0.5748400954161543], [0.002668144776811321, 1.1991782309243417, 0.0, 0.2267450653610788, 0.6270981357396938, 0.11999728533347348, 0.34395237782592003, 0.6895440759816635, 0.3345706004586406, 0.23816709543503656, 0.00655322669591385, 0.6059993338476239, 0.6451920594031463, 0.6493298481614979, 0.7644822766973149, 0.686257016067903, 0.5782804767547605], [0.3961488784334377, 1.4000632944182896, 0.0, 0.21464926768030115, 0.6627889026380088, 0.11977378034170967, 0.5026038458712165, 0.6904128380837562, 0.32364147064962956, 0.2692678670635209, 0.0066653709969386465, 0.5940107356437649, 0.6353129376415553, 0.6481485405417905, 0.7701155541473083, 0.6999536202127954, 0.5152050686082652], [-0.18472394707585948, 1.2681070222532282, 0.0, 0.2485687927570964, 0.6519675953466715, 0.11148708975505983, 0.5019753864927224, 0.6929282167491504, 0.2895406176692885, 0.23713581599452938, 0.0064410216040902135, 0.6001450726168729, 0.6387628871731948, 0.6281357343721786, 0.7543032615079158, 0.6719203047530113, 0.5146281518274507], [0.013510269782891271, 1.2644081543000205, 0.0, 0.246644729228799, 0.6505686774186589, 0.11202311790738667, 0.4879711284921022, 0.6928245276844367, 0.2816764645401042, 0.23557227469139885, 0.006216428718621936, 0.5819469600810121, 0.6372249642809412, 0.6590742064878808, 0.7576641597598683, 0.6639983684183409, 0.4964557530185498]], "features_2": [[0.36729717735697864, 1.2279473777980336, 0.0, 0.19822806416249347, 0.6161119901774665, 0.1326636304232291, 0.3033574773544984, 0.6806561177854257, 0.41040854925744785, 0.2636710269591871, 0.007950687539111767, 0.6000569066443031, 0.6520589782259283, 0.6584941661804934, 0.7891624798080659, 0.7040196733247265, 0.6158586730635753], [0.08280723888166053, 1.299756139855956, 0.0, 0.1803867457267184, 0.6173718743382134, 0.13962841517702268, 0.22288677093839623, 0.6726538748947366, 0.4486261730011558, 0.2884735214576837, 0.007727725548673403, 0.6154779694738979, 0.6568125928498031, 0.6687272114097776, 0.7967614968894793, 0.6943333793054558, 0.5906578616234895], [0.12325309363856052, 1.405480539795628, 0.0, 0.1840708599288841, 0.6501084984699859, 0.13100079051592683, 0.314330441468573, 0.6826625596823882, 0.4028134550845883, 0.29186955481190124, 0.007336964783822175, 0.6078298577100272, 0.6536027541660351, 0.6690496289808848, 0.7880852819816794, 0.7102510544524399, 0.6052969828741116], [0.04885044955179074, 1.3253682860064921, 0.0, 0.1993415405810015, 0.6402055008810593, 0.12747022123571655, 0.35231720430645697, 0.6855595183529815, 0.3868553771082428, 0.2738729998805154, 0.007504523810135222, 0.6034711189164927, 0.635649566481624, 0.6512606640868953, 0.7846878848717879, 0.7042869214033695, 0.6112685391996906], [0.5089599840736758, 1.7052885583372148, 0.0, 0.22463279498327743, 0.6912233497090579, 0.12746271587462651, 0.3983086389057142, 0.6861686022524383, 0.36055536084015705, 0.3212514953114507, 0.00711334193318236, 0.6159031644900135, 0.631225051381547, 0.6370879822376382, 0.7874531629216404, 0.6826716733740973, 0.515131570386525], [0.18744150980965069, 1.4672694385305032, 0.0, 0.2096007165736374, 0.6710187826741612, 0.1252178588908019, 0.4778512007915808, 0.6882474719178824, 0.37295581970394, 0.29179633173024877, 0.007001439975721224, 0.596047443466942, 0.6655656099936711, 0.6845463173184552, 0.7844296435691128, 0.6955433430924354, 0.5953740146627461], [1.0459186755431178, 1.642355097437639, 0.0, 0.2812359364184212, 0.6945471214952986, 0.12307757159960439, 0.4704853275931562, 0.6893310468617003, 0.33997353300210564, 0.29942829622161393, 0.006889477554966383, 0.5861080134599819, 0.6342139911641875, 0.6231636342563296, 0.7850416313983849, 0.7097122691240898, 0.5600988924950101], [0.5254092933337389, 1.3042733329728788, 0.0, 0.24554858137256197, 0.6392477277083182, 0.12112877874562689, 0.5436833494970358, 0.6896729759815721, 0.3232341898989415, 0.255435443336949, 0.00655322669591385, 0.5848715885763456, 0.638638839335217, 0.6349157476782591, 0.7707760518409309, 0.7133420486364572, 0.561307002758485], [0.15836388966369475, 1.3688702820906, 0.0, 0.2429332845526932, 0.6639928595662223, 0.11546312037009368, 0.6653101589971435, 0.6923676406266774, 0.3049706772361127, 0.25839859926061925, 0.005991591679928909, 0.5837858097786004, 0.6522431111708736, 0.6565513561256732, 0.7682631753791894, 0.6907527850145432, 0.5573709578654714]]}