{"labels_1": ["1", "2", "3", "4", "5", "6", "7", "8", "9"], "labels_2": ["1", "2", "3", "4", "5", "6", "7", "8", "9"], "adj_matrix_1": [[0.0, 0.22098, 0.09798, 0.04597, 0.15232, 0.06663, 0.22472, 0.0698, 0.03525], [0.22098, 0.0, 0.16771, 0.23643, 0.11881, 0.18832, 0.09349, 0.18635, 0.23323], [0.09798, 0.16771, 0.0, 0.13898, 0.06341, 0.03315, 0.20723, 0.02987, 0.12966], [0.04597, 0.23643, 0.13898, 0.0, 0.18662, 0.11005, 0.22531, 0.11302, 0.01085], [0.15232, 0.11881, 0.06341, 0.18662, 0.0, 0.0947, 0.18073, 0.0917, 0.17907], [0.06663, 0.18832, 0.03315, 0.11005, 0.0947, 0.0, 0.21578, 0.00331, 0.1001], [0.22472, 0.09349, 0.20723, 0.22531, 0.18073, 0.21578, 0.0, 0.215, 0.22549], [0.0698, 0.18635, 0.02987, 0.11302, 0.0917, 0.00331, 0.215, 0.0, 0.10312], [0.03525, 0.23323, 0.12966, 0.01085, 0.17907, 0.1001, 0.22549, 0.10312, 0.0]], "adj_matrix_2": [[0.0, 0.03926, 0.13696, 0.05475, 0.11001, 0.07755, 0.23607, 0.25048, 0.24234], [0.03926, 0.0, 0.10043, 0.01567, 0.14558, 0.11484, 0.2554, 0.25049, 0.25972], [0.13696, 0.10043, 0.0, 0.0854, 0.22704, 0.20257, 0.29064, 0.24185, 0.29017], [0.05475, 0.01567, 0.0854, 0.0, 0.15915, 0.12922, 0.26216, 0.24989, 0.26571], [0.11001, 0.14558, 0.22704, 0.15915, 0.0, 0.03444, 0.1619, 0.2336, 0.17258], [0.07755, 0.11484, 0.20257, 0.12922, 0.03444, 0.0, 0.18762, 0.24192, 0.19713], [0.23607, 0.2554, 0.29064, 0.26216, 0.1619, 0.18762, 0.0, 0.1481, 0.01516], [0.25048, 0.25049, 0.24185, 0.24989, 0.2336, 0.24192, 0.1481, 0.0, 0.13707], [0.24234, 0.25972, 0.29017, 0.26571, 0.17258, 0.19713, 0.01516, 0.13707, 0.0]], "features_1": [[0.5833592541219632, 1.1026362344367477, 0.0, 0.24334969400572892, 0.583729905152747, 0.13400976002777146, 0.20489298475028123, 0.6761432434042078, 0.41016755127338933, 0.24224016463471165, 0.007504523810135222, 0.5923929431245041, 0.6339956973335005, 0.6516484255366721, 0.7822774361100526, 0.7208257247897232, 0.6018821946701524], [0.7039371464075512, 1.1870439946450349, 0.0, 0.27063514866195537, 0.604613003907928, 0.132538249700187, 0.24892440048789694, 0.6792592284823594, 0.4035616800935804, 0.2570873168311423, 0.007225183508792421, 0.5915056865494075, 0.6298970124056357, 0.6634512879404906, 0.7835826877120747, 0.7074173096984954, 0.5912362797506774], [0.5464813202971879, 1.1809022476154962, 0.0, 0.24867361077534064, 0.5984433708941609, 0.13528541052685414, 0.20582959562307365, 0.6751806861571736, 0.4263732994230698, 0.25945469874391036, 0.007560346756364078, 0.5926671686284934, 0.6332231985547432, 0.6639037505267831, 0.7848058102338179, 0.7194907212536215, 0.6028377990549673], [0.3905558923431669, 1.122419125983965, 0.0, 0.241827022583022, 0.595176604423341, 0.13024714913454097, 0.2623670420014655, 0.6810972574627798, 0.39658033884453237, 0.24310322016817798, 0.007225183508792421, 0.6045049778098006, 0.6446819469107261, 0.6563310455531903, 0.7808866787990011, 0.721945149530189, 0.5965301907348936], [0.2512117756587444, 1.670970201469267, 0.0, 0.26432745085931314, 0.7029056309704749, 0.11804354853966348, 0.5072955937051156, 0.6911915477323161, 0.32156408977361206, 0.30790409960758014, 0.0066653709969386465, 0.5953060403824884, 0.636627384248027, 0.6571010069453299, 0.7686134692597134, 0.6693595007269483, 0.5209879577278892], [0.44948424585548885, 1.2293215603491867, 0.0, 0.2344019473694065, 0.6142956936894479, 0.13101040019888663, 0.2837818592150064, 0.6807413470742005, 0.41058687744138544, 0.2635513217271579, 0.007448685839370306, 0.5954745206096583, 0.6509691234097521, 0.6689948826938941, 0.7816350423320724, 0.6946444545618606, 0.6009334435659386], [1.2529368173091395, 1.3096397289629191, 0.0, 0.2971021043026927, 0.6431029984480522, 0.12216873020558808, 0.41080656225390016, 0.6887293553520178, 0.3436941717699762, 0.2534661783961083, 0.0066653709969386465, 0.5651185619373935, 0.6307897732638627, 0.6453026337199542, 0.7734834316291304, 0.7229928364797539, 0.5436944273383243], [0.16734594257982094, 1.278504292324774, 0.0, 0.27345576069835004, 0.6499326344181541, 0.11480289606591695, 0.48041161295716533, 0.6920151621874859, 0.31209177049459247, 0.2451562124786757, 0.006609306440138685, 0.584885568574893, 0.6511073630587246, 0.6531185866163464, 0.7551906618039803, 0.7007640095429719, 0.5516208818335202], [0.5484339023227887, 1.165003220234878, 0.0, 0.2762404673666902, 0.6290860421773481, 0.11410337796460072, 0.5177546228726115, 0.6922958037076521, 0.321497672503263, 0.2222802697209567, 0.00677745458930179, 0.5819001741770256, 0.628242530936367, 0.6280905010067087, 0.7582553277643419, 0.6926352550564844, 0.542746101149438]], "features_2": [[0.36729717735697864, 1.2279473777980336, 0.0, 0.19822806416249347, 0.6161119901774665, 0.1326636304232291, 0.3033574773544984, 0.6806561177854257, 0.41040854925744785, 0.2636710269591871, 0.007950687539111767, 0.6000569066443031, 0.6520589782259283, 0.6584941661804934, 0.7891624798080659, 0.7040196733247265, 0.6158586730635753], [0.08280723888166053, 1.299756139855956, 0.0, 0.1803867457267184, 0.6173718743382134, 0.13962841517702268, 0.22288677093839623, 0.6726538748947366, 0.4486261730011558, 0.2884735214576837, 0.007727725548673403, 0.6154779694738979, 0.6568125928498031, 0.6687272114097776, 0.7967614968894793, 0.6943333793054558, 0.5906578616234895], [0.12325309363856052, 1.405480539795628, 0.0, 0.1840708599288841, 0.6501084984699859, 0.13100079051592683, 0.314330441468573, 0.6826625596823882, 0.4028134550845883, 0.29186955481190124, 0.007336964783822175, 0.6078298577100272, 0.6536027541660351, 0.6690496289808848, 0.7880852819816794, 0.7102510544524399, 0.6052969828741116], [0.04885044955179074, 1.3253682860064921, 0.0, 0.1993415405810015, 0.6402055008810593, 0.12747022123571655, 0.35231720430645697, 0.6855595183529815, 0.3868553771082428, 0.2738729998805154, 0.007504523810135222, 0.6034711189164927, 0.635649566481624, 0.6512606640868953, 0.7846878848717879, 0.7042869214033695, 0.6112685391996906], [0.5089599840736758, 1.7052885583372148, 0.0, 0.22463279498327743, 0.6912233497090579, 0.12746271587462651, 0.3983086389057142, 0.6861686022524383, 0.36055536084015705, 0.3212514953114507, 0.00711334193318236, 0.6159031644900135, 0.631225051381547, 0.6370879822376382, 0.7874531629216404, 0.6826716733740973, 0.515131570386525], [0.18744150980965069, 1.4672694385305032, 0.0, 0.2096007165736374, 0.6710187826741612, 0.1252178588908019, 0.4778512007915808, 0.6882474719178824, 0.37295581970394, 0.29179633173024877, 0.007001439975721224, 0.596047443466942, 0.6655656099936711, 0.6845463173184552, 0.7844296435691128, 0.6955433430924354, 0.5953740146627461], [1.0459186755431178, 1.642355097437639, 0.0, 0.2812359364184212, 0.6945471214952986, 0.12307757159960439, 0.4704853275931562, 0.6893310468617003, 0.33997353300210564, 0.29942829622161393, 0.006889477554966383, 0.5861080134599819, 0.6342139911641875, 0.6231636342563296, 0.7850416313983849, 0.7097122691240898, 0.5600988924950101], [0.5254092933337389, 1.3042733329728788, 0.0, 0.24554858137256197, 0.6392477277083182, 0.12112877874562689, 0.5436833494970358, 0.6896729759815721, 0.3232341898989415, 0.255435443336949, 0.00655322669591385, 0.5848715885763456, 0.638638839335217, 0.6349157476782591, 0.7707760518409309, 0.7133420486364572, 0.561307002758485], [0.15836388966369475, 1.3688702820906, 0.0, 0.2429332845526932, 0.6639928595662223, 0.11546312037009368, 0.6653101589971435, 0.6923676406266774, 0.3049706772361127, 0.25839859926061925, 0.005991591679928909, 0.5837858097786004, 0.6522431111708736, 0.6565513561256732, 0.7682631753791894, 0.6907527850145432, 0.5573709578654714]]}