{"labels_1": ["1", "2", "3", "4", "5", "6", "7", "8", "9"], "labels_2": ["1", "2", "3", "4", "5", "6", "7", "8", "9"], "adj_matrix_1": [[0.0, 0.02389, 0.08715, 0.0838, 0.11402, 0.02724, 0.27474, 0.12714, 0.10649], [0.02389, 0.0, 0.10994, 0.10666, 0.13609, 0.05097, 0.28296, 0.14871, 0.12871], [0.08715, 0.10994, 0.0, 0.00347, 0.02835, 0.06061, 0.23422, 0.04254, 0.0204], [0.0838, 0.10666, 0.00347, 0.0, 0.0318, 0.0572, 0.23613, 0.04598, 0.02386], [0.11402, 0.13609, 0.02835, 0.0318, 0.0, 0.08813, 0.21762, 0.01429, 0.00796], [0.02724, 0.05097, 0.06061, 0.0572, 0.08813, 0.0, 0.26393, 0.10176, 0.08048], [0.27474, 0.28296, 0.23422, 0.23613, 0.21762, 0.26393, 0.0, 0.2086, 0.22236], [0.12714, 0.14871, 0.04254, 0.04598, 0.01429, 0.10176, 0.2086, 0.0, 0.02225], [0.10649, 0.12871, 0.0204, 0.02386, 0.00796, 0.08048, 0.22236, 0.02225, 0.0]], "adj_matrix_2": [[0.0, 0.10235, 0.13681, 0.13972, 0.22764, 0.00943, 0.0146, 0.16064, 0.30916], [0.10235, 0.0, 0.03728, 0.04042, 0.14309, 0.09346, 0.08851, 0.23444, 0.24844], [0.13681, 0.03728, 0.0, 0.00316, 0.10847, 0.1284, 0.12368, 0.25541, 0.2201], [0.13972, 0.04042, 0.00316, 0.0, 0.1054, 0.13129, 0.12657, 0.25727, 0.21755], [0.22764, 0.14309, 0.10847, 0.1054, 0.0, 0.22128, 0.21757, 0.30134, 0.12274], [0.00943, 0.09346, 0.1284, 0.13129, 0.22128, 0.0, 0.00519, 0.16802, 0.3051], [0.0146, 0.08851, 0.12368, 0.12657, 0.21757, 0.00519, 0.0, 0.172, 0.30267], [0.16064, 0.23444, 0.25541, 0.25727, 0.30134, 0.16802, 0.172, 0.0, 0.33092], [0.30916, 0.24844, 0.2201, 0.21755, 0.12274, 0.3051, 0.30267, 0.33092, 0.0]], "features_1": [[-0.0014949823668812812, 1.3179888135243922, 0.0, 0.28886464847009635, 0.643147470423261, 0.12124895225020464, 0.4723298417130728, 0.6883649716390201, 0.33261880744473604, 0.26423859271121986, 0.007001439975721224, 0.6063642789298265, 0.6467708702774988, 0.6714767930326989, 0.757773986043976, 0.6667661603481568, 0.5685473531335212], [0.13759745742023943, 1.2239300222848724, 0.0, 0.2665162827171491, 0.6266234261865159, 0.12183911558984842, 0.5113567185349283, 0.6885373567727581, 0.3357705780308209, 0.24652421888680975, 0.00711334193318236, 0.6011129625426102, 0.6260550740956119, 0.6449881981313711, 0.7621786073464464, 0.6696630416360236, 0.5820930703462274], [0.03870878883554196, 1.4368259810542872, 0.0, 0.2485102095005579, 0.6622205379249517, 0.1204469823535806, 0.43515467399634955, 0.6885616525610508, 0.33455004888979656, 0.2799561223170135, 0.006889477554966383, 0.60119491768922, 0.6321892532250157, 0.6478553240042765, 0.7560489108471676, 0.6717916370083361, 0.5667582078763251], [0.32879460149321815, 1.4655530705965871, 0.0, 0.24992741714616362, 0.6677729740620965, 0.11896959444487987, 0.4542954129937414, 0.6892583603985063, 0.3210585810140041, 0.27597708867830617, 0.0064410216040902135, 0.586145334528515, 0.6190618674817896, 0.6235783912543256, 0.7493895126894293, 0.6711584469095087, 0.5613657045628346], [0.2694536757510275, 1.371500432192335, 0.0, 0.24925273865258915, 0.6580068532194592, 0.11613588178092644, 0.5849239474948064, 0.6914489841308316, 0.297536571800042, 0.25687236549316017, 0.0064410216040902135, 0.5930290655967183, 0.6249871232142803, 0.6223036861815702, 0.7522565180971383, 0.6787659281349026, 0.5604708263067437], [0.3694377142250871, 1.493370822152789, 0.0, 0.2519387300780968, 0.6754959488289058, 0.11929668269479791, 0.5605773704175881, 0.6897848727489769, 0.323884762726, 0.2791139558614606, 0.007001439975721224, 0.5872774258685027, 0.6273449043753311, 0.6388351912062054, 0.7532475817870686, 0.6678261112566085, 0.564679880100471], [0.5069844320656167, 1.6883755825797442, 0.0, 0.3035448447487138, 0.7054811914890323, 0.11821068695873835, 0.5832431025973832, 0.6905934419312179, 0.3126332136598029, 0.3074865471079171, 0.006889477554966383, 0.5712508832876892, 0.6320470162949513, 0.6301843613431103, 0.7524081507150102, 0.6868581326022072, 0.5469297831360338], [0.26764964653648926, 1.6258875953965695, 0.0, 0.2824194579157432, 0.7047499992554395, 0.11306098697919244, 0.5688588586998684, 0.692361607294736, 0.28785878574024215, 0.2901572831732093, 0.006216428718621936, 0.5907900021481334, 0.6124091616367908, 0.6379107981367174, 0.7422872460448525, 0.6596857023123527, 0.5411137924596808], [0.39858644159471623, 1.6918992772468475, 0.0, 0.2653446771471123, 0.7092290864467938, 0.11555244349548828, 0.637379210918715, 0.6915950755763677, 0.3010686064564838, 0.3019840587579061, 0.006328755639155359, 0.5799526456792428, 0.6278610385147453, 0.6363252641520256, 0.7422880901808122, 0.6755292122483185, 0.5376125742953257]], "features_2": [[0.6154703270025683, 1.2613069647424893, 0.0, 0.28853067877865296, 0.6241476037204254, 0.12513452612820974, 0.22013391394142373, 0.6847137193162491, 0.362819633177593, 0.25762432552020287, 0.00716927026363523, 0.5972591158304412, 0.6198770332335007, 0.6334847499774484, 0.7646111985407673, 0.6869574586493022, 0.6018555059034888], [0.2368847545016206, 1.3786362313393268, 0.0, 0.2737547544558674, 0.6454609294394688, 0.12460431286713561, 0.356029513687632, 0.6858575208935149, 0.36297355239399987, 0.27906298051944733, 0.007225183508792421, 0.5981965772181435, 0.6397642516208362, 0.6422226648101075, 0.7661295330592275, 0.6949428847384109, 0.593057017795543], [0.4201068898157252, 1.4391985967027627, 0.0, 0.27313229338688233, 0.6528178965926994, 0.12600467031783077, 0.20081826422370597, 0.6839042758377256, 0.368580413727325, 0.28948752069130856, 0.00716927026363523, 0.6039478565040093, 0.6236030428916326, 0.6284933125164269, 0.7630300498565479, 0.6941061328773801, 0.5966768078376765], [0.862676764368155, 1.3203547948288095, 0.0, 0.26667203680706564, 0.6307365126564284, 0.1283603743001293, 0.18135568253057102, 0.681363592409268, 0.38572558587630623, 0.2708001741870736, 0.007281081678807366, 0.6020211062422605, 0.6362837580207809, 0.6350001537718374, 0.7667955833125631, 0.6958106607195628, 0.6006160394082201], [-0.12801540113267773, 1.6110267161894187, 0.0, 0.25429222725242323, 0.6900819762563614, 0.11865016159380257, 0.6819018072685843, 0.690644928634185, 0.3048595310413631, 0.29976086262166857, 0.00655322669591385, 0.6064140551911128, 0.6345264042720304, 0.6491319513193418, 0.7550779594937347, 0.6733899859574006, 0.5339115107125186], [0.5386040865479234, 1.4782610001436367, 0.0, 0.2574824848510843, 0.6645182826795054, 0.12317224821712344, 0.23968169941376657, 0.6864274144592648, 0.36326981928642255, 0.29237541694239333, 0.00716927026363523, 0.6076481331942043, 0.627579340814686, 0.6406148649563173, 0.7604501614578776, 0.6616291345468026, 0.5933322998152625], [0.7593432146706385, 1.5477383177170179, 0.0, 0.24973468946611815, 0.6701891969985044, 0.12784664313608507, 0.2627965769697461, 0.6834690633960543, 0.3865647144721931, 0.304611960899265, 0.007392832833969631, 0.5953339483135389, 0.6318843918767186, 0.6409915848524586, 0.7770148346723722, 0.7015306701387781, 0.5688739151471253], [0.02395488631028231, 1.2756718387588777, 0.0, 0.19109701096374052, 0.641528553376433, 0.11409092661383491, 0.39713950960900846, 0.6916413836641373, 0.30192194466617406, 0.24832735293269814, 0.0064410216040902135, 0.586066593691144, 0.6417240960890229, 0.6680077183270406, 0.7471793055696009, 0.6491524491435225, 0.5621998039391736], [-0.14572497838741238, 1.2636795976476667, 0.0, 0.2189133277094145, 0.6368704453885627, 0.11752754079554355, 0.3352671308137644, 0.6901145627030532, 0.33797049438012117, 0.253170840589791, 0.00683347364535547, 0.6170393459002343, 0.6431866438807672, 0.6649101557807156, 0.7577035707591806, 0.6713328403047967, 0.5744945753291038]]}