{"labels_1": ["1", "2", "3", "4", "5", "6", "7", "8", "9"], "labels_2": ["1", "2", "3", "4", "5", "6", "7", "8", "9"], "adj_matrix_1": [[0.0, 0.11237, 0.09762, 0.05418, 0.07891, 0.02083, 0.00609, 0.08114, 0.12106], [0.11237, 0.0, 0.04972, 0.08169, 0.09987, 0.17178, 0.11504, 0.09442, 0.04239], [0.09762, 0.04972, 0.0, 0.06511, 0.05673, 0.18538, 0.10098, 0.05018, 0.08741], [0.05418, 0.08169, 0.06511, 0.0, 0.04817, 0.00935, 0.05905, 0.05004, 0.09564], [0.07891, 0.09987, 0.05673, 0.04817, 0.0, 0.18474, 0.0824, 0.00696, 0.1276], [0.02083, 0.17178, 0.18538, 0.00935, 0.18474, 0.0, 0.0226, 0.1858, 0.15214], [0.00609, 0.11504, 0.10098, 0.05905, 0.0824, 0.0226, 0.0, 0.08466, 0.12313], [0.08114, 0.09442, 0.05018, 0.05004, 0.00696, 0.1858, 0.08466, 0.0, 0.12353], [0.12106, 0.04239, 0.08741, 0.09564, 0.1276, 0.15214, 0.12313, 0.12353, 0.0]], "adj_matrix_2": [[0.0, 0.13327, 0.09742, 0.01789, 0.17889, 0.17748, 0.05857, 0.18375, 0.18558], [0.13327, 0.0, 0.04458, 0.12001, 0.26716, 0.06968, 0.08462, 0.26814, 0.0852], [0.09742, 0.04458, 0.0, 0.08178, 0.24539, 0.11001, 0.04225, 0.24807, 0.12392], [0.01789, 0.12001, 0.08178, 0.0, 0.19164, 0.16892, 0.04146, 0.19629, 0.17819], [0.17889, 0.26716, 0.24539, 0.19164, 0.0, 0.28778, 0.22096, 0.01948, 0.28968], [0.17748, 0.06968, 0.11001, 0.16892, 0.28778, 0.0, 0.14307, 0.28535, 0.01662], [0.05857, 0.08462, 0.04225, 0.04146, 0.22096, 0.14307, 0.0, 0.22462, 0.15483], [0.18375, 0.26814, 0.24807, 0.19629, 0.01948, 0.28535, 0.22462, 0.0, 0.28639], [0.18558, 0.0852, 0.12392, 0.17819, 0.28968, 0.01662, 0.15483, 0.28639, 0.0]], "features_1": [[3.5695378272066822, 1.317893298697612, 0.0, 0.28700948238930724, 0.6408537328590082, 0.1293094677833467, 0.417997101672384, 0.6845049782032796, 0.3876805247248174, 0.26594174650950086, 0.007950687539111767, 0.5301955906616989, 0.6264058866925771, 0.6458416014652302, 0.7925910868718652, 0.6942600760737344, 0.6246001756514977], [1.9163792951619776, 1.3478787180441922, 0.0, 0.21720686470479192, 0.6265764990065722, 0.13919800214065287, 0.2483781164841538, 0.672540503350213, 0.4168648593883606, 0.28341649316624706, 0.007783488497544067, 0.56075434050301, 0.6464960563054122, 0.6664995331337704, 0.8056291763218708, 0.6991825245417002, 0.6113471734899933], [1.6291517171780603, 1.3383668671984048, 0.0, 0.25992886623823164, 0.643959823204542, 0.12920255212703785, 0.42687682746120714, 0.6843343876138384, 0.38346765839547925, 0.2731706827984124, 0.007727725548673403, 0.5533924479496728, 0.6396442074970183, 0.6552142751792284, 0.7890080796867261, 0.6924469797466116, 0.6112975493302164], [4.204980744396472, 1.524493459072559, 0.0, 0.27585503662627164, 0.6690875263320364, 0.1298809044733201, 0.43695368675031715, 0.6839242944527031, 0.3750741964618547, 0.29262628239492705, 0.007616154688146137, 0.520291458443157, 0.6318139874808479, 0.6481469184811486, 0.7932665023163445, 0.6929587798028106, 0.6121174938505412], [1.1926790111545946, 1.2957529909222905, 0.0, 0.22598258767522328, 0.6321819337398118, 0.1287275595794846, 0.38193304321205446, 0.6849679108578898, 0.3624564694710761, 0.2649844203909002, 0.007001439975721224, 0.5589457057704075, 0.646706571867319, 0.6643047033855329, 0.7962790326750326, 0.6884782980453669, 0.5911476532085396], [0.7448481974505494, 1.3385043694992806, 0.0, 0.2024754674640962, 0.6461202209702285, 0.12626309238861874, 0.4553922665796833, 0.6865088928027443, 0.3652036817303992, 0.26969338351146477, 0.007392832833969631, 0.5729094616530905, 0.6467623372121595, 0.6639454980266741, 0.7838070031838871, 0.6589311681336973, 0.5948427075185224], [4.362342620127475, 1.9351901840989179, 0.0, 0.266740280827494, 0.7209439795124298, 0.13069111678628026, 0.511432112859729, 0.6848451493327352, 0.3632908295638604, 0.34202901874619873, 0.0069454663283523566, 0.5160478792027128, 0.6460398011504075, 0.66554239474904, 0.8050203948382539, 0.719249320665133, 0.5993709177176135], [1.273522129760865, 1.3063244001776513, 0.0, 0.22331112078942178, 0.6374361706654685, 0.12480268438089179, 0.3853947434499737, 0.6870548620019548, 0.3507690533474703, 0.2580784727582375, 0.007336964783822175, 0.5586425007298406, 0.6407647587381693, 0.656091221752129, 0.785277002778612, 0.6973881529656534, 0.583133108344719], [2.2823953869975773, 1.4783689873552774, 0.0, 0.2297667570598236, 0.6644588417822621, 0.12677718439980512, 0.46211410818139315, 0.6868563065345332, 0.3567976497910301, 0.28132916028775456, 0.006721420376576193, 0.5364322680981315, 0.6384795649865292, 0.6453738441425049, 0.7970739357023776, 0.7167966056175424, 0.5892493891806506]], "features_2": [[0.9614114768625845, 1.482210163478563, 0.0, 0.23586241509065195, 0.6457513717258592, 0.14282491065027925, 0.29506885517600734, 0.6727698241530866, 0.467531480990111, 0.31977563795596464, 0.007727725548673403, 0.5868776007851313, 0.6813449482321725, 0.7094907517021021, 0.8192663074173494, 0.7213601463267483, 0.6510464695198326], [0.7792018985438247, 1.5281526109067194, 0.0, 0.2428915167220828, 0.6450305240579499, 0.14291904371913158, 0.25848591978213376, 0.6702368909916846, 0.46259170006800066, 0.3289668977872935, 0.008006390651371653, 0.5902513889771992, 0.6744304250424535, 0.6930848267017801, 0.8152528860839304, 0.7239780069160621, 0.6378618074601916], [0.8697561578572581, 1.531962724900245, 0.0, 0.2218496715088598, 0.6495985346440158, 0.1440691116153234, 0.25270484966645484, 0.6692477875444505, 0.47905581000325914, 0.33105716121565276, 0.00839589484089287, 0.594722612103491, 0.671825705008507, 0.7042626164640563, 0.8162134616912556, 0.7189718303309349, 0.6437357168846336], [0.893955972605033, 1.5283280369003338, 0.0, 0.24526996181027994, 0.6486765482618383, 0.14499910581391512, 0.24614100033435307, 0.6682925123799072, 0.4879613033086101, 0.3335703018500151, 0.008451478759474051, 0.5962762395938324, 0.6673576152542299, 0.7075455095561397, 0.8173652221547065, 0.7065410890987633, 0.6408411479423729], [0.20302033393151397, 1.8281528548999677, 0.0, 0.27258762170565637, 0.7046423636430666, 0.1298790865859153, 0.4272513975937578, 0.6851891703983142, 0.3833495918964098, 0.35274124036181975, 0.007336964783822175, 0.6120622049461684, 0.6672432663957504, 0.6890349348036252, 0.8022995445343025, 0.7027492343699578, 0.5889019109120699], [0.7818070612884558, 1.5592309269617626, 0.0, 0.23764549629054058, 0.6578166573377043, 0.14184305890670076, 0.2845435534636273, 0.6726049331987791, 0.4752251007458328, 0.3341867557833498, 0.008173410423425675, 0.6020501570432772, 0.6690421930416884, 0.6918688361460184, 0.8152860262167579, 0.7203348716261442, 0.631209265853887], [0.7474877783602714, 1.9157116633141194, 0.0, 0.2476764615961996, 0.7122744770260157, 0.13816653876134455, 0.3520289995395139, 0.6786788859865053, 0.4512657491719163, 0.3795777025355913, 0.008117752083540042, 0.5998676065939545, 0.6487580018109745, 0.6857404308616755, 0.8137870698416299, 0.7235386627673184, 0.5832642284512174], [0.3276195119008256, 1.713751364145052, 0.0, 0.2822529200512367, 0.7024477314002139, 0.1280835735227941, 0.5142872316235426, 0.6876729219203388, 0.39166251459784274, 0.3352884169310879, 0.007448685839370306, 0.607770429118311, 0.6766592607314178, 0.697091240768042, 0.8040061473058376, 0.7014152713271435, 0.588995392387303], [0.3278951133497934, 1.526610534960092, 0.0, 0.2465840309728331, 0.6620872484037772, 0.13779484800518801, 0.372917191654129, 0.6793889736726645, 0.4512801988743307, 0.32827284200534157, 0.008284682400665488, 0.6031693931163358, 0.6801256163337517, 0.7080784277853761, 0.8160009646465631, 0.710376950531059, 0.6116530548500322]]}