{"labels_1": ["1", "2", "3", "4", "5", "6", "7", "8", "9"], "labels_2": ["1", "2", "3", "4", "5", "6", "7", "8", "9"], "adj_matrix_1": [[0.0, 0.11237, 0.09762, 0.05418, 0.07891, 0.02083, 0.00609, 0.08114, 0.12106], [0.11237, 0.0, 0.04972, 0.08169, 0.09987, 0.17178, 0.11504, 0.09442, 0.04239], [0.09762, 0.04972, 0.0, 0.06511, 0.05673, 0.18538, 0.10098, 0.05018, 0.08741], [0.05418, 0.08169, 0.06511, 0.0, 0.04817, 0.00935, 0.05905, 0.05004, 0.09564], [0.07891, 0.09987, 0.05673, 0.04817, 0.0, 0.18474, 0.0824, 0.00696, 0.1276], [0.02083, 0.17178, 0.18538, 0.00935, 0.18474, 0.0, 0.0226, 0.1858, 0.15214], [0.00609, 0.11504, 0.10098, 0.05905, 0.0824, 0.0226, 0.0, 0.08466, 0.12313], [0.08114, 0.09442, 0.05018, 0.05004, 0.00696, 0.1858, 0.08466, 0.0, 0.12353], [0.12106, 0.04239, 0.08741, 0.09564, 0.1276, 0.15214, 0.12313, 0.12353, 0.0]], "adj_matrix_2": [[0.0, 0.15801, 0.06576, 0.15001, 0.27725, 0.12125, 0.2249, 0.09289, 0.03917], [0.15801, 0.0, 0.21232, 0.27439, 0.1914, 0.0412, 0.08737, 0.07072, 0.19083], [0.06576, 0.21232, 0.0, 0.08768, 0.29604, 0.18004, 0.26659, 0.15426, 0.02684], [0.15001, 0.27439, 0.08768, 0.0, 0.31028, 0.24941, 0.31011, 0.22826, 0.11349], [0.27725, 0.1914, 0.29604, 0.31028, 0.0, 0.21825, 0.12099, 0.23521, 0.28882], [0.12125, 0.0412, 0.18004, 0.24941, 0.21825, 0.0, 0.12562, 0.03009, 0.15674], [0.2249, 0.08737, 0.26659, 0.31011, 0.12099, 0.12562, 0.0, 0.152, 0.25058], [0.09289, 0.07072, 0.15426, 0.22826, 0.23521, 0.03009, 0.152, 0.0, 0.12991], [0.03917, 0.19083, 0.02684, 0.11349, 0.28882, 0.15674, 0.25058, 0.12991, 0.0]], "features_1": [[3.5695378272066822, 1.317893298697612, 0.0, 0.28700948238930724, 0.6408537328590082, 0.1293094677833467, 0.417997101672384, 0.6845049782032796, 0.3876805247248174, 0.26594174650950086, 0.007950687539111767, 0.5301955906616989, 0.6264058866925771, 0.6458416014652302, 0.7925910868718652, 0.6942600760737344, 0.6246001756514977], [1.9163792951619776, 1.3478787180441922, 0.0, 0.21720686470479192, 0.6265764990065722, 0.13919800214065287, 0.2483781164841538, 0.672540503350213, 0.4168648593883606, 0.28341649316624706, 0.007783488497544067, 0.56075434050301, 0.6464960563054122, 0.6664995331337704, 0.8056291763218708, 0.6991825245417002, 0.6113471734899933], [1.6291517171780603, 1.3383668671984048, 0.0, 0.25992886623823164, 0.643959823204542, 0.12920255212703785, 0.42687682746120714, 0.6843343876138384, 0.38346765839547925, 0.2731706827984124, 0.007727725548673403, 0.5533924479496728, 0.6396442074970183, 0.6552142751792284, 0.7890080796867261, 0.6924469797466116, 0.6112975493302164], [4.204980744396472, 1.524493459072559, 0.0, 0.27585503662627164, 0.6690875263320364, 0.1298809044733201, 0.43695368675031715, 0.6839242944527031, 0.3750741964618547, 0.29262628239492705, 0.007616154688146137, 0.520291458443157, 0.6318139874808479, 0.6481469184811486, 0.7932665023163445, 0.6929587798028106, 0.6121174938505412], [1.1926790111545946, 1.2957529909222905, 0.0, 0.22598258767522328, 0.6321819337398118, 0.1287275595794846, 0.38193304321205446, 0.6849679108578898, 0.3624564694710761, 0.2649844203909002, 0.007001439975721224, 0.5589457057704075, 0.646706571867319, 0.6643047033855329, 0.7962790326750326, 0.6884782980453669, 0.5911476532085396], [0.7448481974505494, 1.3385043694992806, 0.0, 0.2024754674640962, 0.6461202209702285, 0.12626309238861874, 0.4553922665796833, 0.6865088928027443, 0.3652036817303992, 0.26969338351146477, 0.007392832833969631, 0.5729094616530905, 0.6467623372121595, 0.6639454980266741, 0.7838070031838871, 0.6589311681336973, 0.5948427075185224], [4.362342620127475, 1.9351901840989179, 0.0, 0.266740280827494, 0.7209439795124298, 0.13069111678628026, 0.511432112859729, 0.6848451493327352, 0.3632908295638604, 0.34202901874619873, 0.0069454663283523566, 0.5160478792027128, 0.6460398011504075, 0.66554239474904, 0.8050203948382539, 0.719249320665133, 0.5993709177176135], [1.273522129760865, 1.3063244001776513, 0.0, 0.22331112078942178, 0.6374361706654685, 0.12480268438089179, 0.3853947434499737, 0.6870548620019548, 0.3507690533474703, 0.2580784727582375, 0.007336964783822175, 0.5586425007298406, 0.6407647587381693, 0.656091221752129, 0.785277002778612, 0.6973881529656534, 0.583133108344719], [2.2823953869975773, 1.4783689873552774, 0.0, 0.2297667570598236, 0.6644588417822621, 0.12677718439980512, 0.46211410818139315, 0.6868563065345332, 0.3567976497910301, 0.28132916028775456, 0.006721420376576193, 0.5364322680981315, 0.6384795649865292, 0.6453738441425049, 0.7970739357023776, 0.7167966056175424, 0.5892493891806506]], "features_2": [[0.12021237259680584, 1.0655903192913707, 0.0, 0.28724181440348284, 0.6218419704787062, 0.11262646687349094, 0.6213881359288784, 0.6928716723696415, 0.3051916509091068, 0.2078181615124881, 0.006328755639155359, 0.5997876485672518, 0.651163540517843, 0.6393185715220647, 0.759400139792277, 0.6974894250071019, 0.5812419340059842], [0.42819967321651387, 1.118469561376169, 0.0, 0.2835083472288801, 0.6140451237997184, 0.11783760195700486, 0.3380595937301386, 0.6900829009976366, 0.3162805628759897, 0.22101624310732126, 0.0066653709969386465, 0.586187115378207, 0.6324608769454169, 0.6577854067007176, 0.7586504945283064, 0.6924408825080771, 0.5927212302901405], [-0.2546288119154836, 1.1286961991137507, 0.0, 0.24455634154643924, 0.625393982185364, 0.11466367669698953, 0.5159885245972383, 0.6922722537020524, 0.30881907722688084, 0.22281482870201175, 0.006328755639155359, 0.607737674406809, 0.6597543146938752, 0.6692645368142193, 0.7606893376571917, 0.6746540881445402, 0.5809149985183247], [-0.23439770733779897, 1.1269247409949705, 0.0, 0.24543607917150592, 0.6283823280257814, 0.1144032126286839, 0.5703405106340214, 0.6924709305790526, 0.3011909404114941, 0.22118229159629332, 0.0064410216040902135, 0.6066657519248424, 0.6385251506249753, 0.6499446764044947, 0.7619951807118552, 0.6738049795184279, 0.5796292381368492], [0.2630462599487333, 1.1523087173058384, 0.0, 0.2611645760200951, 0.6242705451989344, 0.11333948976696906, 0.3846135374277139, 0.6920208085121172, 0.2860848485828402, 0.21966788165613438, 0.006216428718621936, 0.5828732618992114, 0.6269264278130833, 0.6510390456471343, 0.7516279825774037, 0.6669219516964496, 0.5696557973748085], [-0.10841748457129219, 1.2346536221672544, 0.0, 0.2370239073485071, 0.6454172565528976, 0.11283778223261268, 0.491055017693337, 0.6925422242449987, 0.2981800088746662, 0.23742111735444849, 0.006328755639155359, 0.5986560789283328, 0.6319533562415052, 0.6555664312896367, 0.754850988281909, 0.6592902683897564, 0.575745237631673], [0.42589734073415153, 1.3804735718557855, 0.0, 0.2764279213572763, 0.6713087853813603, 0.11266148231573617, 0.5533174647064996, 0.6926822033000481, 0.29685271245324585, 0.2542310865329305, 0.006160242374180447, 0.5846154650732234, 0.6371426549146103, 0.6361684617606073, 0.759067723972123, 0.6810579626532594, 0.5278747065600863], [0.07319402777732886, 1.3995711490513105, 0.0, 0.22035268687725193, 0.6776350322272748, 0.10860600322690732, 0.4595855156637221, 0.6930157732919535, 0.2705933858947558, 0.25273607823784894, 0.006216428718621936, 0.5899063025709927, 0.6363434289092276, 0.633915490843244, 0.7349177383498752, 0.6608599965812485, 0.5612993697079849], [0.14286959087346984, 1.352643968561879, 0.0, 0.2509820283841928, 0.6713058139167583, 0.10770703739979962, 0.5320131687134826, 0.6931218244053627, 0.26935172265845875, 0.2433293683196205, 0.006384896235913207, 0.5862912739461683, 0.6304493266218173, 0.6378253145272981, 0.7391730671709367, 0.6876605143329793, 0.5342188492114828]]}