{"labels_1": ["1", "2", "3", "4", "5", "6", "7", "8", "9"], "labels_2": ["1", "2", "3", "4", "5", "6", "7", "8", "9"], "adj_matrix_1": [[0.0, 0.10676, 0.17439, 0.14887, 0.10539, 0.16333, 0.08366, 0.09636, 0.11495], [0.10676, 0.0, 0.24589, 0.22208, 0.00171, 0.19595, 0.09157, 0.0396, 0.03608], [0.17439, 0.24589, 0.0, 0.07481, 0.24505, 0.16594, 0.24579, 0.24758, 0.23996], [0.14887, 0.22208, 0.07481, 0.0, 0.22091, 0.19973, 0.20632, 0.21634, 0.22386], [0.10539, 0.00171, 0.24505, 0.22091, 0.0, 0.1969, 0.09025, 0.03795, 0.03784], [0.16333, 0.19595, 0.16594, 0.19973, 0.1969, 0.0, 0.25026, 0.22158, 0.16927], [0.08366, 0.09157, 0.24579, 0.20632, 0.09025, 0.25026, 0.0, 0.05332, 0.12552], [0.09636, 0.0396, 0.24758, 0.21634, 0.03795, 0.22158, 0.05332, 0.0, 0.07515], [0.11495, 0.03608, 0.23996, 0.22386, 0.03784, 0.16927, 0.12552, 0.07515, 0.0]], "adj_matrix_2": [[0.0, 0.10947, 0.14038, 0.25604, 0.1322, 0.29929, 0.3442, 0.26675, 0.34038], [0.10947, 0.0, 0.03249, 0.16352, 0.02391, 0.21944, 0.29491, 0.17695, 0.2856], [0.14038, 0.03249, 0.0, 0.13379, 0.00858, 0.19279, 0.27674, 0.14786, 0.26584], [0.25604, 0.16352, 0.13379, 0.0, 0.14153, 0.06696, 0.18046, 0.01549, 0.16338], [0.1322, 0.02391, 0.00858, 0.14153, 0.0, 0.19979, 0.28133, 0.15577, 0.27109], [0.29929, 0.21944, 0.19279, 0.06696, 0.19979, 0.0, 0.12208, 0.05167, 0.10283], [0.3442, 0.29491, 0.27674, 0.18046, 0.28133, 0.12208, 0.0, 0.16738, 0.02089], [0.26675, 0.17695, 0.14786, 0.01549, 0.15577, 0.05167, 0.16738, 0.0, 0.14995], [0.34038, 0.2856, 0.26584, 0.16338, 0.27109, 0.10283, 0.02089, 0.14995, 0.0]], "features_1": [[1.6090780917336387, 1.1324151674454894, 0.0, 0.31647515334486986, 0.5868551765198694, 0.13336331821525307, 0.26948388598344053, 0.6773639306689951, 0.39123367637908824, 0.24234732489311162, 0.007783488497544067, 0.567998957524714, 0.628674581335246, 0.6421336305309147, 0.7779987787607072, 0.7145041131172583, 0.6114264608978169], [0.2656196391433845, 1.1822130378215627, 0.0, 0.2173789549740964, 0.6018663258841244, 0.13284277858400978, 0.4247727485115725, 0.6806440965092182, 0.3834410564313282, 0.2546538552702695, 0.007225183508792421, 0.609614726285109, 0.6414341689588839, 0.6648096924632401, 0.781720545924854, 0.6914531953377916, 0.5867705582547467], [0.811111310607953, 1.274666744783407, 0.0, 0.28735259267890384, 0.6199996379001151, 0.1312585897831605, 0.2875579736828186, 0.6798725153834776, 0.39290147475709936, 0.26756259311014663, 0.007504523810135222, 0.5858592367118152, 0.6377238737176698, 0.6271479354649259, 0.7756100538760522, 0.7105769026417568, 0.60844186307904], [1.054129561030873, 1.3175067006040895, 0.0, 0.3234693628914638, 0.6237891708387009, 0.1325903101533687, 0.2345377843407121, 0.6776020684567918, 0.41778308316862756, 0.2791228076773533, 0.008062078829516484, 0.5786428122656682, 0.6351607721797063, 0.6434358888986071, 0.7762376167263985, 0.7015061513263163, 0.5958571561318342], [0.22010154064799758, 1.5767183835504808, 0.0, 0.22837853247112425, 0.6811443578482907, 0.1241831877886698, 0.544359883344795, 0.6882532083228805, 0.3458872143763869, 0.3038553041879164, 0.007225183508792421, 0.6114754037787309, 0.6344213659472435, 0.6560589985746966, 0.7712617565910345, 0.6864719915250512, 0.5277601654380492], [0.4612564376398689, 1.4117827506370466, 0.0, 0.2559108021652166, 0.6576405240865304, 0.12421837059885038, 0.3397416067879625, 0.6867268844190931, 0.3709856068057438, 0.28326843585802286, 0.007504523810135222, 0.5946152469896044, 0.6455194752613456, 0.6446977720850859, 0.7687394452299396, 0.6817476654317124, 0.5868331075793857], [0.340431671374799, 1.7688634082907229, 0.0, 0.26883642357994497, 0.7020483664507928, 0.1259371338021293, 0.3511847014027296, 0.6855866235874465, 0.38006825588093696, 0.3375431236798081, 0.007392832833969631, 0.5982932701640689, 0.6473561564175351, 0.6544282848400292, 0.7777998832722126, 0.6876101599424801, 0.5128754755893588], [0.0036107788999504287, 1.5196284489319252, 0.0, 0.21410191584602217, 0.6879894476486536, 0.11100382187746602, 0.39382108697008744, 0.6926141724859438, 0.2773666286628609, 0.2768939448099996, 0.006497131753992358, 0.5869739303289663, 0.621600282450487, 0.6303997715098524, 0.7439788321419543, 0.650237858368446, 0.5168228114416682], [0.014388461305621991, 1.6020529028637864, 0.0, 0.22584256798372004, 0.7003379849907925, 0.11227711619147095, 0.4423156809528173, 0.6924666836996728, 0.299512877322482, 0.2926303156906216, 0.006497131753992358, 0.5886594505931093, 0.6315116086790433, 0.6448582202594443, 0.7518334473263444, 0.6636634983977441, 0.5076333985689867]], "features_2": [[-0.26179921119195937, 1.0679516735215302, 0.0, 0.15437306307995655, 0.5854828970565696, 0.12677426774062314, 0.2887357518295026, 0.6845520661042508, 0.3626282885432235, 0.23112113323032202, 0.00683347364535547, 0.6216864423369421, 0.6559924481647766, 0.6759458182013989, 0.7763990681127266, 0.6816423194434027, 0.6042926230883043], [-0.2706753906165753, 1.1591824549813194, 0.0, 0.16944261731290086, 0.5944456313798593, 0.132841854690098, 0.22159979927588652, 0.678173046697927, 0.39687887303170566, 0.2577137168929602, 0.007560346756364078, 0.6218981886730739, 0.6362406812314586, 0.6779333910574713, 0.7823018235372121, 0.6905554399886569, 0.5954684375827887], [-0.0679972346552975, 1.1907092728806887, 0.0, 0.19771360197494897, 0.6140877648348897, 0.12643136240996233, 0.2751680950987314, 0.684502261144297, 0.36157344281354487, 0.25056590415207247, 0.006889477554966383, 0.6111846375810512, 0.6492224859589989, 0.6536954215863623, 0.7738281583375617, 0.6801199607554864, 0.607071876035504], [0.028840195433233795, 1.159696074020943, 0.0, 0.1953330375347161, 0.6074512754092023, 0.12597702032733848, 0.2656849854792675, 0.6845603672251586, 0.366875296694251, 0.24543314971803998, 0.007057398507269275, 0.604465757675404, 0.650112892481107, 0.6777272040205309, 0.7717864976126083, 0.6721580116956813, 0.6031803011435299], [0.19420773254418844, 1.4973005767883254, 0.0, 0.2056257791035737, 0.664239830537117, 0.1243396168040759, 0.33909824013584355, 0.6868732835385752, 0.33618387658033067, 0.29204198661463066, 0.0064410216040902135, 0.6145329571634901, 0.6370563345617793, 0.6521517288229283, 0.7745934759853343, 0.6783219147593531, 0.5564327553252236], [0.035834429743840435, 1.328440716271374, 0.0, 0.214846477683167, 0.6504949878193532, 0.1190689565559132, 0.31985561950993074, 0.6894474964533955, 0.32312791361498117, 0.2616760131145961, 0.006609306440138685, 0.5944671437174938, 0.642964038638039, 0.6633586365642481, 0.7601571137050602, 0.6745029124037515, 0.5825706904887987], [0.16154826865702532, 1.3513539166184514, 0.0, 0.2843059139582208, 0.6454169347656118, 0.12415548701271104, 0.30684704868456336, 0.6864053779405351, 0.3593814276209206, 0.275866518471936, 0.0069454663283523566, 0.5991588089090383, 0.6545522808374327, 0.6885347444518507, 0.7722000860824564, 0.6867961497090911, 0.5647586632930177], [0.3068009512321779, 1.6055190068890772, 0.0, 0.2513696885264384, 0.7078722752358751, 0.10605963163762376, 0.40401935437302683, 0.6931380272835399, 0.24036591369916716, 0.27271245602198757, 0.005710201030130202, 0.578097234083593, 0.6285777021982589, 0.6320113848833286, 0.7241516772558312, 0.6379943170710438, 0.49812211021379016], [0.2809210408445817, 1.483084352516803, 0.0, 0.25645674011150466, 0.6869737714064601, 0.11040112502828629, 0.5102866023769395, 0.6927773452606565, 0.28636787731997404, 0.26667970771603366, 0.006721420376576193, 0.5747628426218201, 0.6261005545758698, 0.6317024789034739, 0.7393511827903194, 0.6649617354909517, 0.5169174084301337]]}