{"labels_1": ["1", "2", "3", "4", "5", "6", "7", "8", "9"], "labels_2": ["1", "2", "3", "4", "5", "6", "7", "8", "9"], "adj_matrix_1": [[0.0, 0.10593, 0.23886, 0.28203, 0.29995, 0.27021, 0.12258, 0.29899, 0.29789], [0.10593, 0.0, 0.25535, 0.26128, 0.25233, 0.26144, 0.19778, 0.25305, 0.21999], [0.23886, 0.25535, 0.0, 0.1139, 0.20712, 0.07562, 0.15931, 0.20067, 0.33488], [0.28203, 0.26128, 0.1139, 0.0, 0.1049, 0.03999, 0.24389, 0.09733, 0.27029], [0.29995, 0.25233, 0.20712, 0.1049, 0.0, 0.14232, 0.2991, 0.00787, 0.18475], [0.27021, 0.26144, 0.07562, 0.03999, 0.14232, 0.0, 0.21763, 0.13505, 0.29663], [0.12258, 0.19778, 0.15931, 0.24389, 0.2991, 0.21763, 0.0, 0.29566, 0.35206], [0.29899, 0.25305, 0.20067, 0.09733, 0.00787, 0.13505, 0.29566, 0.0, 0.19174], [0.29789, 0.21999, 0.33488, 0.27029, 0.18475, 0.29663, 0.35206, 0.19174, 0.0]], "adj_matrix_2": [[0.0, 0.13709, 0.03176, 0.17058, 0.33962, 0.29915, 0.26339, 0.35426, 0.27187], [0.13709, 0.0, 0.16687, 0.03613, 0.25728, 0.19258, 0.27882, 0.31008, 0.28483], [0.03176, 0.16687, 0.0, 0.19925, 0.35461, 0.31973, 0.25845, 0.36063, 0.26727], [0.17058, 0.03613, 0.19925, 0.0, 0.23103, 0.161, 0.2809, 0.29385, 0.2861], [0.33962, 0.25728, 0.35461, 0.23103, 0.0, 0.08647, 0.24396, 0.11372, 0.24046], [0.29915, 0.19258, 0.31973, 0.161, 0.08647, 0.0, 0.2697, 0.18854, 0.26973], [0.26339, 0.27882, 0.25845, 0.2809, 0.24396, 0.2697, 0.0, 0.18421, 0.01245], [0.35426, 0.31008, 0.36063, 0.29385, 0.11372, 0.18854, 0.18421, 0.0, 0.17623], [0.27187, 0.28483, 0.26727, 0.2861, 0.24046, 0.26973, 0.01245, 0.17623, 0.0]], "features_1": [[0.7887741272250834, 1.233754403621887, 0.0, 0.27169514759767255, 0.642678363180146, 0.11572452761121779, 0.6191588584016522, 0.6920435538770082, 0.31782103518436644, 0.2357924517801815, 0.006889477554966383, 0.5721429362026731, 0.6434039910051377, 0.6427937630074618, 0.754097448140704, 0.7046162446145053, 0.5673510356161487], [0.7489172611023172, 1.1543330428469762, 0.0, 0.32801580284033993, 0.6078523001205185, 0.1253203234173805, 0.3438444438289935, 0.6856716980023081, 0.3728765889100698, 0.24213343908067686, 0.00716927026363523, 0.5831018730510005, 0.6495852087040711, 0.6707297169442833, 0.7701028675147934, 0.6788862047460075, 0.5988992120053421], [0.2636654412723791, 1.3037324231664857, 0.0, 0.29079789122031, 0.6560151571371772, 0.1155694627320318, 0.6145859347401832, 0.6921183673731837, 0.31818481647926933, 0.2508978989699322, 0.0066653709969386465, 0.5914066726406331, 0.643464605903087, 0.6490754500249566, 0.7578735104066288, 0.6795574440163143, 0.5609835693773557], [0.16369180351381196, 1.3140013892968563, 0.0, 0.2989671015272988, 0.6540730465605818, 0.11794597634687416, 0.5549292465232434, 0.6910952090991567, 0.3235886967915136, 0.25584646864412686, 0.00677745458930179, 0.5977430376914028, 0.6407382603159218, 0.660082069876815, 0.7601956300414876, 0.6835002665671736, 0.5687869302585766], [-0.17240149039403718, 1.3374323463642968, 0.0, 0.2895290148452811, 0.6423124649103249, 0.12109044187469332, 0.31900875941818896, 0.6886638730522108, 0.33493657508320207, 0.2684762377170651, 0.007001439975721224, 0.6181163656663231, 0.6496618498439782, 0.659130295281691, 0.7664428800832133, 0.6845784892890003, 0.5805407782445966], [0.025350367904752424, 1.3379504596236491, 0.0, 0.30129544218171683, 0.6628385149178507, 0.11487235204853798, 0.557721077054687, 0.6922594982664328, 0.3163637103153847, 0.2579143027330133, 0.00683347364535547, 0.5997829896172555, 0.6506799324492498, 0.6590623203236394, 0.7608622650143719, 0.6814842743781997, 0.5520456802043763], [0.3634179664150756, 1.509643923325218, 0.0, 0.25304189155459117, 0.6818357919826744, 0.12145087558108489, 0.4371556700884597, 0.6894639018188027, 0.3522416461337703, 0.2878794928324835, 0.00711334193318236, 0.5887209042910775, 0.6393542225532719, 0.6311194524463823, 0.7735987490744383, 0.6939503758572602, 0.5542457211090288], [-0.2676564025308634, 1.4009236235847895, 0.0, 0.27756213415788394, 0.6648189168430614, 0.11558254973389075, 0.34850474288404387, 0.6912283148210376, 0.3103474756501974, 0.27035050128608873, 0.0064410216040902135, 0.6075060618822676, 0.6432402304661721, 0.6534218440178758, 0.7531319025192599, 0.676462121047447, 0.5647981107945845], [-0.3782545362113714, 1.4958328925712112, 0.0, 0.28433973768791354, 0.6847585199651701, 0.1155785224527537, 0.3959984713397219, 0.6915806568143332, 0.3032680746367995, 0.2813264478119981, 0.006384896235913207, 0.615747759210922, 0.6479762302738455, 0.6564960946964432, 0.7568359384357837, 0.667215016341064, 0.5478404327164557]], "features_2": [[-0.3166720955590496, 1.1637031030861928, 0.0, 0.18894833092596422, 0.6334813825063424, 0.11846227641684394, 0.6684114970592369, 0.6919829090219926, 0.3362626822614254, 0.23292544211917243, 0.0066653709969386465, 0.6171541585361289, 0.6682701052667624, 0.6672668445294417, 0.7770769652524461, 0.6937852194238124, 0.5794316362778292], [-0.22921850098387875, 1.2948166128006646, 0.0, 0.18120220763979597, 0.6432973410394836, 0.12897932516297544, 0.540023332288834, 0.6872562380179963, 0.39075514399147515, 0.2716114963944012, 0.007225183508792421, 0.6202086767126247, 0.6685309474193526, 0.6928240056872104, 0.7938433917775934, 0.7127914151650645, 0.5855148368913466], [-0.18189261662596357, 1.2658690822481473, 0.0, 0.19630275602763772, 0.6496972418314738, 0.12148180446455487, 0.656163403735551, 0.6910438978548532, 0.35003151364889584, 0.2521904440663225, 0.00655322669591385, 0.618283294980366, 0.6562206347658741, 0.6635340354360647, 0.7808996111417612, 0.7138102776864411, 0.577030872478422], [-0.09042402635145885, 1.2269320467354148, 0.0, 0.20274363373806653, 0.6464238792462325, 0.11733596007003316, 0.6760407429758019, 0.6921890883470416, 0.3345018442490151, 0.24176191543326309, 0.006384896235913207, 0.6083914162482098, 0.6587324109441834, 0.6620366969868411, 0.7739558441494255, 0.6914062403980924, 0.5763582856336967], [0.0403830316772944, 1.7274021718783688, 0.0, 0.19968676522301576, 0.7082335989641638, 0.12322466858201148, 0.5531272208555216, 0.6896360323167843, 0.3410327127868562, 0.3226699511441471, 0.0066653709969386465, 0.5994472260984314, 0.6472341073147414, 0.6648558755029343, 0.7834412236351874, 0.6945651892583755, 0.5515267808572363], [0.10603471598331815, 1.3151034100038714, 0.0, 0.22820920214926674, 0.6635064980099756, 0.11779544231340013, 0.7845795257375471, 0.6924021063696679, 0.3425404774212133, 0.2547165344407074, 0.007057398507269275, 0.6044484683156544, 0.6650937255007037, 0.6831939538378791, 0.7787958056076891, 0.7023131796128249, 0.5671520589242561], [0.1920274845954224, 1.3733435776645067, 0.0, 0.19927434999161503, 0.6646536396736554, 0.11729159688887271, 0.6111608207025355, 0.6917546437519554, 0.33217376156201484, 0.26290638063619864, 0.006721420376576193, 0.5918318108392806, 0.656336319808234, 0.6675367156793449, 0.7741653989543369, 0.6853360432125213, 0.5865867861101028], [0.9415718150432144, 1.4475039802875405, 0.0, 0.2567207013212631, 0.6818128747077253, 0.11235179847363343, 0.5415714439516549, 0.6927447233787971, 0.3144170917416942, 0.2620089268849992, 0.006272599803500922, 0.5797457074154844, 0.6326758775150332, 0.6357797517425088, 0.7583393606936304, 0.6867424536921891, 0.5409522219652775], [1.1505488167342417, 1.283537888283874, 0.0, 0.30984181128658483, 0.6552940486165643, 0.11259831006290871, 0.6360480791955994, 0.6927890209154017, 0.33725193543506937, 0.24165409401879212, 0.007057398507269275, 0.5738866202354307, 0.6297036184243379, 0.6466639783545957, 0.7633896807435189, 0.6975189656219352, 0.5569344607207355]]}