{"labels_1": ["1", "2", "3", "4", "5", "6", "7", "8", "9"], "labels_2": ["1", "2", "3", "4", "5", "6", "7", "8", "9"], "adj_matrix_1": [[0.0, 0.10593, 0.23886, 0.28203, 0.29995, 0.27021, 0.12258, 0.29899, 0.29789], [0.10593, 0.0, 0.25535, 0.26128, 0.25233, 0.26144, 0.19778, 0.25305, 0.21999], [0.23886, 0.25535, 0.0, 0.1139, 0.20712, 0.07562, 0.15931, 0.20067, 0.33488], [0.28203, 0.26128, 0.1139, 0.0, 0.1049, 0.03999, 0.24389, 0.09733, 0.27029], [0.29995, 0.25233, 0.20712, 0.1049, 0.0, 0.14232, 0.2991, 0.00787, 0.18475], [0.27021, 0.26144, 0.07562, 0.03999, 0.14232, 0.0, 0.21763, 0.13505, 0.29663], [0.12258, 0.19778, 0.15931, 0.24389, 0.2991, 0.21763, 0.0, 0.29566, 0.35206], [0.29899, 0.25305, 0.20067, 0.09733, 0.00787, 0.13505, 0.29566, 0.0, 0.19174], [0.29789, 0.21999, 0.33488, 0.27029, 0.18475, 0.29663, 0.35206, 0.19174, 0.0]], "adj_matrix_2": [[0.0, 0.24926, 0.15423, 0.19039, 0.26197, 0.27249, 0.30197, 0.31369, 0.25356], [0.24926, 0.0, 0.10906, 0.07039, 0.01709, 0.03137, 0.07597, 0.29209, 0.00571], [0.15423, 0.10906, 0.0, 0.03977, 0.12518, 0.13858, 0.17892, 0.31115, 0.11448], [0.19039, 0.07039, 0.03977, 0.0, 0.08698, 0.10087, 0.14311, 0.30633, 0.07594], [0.26197, 0.01709, 0.12518, 0.08698, 0.0, 0.01429, 0.05925, 0.287, 0.0114], [0.27249, 0.03137, 0.13858, 0.10087, 0.01429, 0.0, 0.0451, 0.28311, 0.02568], [0.30197, 0.07597, 0.17892, 0.14311, 0.05925, 0.0451, 0.0, 0.26666, 0.07044], [0.31369, 0.29209, 0.31115, 0.30633, 0.287, 0.28311, 0.26666, 0.0, 0.29044], [0.25356, 0.00571, 0.11448, 0.07594, 0.0114, 0.02568, 0.07044, 0.29044, 0.0]], "features_1": [[0.7887741272250834, 1.233754403621887, 0.0, 0.27169514759767255, 0.642678363180146, 0.11572452761121779, 0.6191588584016522, 0.6920435538770082, 0.31782103518436644, 0.2357924517801815, 0.006889477554966383, 0.5721429362026731, 0.6434039910051377, 0.6427937630074618, 0.754097448140704, 0.7046162446145053, 0.5673510356161487], [0.7489172611023172, 1.1543330428469762, 0.0, 0.32801580284033993, 0.6078523001205185, 0.1253203234173805, 0.3438444438289935, 0.6856716980023081, 0.3728765889100698, 0.24213343908067686, 0.00716927026363523, 0.5831018730510005, 0.6495852087040711, 0.6707297169442833, 0.7701028675147934, 0.6788862047460075, 0.5988992120053421], [0.2636654412723791, 1.3037324231664857, 0.0, 0.29079789122031, 0.6560151571371772, 0.1155694627320318, 0.6145859347401832, 0.6921183673731837, 0.31818481647926933, 0.2508978989699322, 0.0066653709969386465, 0.5914066726406331, 0.643464605903087, 0.6490754500249566, 0.7578735104066288, 0.6795574440163143, 0.5609835693773557], [0.16369180351381196, 1.3140013892968563, 0.0, 0.2989671015272988, 0.6540730465605818, 0.11794597634687416, 0.5549292465232434, 0.6910952090991567, 0.3235886967915136, 0.25584646864412686, 0.00677745458930179, 0.5977430376914028, 0.6407382603159218, 0.660082069876815, 0.7601956300414876, 0.6835002665671736, 0.5687869302585766], [-0.17240149039403718, 1.3374323463642968, 0.0, 0.2895290148452811, 0.6423124649103249, 0.12109044187469332, 0.31900875941818896, 0.6886638730522108, 0.33493657508320207, 0.2684762377170651, 0.007001439975721224, 0.6181163656663231, 0.6496618498439782, 0.659130295281691, 0.7664428800832133, 0.6845784892890003, 0.5805407782445966], [0.025350367904752424, 1.3379504596236491, 0.0, 0.30129544218171683, 0.6628385149178507, 0.11487235204853798, 0.557721077054687, 0.6922594982664328, 0.3163637103153847, 0.2579143027330133, 0.00683347364535547, 0.5997829896172555, 0.6506799324492498, 0.6590623203236394, 0.7608622650143719, 0.6814842743781997, 0.5520456802043763], [0.3634179664150756, 1.509643923325218, 0.0, 0.25304189155459117, 0.6818357919826744, 0.12145087558108489, 0.4371556700884597, 0.6894639018188027, 0.3522416461337703, 0.2878794928324835, 0.00711334193318236, 0.5887209042910775, 0.6393542225532719, 0.6311194524463823, 0.7735987490744383, 0.6939503758572602, 0.5542457211090288], [-0.2676564025308634, 1.4009236235847895, 0.0, 0.27756213415788394, 0.6648189168430614, 0.11558254973389075, 0.34850474288404387, 0.6912283148210376, 0.3103474756501974, 0.27035050128608873, 0.0064410216040902135, 0.6075060618822676, 0.6432402304661721, 0.6534218440178758, 0.7531319025192599, 0.676462121047447, 0.5647981107945845], [-0.3782545362113714, 1.4958328925712112, 0.0, 0.28433973768791354, 0.6847585199651701, 0.1155785224527537, 0.3959984713397219, 0.6915806568143332, 0.3032680746367995, 0.2813264478119981, 0.006384896235913207, 0.615747759210922, 0.6479762302738455, 0.6564960946964432, 0.7568359384357837, 0.667215016341064, 0.5478404327164557]], "features_2": [[-0.5079530334973139, 0.9622777870184336, 0.0, 0.16682645946740987, 0.5509896426553877, 0.1350927716972621, 0.26538665263993766, 0.6762560792812249, 0.4045639671117489, 0.22598251634731548, 0.007671947615560004, 0.6365691513417149, 0.6587114667119444, 0.684161881570953, 0.7836986662115151, 0.665816214385893, 0.5956055298334592], [-0.08128796827941231, 1.094003800626365, 0.0, 0.22349371831213738, 0.5882607457090311, 0.13036086319778703, 0.3567235596347594, 0.6829174747686555, 0.39375135938522154, 0.2394969838396228, 0.007671947615560004, 0.6185092655777962, 0.654331200361437, 0.690176177922454, 0.7869161747691873, 0.7016653421943972, 0.5774361495108672], [-0.23167526619601064, 1.0883326942445608, 0.0, 0.20402483535343055, 0.5859745930097093, 0.13096801581178807, 0.3504429775389724, 0.6816707641127707, 0.37048234597051977, 0.23859094684081916, 0.007225183508792421, 0.6230370374205414, 0.6559585838516083, 0.6660123718074075, 0.7816273054669574, 0.686051472819952, 0.5991112545488498], [0.04854539416507775, 1.0264604529204702, 0.0, 0.23291856551257262, 0.5717891836414318, 0.13105298024872764, 0.3387616289649884, 0.6817848953866323, 0.3745640620094619, 0.22430684702698866, 0.007001439975721224, 0.6169245697476684, 0.6534689336542998, 0.6757082815850726, 0.7819233304302652, 0.7015361373790141, 0.5880894422071588], [-0.1432520129403474, 1.4527011675007497, 0.0, 0.25996027454427345, 0.6646783037229687, 0.11867112988299894, 0.46646515937314703, 0.6906173543781428, 0.3197155467304813, 0.27932417717536207, 0.00655322669591385, 0.6107692350585257, 0.6375475407849249, 0.6419433156126261, 0.766587594908572, 0.6893945772950008, 0.503366720800951], [0.24747385912964504, 1.1739180801651983, 0.0, 0.2567933084087735, 0.6149704682037085, 0.12355636866281174, 0.5183165640606852, 0.6885500478649744, 0.3287194736406207, 0.2353580249503624, 0.0064410216040902135, 0.6002727765888456, 0.655020977850502, 0.6588328608303032, 0.7732466029555222, 0.6920719370764633, 0.571299639952191], [0.20584659904148106, 1.444177366405628, 0.0, 0.25011370921104814, 0.6666173253979156, 0.11899092286636162, 0.45472510321904663, 0.6909649497005075, 0.32353955289223535, 0.27484694136478494, 0.0066653709969386465, 0.5991900678301763, 0.6427564840401302, 0.653843243304916, 0.7698907030711927, 0.678930111161501, 0.48380764510460134], [0.09059410554750702, 1.368494204584867, 0.0, 0.25666796291306015, 0.6685700541124224, 0.108842984124146, 0.6048270143962057, 0.693117862984883, 0.26430485455430697, 0.2470329138744063, 0.006047823865199753, 0.577363458917473, 0.633838317247713, 0.6416553399711448, 0.7381994167021769, 0.6402784079085068, 0.5084944526735742], [-0.1423985012506641, 1.3113131316183992, 0.0, 0.2340816002529246, 0.6573852581670041, 0.10921408942045645, 0.48125546368088407, 0.6930745567547454, 0.26940783747759145, 0.23971775379767557, 0.005822803276368971, 0.5960440878551179, 0.6373946903412455, 0.6459141269968778, 0.7413319372315621, 0.6549886625335866, 0.4796745530668457]]}