{"labels_1": ["1", "2", "3", "4", "5", "6", "7", "8", "9"], "labels_2": ["1", "2", "3", "4", "5", "6", "7", "8", "9"], "adj_matrix_1": [[0.0, 0.31275, 0.10855, 0.11343, 0.32492, 0.18907, 0.10698, 0.2972, 0.08954], [0.31275, 0.0, 0.23835, 0.2345, 0.02719, 0.16737, 0.36902, 0.02925, 0.25292], [0.10855, 0.23835, 0.0, 0.00507, 0.25671, 0.08632, 0.20905, 0.21662, 0.01958], [0.11343, 0.2345, 0.00507, 0.0, 0.25313, 0.08137, 0.21346, 0.21251, 0.02464], [0.32492, 0.02719, 0.25671, 0.25313, 0.0, 0.18999, 0.37484, 0.05619, 0.27023], [0.18907, 0.16737, 0.08632, 0.08137, 0.18999, 0.0, 0.27923, 0.1416, 0.1053], [0.10698, 0.36902, 0.20905, 0.21346, 0.37484, 0.27923, 0.0, 0.36012, 0.1917], [0.2972, 0.02925, 0.21662, 0.21251, 0.05619, 0.1416, 0.36012, 0.0, 0.23222], [0.08954, 0.25292, 0.01958, 0.02464, 0.27023, 0.1053, 0.1917, 0.23222, 0.0]], "adj_matrix_2": [[0.0, 0.0027, 0.17014, 0.30349, 0.06847, 0.2285, 0.17716, 0.10539, 0.19002], [0.0027, 0.0, 0.17242, 0.3048, 0.06585, 0.23044, 0.17941, 0.10287, 0.19219], [0.17014, 0.17242, 0.0, 0.17684, 0.22318, 0.0717, 0.00829, 0.24755, 0.02352], [0.30349, 0.3048, 0.17684, 0.0, 0.32906, 0.11006, 0.16949, 0.3362, 0.15568], [0.06847, 0.06585, 0.22318, 0.32906, 0.0, 0.27141, 0.2291, 0.03877, 0.23992], [0.2285, 0.23044, 0.0717, 0.11006, 0.27141, 0.0, 0.06356, 0.28911, 0.04849], [0.17716, 0.17941, 0.00829, 0.16949, 0.2291, 0.06356, 0.0, 0.25272, 0.01524], [0.10539, 0.10287, 0.24755, 0.3362, 0.03877, 0.28911, 0.25272, 0.0, 0.26216], [0.19002, 0.19219, 0.02352, 0.15568, 0.23992, 0.04849, 0.01524, 0.26216, 0.0]], "features_1": [[-0.0026031165932236533, 0.6807896548831865, 0.0, 0.2096625108233204, 0.47959717998430423, 0.12549057660863355, 0.2922619228226694, 0.684984589152942, 0.36472234233149203, 0.15302891572903166, 0.007392832833969631, 0.6216189565783521, 0.6457211791661756, 0.6622178346891815, 0.7716622082913077, 0.6913632151979784, 0.5954374127170444], [0.303298450521595, 0.6737898007910332, 0.0, 0.22482118344227506, 0.47728807638099924, 0.12587431397001772, 0.3397475680933546, 0.685767230245561, 0.37059684535392257, 0.14988307961472325, 0.00716927026363523, 0.6097172344207928, 0.6247587111894234, 0.6399335450110131, 0.7819205129968642, 0.7175866464635947, 0.5862827294432309], [0.048894749021093364, 0.8254244025750914, 0.0, 0.2135078952406449, 0.5238917908666645, 0.12514530799543785, 0.2652468315013522, 0.6847799278135868, 0.3583513274140382, 0.18186794411184204, 0.007281081678807366, 0.6200720871030696, 0.6594622266301583, 0.6679245508738472, 0.7685661643488344, 0.6912989244422432, 0.5891371639220863], [-0.11099496160955447, 0.8309085512366156, 0.0, 0.21574971576612964, 0.524312068625432, 0.12500745340157943, 0.29049659661326643, 0.6853232963722642, 0.3578419536423054, 0.18468498910615794, 0.007281081678807366, 0.6218316044198309, 0.6565817661024331, 0.6706643050765662, 0.7696864198931993, 0.6928281746097537, 0.5933883575680622], [0.3003011156128981, 0.6638220395339095, 0.0, 0.22589517001278056, 0.475925798409385, 0.12424054270967565, 0.38028095554738783, 0.6869644956538306, 0.3603986579752563, 0.14479488068949053, 0.007392832833969631, 0.6000096913908768, 0.6573160456652553, 0.6702636782059217, 0.7821710714623126, 0.7126438779072597, 0.5843806923476393], [0.1090428573822515, 0.8455474133003319, 0.0, 0.2185759902983333, 0.5307471905871111, 0.12369062738632657, 0.32264041150638506, 0.6863949273241934, 0.353713675157562, 0.18348122271510392, 0.007281081678807366, 0.6084764282768111, 0.6282141163004172, 0.6462775963697553, 0.7690120189968834, 0.6993581555272259, 0.5904865892051006], [-0.4438771779461854, 0.8840935366770284, 0.0, 0.1969491749161763, 0.532528144047574, 0.12425592424849335, 0.20458543236394533, 0.6842443608855189, 0.3365348404156603, 0.19654218160106462, 0.007057398507269275, 0.6327016250871136, 0.6451761382683274, 0.6642418726395536, 0.7589616203640123, 0.6581157089914748, 0.5812968061409426], [0.2571255006625268, 0.7136549996457983, 0.0, 0.21070932962251462, 0.4901943672786212, 0.1213782922072655, 0.35826663316474594, 0.6876878179560012, 0.3273090272570254, 0.1504417098484483, 0.006609306440138685, 0.5928718950698109, 0.6388053417651576, 0.6535710199566831, 0.769886842164054, 0.7041824132229532, 0.5760308325465495], [-0.20315594963500105, 0.7663457852229576, 0.0, 0.22596639364290244, 0.5010967952665886, 0.12385745252267177, 0.2733265747495537, 0.6851874994003034, 0.343518488337355, 0.1685205661802709, 0.0069454663283523566, 0.6135122258043919, 0.6370461707435078, 0.6539696215941851, 0.7671863090252296, 0.6749927256853284, 0.5889892746082246]], "features_2": [[0.1652212633187209, 0.8016151896154604, 0.0, 0.21919420295006856, 0.5057959035135867, 0.13467622014802152, 0.3711137338066486, 0.6802089950000241, 0.4133394563102104, 0.19107291385349856, 0.008006390651371653, 0.6165685019048506, 0.683095151832814, 0.7009612723699595, 0.8066506275836213, 0.7341131015641665, 0.6083966755182444], [0.3176972118871726, 0.8182913599970487, 0.0, 0.21887214775746433, 0.5065103367265731, 0.1390298042368342, 0.34333868936475154, 0.6761376435302562, 0.43808237416410356, 0.1995722141246543, 0.008062078829516484, 0.6076900335144457, 0.679237793985022, 0.7169561907138977, 0.8120157297075845, 0.7540891738860238, 0.6099223660068233], [0.05066043306612844, 0.9279056578799971, 0.0, 0.21507854398230938, 0.5407604654834485, 0.13407123504123797, 0.36434270213434133, 0.6803191816253389, 0.4067587362953107, 0.21679683872173627, 0.00783923647221818, 0.618197171044365, 0.6748449572028494, 0.7168508410269, 0.8038553947651442, 0.7262724832710392, 0.6080721028966277], [-0.16131175521263952, 0.9835824939218467, 0.0, 0.20918951664958305, 0.5511349197497396, 0.13445800423603926, 0.34503660910666556, 0.6794523421183204, 0.40143664040353877, 0.2292730436511199, 0.007671947615560004, 0.6302969525438238, 0.6754299022276425, 0.69846888241457, 0.80321580804332, 0.7317120196536555, 0.6098221922071998], [0.4406490150076312, 0.8401205428667524, 0.0, 0.22747915533891064, 0.5132637532892524, 0.1369796506122347, 0.35920685977600614, 0.6780095994140816, 0.4346195704234326, 0.2029282910972734, 0.008451478759474051, 0.6019588586382425, 0.6730685899515393, 0.7158793340871862, 0.8092308301032373, 0.7370220448362046, 0.5931358978571533], [0.1969999111986218, 0.9631917648663585, 0.0, 0.22777705302354623, 0.5520029196655644, 0.13183581847812936, 0.41346889847794444, 0.6831976953492057, 0.3990071551015397, 0.21987074362172088, 0.007950687539111767, 0.6177443396601028, 0.6759154845619627, 0.7023938440852343, 0.8031826542489287, 0.7279086370952265, 0.594471753686603], [0.29570538382398714, 0.9964898440002375, 0.0, 0.25394660542867, 0.5564493661513366, 0.13095688468232144, 0.3754817687298392, 0.6825576955187332, 0.38378047779783, 0.22466677232641907, 0.007504523810135222, 0.6136579101342576, 0.6591167425611189, 0.6870176759905147, 0.7959919268728611, 0.7232718095635738, 0.5688248277877286], [0.20587551360454714, 0.874811868266484, 0.0, 0.2244375932764213, 0.5237099126226222, 0.13484681439455037, 0.36314213354195746, 0.6795072913702971, 0.40998042794879974, 0.20662169581684076, 0.007950687539111767, 0.612338178487787, 0.6850275882339247, 0.7130701761833512, 0.804987205934324, 0.738047029467924, 0.5885213882308814], [0.12853108093064103, 0.8916820111803654, 0.0, 0.21681720822429287, 0.5312452307540021, 0.13341542518070854, 0.39523394317203897, 0.6815548888145431, 0.40304837064207844, 0.20767592315216987, 0.00783923647221818, 0.6208693198759874, 0.6792431817233959, 0.705028508446698, 0.8052216122275427, 0.7335851104780162, 0.585770667493909]]}