{"labels_1": ["1", "2", "3", "4", "5", "6", "7", "8", "9"], "labels_2": ["1", "2", "3", "4", "5", "6", "7", "8", "9"], "adj_matrix_1": [[0.0, 0.31275, 0.10855, 0.11343, 0.32492, 0.18907, 0.10698, 0.2972, 0.08954], [0.31275, 0.0, 0.23835, 0.2345, 0.02719, 0.16737, 0.36902, 0.02925, 0.25292], [0.10855, 0.23835, 0.0, 0.00507, 0.25671, 0.08632, 0.20905, 0.21662, 0.01958], [0.11343, 0.2345, 0.00507, 0.0, 0.25313, 0.08137, 0.21346, 0.21251, 0.02464], [0.32492, 0.02719, 0.25671, 0.25313, 0.0, 0.18999, 0.37484, 0.05619, 0.27023], [0.18907, 0.16737, 0.08632, 0.08137, 0.18999, 0.0, 0.27923, 0.1416, 0.1053], [0.10698, 0.36902, 0.20905, 0.21346, 0.37484, 0.27923, 0.0, 0.36012, 0.1917], [0.2972, 0.02925, 0.21662, 0.21251, 0.05619, 0.1416, 0.36012, 0.0, 0.23222], [0.08954, 0.25292, 0.01958, 0.02464, 0.27023, 0.1053, 0.1917, 0.23222, 0.0]], "adj_matrix_2": [[0.0, 0.11798, 0.03331, 0.02269, 0.26203, 0.27246, 0.05771, 0.26474, 0.27621], [0.11798, 0.0, 0.08592, 0.13926, 0.17058, 0.18544, 0.17142, 0.27114, 0.191], [0.03331, 0.08592, 0.0, 0.05587, 0.23879, 0.25058, 0.09046, 0.26765, 0.25483], [0.02269, 0.13926, 0.05587, 0.0, 0.27663, 0.2862, 0.03517, 0.26189, 0.28952], [0.26203, 0.17058, 0.23879, 0.27663, 0.0, 0.01824, 0.2979, 0.24283, 0.02531], [0.27246, 0.18544, 0.25058, 0.2862, 0.01824, 0.0, 0.30601, 0.23624, 0.00708], [0.05771, 0.17142, 0.09046, 0.03517, 0.2979, 0.30601, 0.0, 0.25733, 0.30875], [0.26474, 0.27114, 0.26765, 0.26189, 0.24283, 0.23624, 0.25733, 0.0, 0.23356], [0.27621, 0.191, 0.25483, 0.28952, 0.02531, 0.00708, 0.30875, 0.23356, 0.0]], "features_1": [[-0.0026031165932236533, 0.6807896548831865, 0.0, 0.2096625108233204, 0.47959717998430423, 0.12549057660863355, 0.2922619228226694, 0.684984589152942, 0.36472234233149203, 0.15302891572903166, 0.007392832833969631, 0.6216189565783521, 0.6457211791661756, 0.6622178346891815, 0.7716622082913077, 0.6913632151979784, 0.5954374127170444], [0.303298450521595, 0.6737898007910332, 0.0, 0.22482118344227506, 0.47728807638099924, 0.12587431397001772, 0.3397475680933546, 0.685767230245561, 0.37059684535392257, 0.14988307961472325, 0.00716927026363523, 0.6097172344207928, 0.6247587111894234, 0.6399335450110131, 0.7819205129968642, 0.7175866464635947, 0.5862827294432309], [0.048894749021093364, 0.8254244025750914, 0.0, 0.2135078952406449, 0.5238917908666645, 0.12514530799543785, 0.2652468315013522, 0.6847799278135868, 0.3583513274140382, 0.18186794411184204, 0.007281081678807366, 0.6200720871030696, 0.6594622266301583, 0.6679245508738472, 0.7685661643488344, 0.6912989244422432, 0.5891371639220863], [-0.11099496160955447, 0.8309085512366156, 0.0, 0.21574971576612964, 0.524312068625432, 0.12500745340157943, 0.29049659661326643, 0.6853232963722642, 0.3578419536423054, 0.18468498910615794, 0.007281081678807366, 0.6218316044198309, 0.6565817661024331, 0.6706643050765662, 0.7696864198931993, 0.6928281746097537, 0.5933883575680622], [0.3003011156128981, 0.6638220395339095, 0.0, 0.22589517001278056, 0.475925798409385, 0.12424054270967565, 0.38028095554738783, 0.6869644956538306, 0.3603986579752563, 0.14479488068949053, 0.007392832833969631, 0.6000096913908768, 0.6573160456652553, 0.6702636782059217, 0.7821710714623126, 0.7126438779072597, 0.5843806923476393], [0.1090428573822515, 0.8455474133003319, 0.0, 0.2185759902983333, 0.5307471905871111, 0.12369062738632657, 0.32264041150638506, 0.6863949273241934, 0.353713675157562, 0.18348122271510392, 0.007281081678807366, 0.6084764282768111, 0.6282141163004172, 0.6462775963697553, 0.7690120189968834, 0.6993581555272259, 0.5904865892051006], [-0.4438771779461854, 0.8840935366770284, 0.0, 0.1969491749161763, 0.532528144047574, 0.12425592424849335, 0.20458543236394533, 0.6842443608855189, 0.3365348404156603, 0.19654218160106462, 0.007057398507269275, 0.6327016250871136, 0.6451761382683274, 0.6642418726395536, 0.7589616203640123, 0.6581157089914748, 0.5812968061409426], [0.2571255006625268, 0.7136549996457983, 0.0, 0.21070932962251462, 0.4901943672786212, 0.1213782922072655, 0.35826663316474594, 0.6876878179560012, 0.3273090272570254, 0.1504417098484483, 0.006609306440138685, 0.5928718950698109, 0.6388053417651576, 0.6535710199566831, 0.769886842164054, 0.7041824132229532, 0.5760308325465495], [-0.20315594963500105, 0.7663457852229576, 0.0, 0.22596639364290244, 0.5010967952665886, 0.12385745252267177, 0.2733265747495537, 0.6851874994003034, 0.343518488337355, 0.1685205661802709, 0.0069454663283523566, 0.6135122258043919, 0.6370461707435078, 0.6539696215941851, 0.7671863090252296, 0.6749927256853284, 0.5889892746082246]], "features_2": [[0.03238294824437382, 0.7548441931867758, 0.0, 0.24213328745008775, 0.4988542919847352, 0.12779880728608484, 0.3646870922235948, 0.684494250363732, 0.36443056983378885, 0.17064992382732136, 0.007225183508792421, 0.6141128155876774, 0.6618263604357203, 0.676950694523137, 0.7894976580908066, 0.729093828329311, 0.6032934741115787], [0.19697328345508236, 0.7730756281357681, 0.0, 0.30396955371304535, 0.49341162260504656, 0.13407968451965785, 0.3396263714302471, 0.6784947326853674, 0.4127171165343384, 0.18303109920277283, 0.008006390651371653, 0.6170604141996394, 0.6764989208017212, 0.6905297206177267, 0.798078420010866, 0.7101631373417436, 0.6138837582606717], [0.14467740125287332, 0.8771401796621332, 0.0, 0.27105860607195453, 0.5340671361528614, 0.12733183831327446, 0.36856945592882867, 0.6846919494602417, 0.3617424090598911, 0.1947173132709057, 0.007560346756364078, 0.6102880413368874, 0.6660814950355662, 0.6840044729712352, 0.7867953895326714, 0.7192750940120405, 0.6016097558783835], [0.10281470739104215, 0.9121360880396702, 0.0, 0.2543464748666791, 0.5401660440621431, 0.12857729216059205, 0.3246845013426423, 0.6832422372595628, 0.36339424245437635, 0.20245791437528893, 0.007336964783822175, 0.6173342150919878, 0.6408296387042944, 0.6671189461029559, 0.7875659293042362, 0.692831382366853, 0.6059380801857653], [0.4670130133805799, 0.7664677008886286, 0.0, 0.33038415133666726, 0.4918589748076112, 0.13439932951084355, 0.3789503165548652, 0.6791477950617746, 0.4188556855756316, 0.1821168173586165, 0.007894969482732161, 0.6035857638369411, 0.6591784690239906, 0.7041735294047385, 0.8002925981358862, 0.7306813119698027, 0.6101549166618142], [0.359744349254425, 0.8691676041872021, 0.0, 0.30598300359390335, 0.5335623866410645, 0.12764517799314487, 0.4527339879386588, 0.6857752781766053, 0.3772291600036235, 0.1939773453432625, 0.007560346756364078, 0.6050450885841023, 0.6574334619128599, 0.6786287778601116, 0.7942670967570025, 0.705866502880469, 0.5960376605911957], [0.22387698957581792, 0.9081470946921646, 0.0, 0.22257825438918483, 0.5383751304013147, 0.12916370696764695, 0.37358631610828325, 0.6837656193173087, 0.38574135684490174, 0.20496484395662096, 0.007783488497544067, 0.6187866829653088, 0.6602864568107086, 0.6813506596117713, 0.7917812172281393, 0.7112957382632557, 0.5908677435694641], [0.7606951412316181, 0.8040006624146262, 0.0, 0.3132799468882271, 0.5123377108902447, 0.12918386079659205, 0.45213132083202084, 0.6845652482517011, 0.38646425456628064, 0.18264814154334763, 0.007448685839370306, 0.581295292597038, 0.6612959783718558, 0.6787671736442061, 0.7940902350938465, 0.7249473331229633, 0.5909412404132357], [0.27644695512988093, 0.8069993526809901, 0.0, 0.2641802073552731, 0.5133728434010465, 0.1284996827794908, 0.4461442344141595, 0.6849215203123902, 0.38237079621908787, 0.18489296133438882, 0.007671947615560004, 0.5997609123903735, 0.6532683841989235, 0.6807700706202019, 0.792081391060408, 0.7064808102937559, 0.5849401511159554]]}