{"labels_1": ["1", "2", "3", "4", "5", "6", "7", "8", "9"], "labels_2": ["1", "2", "3", "4", "5", "6", "7", "8", "9"], "adj_matrix_1": [[0.0, 0.27066, 0.02232, 0.00643, 0.29107, 0.09857, 0.29129, 0.28558, 0.28703], [0.27066, 0.0, 0.27098, 0.27101, 0.14054, 0.24302, 0.15505, 0.07714, 0.08928], [0.02232, 0.27098, 0.0, 0.01592, 0.28314, 0.11817, 0.28268, 0.2812, 0.28196], [0.00643, 0.27101, 0.01592, 0.0, 0.28908, 0.10435, 0.28917, 0.28465, 0.28591], [0.29107, 0.14054, 0.28314, 0.28908, 0.0, 0.30426, 0.01599, 0.06648, 0.05414], [0.09857, 0.24302, 0.11817, 0.10435, 0.30426, 0.0, 0.30861, 0.28082, 0.28579], [0.29129, 0.15505, 0.28268, 0.28917, 0.01599, 0.30861, 0.0, 0.08213, 0.0699], [0.28558, 0.07714, 0.2812, 0.28465, 0.06648, 0.28082, 0.08213, 0.0, 0.01252], [0.28703, 0.08928, 0.28196, 0.28591, 0.05414, 0.28579, 0.0699, 0.01252, 0.0]], "adj_matrix_2": [[0.0, 0.15806, 0.06938, 0.08056, 0.16977, 0.16149, 0.22626, 0.18831, 0.08551], [0.15806, 0.0, 0.2109, 0.08399, 0.26358, 0.26082, 0.20854, 0.26822, 0.22155], [0.06938, 0.2109, 0.0, 0.14423, 0.11208, 0.10205, 0.2209, 0.13549, 0.0169], [0.08056, 0.08399, 0.14423, 0.0, 0.22339, 0.2178, 0.22144, 0.2353, 0.15814], [0.16977, 0.26358, 0.11208, 0.22339, 0.0, 0.01131, 0.18471, 0.02754, 0.09685], [0.16149, 0.26082, 0.10205, 0.2178, 0.01131, 0.0, 0.18998, 0.03873, 0.08647], [0.22626, 0.20854, 0.2209, 0.22144, 0.18471, 0.18998, 0.0, 0.17025, 0.21797], [0.18831, 0.26822, 0.13549, 0.2353, 0.02754, 0.03873, 0.17025, 0.0, 0.1212], [0.08551, 0.22155, 0.0169, 0.15814, 0.09685, 0.08647, 0.21797, 0.1212, 0.0]], "features_1": [[0.3705486223081591, 0.7607385560423272, 0.0, 0.2823030303408527, 0.4804516775658705, 0.1419735227022106, 0.20865110798510428, 0.6673382878080274, 0.4517749416382846, 0.19319181801571172, 0.008117752083540042, 0.6092218116007864, 0.66125201594473, 0.6961452554731854, 0.8054191698988343, 0.7031548410697467, 0.6243143716111119], [-0.10715076769281673, 0.753427998038348, 0.0, 0.22015169797640813, 0.4632503696581584, 0.14935490882250851, 0.15224501644274752, 0.6551963128195386, 0.48463265841523717, 0.19975035974686084, 0.008895616178821175, 0.6378191279299088, 0.6740313831590549, 0.707887162774338, 0.8126624783702464, 0.7069844453105918, 0.6262688550663273], [0.38760700648868607, 0.8953535545436073, 0.0, 0.2845870939735706, 0.5178236179337625, 0.1419103145451086, 0.19222044497165597, 0.6666008702140686, 0.4540883572657224, 0.22453817088748607, 0.00822905385914674, 0.6041925415482892, 0.658425660200282, 0.6991797155908402, 0.8024630226331755, 0.7118202315288333, 0.6232743101646913], [0.3079473747572936, 0.9178009881693691, 0.0, 0.27128060765565926, 0.5251895410460751, 0.1418817184109048, 0.21157114570401134, 0.6684112469651378, 0.45206550704359505, 0.22726107568330556, 0.008006390651371653, 0.607434557544356, 0.6451053833847444, 0.695022406497127, 0.8063485715843254, 0.7194927023303315, 0.6233799377769685], [0.02411817715301412, 0.7996240482559095, 0.0, 0.2544316824292676, 0.4830366865291628, 0.14671207004015596, 0.20345004436846423, 0.6619546832567176, 0.4748299921970134, 0.20687283490214825, 0.009006502581913711, 0.6301470800738427, 0.6733823569533869, 0.703831933443194, 0.8141671198594665, 0.7273890072178002, 0.6354089434396046], [-0.024865163242829613, 0.8770198199252862, 0.0, 0.27396658306224064, 0.5139866958233466, 0.143398738407563, 0.23161073683484118, 0.6671601376075411, 0.45729210289671385, 0.22364524612084602, 0.008006390651371653, 0.6120205486142565, 0.6564302514780985, 0.6846242999625758, 0.8111444610821108, 0.7056471470470179, 0.6374457956204578], [-0.3268343384934149, 0.901417785042609, 0.0, 0.23127035446342256, 0.5178751982233767, 0.14330342624601738, 0.21932847183058185, 0.6665046265337506, 0.4468362569122559, 0.2261057524953045, 0.007671947615560004, 0.6327845736990105, 0.6750549774522913, 0.7156760984727198, 0.8091996795972286, 0.7214647409574733, 0.6263688867906099], [-0.09637367559893795, 0.8417471236915205, 0.0, 0.2423885519457753, 0.502240998238855, 0.1435200320885281, 0.26042359096787565, 0.6684822935564336, 0.44583942155789, 0.21152610463868848, 0.008062078829516484, 0.6278876123688755, 0.6732586412701183, 0.7066679273557921, 0.8148499785848532, 0.7195331338464368, 0.6324098910845681], [-0.37872687784969195, 0.8591346855304653, 0.0, 0.2229554974538509, 0.5083335395794354, 0.14319458922150993, 0.2670314025952507, 0.6689574347247025, 0.4466297419809031, 0.21754201042060228, 0.008173410423425675, 0.6327484740466336, 0.6941312748783297, 0.7264265695147385, 0.8150912485254338, 0.7121547425713766, 0.6346859350463083]], "features_2": [[-0.0005374631146985998, 0.629278256051022, 0.0, 0.282546826772485, 0.4533921640265481, 0.13037887084587538, 0.2996251178240456, 0.6810224384645807, 0.36678618022586496, 0.1463898200213707, 0.007616154688146137, 0.6022098166029384, 0.6427243004696093, 0.6798360596483908, 0.7824496257680476, 0.7171228483312502, 0.5964744999036464], [0.3789364241140665, 0.6155411146777194, 0.0, 0.28989953283346964, 0.4480766161634152, 0.13193724028408713, 0.2682930993428926, 0.6797372973333414, 0.39383076910091264, 0.14331353069404962, 0.008062078829516484, 0.6042122074991565, 0.6532135042505092, 0.6673245128986726, 0.78704157220521, 0.7171317000532687, 0.6085701344456661], [0.20129034653223377, 0.7450535427648507, 0.0, 0.29225387375623296, 0.49208413093178116, 0.131587339839685, 0.27245334769132656, 0.6799933962159864, 0.3740424040976038, 0.17321312138620937, 0.007392832833969631, 0.5928597788353458, 0.6453818760786113, 0.6730752007411415, 0.7855495655760167, 0.7080802353729986, 0.6100267298796881], [0.12810305519848164, 0.7569090018309453, 0.0, 0.2727507651747425, 0.4969686973309012, 0.1286358513272528, 0.2937617384325577, 0.68267923906597, 0.36248238954291945, 0.1730048212716495, 0.007281081678807366, 0.5961183933072776, 0.6563212390973834, 0.6942233173331559, 0.7803715360197438, 0.6876050652660155, 0.5948269985973472], [1.081278033220629, 0.6010127374369785, 0.0, 0.3400816784827934, 0.4483416539574016, 0.126190261725271, 0.32838581103445746, 0.6853506200665945, 0.3537225942828772, 0.13072955407883513, 0.007504523810135222, 0.5801137279560571, 0.6251728538559105, 0.6377106175449089, 0.7811805952040888, 0.7220848271507473, 0.5815535855263442], [0.5414602344889756, 0.736449626450411, 0.0, 0.3102346165067842, 0.4962100948779552, 0.1257457696205725, 0.33744822844385636, 0.6857648120048765, 0.3483957987436286, 0.16419715657188028, 0.00683347364535547, 0.579857624054751, 0.6427960664434691, 0.6787241550939395, 0.7800615854231018, 0.712294401754784, 0.5872637548999105], [0.7681687253928633, 0.7769942567082174, 0.0, 0.3281552226385146, 0.4971096626620375, 0.12744454755596263, 0.2206520281174072, 0.6822141258891197, 0.340343406037557, 0.17319829157087185, 0.00716927026363523, 0.5756164344495835, 0.634028995360153, 0.6734221842614923, 0.7709430493143075, 0.679619164689643, 0.5760450248575821], [0.8833349732624871, 0.7129377392754374, 0.0, 0.34414137922470606, 0.49628644770915775, 0.11718298540885506, 0.45210320661380693, 0.6909489134953959, 0.30707839990341435, 0.14686201563590817, 0.00677745458930179, 0.5759708146394089, 0.6513901316990927, 0.6563913483902958, 0.7611287133787066, 0.6891842055771952, 0.5391085667923868], [0.431267911123947, 0.7285420106754896, 0.0, 0.29859924793664644, 0.49597281540874405, 0.12025088787962487, 0.42158967727789687, 0.6892137692913254, 0.3167243023028907, 0.15474241000589317, 0.007001439975721224, 0.5772602883868458, 0.6390629007809501, 0.6662600029683085, 0.7645191221542816, 0.7033095522149078, 0.5495135679818718]]}