{"labels_1": ["1", "2", "3", "4", "5", "6", "7", "8", "9"], "labels_2": ["1", "2", "3", "4", "5", "6", "7", "8", "9"], "adj_matrix_1": [[0.0, 0.27066, 0.02232, 0.00643, 0.29107, 0.09857, 0.29129, 0.28558, 0.28703], [0.27066, 0.0, 0.27098, 0.27101, 0.14054, 0.24302, 0.15505, 0.07714, 0.08928], [0.02232, 0.27098, 0.0, 0.01592, 0.28314, 0.11817, 0.28268, 0.2812, 0.28196], [0.00643, 0.27101, 0.01592, 0.0, 0.28908, 0.10435, 0.28917, 0.28465, 0.28591], [0.29107, 0.14054, 0.28314, 0.28908, 0.0, 0.30426, 0.01599, 0.06648, 0.05414], [0.09857, 0.24302, 0.11817, 0.10435, 0.30426, 0.0, 0.30861, 0.28082, 0.28579], [0.29129, 0.15505, 0.28268, 0.28917, 0.01599, 0.30861, 0.0, 0.08213, 0.0699], [0.28558, 0.07714, 0.2812, 0.28465, 0.06648, 0.28082, 0.08213, 0.0, 0.01252], [0.28703, 0.08928, 0.28196, 0.28591, 0.05414, 0.28579, 0.0699, 0.01252, 0.0]], "adj_matrix_2": [[0.0, 0.08167, 0.09016, 0.17045, 0.16064, 0.19881, 0.36239, 0.01727, 0.22319], [0.08167, 0.0, 0.16256, 0.22723, 0.09001, 0.24824, 0.33835, 0.06512, 0.26556], [0.09016, 0.16256, 0.0, 0.08914, 0.22118, 0.12297, 0.36109, 0.10627, 0.15301], [0.17045, 0.22723, 0.08914, 0.0, 0.26201, 0.03596, 0.33135, 0.1839, 0.06887], [0.16064, 0.09001, 0.22118, 0.26201, 0.0, 0.27321, 0.28689, 0.14706, 0.28166], [0.19881, 0.24824, 0.12297, 0.03596, 0.27321, 0.0, 0.31265, 0.21094, 0.0333], [0.36239, 0.33835, 0.36109, 0.33135, 0.28689, 0.31265, 0.0, 0.35948, 0.2922], [0.01727, 0.06512, 0.10627, 0.1839, 0.14706, 0.21094, 0.35948, 0.0, 0.23397], [0.22319, 0.26556, 0.15301, 0.06887, 0.28166, 0.0333, 0.2922, 0.23397, 0.0]], "features_1": [[0.3705486223081591, 0.7607385560423272, 0.0, 0.2823030303408527, 0.4804516775658705, 0.1419735227022106, 0.20865110798510428, 0.6673382878080274, 0.4517749416382846, 0.19319181801571172, 0.008117752083540042, 0.6092218116007864, 0.66125201594473, 0.6961452554731854, 0.8054191698988343, 0.7031548410697467, 0.6243143716111119], [-0.10715076769281673, 0.753427998038348, 0.0, 0.22015169797640813, 0.4632503696581584, 0.14935490882250851, 0.15224501644274752, 0.6551963128195386, 0.48463265841523717, 0.19975035974686084, 0.008895616178821175, 0.6378191279299088, 0.6740313831590549, 0.707887162774338, 0.8126624783702464, 0.7069844453105918, 0.6262688550663273], [0.38760700648868607, 0.8953535545436073, 0.0, 0.2845870939735706, 0.5178236179337625, 0.1419103145451086, 0.19222044497165597, 0.6666008702140686, 0.4540883572657224, 0.22453817088748607, 0.00822905385914674, 0.6041925415482892, 0.658425660200282, 0.6991797155908402, 0.8024630226331755, 0.7118202315288333, 0.6232743101646913], [0.3079473747572936, 0.9178009881693691, 0.0, 0.27128060765565926, 0.5251895410460751, 0.1418817184109048, 0.21157114570401134, 0.6684112469651378, 0.45206550704359505, 0.22726107568330556, 0.008006390651371653, 0.607434557544356, 0.6451053833847444, 0.695022406497127, 0.8063485715843254, 0.7194927023303315, 0.6233799377769685], [0.02411817715301412, 0.7996240482559095, 0.0, 0.2544316824292676, 0.4830366865291628, 0.14671207004015596, 0.20345004436846423, 0.6619546832567176, 0.4748299921970134, 0.20687283490214825, 0.009006502581913711, 0.6301470800738427, 0.6733823569533869, 0.703831933443194, 0.8141671198594665, 0.7273890072178002, 0.6354089434396046], [-0.024865163242829613, 0.8770198199252862, 0.0, 0.27396658306224064, 0.5139866958233466, 0.143398738407563, 0.23161073683484118, 0.6671601376075411, 0.45729210289671385, 0.22364524612084602, 0.008006390651371653, 0.6120205486142565, 0.6564302514780985, 0.6846242999625758, 0.8111444610821108, 0.7056471470470179, 0.6374457956204578], [-0.3268343384934149, 0.901417785042609, 0.0, 0.23127035446342256, 0.5178751982233767, 0.14330342624601738, 0.21932847183058185, 0.6665046265337506, 0.4468362569122559, 0.2261057524953045, 0.007671947615560004, 0.6327845736990105, 0.6750549774522913, 0.7156760984727198, 0.8091996795972286, 0.7214647409574733, 0.6263688867906099], [-0.09637367559893795, 0.8417471236915205, 0.0, 0.2423885519457753, 0.502240998238855, 0.1435200320885281, 0.26042359096787565, 0.6684822935564336, 0.44583942155789, 0.21152610463868848, 0.008062078829516484, 0.6278876123688755, 0.6732586412701183, 0.7066679273557921, 0.8148499785848532, 0.7195331338464368, 0.6324098910845681], [-0.37872687784969195, 0.8591346855304653, 0.0, 0.2229554974538509, 0.5083335395794354, 0.14319458922150993, 0.2670314025952507, 0.6689574347247025, 0.4466297419809031, 0.21754201042060228, 0.008173410423425675, 0.6327484740466336, 0.6941312748783297, 0.7264265695147385, 0.8150912485254338, 0.7121547425713766, 0.6346859350463083]], "features_2": [[0.274926414427342, 0.7891699490060934, 0.0, 0.25280444184599044, 0.5191967647264987, 0.12050051201398845, 0.29387151078350016, 0.6881247867202192, 0.32273844937579543, 0.16858692268447562, 0.007281081678807366, 0.5897155512711314, 0.650949425213836, 0.6459936912277899, 0.7606056845315492, 0.6844968784682205, 0.5744339876062421], [0.5116415532957266, 0.828716523674151, 0.0, 0.276914082778112, 0.5254101980983003, 0.12207046028270448, 0.23251953372765116, 0.6865141042048113, 0.3332637362118058, 0.17687293213215538, 0.007281081678807366, 0.5833898744578478, 0.6366672282874842, 0.6392575582396823, 0.7588547842184759, 0.6980158673331118, 0.557676518094462], [0.23871459748919976, 0.9402477603100513, 0.0, 0.24883792406924507, 0.556753603481218, 0.12295247229033428, 0.28410896121940754, 0.6867112594829027, 0.3389992019318795, 0.20122789191661483, 0.007504523810135222, 0.5978181800536464, 0.6441377055706705, 0.6283324544765496, 0.767277968034592, 0.7020837648049586, 0.5792467902558751], [0.006016696967560353, 0.9172952396035646, 0.0, 0.24857423687148344, 0.5503149010421277, 0.12248821643623087, 0.2799884259324436, 0.6868100121231455, 0.3369046133516951, 0.199351951033925, 0.007281081678807366, 0.6036565897027917, 0.6492713658709351, 0.6655613428750711, 0.7647516205318114, 0.6748515459817294, 0.5796216538674404], [0.789043024920161, 0.7851841263238306, 0.0, 0.30646752921574694, 0.5155053461579435, 0.12060633889715666, 0.25369956116710596, 0.6877165345698255, 0.33619827303238736, 0.16708240042524336, 0.007616154688146137, 0.5719881158791962, 0.627042772840791, 0.6438556643295354, 0.7570458683298106, 0.6954051253933805, 0.547160744342169], [0.22396842869057698, 1.0031371665519189, 0.0, 0.25133746586671113, 0.5682322683537483, 0.12633380235782832, 0.3283094064152188, 0.6852740028243194, 0.35927691945724316, 0.2184316626458025, 0.007616154688146137, 0.6025784634627804, 0.6557422715991388, 0.6714335630860274, 0.7804861894278294, 0.707476518815927, 0.5774555218739883], [-0.15704518910298537, 0.9435890725970411, 0.0, 0.20434339064388285, 0.5585549618463618, 0.11966508761173208, 0.3079320868440455, 0.6887564631385955, 0.31971065109644803, 0.2006437449259646, 0.007392832833969631, 0.6229873242071611, 0.6407632045079973, 0.6606345238067235, 0.7595285555442687, 0.6859922371740431, 0.552493749542936], [0.4969523343262976, 0.8666274436411302, 0.0, 0.27935776929414985, 0.5367075820227722, 0.11864530434267478, 0.23710590268538922, 0.6886385290389234, 0.3120920544603014, 0.18100636150754634, 0.006721420376576193, 0.5799410054120409, 0.6191533933337987, 0.6579480820265778, 0.7465201943494316, 0.6845160687117656, 0.5334286751016546], [0.04173084545437167, 0.9441404720620631, 0.0, 0.24145053936881966, 0.5560474056370562, 0.11862340990398904, 0.24968759117433095, 0.6886876084312585, 0.3111100137084095, 0.19825007731343502, 0.006889477554966383, 0.6016391771761249, 0.6309064046447119, 0.658275630077949, 0.7463789627355647, 0.6818677172014248, 0.5224147388071608]]}