{"labels_1": ["1", "2", "3", "4", "5", "6", "7", "8", "9"], "labels_2": ["1", "2", "3", "4", "5", "6", "7", "8", "9"], "adj_matrix_1": [[0.0, 0.07327, 0.0017, 0.04859, 0.12799, 0.14887, 0.16205, 0.18949, 0.1353], [0.07327, 0.0, 0.07494, 0.12042, 0.19455, 0.21336, 0.22503, 0.24878, 0.06393], [0.0017, 0.07494, 0.0, 0.0469, 0.12636, 0.14732, 0.16053, 0.18799, 0.13692], [0.04859, 0.12042, 0.0469, 0.0, 0.08134, 0.10325, 0.11719, 0.14653, 0.18001], [0.12799, 0.19455, 0.12636, 0.08134, 0.0, 0.02271, 0.03738, 0.06889, 0.24774], [0.14887, 0.21336, 0.14732, 0.10325, 0.02271, 0.0, 0.01473, 0.04651, 0.26433], [0.16205, 0.22503, 0.16053, 0.11719, 0.03738, 0.01473, 0.0, 0.03189, 0.27443], [0.18949, 0.24878, 0.18799, 0.14653, 0.06889, 0.04651, 0.03189, 0.0, 0.29447], [0.1353, 0.06393, 0.13692, 0.18001, 0.24774, 0.26433, 0.27443, 0.29447, 0.0]], "adj_matrix_2": [[0.0, 0.0027, 0.17014, 0.30349, 0.06847, 0.2285, 0.17716, 0.10539, 0.19002], [0.0027, 0.0, 0.17242, 0.3048, 0.06585, 0.23044, 0.17941, 0.10287, 0.19219], [0.17014, 0.17242, 0.0, 0.17684, 0.22318, 0.0717, 0.00829, 0.24755, 0.02352], [0.30349, 0.3048, 0.17684, 0.0, 0.32906, 0.11006, 0.16949, 0.3362, 0.15568], [0.06847, 0.06585, 0.22318, 0.32906, 0.0, 0.27141, 0.2291, 0.03877, 0.23992], [0.2285, 0.23044, 0.0717, 0.11006, 0.27141, 0.0, 0.06356, 0.28911, 0.04849], [0.17716, 0.17941, 0.00829, 0.16949, 0.2291, 0.06356, 0.0, 0.25272, 0.01524], [0.10539, 0.10287, 0.24755, 0.3362, 0.03877, 0.28911, 0.25272, 0.0, 0.26216], [0.19002, 0.19219, 0.02352, 0.15568, 0.23992, 0.04849, 0.01524, 0.26216, 0.0]], "features_1": [[-0.05729585500444978, 0.8388995618046008, 0.0, 0.19937005393978247, 0.5282483988472009, 0.1278804267523764, 0.34539944814729395, 0.6844849075649697, 0.3631931292644899, 0.18768470551529015, 0.007225183508792421, 0.6130735440311763, 0.660478658176203, 0.6863543354201291, 0.7875806361975908, 0.7072672076814025, 0.6177177112374748], [0.03309215608435201, 0.869587170186109, 0.0, 0.19812038901356024, 0.5308836747886708, 0.13002750589363846, 0.3022774557397881, 0.6821824547673039, 0.37186368779356216, 0.19666608298350874, 0.007560346756364078, 0.6200738798706744, 0.6567943680988592, 0.6724207255756157, 0.7876709869084579, 0.7046312493581971, 0.6104484972809743], [-0.08852313519713784, 0.966614780352395, 0.0, 0.20034563332879904, 0.5616239756775169, 0.12670408981694944, 0.32863668040714555, 0.6849715452815978, 0.34993830369789625, 0.21109609255689854, 0.007448685839370306, 0.6161302652029343, 0.6393879101538488, 0.6654553151479953, 0.7819064095005018, 0.7188208938195549, 0.6135736427984397], [-0.023745448632376043, 0.9955334236346951, 0.0, 0.18729149900020273, 0.5655502716976842, 0.12737180785888133, 0.30638952241373546, 0.6841509051907273, 0.35155101810504474, 0.21678178841909768, 0.00716927026363523, 0.6078201704597705, 0.6422299685484253, 0.6774107670990173, 0.7815624127551277, 0.7106521582938898, 0.6118535086560568], [0.21365231639884907, 0.8689152054521749, 0.0, 0.21485906572388863, 0.5268676223800466, 0.13205675017359483, 0.27879282956910456, 0.6800356274778518, 0.383476684462136, 0.19719356809377864, 0.007671947615560004, 0.6083983619831721, 0.6482823479904053, 0.6635711654447142, 0.7898027380177695, 0.7159938370169059, 0.6067434623095019], [0.03521371777257443, 0.9893741593957829, 0.0, 0.22902874614566282, 0.5677227916421195, 0.12734947531498098, 0.36540904796245427, 0.6852307240983275, 0.3511588241442205, 0.21556569367901068, 0.00716927026363523, 0.6081931277360759, 0.6567812359792584, 0.6851357830350148, 0.7869763931852258, 0.7117878649989862, 0.6071328771482274], [-0.1151339140603107, 0.995828544734076, 0.0, 0.1948203222205535, 0.5593623887747197, 0.13209712598554643, 0.2905476262842335, 0.6802332272053563, 0.3790757765429156, 0.22498557445573386, 0.007616154688146137, 0.6176594905146651, 0.6732185745684702, 0.6966481280176888, 0.7903890024845798, 0.708552519632039, 0.6171817587544333], [0.1714197427258508, 0.8819438629002376, 0.0, 0.23495555874566526, 0.5286939137410754, 0.13039386573588588, 0.26559001572753116, 0.6807394626856296, 0.37459856494866894, 0.19951826906772308, 0.007504523810135222, 0.6128030368255883, 0.6428987655411467, 0.6687676210827949, 0.7834916663763399, 0.7065178887372318, 0.5870037390136567], [-0.10582794389716277, 0.9131387822302198, 0.0, 0.20082442828419733, 0.5367231497364058, 0.13169837521690983, 0.2812945765270243, 0.6801031847563176, 0.38003899569558053, 0.20792222298068874, 0.007392832833969631, 0.6271478611562551, 0.6686655024923184, 0.6953334082020584, 0.7876949479357123, 0.7100560477188426, 0.5995458221319242]], "features_2": [[0.1652212633187209, 0.8016151896154604, 0.0, 0.21919420295006856, 0.5057959035135867, 0.13467622014802152, 0.3711137338066486, 0.6802089950000241, 0.4133394563102104, 0.19107291385349856, 0.008006390651371653, 0.6165685019048506, 0.683095151832814, 0.7009612723699595, 0.8066506275836213, 0.7341131015641665, 0.6083966755182444], [0.3176972118871726, 0.8182913599970487, 0.0, 0.21887214775746433, 0.5065103367265731, 0.1390298042368342, 0.34333868936475154, 0.6761376435302562, 0.43808237416410356, 0.1995722141246543, 0.008062078829516484, 0.6076900335144457, 0.679237793985022, 0.7169561907138977, 0.8120157297075845, 0.7540891738860238, 0.6099223660068233], [0.05066043306612844, 0.9279056578799971, 0.0, 0.21507854398230938, 0.5407604654834485, 0.13407123504123797, 0.36434270213434133, 0.6803191816253389, 0.4067587362953107, 0.21679683872173627, 0.00783923647221818, 0.618197171044365, 0.6748449572028494, 0.7168508410269, 0.8038553947651442, 0.7262724832710392, 0.6080721028966277], [-0.16131175521263952, 0.9835824939218467, 0.0, 0.20918951664958305, 0.5511349197497396, 0.13445800423603926, 0.34503660910666556, 0.6794523421183204, 0.40143664040353877, 0.2292730436511199, 0.007671947615560004, 0.6302969525438238, 0.6754299022276425, 0.69846888241457, 0.80321580804332, 0.7317120196536555, 0.6098221922071998], [0.4406490150076312, 0.8401205428667524, 0.0, 0.22747915533891064, 0.5132637532892524, 0.1369796506122347, 0.35920685977600614, 0.6780095994140816, 0.4346195704234326, 0.2029282910972734, 0.008451478759474051, 0.6019588586382425, 0.6730685899515393, 0.7158793340871862, 0.8092308301032373, 0.7370220448362046, 0.5931358978571533], [0.1969999111986218, 0.9631917648663585, 0.0, 0.22777705302354623, 0.5520029196655644, 0.13183581847812936, 0.41346889847794444, 0.6831976953492057, 0.3990071551015397, 0.21987074362172088, 0.007950687539111767, 0.6177443396601028, 0.6759154845619627, 0.7023938440852343, 0.8031826542489287, 0.7279086370952265, 0.594471753686603], [0.29570538382398714, 0.9964898440002375, 0.0, 0.25394660542867, 0.5564493661513366, 0.13095688468232144, 0.3754817687298392, 0.6825576955187332, 0.38378047779783, 0.22466677232641907, 0.007504523810135222, 0.6136579101342576, 0.6591167425611189, 0.6870176759905147, 0.7959919268728611, 0.7232718095635738, 0.5688248277877286], [0.20587551360454714, 0.874811868266484, 0.0, 0.2244375932764213, 0.5237099126226222, 0.13484681439455037, 0.36314213354195746, 0.6795072913702971, 0.40998042794879974, 0.20662169581684076, 0.007950687539111767, 0.612338178487787, 0.6850275882339247, 0.7130701761833512, 0.804987205934324, 0.738047029467924, 0.5885213882308814], [0.12853108093064103, 0.8916820111803654, 0.0, 0.21681720822429287, 0.5312452307540021, 0.13341542518070854, 0.39523394317203897, 0.6815548888145431, 0.40304837064207844, 0.20767592315216987, 0.00783923647221818, 0.6208693198759874, 0.6792431817233959, 0.705028508446698, 0.8052216122275427, 0.7335851104780162, 0.585770667493909]]}