{"labels_1": ["1", "2", "3", "4", "5", "6", "7", "8", "9"], "labels_2": ["1", "2", "3", "4", "5", "6", "7", "8", "9"], "adj_matrix_1": [[0.0, 0.07327, 0.0017, 0.04859, 0.12799, 0.14887, 0.16205, 0.18949, 0.1353], [0.07327, 0.0, 0.07494, 0.12042, 0.19455, 0.21336, 0.22503, 0.24878, 0.06393], [0.0017, 0.07494, 0.0, 0.0469, 0.12636, 0.14732, 0.16053, 0.18799, 0.13692], [0.04859, 0.12042, 0.0469, 0.0, 0.08134, 0.10325, 0.11719, 0.14653, 0.18001], [0.12799, 0.19455, 0.12636, 0.08134, 0.0, 0.02271, 0.03738, 0.06889, 0.24774], [0.14887, 0.21336, 0.14732, 0.10325, 0.02271, 0.0, 0.01473, 0.04651, 0.26433], [0.16205, 0.22503, 0.16053, 0.11719, 0.03738, 0.01473, 0.0, 0.03189, 0.27443], [0.18949, 0.24878, 0.18799, 0.14653, 0.06889, 0.04651, 0.03189, 0.0, 0.29447], [0.1353, 0.06393, 0.13692, 0.18001, 0.24774, 0.26433, 0.27443, 0.29447, 0.0]], "adj_matrix_2": [[0.0, 0.0, 0.00351, 0.20297, 0.00341, 0.09066, 0.16898, 0.06425, 0.26029], [0.0, 0.0, 0.0, 0.0, 0.01151, 0.0, 0.0, 0.0, 0.0], [0.00351, 0.0, 0.0, 0.20027, 0.00334, 0.09403, 0.16605, 0.06767, 0.2581], [0.20297, 0.0, 0.20027, 0.0, 0.00109, 0.26539, 0.04021, 0.24913, 0.0746], [0.00341, 0.01151, 0.00334, 0.00109, 0.0, 0.00566, 0.00134, 0.00488, 0.00076], [0.09066, 0.0, 0.09403, 0.26539, 0.00566, 0.0, 0.23866, 0.02742, 0.30803], [0.16898, 0.0, 0.16605, 0.04021, 0.00134, 0.23866, 0.0, 0.21998, 0.11362], [0.06425, 0.0, 0.06767, 0.24913, 0.00488, 0.02742, 0.21998, 0.0, 0.29647], [0.26029, 0.0, 0.2581, 0.0746, 0.00076, 0.30803, 0.11362, 0.29647, 0.0]], "features_1": [[-0.05729585500444978, 0.8388995618046008, 0.0, 0.19937005393978247, 0.5282483988472009, 0.1278804267523764, 0.34539944814729395, 0.6844849075649697, 0.3631931292644899, 0.18768470551529015, 0.007225183508792421, 0.6130735440311763, 0.660478658176203, 0.6863543354201291, 0.7875806361975908, 0.7072672076814025, 0.6177177112374748], [0.03309215608435201, 0.869587170186109, 0.0, 0.19812038901356024, 0.5308836747886708, 0.13002750589363846, 0.3022774557397881, 0.6821824547673039, 0.37186368779356216, 0.19666608298350874, 0.007560346756364078, 0.6200738798706744, 0.6567943680988592, 0.6724207255756157, 0.7876709869084579, 0.7046312493581971, 0.6104484972809743], [-0.08852313519713784, 0.966614780352395, 0.0, 0.20034563332879904, 0.5616239756775169, 0.12670408981694944, 0.32863668040714555, 0.6849715452815978, 0.34993830369789625, 0.21109609255689854, 0.007448685839370306, 0.6161302652029343, 0.6393879101538488, 0.6654553151479953, 0.7819064095005018, 0.7188208938195549, 0.6135736427984397], [-0.023745448632376043, 0.9955334236346951, 0.0, 0.18729149900020273, 0.5655502716976842, 0.12737180785888133, 0.30638952241373546, 0.6841509051907273, 0.35155101810504474, 0.21678178841909768, 0.00716927026363523, 0.6078201704597705, 0.6422299685484253, 0.6774107670990173, 0.7815624127551277, 0.7106521582938898, 0.6118535086560568], [0.21365231639884907, 0.8689152054521749, 0.0, 0.21485906572388863, 0.5268676223800466, 0.13205675017359483, 0.27879282956910456, 0.6800356274778518, 0.383476684462136, 0.19719356809377864, 0.007671947615560004, 0.6083983619831721, 0.6482823479904053, 0.6635711654447142, 0.7898027380177695, 0.7159938370169059, 0.6067434623095019], [0.03521371777257443, 0.9893741593957829, 0.0, 0.22902874614566282, 0.5677227916421195, 0.12734947531498098, 0.36540904796245427, 0.6852307240983275, 0.3511588241442205, 0.21556569367901068, 0.00716927026363523, 0.6081931277360759, 0.6567812359792584, 0.6851357830350148, 0.7869763931852258, 0.7117878649989862, 0.6071328771482274], [-0.1151339140603107, 0.995828544734076, 0.0, 0.1948203222205535, 0.5593623887747197, 0.13209712598554643, 0.2905476262842335, 0.6802332272053563, 0.3790757765429156, 0.22498557445573386, 0.007616154688146137, 0.6176594905146651, 0.6732185745684702, 0.6966481280176888, 0.7903890024845798, 0.708552519632039, 0.6171817587544333], [0.1714197427258508, 0.8819438629002376, 0.0, 0.23495555874566526, 0.5286939137410754, 0.13039386573588588, 0.26559001572753116, 0.6807394626856296, 0.37459856494866894, 0.19951826906772308, 0.007504523810135222, 0.6128030368255883, 0.6428987655411467, 0.6687676210827949, 0.7834916663763399, 0.7065178887372318, 0.5870037390136567], [-0.10582794389716277, 0.9131387822302198, 0.0, 0.20082442828419733, 0.5367231497364058, 0.13169837521690983, 0.2812945765270243, 0.6801031847563176, 0.38003899569558053, 0.20792222298068874, 0.007392832833969631, 0.6271478611562551, 0.6686655024923184, 0.6953334082020584, 0.7876949479357123, 0.7100560477188426, 0.5995458221319242]], "features_2": [[0.1333096986976683, 0.8560785997520688, 0.0, 0.26982208810797853, 0.5277695208649372, 0.13382200905527059, 0.521169899750096, 0.6825805409371295, 0.3710355072306233, 0.19345244065933076, 0.0069454663283523566, 0.6013931273834237, 0.6691346216826917, 0.6932115699872236, 0.8080208803021849, 0.6993944974901508, 0.5802571659270478], [6.807039698450712, 1.0003718693053374, 0.0, 0.3493917253384175, 0.5415420801548448, 0.14786870396406254, 0.4174228499880236, 0.6675310941308747, 0.4101552008563052, 0.21908357245657029, 0.007727725548673403, 0.5134391722472431, 0.6302948051919937, 0.6406006898528649, 0.8252222747948023, 0.7268566887810984, 0.5968476700203702], [0.19726453886580275, 1.013837942245298, 0.0, 0.26683945898876466, 0.5649646754111632, 0.13569246623548167, 0.49243430910526487, 0.6808388719010232, 0.38276678536136033, 0.22659558432907212, 0.007057398507269275, 0.6084180190021726, 0.6657704414182343, 0.6822525232242558, 0.8096424427119224, 0.7055805521602065, 0.5966153084786363], [-0.078597291501596, 0.9811833617732767, 0.0, 0.27508689544815845, 0.5625285663824536, 0.1296312256456073, 0.5612038257791816, 0.6852909846479689, 0.3567720941872967, 0.21620744905209932, 0.007057398507269275, 0.6131467363081251, 0.6512629268383132, 0.673773500004844, 0.7997345960049954, 0.704100450184014, 0.5751442922159016], [3.0298160886165615, 0.9782566734715665, 0.0, 0.32208867344242326, 0.5367311975937955, 0.14479153085196889, 0.31393012433625456, 0.6678746398598079, 0.4076971812630419, 0.2197979064233715, 0.00716927026363523, 0.5418904054512836, 0.6459667469589881, 0.6569773642399204, 0.8164022499656426, 0.7321967488922336, 0.6015300255473188], [0.1258328795572723, 1.1272852978834191, 0.0, 0.25582708137521054, 0.5833989904054476, 0.13891353533693176, 0.3707477000169007, 0.6765332912973925, 0.4106950644344649, 0.25411026236611844, 0.007504523810135222, 0.6131376026486701, 0.6615866899298302, 0.6860049951032193, 0.8117909787208201, 0.710037087481871, 0.6115482827207464], [-0.01899954737616394, 1.0202047570894, 0.0, 0.2268721031938513, 0.5674790493470238, 0.12964096024175106, 0.4085572421395291, 0.684158566742288, 0.35910336670874843, 0.22400509930502133, 0.00683347364535547, 0.6196890154052048, 0.6601162512566864, 0.6650082979622427, 0.7975453141236392, 0.7127525331773608, 0.5746238518742524], [0.32992705456331217, 0.9181060381853551, 0.0, 0.27970486307615744, 0.5343803019491244, 0.13689471141113146, 0.3309018044118289, 0.6771270087495262, 0.4114023523099919, 0.2132236009214794, 0.007950687539111767, 0.6044643632263065, 0.6375821748481604, 0.6668710963633998, 0.8069448214661848, 0.7234414280948714, 0.5883434932098961], [-0.22896569448881854, 0.9701455387898323, 0.0, 0.2381863647014863, 0.5508041976140254, 0.133036257269607, 0.34694731982154253, 0.6807502589120071, 0.3891158302938258, 0.22318732651438222, 0.007504523810135222, 0.6258992091982993, 0.6722891528061122, 0.697194762865563, 0.8007647217183359, 0.7195872985676729, 0.5818687253213232]]}