{"labels_1": ["1", "2", "3", "4", "5", "6", "7", "8", "9"], "labels_2": ["1", "2", "3", "4", "5", "6", "7", "8", "9"], "adj_matrix_1": [[0.0, 0.07327, 0.0017, 0.04859, 0.12799, 0.14887, 0.16205, 0.18949, 0.1353], [0.07327, 0.0, 0.07494, 0.12042, 0.19455, 0.21336, 0.22503, 0.24878, 0.06393], [0.0017, 0.07494, 0.0, 0.0469, 0.12636, 0.14732, 0.16053, 0.18799, 0.13692], [0.04859, 0.12042, 0.0469, 0.0, 0.08134, 0.10325, 0.11719, 0.14653, 0.18001], [0.12799, 0.19455, 0.12636, 0.08134, 0.0, 0.02271, 0.03738, 0.06889, 0.24774], [0.14887, 0.21336, 0.14732, 0.10325, 0.02271, 0.0, 0.01473, 0.04651, 0.26433], [0.16205, 0.22503, 0.16053, 0.11719, 0.03738, 0.01473, 0.0, 0.03189, 0.27443], [0.18949, 0.24878, 0.18799, 0.14653, 0.06889, 0.04651, 0.03189, 0.0, 0.29447], [0.1353, 0.06393, 0.13692, 0.18001, 0.24774, 0.26433, 0.27443, 0.29447, 0.0]], "adj_matrix_2": [[0.0, 0.04595, 0.04814, 0.02804, 0.13929, 0.31454, 0.21241, 0.30747, 0.31712], [0.04595, 0.0, 0.09342, 0.07368, 0.18109, 0.33069, 0.24858, 0.30923, 0.32329], [0.04814, 0.09342, 0.0, 0.0202, 0.09346, 0.29393, 0.17155, 0.30282, 0.30746], [0.02804, 0.07368, 0.0202, 0.0, 0.11284, 0.30298, 0.18899, 0.30498, 0.31181], [0.13929, 0.18109, 0.09346, 0.11284, 0.0, 0.24189, 0.08404, 0.28455, 0.27805], [0.31454, 0.33069, 0.29393, 0.30298, 0.24189, 0.0, 0.18112, 0.12569, 0.08694], [0.21241, 0.24858, 0.17155, 0.18899, 0.08404, 0.18112, 0.0, 0.25426, 0.23709], [0.30747, 0.30923, 0.30282, 0.30498, 0.28455, 0.12569, 0.25426, 0.0, 0.04306], [0.31712, 0.32329, 0.30746, 0.31181, 0.27805, 0.08694, 0.23709, 0.04306, 0.0]], "features_1": [[-0.05729585500444978, 0.8388995618046008, 0.0, 0.19937005393978247, 0.5282483988472009, 0.1278804267523764, 0.34539944814729395, 0.6844849075649697, 0.3631931292644899, 0.18768470551529015, 0.007225183508792421, 0.6130735440311763, 0.660478658176203, 0.6863543354201291, 0.7875806361975908, 0.7072672076814025, 0.6177177112374748], [0.03309215608435201, 0.869587170186109, 0.0, 0.19812038901356024, 0.5308836747886708, 0.13002750589363846, 0.3022774557397881, 0.6821824547673039, 0.37186368779356216, 0.19666608298350874, 0.007560346756364078, 0.6200738798706744, 0.6567943680988592, 0.6724207255756157, 0.7876709869084579, 0.7046312493581971, 0.6104484972809743], [-0.08852313519713784, 0.966614780352395, 0.0, 0.20034563332879904, 0.5616239756775169, 0.12670408981694944, 0.32863668040714555, 0.6849715452815978, 0.34993830369789625, 0.21109609255689854, 0.007448685839370306, 0.6161302652029343, 0.6393879101538488, 0.6654553151479953, 0.7819064095005018, 0.7188208938195549, 0.6135736427984397], [-0.023745448632376043, 0.9955334236346951, 0.0, 0.18729149900020273, 0.5655502716976842, 0.12737180785888133, 0.30638952241373546, 0.6841509051907273, 0.35155101810504474, 0.21678178841909768, 0.00716927026363523, 0.6078201704597705, 0.6422299685484253, 0.6774107670990173, 0.7815624127551277, 0.7106521582938898, 0.6118535086560568], [0.21365231639884907, 0.8689152054521749, 0.0, 0.21485906572388863, 0.5268676223800466, 0.13205675017359483, 0.27879282956910456, 0.6800356274778518, 0.383476684462136, 0.19719356809377864, 0.007671947615560004, 0.6083983619831721, 0.6482823479904053, 0.6635711654447142, 0.7898027380177695, 0.7159938370169059, 0.6067434623095019], [0.03521371777257443, 0.9893741593957829, 0.0, 0.22902874614566282, 0.5677227916421195, 0.12734947531498098, 0.36540904796245427, 0.6852307240983275, 0.3511588241442205, 0.21556569367901068, 0.00716927026363523, 0.6081931277360759, 0.6567812359792584, 0.6851357830350148, 0.7869763931852258, 0.7117878649989862, 0.6071328771482274], [-0.1151339140603107, 0.995828544734076, 0.0, 0.1948203222205535, 0.5593623887747197, 0.13209712598554643, 0.2905476262842335, 0.6802332272053563, 0.3790757765429156, 0.22498557445573386, 0.007616154688146137, 0.6176594905146651, 0.6732185745684702, 0.6966481280176888, 0.7903890024845798, 0.708552519632039, 0.6171817587544333], [0.1714197427258508, 0.8819438629002376, 0.0, 0.23495555874566526, 0.5286939137410754, 0.13039386573588588, 0.26559001572753116, 0.6807394626856296, 0.37459856494866894, 0.19951826906772308, 0.007504523810135222, 0.6128030368255883, 0.6428987655411467, 0.6687676210827949, 0.7834916663763399, 0.7065178887372318, 0.5870037390136567], [-0.10582794389716277, 0.9131387822302198, 0.0, 0.20082442828419733, 0.5367231497364058, 0.13169837521690983, 0.2812945765270243, 0.6801031847563176, 0.38003899569558053, 0.20792222298068874, 0.007392832833969631, 0.6271478611562551, 0.6686655024923184, 0.6953334082020584, 0.7876949479357123, 0.7100560477188426, 0.5995458221319242]], "features_2": [[-0.16376738508602795, 0.6541114049052004, 0.0, 0.21790228284345667, 0.4681034323178479, 0.1291210085339615, 0.395012311538013, 0.6830648643753756, 0.37085564654158, 0.15117107525191353, 0.007504523810135222, 0.6225224103195446, 0.6526534649351671, 0.6800278491520519, 0.7832157841513853, 0.6983139137463634, 0.5782150197436183], [-0.04754837506491283, 0.6523894254469715, 0.0, 0.25435775541689115, 0.4654986005503899, 0.1284822366249257, 0.3619540240475473, 0.6835950640908853, 0.3591313180795097, 0.14927945609329907, 0.00711334193318236, 0.6205106976692916, 0.6575154576187242, 0.6799673111512112, 0.7865029714594801, 0.7074960402024907, 0.5676222943675597], [-0.013452842732590842, 0.7971319689118185, 0.0, 0.23439638224865827, 0.5129357708532624, 0.13021323864705833, 0.3924794751058641, 0.6821161995893827, 0.37564916989779684, 0.1822790559157117, 0.007504523810135222, 0.6157732174847048, 0.662840010702511, 0.6767148859328639, 0.7844626171522577, 0.6896495060855399, 0.5852992382180673], [-0.14830093035896796, 0.8257573955094323, 0.0, 0.21540391115195479, 0.5124762994951259, 0.13260873730766642, 0.309092336038583, 0.6777199235574478, 0.38838836852201286, 0.19323849229999412, 0.007504523810135222, 0.6190354951616173, 0.6546245830837621, 0.6809093260275384, 0.7790867262895532, 0.7009585207217629, 0.5834845794288521], [0.2636171604749764, 0.6638354724925879, 0.0, 0.2537122385859403, 0.4642651302828963, 0.13019066164196266, 0.3314412665614384, 0.6814471277790175, 0.36303722934561033, 0.15225773844562118, 0.00711334193318236, 0.6093393834324203, 0.6436980930196156, 0.6539079786755451, 0.7874916156073032, 0.7291696678295237, 0.5663261266798285], [0.5929928758909004, 0.8281977404946717, 0.0, 0.2476034204051334, 0.5160051823467331, 0.13353360743827275, 0.39709572021503303, 0.679832406905993, 0.3928247388585704, 0.1905596002346175, 0.007616154688146137, 0.5948188159699712, 0.6570135484621997, 0.6764678633028378, 0.7938203560815447, 0.7110803715786046, 0.5933451615772286], [0.21459299327906534, 0.7959550318721872, 0.0, 0.20369243619838778, 0.504640289886024, 0.13144971206299272, 0.5102278863792925, 0.6808060258819248, 0.3675540320590298, 0.17990102392775764, 0.007616154688146137, 0.6076251325279469, 0.638296325398234, 0.6569717516707771, 0.7746778137188317, 0.7203381944680319, 0.5726399485836359], [0.8179335017055269, 0.7185014167593368, 0.0, 0.32965069201569425, 0.4816234173479579, 0.12612632289235023, 0.24599080064293447, 0.6823971285515651, 0.33948256519908027, 0.15858753370681256, 0.007057398507269275, 0.579772087382219, 0.6385915136823055, 0.6498809036398755, 0.7598989452895795, 0.7021479948349804, 0.5512807897195756], [0.6883618913677765, 0.7665665422714474, 0.0, 0.34626952427189533, 0.4975156620009449, 0.1245714694112654, 0.30451221119835237, 0.6839759418327693, 0.3347785087526305, 0.167182975060864, 0.007392832833969631, 0.583318979241539, 0.6256813302939136, 0.6540002484062456, 0.7549897457482111, 0.690148528762446, 0.5511194319318261]]}