{"labels_1": ["1", "2", "3", "4", "5", "6", "7", "8", "9"], "labels_2": ["1", "2", "3", "4", "5", "6", "7", "8", "9"], "adj_matrix_1": [[0.0, 0.1067, 0.19289, 0.11034, 0.17208, 0.26093, 0.18571, 0.31088, 0.27833], [0.1067, 0.0, 0.10314, 0.19359, 0.07653, 0.20064, 0.09389, 0.29328, 0.22945], [0.19289, 0.10314, 0.0, 0.24582, 0.02808, 0.11215, 0.00985, 0.23651, 0.14849], [0.11034, 0.19359, 0.24582, 0.0, 0.23457, 0.27435, 0.24204, 0.27992, 0.27874], [0.17208, 0.07653, 0.02808, 0.23457, 0.0, 0.13772, 0.01826, 0.25488, 0.17247], [0.26093, 0.20064, 0.11215, 0.27435, 0.13772, 0.0, 0.12126, 0.14318, 0.03967], [0.18571, 0.09389, 0.00985, 0.24204, 0.01826, 0.12126, 0.0, 0.24318, 0.15707], [0.31088, 0.29328, 0.23651, 0.27992, 0.25488, 0.14318, 0.24318, 0.0, 0.10604], [0.27833, 0.22945, 0.14849, 0.27874, 0.17247, 0.03967, 0.15707, 0.10604, 0.0]], "adj_matrix_2": [[0.0, 0.1373, 0.13466, 0.06413, 0.20552, 0.22154, 0.02297, 0.25967, 0.12123], [0.1373, 0.0, 0.25419, 0.07586, 0.07865, 0.32212, 0.11574, 0.35035, 0.24324], [0.13466, 0.25419, 0.0, 0.1931, 0.30411, 0.09491, 0.15607, 0.13847, 0.01414], [0.06413, 0.07586, 0.1931, 0.0, 0.1502, 0.27266, 0.04139, 0.30667, 0.18053], [0.20552, 0.07865, 0.30411, 0.1502, 0.0, 0.35721, 0.18634, 0.37838, 0.29532], [0.22154, 0.32212, 0.09491, 0.27266, 0.35721, 0.0, 0.24061, 0.04491, 0.10867], [0.02297, 0.11574, 0.15607, 0.04139, 0.18634, 0.24061, 0.0, 0.27733, 0.14288], [0.25967, 0.35035, 0.13847, 0.30667, 0.37838, 0.04491, 0.27733, 0.0, 0.1519], [0.12123, 0.24324, 0.01414, 0.18053, 0.29532, 0.10867, 0.14288, 0.1519, 0.0]], "features_1": [[0.2408455242629759, 0.6952895478167113, 0.0, 0.2597536001713058, 0.4701092201215699, 0.13010033672910362, 0.1775538991162513, 0.6785256546797171, 0.36283494710469255, 0.16018573013075965, 0.00716927026363523, 0.5969134688706208, 0.629453857506907, 0.668810693329463, 0.7718903322595395, 0.7191667543983237, 0.5752019524157753], [0.5596789254389845, 0.6911474631640154, 0.0, 0.28361346821399674, 0.46272296012176223, 0.1321130960779723, 0.13129215465865657, 0.6747032811219562, 0.3726276200429268, 0.15833948744363613, 0.007504523810135222, 0.5934479103851205, 0.6037647439351502, 0.6366954325100892, 0.768030009333254, 0.6988463410693907, 0.5593061279465272], [-0.05179921308989055, 0.8130423745691444, 0.0, 0.26907992937218644, 0.5048771211892085, 0.13025509698357668, 0.16211588007474234, 0.6775663013609359, 0.3648283454945751, 0.186971112961682, 0.007057398507269275, 0.6041347807794517, 0.6236673569076571, 0.6496284701388546, 0.7673968198330873, 0.6997299881172452, 0.5751325054703107], [0.3941517919113493, 0.8510405706324596, 0.0, 0.2721656065948931, 0.515547338734269, 0.1311039319571582, 0.1654622630982338, 0.6771147456689856, 0.3764623454277525, 0.19658702838821274, 0.007616154688146137, 0.5897901008099011, 0.6344388906159858, 0.6668920625865046, 0.7709812741424569, 0.6947703336178235, 0.5786905100387298], [0.29241293169135973, 0.6886727771560938, 0.0, 0.27287784837174095, 0.46324140278684495, 0.13102566218853387, 0.1566763261026985, 0.6763336742841561, 0.35753639197802123, 0.15554858887861922, 0.007392832833969631, 0.6037030682919089, 0.6253497296788185, 0.649963955414952, 0.7665209303799102, 0.7029196296085894, 0.5549843005106067], [-0.051337913056601625, 0.8338383575399171, 0.0, 0.27229749032416256, 0.5145402375357537, 0.12838680600945931, 0.21172624538476228, 0.6802819914506626, 0.35578178398361504, 0.18827080397570306, 0.00716927026363523, 0.6027827449572671, 0.636614238613371, 0.6753692282832097, 0.7693711564510157, 0.7002114110123426, 0.5691835294574992], [0.21280514938606165, 0.8685144197062227, 0.0, 0.26936240188602634, 0.522445705003187, 0.1286396075927792, 0.16503861355524024, 0.679091484620663, 0.3523324156223875, 0.19455072589064226, 0.007616154688146137, 0.6021611547315096, 0.6181453920944495, 0.6508340052286843, 0.7622300211607487, 0.6778253118600791, 0.5737999327943549], [-0.09910137820966369, 0.6979303687458622, 0.0, 0.28066338811720887, 0.47628466418786064, 0.12581290169898282, 0.2912172472744444, 0.683325959148792, 0.3344597789373518, 0.15473113757400525, 0.0069454663283523566, 0.6155249332222894, 0.6377337747148312, 0.6544350820784459, 0.7659979704340477, 0.6877121407111864, 0.5596093814220747], [0.09051720527568863, 0.7701585636749065, 0.0, 0.2668311063786721, 0.5005794383562204, 0.1254056856355128, 0.3068145507191929, 0.6835836590005437, 0.3431532392980945, 0.1695487519504002, 0.0069454663283523566, 0.6051259492434382, 0.6395320335026498, 0.6614023889913386, 0.7648574323883741, 0.6855808480824542, 0.5720238908625873]], "features_2": [[-0.18799020699683888, 0.7510917014832468, 0.0, 0.2813490618806912, 0.49078797121106055, 0.134477943319137, 0.268710321675966, 0.6770729722303397, 0.40720878182576925, 0.18115871193797428, 0.007894969482732161, 0.6362159440175428, 0.6473221895157385, 0.6584179562204033, 0.790887590689085, 0.7162899581840868, 0.6100215196940895], [0.2541151378237094, 0.7025199266390966, 0.0, 0.3096699811147087, 0.47817086954811816, 0.13346872155476389, 0.2611776815271476, 0.6784406630219082, 0.39981868670223175, 0.165981267831814, 0.008006390651371653, 0.6133643081945259, 0.645612139287994, 0.6643097870182478, 0.7903730818320931, 0.6871735021993339, 0.6075015512139618], [-0.13201220721272122, 0.8489842755910006, 0.0, 0.26427200121181194, 0.5239975361537741, 0.1306576387599163, 0.2618891302221741, 0.6806814645696422, 0.3888613191351573, 0.19725811667180304, 0.008006390651371653, 0.6313293221584653, 0.6511602231727505, 0.6690787918604296, 0.78278964597823, 0.6969996071635368, 0.5989210586173327], [-0.1048034354212537, 0.868371207829363, 0.0, 0.24822467396019984, 0.5244609624051502, 0.13340476250032204, 0.23862468791122, 0.6774828791538584, 0.40120355192691926, 0.20443730428592555, 0.008117752083540042, 0.6213032941518455, 0.6462115976944807, 0.6643760279072263, 0.7867359810216565, 0.6847134622093755, 0.6040018529638871], [0.3147848734911518, 0.6746197335386068, 0.0, 0.2717962894132342, 0.46680511201802927, 0.13432703192526668, 0.23872528052191128, 0.677031057651412, 0.4056497024770762, 0.15939228024207575, 0.008117752083540042, 0.6129128046477439, 0.6661520661585434, 0.6735011542399054, 0.7904216475882263, 0.7020382461115257, 0.6060891450797038], [-0.23878973874342257, 0.8461681653907926, 0.0, 0.2423167511964714, 0.5194416126499346, 0.13536519427121652, 0.276384642976668, 0.6775016235297517, 0.4202155888978141, 0.203777010241867, 0.008117752083540042, 0.6439873709766131, 0.6735518950511292, 0.6885705135325334, 0.7958746735041707, 0.7025426212778338, 0.6075046109130706], [-0.009786413441148056, 0.8701424577682484, 0.0, 0.2572082595644118, 0.5252872677809716, 0.13376418126095843, 0.23492674996687413, 0.6773019064645008, 0.4013238875024354, 0.20282273909440685, 0.007783488497544067, 0.6297399742566285, 0.6483482911407286, 0.6642063575967025, 0.7877848365161395, 0.6953268790587996, 0.6055165792212474], [-0.24028297495915352, 0.6426946593624332, 0.0, 0.1907608104586513, 0.45778622718554696, 0.13482095139712225, 0.27898507512195325, 0.6780703479583883, 0.40645081196785626, 0.15361680454865012, 0.007950687539111767, 0.6362663078052291, 0.6654526201406131, 0.6692685479598454, 0.7966754432433137, 0.7118381707773052, 0.6001317130803082], [-0.3911923854117454, 0.7327973710724403, 0.0, 0.2035203104486847, 0.48781906036821454, 0.13122184096276368, 0.23559830015467115, 0.6798079436959122, 0.3771718243699498, 0.1715735842664281, 0.007281081678807366, 0.6284998613369515, 0.6564283635211422, 0.685124053561583, 0.7830518600704441, 0.6898974610116428, 0.5910913203244956]]}