{"labels_1": ["1", "2", "3", "4", "5", "6", "7", "8", "9"], "labels_2": ["1", "2", "3", "4", "5", "6", "7", "8", "9"], "adj_matrix_1": [[0.0, 0.1067, 0.19289, 0.11034, 0.17208, 0.26093, 0.18571, 0.31088, 0.27833], [0.1067, 0.0, 0.10314, 0.19359, 0.07653, 0.20064, 0.09389, 0.29328, 0.22945], [0.19289, 0.10314, 0.0, 0.24582, 0.02808, 0.11215, 0.00985, 0.23651, 0.14849], [0.11034, 0.19359, 0.24582, 0.0, 0.23457, 0.27435, 0.24204, 0.27992, 0.27874], [0.17208, 0.07653, 0.02808, 0.23457, 0.0, 0.13772, 0.01826, 0.25488, 0.17247], [0.26093, 0.20064, 0.11215, 0.27435, 0.13772, 0.0, 0.12126, 0.14318, 0.03967], [0.18571, 0.09389, 0.00985, 0.24204, 0.01826, 0.12126, 0.0, 0.24318, 0.15707], [0.31088, 0.29328, 0.23651, 0.27992, 0.25488, 0.14318, 0.24318, 0.0, 0.10604], [0.27833, 0.22945, 0.14849, 0.27874, 0.17247, 0.03967, 0.15707, 0.10604, 0.0]], "adj_matrix_2": [[0.0, 0.04595, 0.04814, 0.02804, 0.13929, 0.31454, 0.21241, 0.30747, 0.31712], [0.04595, 0.0, 0.09342, 0.07368, 0.18109, 0.33069, 0.24858, 0.30923, 0.32329], [0.04814, 0.09342, 0.0, 0.0202, 0.09346, 0.29393, 0.17155, 0.30282, 0.30746], [0.02804, 0.07368, 0.0202, 0.0, 0.11284, 0.30298, 0.18899, 0.30498, 0.31181], [0.13929, 0.18109, 0.09346, 0.11284, 0.0, 0.24189, 0.08404, 0.28455, 0.27805], [0.31454, 0.33069, 0.29393, 0.30298, 0.24189, 0.0, 0.18112, 0.12569, 0.08694], [0.21241, 0.24858, 0.17155, 0.18899, 0.08404, 0.18112, 0.0, 0.25426, 0.23709], [0.30747, 0.30923, 0.30282, 0.30498, 0.28455, 0.12569, 0.25426, 0.0, 0.04306], [0.31712, 0.32329, 0.30746, 0.31181, 0.27805, 0.08694, 0.23709, 0.04306, 0.0]], "features_1": [[0.2408455242629759, 0.6952895478167113, 0.0, 0.2597536001713058, 0.4701092201215699, 0.13010033672910362, 0.1775538991162513, 0.6785256546797171, 0.36283494710469255, 0.16018573013075965, 0.00716927026363523, 0.5969134688706208, 0.629453857506907, 0.668810693329463, 0.7718903322595395, 0.7191667543983237, 0.5752019524157753], [0.5596789254389845, 0.6911474631640154, 0.0, 0.28361346821399674, 0.46272296012176223, 0.1321130960779723, 0.13129215465865657, 0.6747032811219562, 0.3726276200429268, 0.15833948744363613, 0.007504523810135222, 0.5934479103851205, 0.6037647439351502, 0.6366954325100892, 0.768030009333254, 0.6988463410693907, 0.5593061279465272], [-0.05179921308989055, 0.8130423745691444, 0.0, 0.26907992937218644, 0.5048771211892085, 0.13025509698357668, 0.16211588007474234, 0.6775663013609359, 0.3648283454945751, 0.186971112961682, 0.007057398507269275, 0.6041347807794517, 0.6236673569076571, 0.6496284701388546, 0.7673968198330873, 0.6997299881172452, 0.5751325054703107], [0.3941517919113493, 0.8510405706324596, 0.0, 0.2721656065948931, 0.515547338734269, 0.1311039319571582, 0.1654622630982338, 0.6771147456689856, 0.3764623454277525, 0.19658702838821274, 0.007616154688146137, 0.5897901008099011, 0.6344388906159858, 0.6668920625865046, 0.7709812741424569, 0.6947703336178235, 0.5786905100387298], [0.29241293169135973, 0.6886727771560938, 0.0, 0.27287784837174095, 0.46324140278684495, 0.13102566218853387, 0.1566763261026985, 0.6763336742841561, 0.35753639197802123, 0.15554858887861922, 0.007392832833969631, 0.6037030682919089, 0.6253497296788185, 0.649963955414952, 0.7665209303799102, 0.7029196296085894, 0.5549843005106067], [-0.051337913056601625, 0.8338383575399171, 0.0, 0.27229749032416256, 0.5145402375357537, 0.12838680600945931, 0.21172624538476228, 0.6802819914506626, 0.35578178398361504, 0.18827080397570306, 0.00716927026363523, 0.6027827449572671, 0.636614238613371, 0.6753692282832097, 0.7693711564510157, 0.7002114110123426, 0.5691835294574992], [0.21280514938606165, 0.8685144197062227, 0.0, 0.26936240188602634, 0.522445705003187, 0.1286396075927792, 0.16503861355524024, 0.679091484620663, 0.3523324156223875, 0.19455072589064226, 0.007616154688146137, 0.6021611547315096, 0.6181453920944495, 0.6508340052286843, 0.7622300211607487, 0.6778253118600791, 0.5737999327943549], [-0.09910137820966369, 0.6979303687458622, 0.0, 0.28066338811720887, 0.47628466418786064, 0.12581290169898282, 0.2912172472744444, 0.683325959148792, 0.3344597789373518, 0.15473113757400525, 0.0069454663283523566, 0.6155249332222894, 0.6377337747148312, 0.6544350820784459, 0.7659979704340477, 0.6877121407111864, 0.5596093814220747], [0.09051720527568863, 0.7701585636749065, 0.0, 0.2668311063786721, 0.5005794383562204, 0.1254056856355128, 0.3068145507191929, 0.6835836590005437, 0.3431532392980945, 0.1695487519504002, 0.0069454663283523566, 0.6051259492434382, 0.6395320335026498, 0.6614023889913386, 0.7648574323883741, 0.6855808480824542, 0.5720238908625873]], "features_2": [[-0.16376738508602795, 0.6541114049052004, 0.0, 0.21790228284345667, 0.4681034323178479, 0.1291210085339615, 0.395012311538013, 0.6830648643753756, 0.37085564654158, 0.15117107525191353, 0.007504523810135222, 0.6225224103195446, 0.6526534649351671, 0.6800278491520519, 0.7832157841513853, 0.6983139137463634, 0.5782150197436183], [-0.04754837506491283, 0.6523894254469715, 0.0, 0.25435775541689115, 0.4654986005503899, 0.1284822366249257, 0.3619540240475473, 0.6835950640908853, 0.3591313180795097, 0.14927945609329907, 0.00711334193318236, 0.6205106976692916, 0.6575154576187242, 0.6799673111512112, 0.7865029714594801, 0.7074960402024907, 0.5676222943675597], [-0.013452842732590842, 0.7971319689118185, 0.0, 0.23439638224865827, 0.5129357708532624, 0.13021323864705833, 0.3924794751058641, 0.6821161995893827, 0.37564916989779684, 0.1822790559157117, 0.007504523810135222, 0.6157732174847048, 0.662840010702511, 0.6767148859328639, 0.7844626171522577, 0.6896495060855399, 0.5852992382180673], [-0.14830093035896796, 0.8257573955094323, 0.0, 0.21540391115195479, 0.5124762994951259, 0.13260873730766642, 0.309092336038583, 0.6777199235574478, 0.38838836852201286, 0.19323849229999412, 0.007504523810135222, 0.6190354951616173, 0.6546245830837621, 0.6809093260275384, 0.7790867262895532, 0.7009585207217629, 0.5834845794288521], [0.2636171604749764, 0.6638354724925879, 0.0, 0.2537122385859403, 0.4642651302828963, 0.13019066164196266, 0.3314412665614384, 0.6814471277790175, 0.36303722934561033, 0.15225773844562118, 0.00711334193318236, 0.6093393834324203, 0.6436980930196156, 0.6539079786755451, 0.7874916156073032, 0.7291696678295237, 0.5663261266798285], [0.5929928758909004, 0.8281977404946717, 0.0, 0.2476034204051334, 0.5160051823467331, 0.13353360743827275, 0.39709572021503303, 0.679832406905993, 0.3928247388585704, 0.1905596002346175, 0.007616154688146137, 0.5948188159699712, 0.6570135484621997, 0.6764678633028378, 0.7938203560815447, 0.7110803715786046, 0.5933451615772286], [0.21459299327906534, 0.7959550318721872, 0.0, 0.20369243619838778, 0.504640289886024, 0.13144971206299272, 0.5102278863792925, 0.6808060258819248, 0.3675540320590298, 0.17990102392775764, 0.007616154688146137, 0.6076251325279469, 0.638296325398234, 0.6569717516707771, 0.7746778137188317, 0.7203381944680319, 0.5726399485836359], [0.8179335017055269, 0.7185014167593368, 0.0, 0.32965069201569425, 0.4816234173479579, 0.12612632289235023, 0.24599080064293447, 0.6823971285515651, 0.33948256519908027, 0.15858753370681256, 0.007057398507269275, 0.579772087382219, 0.6385915136823055, 0.6498809036398755, 0.7598989452895795, 0.7021479948349804, 0.5512807897195756], [0.6883618913677765, 0.7665665422714474, 0.0, 0.34626952427189533, 0.4975156620009449, 0.1245714694112654, 0.30451221119835237, 0.6839759418327693, 0.3347785087526305, 0.167182975060864, 0.007392832833969631, 0.583318979241539, 0.6256813302939136, 0.6540002484062456, 0.7549897457482111, 0.690148528762446, 0.5511194319318261]]}