{"labels_1": ["1", "2", "3", "4", "5", "6", "7", "8", "9"], "labels_2": ["1", "2", "3", "4", "5", "6", "7", "8", "9"], "adj_matrix_1": [[0.0, 0.1067, 0.19289, 0.11034, 0.17208, 0.26093, 0.18571, 0.31088, 0.27833], [0.1067, 0.0, 0.10314, 0.19359, 0.07653, 0.20064, 0.09389, 0.29328, 0.22945], [0.19289, 0.10314, 0.0, 0.24582, 0.02808, 0.11215, 0.00985, 0.23651, 0.14849], [0.11034, 0.19359, 0.24582, 0.0, 0.23457, 0.27435, 0.24204, 0.27992, 0.27874], [0.17208, 0.07653, 0.02808, 0.23457, 0.0, 0.13772, 0.01826, 0.25488, 0.17247], [0.26093, 0.20064, 0.11215, 0.27435, 0.13772, 0.0, 0.12126, 0.14318, 0.03967], [0.18571, 0.09389, 0.00985, 0.24204, 0.01826, 0.12126, 0.0, 0.24318, 0.15707], [0.31088, 0.29328, 0.23651, 0.27992, 0.25488, 0.14318, 0.24318, 0.0, 0.10604], [0.27833, 0.22945, 0.14849, 0.27874, 0.17247, 0.03967, 0.15707, 0.10604, 0.0]], "adj_matrix_2": [[0.0, 0.066, 0.06056, 0.05724, 0.00757, 0.11983, 0.19362, 0.00859, 0.07711], [0.066, 0.0, 0.00557, 0.12052, 0.05861, 0.05685, 0.24138, 0.07433, 0.13892], [0.06056, 0.00557, 0.0, 0.11546, 0.05315, 0.06229, 0.23792, 0.06894, 0.13402], [0.05724, 0.12052, 0.11546, 0.0, 0.06466, 0.16964, 0.14468, 0.04879, 0.02033], [0.00757, 0.05861, 0.05315, 0.06466, 0.0, 0.11293, 0.19962, 0.01615, 0.08441], [0.11983, 0.05685, 0.06229, 0.16964, 0.11293, 0.0, 0.27247, 0.12758, 0.18599], [0.19362, 0.24138, 0.23792, 0.14468, 0.19962, 0.27247, 0.0, 0.18675, 0.12609], [0.00859, 0.07433, 0.06894, 0.04879, 0.01615, 0.12758, 0.18675, 0.0, 0.06877], [0.07711, 0.13892, 0.13402, 0.02033, 0.08441, 0.18599, 0.12609, 0.06877, 0.0]], "features_1": [[0.2408455242629759, 0.6952895478167113, 0.0, 0.2597536001713058, 0.4701092201215699, 0.13010033672910362, 0.1775538991162513, 0.6785256546797171, 0.36283494710469255, 0.16018573013075965, 0.00716927026363523, 0.5969134688706208, 0.629453857506907, 0.668810693329463, 0.7718903322595395, 0.7191667543983237, 0.5752019524157753], [0.5596789254389845, 0.6911474631640154, 0.0, 0.28361346821399674, 0.46272296012176223, 0.1321130960779723, 0.13129215465865657, 0.6747032811219562, 0.3726276200429268, 0.15833948744363613, 0.007504523810135222, 0.5934479103851205, 0.6037647439351502, 0.6366954325100892, 0.768030009333254, 0.6988463410693907, 0.5593061279465272], [-0.05179921308989055, 0.8130423745691444, 0.0, 0.26907992937218644, 0.5048771211892085, 0.13025509698357668, 0.16211588007474234, 0.6775663013609359, 0.3648283454945751, 0.186971112961682, 0.007057398507269275, 0.6041347807794517, 0.6236673569076571, 0.6496284701388546, 0.7673968198330873, 0.6997299881172452, 0.5751325054703107], [0.3941517919113493, 0.8510405706324596, 0.0, 0.2721656065948931, 0.515547338734269, 0.1311039319571582, 0.1654622630982338, 0.6771147456689856, 0.3764623454277525, 0.19658702838821274, 0.007616154688146137, 0.5897901008099011, 0.6344388906159858, 0.6668920625865046, 0.7709812741424569, 0.6947703336178235, 0.5786905100387298], [0.29241293169135973, 0.6886727771560938, 0.0, 0.27287784837174095, 0.46324140278684495, 0.13102566218853387, 0.1566763261026985, 0.6763336742841561, 0.35753639197802123, 0.15554858887861922, 0.007392832833969631, 0.6037030682919089, 0.6253497296788185, 0.649963955414952, 0.7665209303799102, 0.7029196296085894, 0.5549843005106067], [-0.051337913056601625, 0.8338383575399171, 0.0, 0.27229749032416256, 0.5145402375357537, 0.12838680600945931, 0.21172624538476228, 0.6802819914506626, 0.35578178398361504, 0.18827080397570306, 0.00716927026363523, 0.6027827449572671, 0.636614238613371, 0.6753692282832097, 0.7693711564510157, 0.7002114110123426, 0.5691835294574992], [0.21280514938606165, 0.8685144197062227, 0.0, 0.26936240188602634, 0.522445705003187, 0.1286396075927792, 0.16503861355524024, 0.679091484620663, 0.3523324156223875, 0.19455072589064226, 0.007616154688146137, 0.6021611547315096, 0.6181453920944495, 0.6508340052286843, 0.7622300211607487, 0.6778253118600791, 0.5737999327943549], [-0.09910137820966369, 0.6979303687458622, 0.0, 0.28066338811720887, 0.47628466418786064, 0.12581290169898282, 0.2912172472744444, 0.683325959148792, 0.3344597789373518, 0.15473113757400525, 0.0069454663283523566, 0.6155249332222894, 0.6377337747148312, 0.6544350820784459, 0.7659979704340477, 0.6877121407111864, 0.5596093814220747], [0.09051720527568863, 0.7701585636749065, 0.0, 0.2668311063786721, 0.5005794383562204, 0.1254056856355128, 0.3068145507191929, 0.6835836590005437, 0.3431532392980945, 0.1695487519504002, 0.0069454663283523566, 0.6051259492434382, 0.6395320335026498, 0.6614023889913386, 0.7648574323883741, 0.6855808480824542, 0.5720238908625873]], "features_2": [[0.216920573042517, 0.7615058677943218, 0.0, 0.258597135976314, 0.478101108872891, 0.14496476908653821, 0.2167174064779111, 0.6659888580403567, 0.45815876563659175, 0.1903627183023484, 0.008507047823598457, 0.6270220247612124, 0.6513015251696219, 0.6756220155663573, 0.8116554555104603, 0.7248399555017441, 0.6337904108002864], [0.3753633398677292, 0.7804663645402629, 0.0, 0.24024258140140428, 0.4725892905533454, 0.15195790127894948, 0.19445246636350433, 0.6566164922805571, 0.4831809768866051, 0.1996231473215222, 0.008729175733573014, 0.6253717410927562, 0.6710824118561264, 0.704388580174066, 0.8200567410614015, 0.760235574249255, 0.630910699077254], [0.24926192788028922, 0.8927741737678616, 0.0, 0.2622981327383818, 0.5140689774968468, 0.14599099255718767, 0.20790670437231853, 0.6645844448460113, 0.46358067433355044, 0.21928637422329889, 0.008840150818991033, 0.626329470367931, 0.6677248844482505, 0.6808139656978447, 0.8126494108396471, 0.7352731908975908, 0.6344261484336523], [0.05158736534080255, 0.9134707062244488, 0.0, 0.2512802814425171, 0.5171587781450045, 0.1460028509716483, 0.16853539229050513, 0.6626442921831076, 0.466861226100322, 0.22575874110901362, 0.008062078829516484, 0.6274866695576351, 0.6657764318846378, 0.6888757307309911, 0.8098089701888835, 0.7337166168321052, 0.6290650399865297], [0.20230168665401793, 0.807920162163161, 0.0, 0.2593432269513232, 0.47499838896966723, 0.15351882041238818, 0.13846400600082234, 0.6497800234229587, 0.5092811434235311, 0.21100586616864314, 0.008951066763186244, 0.6292926189714989, 0.6590812577813856, 0.6828253127423305, 0.8163902463481456, 0.7525255359212646, 0.6270427515314985], [0.18829864813785147, 0.9135641526090499, 0.0, 0.2518089629108356, 0.5186192740788715, 0.14749188715520067, 0.20202793961852095, 0.6632967724817815, 0.47817159120853225, 0.22652148080756396, 0.008729175733573014, 0.6246974296365939, 0.6574216508011925, 0.6764880291220174, 0.8159719355003513, 0.7439639836331878, 0.6370974351805885], [0.1322276050907245, 0.9159918212644139, 0.0, 0.26694021899786263, 0.5152958188249023, 0.14859910320168696, 0.18693877516344556, 0.6611354019832398, 0.48122358833398393, 0.22871280018481444, 0.008284682400665488, 0.6370904741626504, 0.6788437032378767, 0.6884581635559267, 0.8152392581338094, 0.7316038646914811, 0.6302803993272897], [0.17805810372272024, 0.8209457331479025, 0.0, 0.2488370710731105, 0.47729856117000274, 0.15659085413478285, 0.11870225607516502, 0.6451337426736642, 0.5389005874933153, 0.21918953732418123, 0.008951066763186244, 0.6241252937235036, 0.6419427825517551, 0.6760166089356394, 0.8192955747642205, 0.7400895781961992, 0.6311245515584614], [0.13007033121756706, 0.8543707310122619, 0.0, 0.2498418718656641, 0.49225546927416786, 0.15363039944184756, 0.14438108308976183, 0.6524532380906244, 0.5126115494599168, 0.2226131041369721, 0.008951066763186244, 0.6233339561725573, 0.6699553566184319, 0.7162169546263528, 0.8190538879567579, 0.729071453923645, 0.6347364929526708]]}