{"labels_1": ["1", "2", "3", "4", "5", "6", "7", "8", "9"], "labels_2": ["1", "2", "3", "4", "5", "6", "7", "8", "9"], "adj_matrix_1": [[0.0, 0.06109, 0.10394, 0.00973, 0.08546, 0.10827, 0.22476, 0.25703, 0.20759], [0.06109, 0.0, 0.04492, 0.07048, 0.02533, 0.04957, 0.18181, 0.22155, 0.16119], [0.10394, 0.04492, 0.0, 0.11283, 0.01975, 0.00473, 0.14453, 0.18859, 0.12187], [0.00973, 0.07048, 0.11283, 0.0, 0.09457, 0.11711, 0.23067, 0.26147, 0.21398], [0.08546, 0.02533, 0.01975, 0.09457, 0.0, 0.02446, 0.16131, 0.20367, 0.13954], [0.10827, 0.04957, 0.00473, 0.11711, 0.02446, 0.0, 0.14039, 0.18484, 0.11754], [0.22476, 0.18181, 0.14453, 0.23067, 0.16131, 0.14039, 0.0, 0.05159, 0.02511], [0.25703, 0.22155, 0.18859, 0.26147, 0.20367, 0.18484, 0.05159, 0.0, 0.07628], [0.20759, 0.16119, 0.12187, 0.21398, 0.13954, 0.11754, 0.02511, 0.07628, 0.0]], "adj_matrix_2": [[0.0, 0.21115, 0.03212, 0.14929, 0.06174, 0.10115, 0.00779, 0.27746, 0.19345], [0.21115, 0.0, 0.22858, 0.08956, 0.1702, 0.2588, 0.20623, 0.29334, 0.28494], [0.03212, 0.22858, 0.0, 0.17504, 0.09261, 0.07043, 0.03985, 0.25933, 0.16751], [0.14929, 0.08956, 0.17504, 0.0, 0.09436, 0.2245, 0.14277, 0.3153, 0.27881], [0.06174, 0.1702, 0.09261, 0.09436, 0.0, 0.15641, 0.05407, 0.30317, 0.23643], [0.10115, 0.2588, 0.07043, 0.2245, 0.15641, 0.0, 0.10847, 0.20924, 0.10358], [0.00779, 0.20623, 0.03985, 0.14277, 0.05407, 0.10847, 0.0, 0.28149, 0.19947], [0.27746, 0.29334, 0.25933, 0.3153, 0.30317, 0.20924, 0.28149, 0.0, 0.11692], [0.19345, 0.28494, 0.16751, 0.27881, 0.23643, 0.10358, 0.19947, 0.11692, 0.0]], "features_1": [[0.36524516540104646, 0.7009657534585817, 0.0, 0.3006238515102548, 0.4804140213098547, 0.12491898908860836, 0.21042839358842755, 0.6843593862362183, 0.35525465388320443, 0.15524695870295746, 0.00716927026363523, 0.5940505837303585, 0.635194854728064, 0.6523539841505361, 0.7628623519426939, 0.6863032752564696, 0.5794250192573018], [0.4278239300084792, 0.6809505969311834, 0.0, 0.273501480127079, 0.4664793707417752, 0.12863875525311544, 0.17616449633846615, 0.6802045755194492, 0.3669572784013124, 0.15423094600811593, 0.007281081678807366, 0.5945108622604827, 0.6246702417267214, 0.6446387568513234, 0.7661291167624564, 0.6949143669859487, 0.586421178541265], [0.4718278300774843, 0.8379256570255199, 0.0, 0.29964936923556984, 0.5202294873035075, 0.12505052964821178, 0.1956014709860348, 0.6840910226946042, 0.3557994126173496, 0.18345531982309238, 0.007392832833969631, 0.5941062204946852, 0.6294584275118807, 0.6468887139506387, 0.7602913883303855, 0.6717232589639401, 0.5812214228893545], [0.7282157742932016, 0.8467446912203184, 0.0, 0.2987003938930837, 0.5236703557962796, 0.12494626073711917, 0.1938259738909956, 0.6841092573138066, 0.35228463898900997, 0.18151520467010673, 0.007281081678807366, 0.5824530196071209, 0.6312843357670785, 0.6274844322100933, 0.7611470193090231, 0.6832247364562192, 0.5759074143653569], [0.4202374454319404, 0.6705803523356203, 0.0, 0.25439593998915316, 0.45827122772179596, 0.1298682586147158, 0.13920311753192466, 0.677863613969845, 0.38220008651329773, 0.15475822481019907, 0.00783923647221818, 0.5981028745199337, 0.6245689914585473, 0.6449802635281698, 0.7619866552109277, 0.6837974798572145, 0.5769552081985749], [0.5403722936853423, 0.87411799227941, 0.0, 0.30303947410289167, 0.5238473682995823, 0.13088261228361442, 0.2516016293872596, 0.6804157863762241, 0.38884831056988856, 0.19840471894070033, 0.007727725548673403, 0.5941219932569803, 0.6449289961353036, 0.6679249246277084, 0.7799581797924493, 0.6906967075775126, 0.5943507436156045], [0.70054162007811, 0.9297479531749415, 0.0, 0.25595782925313015, 0.5417938697395442, 0.12413771747558197, 0.1388007237573717, 0.68362563396057, 0.33747000339931277, 0.1953240980726445, 0.007057398507269275, 0.597885542585499, 0.6141538155548967, 0.617955618704152, 0.7485171327563702, 0.6761751307291447, 0.5529953343402446], [-0.02601795642748117, 0.666540325890445, 0.0, 0.26029553816513684, 0.46345621920858815, 0.1276178177312309, 0.20374924240556994, 0.6811911267406758, 0.36822718584727787, 0.15356490774609033, 0.007504523810135222, 0.608299075974001, 0.6227750389016957, 0.653834860157413, 0.7613827807722303, 0.6960841674460327, 0.5811897369110367], [0.23283865640572543, 0.7322693818912971, 0.0, 0.2721048702669955, 0.48994543779308086, 0.12373991603309943, 0.23854892804349248, 0.685010081813346, 0.34261585134202655, 0.16001707775627394, 0.007281081678807366, 0.5982724462439895, 0.623481440207102, 0.6460385487446578, 0.7546063401728952, 0.6798137285552057, 0.5675251325431192]], "features_2": [[0.1336862172796871, 0.766492495600961, 0.0, 0.25976920905218753, 0.5103171693151757, 0.12695408776734127, 0.4169446227030356, 0.6861022274007339, 0.3773769918791685, 0.1718147802035459, 0.007671947615560004, 0.6102601649199881, 0.6680402020489822, 0.6831155155304813, 0.7911643948282119, 0.7184902930623884, 0.5899618868705305], [0.6551870024773296, 0.7448583919910631, 0.0, 0.30171376956968493, 0.5004729338350763, 0.1260911665004598, 0.29691579538956175, 0.6846978699430135, 0.36146050348839065, 0.1651417294591606, 0.007504523810135222, 0.5868178437715654, 0.6303095881211364, 0.6544800564102318, 0.7776783671039015, 0.7116516872544606, 0.5760141632854493], [0.1144338503385125, 0.8986227862254141, 0.0, 0.2669977816215088, 0.5495238846261364, 0.12459574435928089, 0.3854293291393091, 0.6871968838323819, 0.3632272121730795, 0.19553738279588684, 0.007281081678807366, 0.6057333979350275, 0.6671904578321372, 0.6794942441461612, 0.7822669544774884, 0.7120990529731825, 0.582217269859454], [0.3515927405762209, 0.9532727928137767, 0.0, 0.23811709073820744, 0.5588901295908049, 0.12552124096342435, 0.34857294029120994, 0.6857347045029027, 0.3574752613437975, 0.2049524470630315, 0.007560346756364078, 0.5969716404079359, 0.6533265893797083, 0.6581996824100633, 0.7790887568918463, 0.6986804356479207, 0.5867806641216198], [0.3815772594143505, 0.7356198355837879, 0.0, 0.28300435556284315, 0.4986489350309645, 0.12447194266083506, 0.3161567199622645, 0.6860322067562896, 0.334147509033637, 0.16037139264957223, 0.00683347364535547, 0.5925504315585779, 0.6425555996733162, 0.6682476701108113, 0.7763469994681658, 0.6947102705689758, 0.5679080279968026], [0.19628658278550004, 0.9608806008091141, 0.0, 0.26275836251108575, 0.5611621518121532, 0.1273806744573029, 0.4092316418651102, 0.6860810970248226, 0.3727247457629639, 0.21152554540822432, 0.007504523810135222, 0.6075233883971514, 0.6435815663611832, 0.6800233076598605, 0.7912000845612674, 0.7183457652593005, 0.598522003063349], [0.34416321722981635, 1.009766892950374, 0.0, 0.24110747513877887, 0.5689298717052778, 0.12438203430905632, 0.31541978821046757, 0.6858788583986364, 0.34210842816384, 0.2144744881795262, 0.007001439975721224, 0.5923964243661701, 0.6275339095733778, 0.6532634397986107, 0.7719493255355272, 0.6942392236421191, 0.5856645533654101], [-0.2575465824867944, 0.8350216318350957, 0.0, 0.22369150604689908, 0.5307669842652337, 0.1182973829267413, 0.2984885820521626, 0.6894087988755127, 0.29587768916483803, 0.175722302383168, 0.006609306440138685, 0.6067092866878165, 0.6356526301044791, 0.6419496188867296, 0.7555529808575837, 0.6725028832549707, 0.5626915789897484], [0.1666628314788703, 0.882088578298746, 0.0, 0.24478684699269587, 0.5454196486707812, 0.11709690426002953, 0.3605762834515211, 0.6903552925089116, 0.2929180787023775, 0.18117190295447072, 0.006889477554966383, 0.5972343940584626, 0.6392375200333306, 0.649492812207376, 0.7566039112723135, 0.6784306955116738, 0.5553426873217296]]}