{"labels_1": ["1", "2", "3", "4", "5", "6", "7", "8", "9"], "labels_2": ["1", "2", "3", "4", "5", "6", "7", "8", "9"], "adj_matrix_1": [[0.0, 0.01996, 0.04877, 0.10569, 0.057, 0.01615, 0.27829, 0.33861, 0.24673], [0.01996, 0.0, 0.02902, 0.12382, 0.07636, 0.00382, 0.28659, 0.34039, 0.25767], [0.04877, 0.02902, 0.0, 0.14905, 0.1037, 0.03282, 0.29646, 0.34047, 0.27135], [0.10569, 0.12382, 0.14905, 0.0, 0.05066, 0.12048, 0.21155, 0.30433, 0.16797], [0.057, 0.07636, 0.1037, 0.05066, 0.0, 0.07266, 0.24693, 0.32535, 0.20857], [0.01615, 0.00382, 0.03282, 0.12048, 0.07266, 0.0, 0.28536, 0.34023, 0.25576], [0.27829, 0.28659, 0.29646, 0.21155, 0.24693, 0.28536, 0.0, 0.13052, 0.05226], [0.33861, 0.34039, 0.34047, 0.30433, 0.32535, 0.34023, 0.13052, 0.0, 0.17855], [0.24673, 0.25767, 0.27135, 0.16797, 0.20857, 0.25576, 0.05226, 0.17855, 0.0]], "adj_matrix_2": [[0.0, 0.12047, 0.04498, 0.11507, 0.11473, 0.09832, 0.29856, 0.26359, 0.17042], [0.12047, 0.0, 0.07704, 0.00568, 0.00602, 0.20821, 0.20274, 0.16038, 0.05382], [0.04498, 0.07704, 0.0, 0.07146, 0.07114, 0.14058, 0.26661, 0.2284, 0.12909], [0.11507, 0.00568, 0.07146, 0.0, 0.00034, 0.2035, 0.2077, 0.1656, 0.05944], [0.11473, 0.00602, 0.07114, 0.00034, 0.0, 0.20322, 0.20806, 0.16593, 0.05978], [0.09832, 0.20821, 0.14058, 0.2035, 0.20322, 0.0, 0.35236, 0.3258, 0.25082], [0.29856, 0.20274, 0.26661, 0.2077, 0.20806, 0.35236, 0.0, 0.04637, 0.15368], [0.26359, 0.16038, 0.2284, 0.1656, 0.16593, 0.3258, 0.04637, 0.0, 0.10925], [0.17042, 0.05382, 0.12909, 0.05944, 0.05978, 0.25082, 0.15368, 0.10925, 0.0]], "features_1": [[0.5072486281670812, 0.7354535064082462, 0.0, 0.26722640957591715, 0.5040300830712823, 0.12093741804049549, 0.38459679244425404, 0.688571342395546, 0.3300055774797952, 0.15586140421243821, 0.006889477554966383, 0.5891448439742197, 0.6490007069655165, 0.6489855730306566, 0.7664380439653864, 0.6860272495222073, 0.5753881060945222], [0.5378675923978116, 0.7039511415668462, 0.0, 0.27916513898456674, 0.4936536656507402, 0.12280784827736849, 0.3938489070385479, 0.6878587047722229, 0.3474765111964364, 0.15358789855314026, 0.007281081678807366, 0.5945333369488266, 0.6311966147412182, 0.6584725511754891, 0.7749776401819444, 0.7052118786698128, 0.5802049493321999], [0.5760223658038828, 0.8606402516783925, 0.0, 0.28038864632990557, 0.5405639140195847, 0.12159161139542256, 0.4058055222096151, 0.6883506477359671, 0.3380945620365208, 0.1827000478495011, 0.007001439975721224, 0.589644819223264, 0.6497959417023419, 0.6486660478321259, 0.767817904407456, 0.686814296518831, 0.5735104080248788], [0.5041662599020813, 0.8985687135961838, 0.0, 0.2646005114653155, 0.5463320599068572, 0.12289764010778562, 0.3389825672319695, 0.6870421326832554, 0.3423781421778733, 0.1912540836015577, 0.007392832833969631, 0.5980621507214989, 0.6232716149692258, 0.6330118418230988, 0.7676667938066764, 0.688596831556934, 0.5784453127142333], [0.5120860558623042, 0.6723046500071456, 0.0, 0.2629688931104546, 0.4869695689651192, 0.12063127177651192, 0.4523847957494837, 0.6895711123616345, 0.34443151718438747, 0.14533604550158508, 0.007281081678807366, 0.5945300970526417, 0.6559926566169993, 0.6744882651730678, 0.775196247719285, 0.6939645336944564, 0.5876297901630653], [0.5687263845084982, 0.8899446331842487, 0.0, 0.28416031092372923, 0.5488857018262473, 0.12142624975612261, 0.43257663501595117, 0.6889291739404056, 0.3377008875145564, 0.18825658106686438, 0.0069454663283523566, 0.5891263313896462, 0.6267163129166023, 0.6221932404661741, 0.772615022546158, 0.6920776359149424, 0.5784964065337439], [-0.11048717979707945, 0.924929981168246, 0.0, 0.2252606738777416, 0.547170244042334, 0.12341347309667886, 0.2797272818528945, 0.6855610075877644, 0.33328881908344665, 0.20058453172960022, 0.007001439975721224, 0.6092291800704674, 0.6127493205836377, 0.6324199449418642, 0.7583670687294466, 0.6811285765049702, 0.5780155437263945], [-0.04126509864707373, 0.6917143925477403, 0.0, 0.2447490256657753, 0.48686365443213353, 0.121926341705476, 0.3392705443887671, 0.6879479948295519, 0.32815086682490024, 0.14978665989472906, 0.00716927026363523, 0.6146137113233126, 0.6440609801066586, 0.6525408039655622, 0.7703653119109664, 0.6797913933265928, 0.595532984216592], [-0.11757339821154256, 0.7775826437515666, 0.0, 0.230424883663609, 0.514832643456041, 0.11947194909190118, 0.2961242228398291, 0.6888056462633052, 0.31247617693832375, 0.1652209297899936, 0.007225183508792421, 0.6086730011495172, 0.6474842661544058, 0.657938890366506, 0.7585399335748354, 0.6708822484740472, 0.5821813579243916]], "features_2": [[-0.16197256841851226, 0.8634354766046192, 0.0, 0.24379649100182935, 0.5058786793375399, 0.1421747714038391, 0.15559532284590033, 0.664075997579678, 0.44833819377563855, 0.21429983929882868, 0.008340296057933516, 0.6261505671089047, 0.6508039012118486, 0.6824815816106755, 0.796322861756735, 0.7115836784346172, 0.6098912507519606], [-0.18862203918026976, 0.8606413524953854, 0.0, 0.26591801318020264, 0.49929477993074156, 0.1461154853306728, 0.1345490820096927, 0.6573274364332158, 0.4801282001422742, 0.2187348984586368, 0.008673665988278678, 0.6406717108936917, 0.647867799519573, 0.6620923560977274, 0.800658713232449, 0.7414902220193302, 0.6123177397681011], [-0.2698558113482652, 1.012880507734029, 0.0, 0.2690730752729768, 0.5454705337710621, 0.1408282339145144, 0.1630823652961652, 0.6661247792203782, 0.4485252579686114, 0.24476534901870828, 0.00822905385914674, 0.6268112357175357, 0.6528142426582467, 0.6834595470210123, 0.7931183782177, 0.7147312872654383, 0.6070758380638785], [-0.3350841260992756, 0.854504332625405, 0.0, 0.18953091423062624, 0.5123609144139841, 0.1415037032209155, 0.2521803426896618, 0.6701823026138315, 0.44684198779160833, 0.21348156807650565, 0.008173410423425675, 0.640460880032252, 0.6798642606598365, 0.7030538672455098, 0.8096016634450122, 0.7151118005325429, 0.635357103188241], [-0.19132469399525265, 0.959372272361918, 0.0, 0.2654955013914175, 0.522699796817399, 0.14457327379936188, 0.12331725751438186, 0.6576959739500379, 0.45965136822656993, 0.23748180626820137, 0.008117752083540042, 0.6343250958049251, 0.6477778075852174, 0.6661700278029983, 0.792964586811142, 0.7295345800385618, 0.6005458921951768], [-0.1490349589391755, 1.010621693745487, 0.0, 0.2830795916742882, 0.5476741332752558, 0.14109637625214586, 0.20050809915692228, 0.6681464665415795, 0.44766242095276865, 0.24428973462901538, 0.008006390651371653, 0.621980460720096, 0.662112298106908, 0.6869497927830674, 0.8007476327015441, 0.7224981495266505, 0.6120898717418353], [-0.44932317181437353, 1.029035998543274, 0.0, 0.2512375834648414, 0.5443129699717532, 0.14370168517067095, 0.13916581352961116, 0.6616713880231551, 0.46220225072917054, 0.2535478262351176, 0.008451478759474051, 0.647870212064305, 0.649803007399836, 0.6900040065121844, 0.7981603131037035, 0.7199290668460824, 0.6103674692410034], [-0.3416713985163331, 0.9112041339586008, 0.0, 0.2676149292372468, 0.5208280542637724, 0.14275408689351798, 0.19567801446474178, 0.6664206703827575, 0.4482965425005663, 0.2261192014008213, 0.008117752083540042, 0.6478062660405084, 0.6704440139312414, 0.6976489888831263, 0.8047033458777704, 0.7235568718517981, 0.6099752053322396], [-0.35317867432479577, 0.9373377553042378, 0.0, 0.2833578501828944, 0.5287678635962039, 0.14115629949971145, 0.19652449548567646, 0.6681511310563604, 0.43436928003078457, 0.22892025866994392, 0.007783488497544067, 0.6406460650386769, 0.6697986498561719, 0.6975389311409242, 0.8015376687312539, 0.7208075139841955, 0.6052452452605208]]}