{"labels_1": ["1", "2", "3", "4", "5", "6", "7", "8", "9"], "labels_2": ["1", "2", "3", "4", "5", "6", "7", "8", "9"], "adj_matrix_1": [[0.0, 0.32005, 0.21905, 0.05173, 0.2896, 0.27302, 0.15004, 0.10382, 0.17514], [0.32005, 0.0, 0.19165, 0.32053, 0.07773, 0.11048, 0.25853, 0.30964, 0.23786], [0.21905, 0.19165, 0.0, 0.24753, 0.12116, 0.08887, 0.08852, 0.26654, 0.05892], [0.05173, 0.32053, 0.24753, 0.0, 0.30064, 0.2889, 0.19001, 0.05468, 0.2114], [0.2896, 0.07773, 0.12116, 0.30064, 0.0, 0.03381, 0.19912, 0.30054, 0.17416], [0.27302, 0.11048, 0.08887, 0.2889, 0.03381, 0.0, 0.17071, 0.29377, 0.14416], [0.15004, 0.25853, 0.08852, 0.19001, 0.19912, 0.17071, 0.0, 0.22313, 0.03044], [0.10382, 0.30964, 0.26654, 0.05468, 0.30054, 0.29377, 0.22313, 0.0, 0.23988], [0.17514, 0.23786, 0.05892, 0.2114, 0.17416, 0.14416, 0.03044, 0.23988, 0.0]], "adj_matrix_2": [[0.0, 0.0, 0.00351, 0.20297, 0.00341, 0.09066, 0.16898, 0.06425, 0.26029], [0.0, 0.0, 0.0, 0.0, 0.01151, 0.0, 0.0, 0.0, 0.0], [0.00351, 0.0, 0.0, 0.20027, 0.00334, 0.09403, 0.16605, 0.06767, 0.2581], [0.20297, 0.0, 0.20027, 0.0, 0.00109, 0.26539, 0.04021, 0.24913, 0.0746], [0.00341, 0.01151, 0.00334, 0.00109, 0.0, 0.00566, 0.00134, 0.00488, 0.00076], [0.09066, 0.0, 0.09403, 0.26539, 0.00566, 0.0, 0.23866, 0.02742, 0.30803], [0.16898, 0.0, 0.16605, 0.04021, 0.00134, 0.23866, 0.0, 0.21998, 0.11362], [0.06425, 0.0, 0.06767, 0.24913, 0.00488, 0.02742, 0.21998, 0.0, 0.29647], [0.26029, 0.0, 0.2581, 0.0746, 0.00076, 0.30803, 0.11362, 0.29647, 0.0]], "features_1": [[0.23275426130847476, 0.6114713642962369, 0.0, 0.2478761626096078, 0.43886254971307354, 0.13392346452271403, 0.2430854849618406, 0.6753455090111329, 0.4075061197355887, 0.14569749640894303, 0.007727725548673403, 0.6041472032390127, 0.6468619676978759, 0.6771958022646414, 0.7889107746845428, 0.7008410488127352, 0.6182590675418309], [-0.2669484110553646, 0.6447441623709097, 0.0, 0.21089806343013426, 0.4466717897177795, 0.13532551621821526, 0.2010483583562646, 0.6726930487115728, 0.4105399692799976, 0.1582803904051413, 0.00783923647221818, 0.6286799105487311, 0.639722934858916, 0.6801782928423306, 0.7854257357757839, 0.6985166627883098, 0.6052299223531677], [-0.07276995105696304, 0.7347816379847607, 0.0, 0.22794009453977787, 0.4825008550345062, 0.13391282701650029, 0.21660787136507195, 0.6752738867397032, 0.40570607284276794, 0.17518390525598182, 0.007616154688146137, 0.6155343430483167, 0.6514141710626371, 0.6798332229256748, 0.7850003956710936, 0.6940870934216847, 0.6149989140771958], [0.3524515579915253, 0.7814131253906682, 0.0, 0.28920994718960785, 0.49777518004504195, 0.1325737519654192, 0.2519180883060429, 0.6772724216656525, 0.4065311668908773, 0.18256962443984737, 0.007783488497544067, 0.5978640639091357, 0.652257710038458, 0.6744670469190259, 0.7872675853939325, 0.6967727675766661, 0.6206435582361846], [-0.2245013421552038, 0.648110766474242, 0.0, 0.2098884484466676, 0.45187859429348115, 0.13199543233156324, 0.25112152459370946, 0.6778919768712899, 0.395975300560756, 0.15489097646513028, 0.007727725548673403, 0.6208828346941022, 0.6487358874124822, 0.6746522359491441, 0.7842347152192939, 0.7097451310909277, 0.6013627669643715], [-0.12302195270590399, 0.7549057998392681, 0.0, 0.2229001425800714, 0.4931532464978051, 0.1311325577522769, 0.3118281469139859, 0.6803456401980775, 0.391794059244313, 0.17567648170222405, 0.007727725548673403, 0.623392486606025, 0.6602069091518364, 0.6725043909501702, 0.7886210781953144, 0.7188860722329335, 0.620677710876661], [0.36157007393154217, 0.7564876421247063, 0.0, 0.25356249572754685, 0.4974407864197231, 0.12673149339690676, 0.26996447532183654, 0.6830802944004232, 0.3608519280207936, 0.16737748548648046, 0.007392832833969631, 0.6038382921938195, 0.6278920234146252, 0.635867117281515, 0.7733652881223964, 0.7089371186639309, 0.6039244657992736], [0.2422159733248681, 0.6743792963524425, 0.0, 0.2344630765875311, 0.46989176793442544, 0.12383144193006512, 0.31196321280670886, 0.6857154641401831, 0.34135076733637804, 0.14776256519746878, 0.007616154688146137, 0.5929707906608761, 0.6311371886992819, 0.6598802051212326, 0.7705208504583408, 0.7182211165063712, 0.580071042484154], [-0.006365129889039256, 0.6937421468469204, 0.0, 0.21871586535596818, 0.4781029715365556, 0.12386918221417172, 0.2969116964297541, 0.6853901381754564, 0.3357751388534329, 0.15265575478740212, 0.00716927026363523, 0.6083825674927554, 0.6449817559858034, 0.6586727031628377, 0.7689663972274078, 0.7041048793274269, 0.5868523112519886]], "features_2": [[0.1333096986976683, 0.8560785997520688, 0.0, 0.26982208810797853, 0.5277695208649372, 0.13382200905527059, 0.521169899750096, 0.6825805409371295, 0.3710355072306233, 0.19345244065933076, 0.0069454663283523566, 0.6013931273834237, 0.6691346216826917, 0.6932115699872236, 0.8080208803021849, 0.6993944974901508, 0.5802571659270478], [6.807039698450712, 1.0003718693053374, 0.0, 0.3493917253384175, 0.5415420801548448, 0.14786870396406254, 0.4174228499880236, 0.6675310941308747, 0.4101552008563052, 0.21908357245657029, 0.007727725548673403, 0.5134391722472431, 0.6302948051919937, 0.6406006898528649, 0.8252222747948023, 0.7268566887810984, 0.5968476700203702], [0.19726453886580275, 1.013837942245298, 0.0, 0.26683945898876466, 0.5649646754111632, 0.13569246623548167, 0.49243430910526487, 0.6808388719010232, 0.38276678536136033, 0.22659558432907212, 0.007057398507269275, 0.6084180190021726, 0.6657704414182343, 0.6822525232242558, 0.8096424427119224, 0.7055805521602065, 0.5966153084786363], [-0.078597291501596, 0.9811833617732767, 0.0, 0.27508689544815845, 0.5625285663824536, 0.1296312256456073, 0.5612038257791816, 0.6852909846479689, 0.3567720941872967, 0.21620744905209932, 0.007057398507269275, 0.6131467363081251, 0.6512629268383132, 0.673773500004844, 0.7997345960049954, 0.704100450184014, 0.5751442922159016], [3.0298160886165615, 0.9782566734715665, 0.0, 0.32208867344242326, 0.5367311975937955, 0.14479153085196889, 0.31393012433625456, 0.6678746398598079, 0.4076971812630419, 0.2197979064233715, 0.00716927026363523, 0.5418904054512836, 0.6459667469589881, 0.6569773642399204, 0.8164022499656426, 0.7321967488922336, 0.6015300255473188], [0.1258328795572723, 1.1272852978834191, 0.0, 0.25582708137521054, 0.5833989904054476, 0.13891353533693176, 0.3707477000169007, 0.6765332912973925, 0.4106950644344649, 0.25411026236611844, 0.007504523810135222, 0.6131376026486701, 0.6615866899298302, 0.6860049951032193, 0.8117909787208201, 0.710037087481871, 0.6115482827207464], [-0.01899954737616394, 1.0202047570894, 0.0, 0.2268721031938513, 0.5674790493470238, 0.12964096024175106, 0.4085572421395291, 0.684158566742288, 0.35910336670874843, 0.22400509930502133, 0.00683347364535547, 0.6196890154052048, 0.6601162512566864, 0.6650082979622427, 0.7975453141236392, 0.7127525331773608, 0.5746238518742524], [0.32992705456331217, 0.9181060381853551, 0.0, 0.27970486307615744, 0.5343803019491244, 0.13689471141113146, 0.3309018044118289, 0.6771270087495262, 0.4114023523099919, 0.2132236009214794, 0.007950687539111767, 0.6044643632263065, 0.6375821748481604, 0.6668710963633998, 0.8069448214661848, 0.7234414280948714, 0.5883434932098961], [-0.22896569448881854, 0.9701455387898323, 0.0, 0.2381863647014863, 0.5508041976140254, 0.133036257269607, 0.34694731982154253, 0.6807502589120071, 0.3891158302938258, 0.22318732651438222, 0.007504523810135222, 0.6258992091982993, 0.6722891528061122, 0.697194762865563, 0.8007647217183359, 0.7195872985676729, 0.5818687253213232]]}