{"labels_1": ["1", "2", "3", "4", "5", "6", "7", "8", "9"], "labels_2": ["1", "2", "3", "4", "5", "6", "7", "8", "9"], "adj_matrix_1": [[0.0, 0.06603, 0.01944, 0.0756, 0.07683, 0.16055, 0.0894, 0.12049, 0.13748], [0.06603, 0.0, 0.08495, 0.00981, 0.13925, 0.21336, 0.02402, 0.17878, 0.19366], [0.01944, 0.08495, 0.0, 0.0944, 0.05785, 0.1438, 0.10796, 0.10239, 0.11987], [0.0756, 0.00981, 0.0944, 0.0, 0.14804, 0.22051, 0.01422, 0.18683, 0.20135], [0.07683, 0.13925, 0.05785, 0.14804, 0.0, 0.09058, 0.16061, 0.04614, 0.06469], [0.16055, 0.21336, 0.1438, 0.22051, 0.09058, 0.0, 0.23061, 0.04567, 0.02691], [0.0894, 0.02402, 0.10796, 0.01422, 0.16061, 0.23061, 0.0, 0.19829, 0.21228], [0.12049, 0.17878, 0.10239, 0.18683, 0.04614, 0.04567, 0.19829, 0.0, 0.01891], [0.13748, 0.19366, 0.11987, 0.20135, 0.06469, 0.02691, 0.21228, 0.01891, 0.0]], "adj_matrix_2": [[0.0, 0.12047, 0.04498, 0.11507, 0.11473, 0.09832, 0.29856, 0.26359, 0.17042], [0.12047, 0.0, 0.07704, 0.00568, 0.00602, 0.20821, 0.20274, 0.16038, 0.05382], [0.04498, 0.07704, 0.0, 0.07146, 0.07114, 0.14058, 0.26661, 0.2284, 0.12909], [0.11507, 0.00568, 0.07146, 0.0, 0.00034, 0.2035, 0.2077, 0.1656, 0.05944], [0.11473, 0.00602, 0.07114, 0.00034, 0.0, 0.20322, 0.20806, 0.16593, 0.05978], [0.09832, 0.20821, 0.14058, 0.2035, 0.20322, 0.0, 0.35236, 0.3258, 0.25082], [0.29856, 0.20274, 0.26661, 0.2077, 0.20806, 0.35236, 0.0, 0.04637, 0.15368], [0.26359, 0.16038, 0.2284, 0.1656, 0.16593, 0.3258, 0.04637, 0.0, 0.10925], [0.17042, 0.05382, 0.12909, 0.05944, 0.05978, 0.25082, 0.15368, 0.10925, 0.0]], "features_1": [[0.06728381628823055, 0.851474511742007, 0.0, 0.26403817003398544, 0.5441184252368557, 0.11924172846540293, 0.45148631537630945, 0.690553997412755, 0.3275376258069407, 0.180920838021696, 0.00716927026363523, 0.599344877971336, 0.6455080318918607, 0.666434703583423, 0.774650614209795, 0.7214100541790521, 0.5661414118229361], [0.23985194462436077, 0.9181750325766903, 0.0, 0.2831338796921805, 0.5538697792008841, 0.12141545607826523, 0.3752794551842129, 0.6888296632331441, 0.33748110877267457, 0.19716631698168574, 0.007504523810135222, 0.5991424404702892, 0.6497933637167972, 0.6780138675868387, 0.7721608681422775, 0.705733614462995, 0.5581279942632184], [0.07688337423864233, 1.0083973967179125, 0.0, 0.2671506320154289, 0.5823088973747769, 0.12023511184098479, 0.44088066681280436, 0.6901123666140188, 0.33541612871860327, 0.21209662200342128, 0.007057398507269275, 0.6000929379799278, 0.6757917988743921, 0.6869064380779724, 0.7758929476118269, 0.7119406514681481, 0.5689412438008131], [-0.0028422658731743766, 0.9926342715565807, 0.0, 0.2418750376527756, 0.5790400960925823, 0.11972436766264959, 0.4522792085522937, 0.690298274101957, 0.3315700552562477, 0.20870971644276382, 0.00716927026363523, 0.6097627947236268, 0.6539286132948757, 0.6752219108039197, 0.7743861560429199, 0.7162624016478515, 0.5672192691385382], [0.5129093919257102, 0.9586149979536024, 0.0, 0.3113088882137608, 0.5654948402244974, 0.11933781314515439, 0.388011149159194, 0.6897886841396661, 0.3203380591978413, 0.19854648443272183, 0.00716927026363523, 0.5864967732392798, 0.6391332426258146, 0.6669708241657626, 0.7673424893814833, 0.7039861993300753, 0.5439404859221895], [0.11533062985738285, 1.0471283465631422, 0.0, 0.27291699028359123, 0.5928995603888552, 0.11907982732775622, 0.49848618307115516, 0.690865660078088, 0.32301861367523776, 0.21538071748018872, 0.007057398507269275, 0.596475968712302, 0.660607448285385, 0.6746908147277143, 0.7757918840472495, 0.713222889414378, 0.5651669266590029], [0.12524068468572747, 0.9695371254901446, 0.0, 0.25428917493341396, 0.5725967417019127, 0.12119049373476563, 0.4749682482125763, 0.6897077087079782, 0.3392756942835278, 0.20459149070135219, 0.0069454663283523566, 0.6036145877980688, 0.6594225192872238, 0.6602652618650868, 0.777866918542844, 0.7212572140995139, 0.5808472107092726], [0.41588001346396464, 0.9809135855771675, 0.0, 0.3176703938446651, 0.5755567923864868, 0.11606194420552739, 0.3872872731078886, 0.6909578475183729, 0.29512226775303385, 0.19643738756933726, 0.006497131753992358, 0.5845670781741859, 0.6387574965591938, 0.6464397306214934, 0.7556184179387698, 0.6885897703781618, 0.5461095743730011], [0.31078439256907586, 0.9652038534786868, 0.0, 0.26623106035003047, 0.5743349491331684, 0.11837436629681167, 0.4341890405564591, 0.690546365762257, 0.3078709108578601, 0.19698581466347576, 0.006609306440138685, 0.579249847050479, 0.6344740803622599, 0.655773065238064, 0.7676859553324371, 0.6763976517545157, 0.5806417895035538]], "features_2": [[-0.16197256841851226, 0.8634354766046192, 0.0, 0.24379649100182935, 0.5058786793375399, 0.1421747714038391, 0.15559532284590033, 0.664075997579678, 0.44833819377563855, 0.21429983929882868, 0.008340296057933516, 0.6261505671089047, 0.6508039012118486, 0.6824815816106755, 0.796322861756735, 0.7115836784346172, 0.6098912507519606], [-0.18862203918026976, 0.8606413524953854, 0.0, 0.26591801318020264, 0.49929477993074156, 0.1461154853306728, 0.1345490820096927, 0.6573274364332158, 0.4801282001422742, 0.2187348984586368, 0.008673665988278678, 0.6406717108936917, 0.647867799519573, 0.6620923560977274, 0.800658713232449, 0.7414902220193302, 0.6123177397681011], [-0.2698558113482652, 1.012880507734029, 0.0, 0.2690730752729768, 0.5454705337710621, 0.1408282339145144, 0.1630823652961652, 0.6661247792203782, 0.4485252579686114, 0.24476534901870828, 0.00822905385914674, 0.6268112357175357, 0.6528142426582467, 0.6834595470210123, 0.7931183782177, 0.7147312872654383, 0.6070758380638785], [-0.3350841260992756, 0.854504332625405, 0.0, 0.18953091423062624, 0.5123609144139841, 0.1415037032209155, 0.2521803426896618, 0.6701823026138315, 0.44684198779160833, 0.21348156807650565, 0.008173410423425675, 0.640460880032252, 0.6798642606598365, 0.7030538672455098, 0.8096016634450122, 0.7151118005325429, 0.635357103188241], [-0.19132469399525265, 0.959372272361918, 0.0, 0.2654955013914175, 0.522699796817399, 0.14457327379936188, 0.12331725751438186, 0.6576959739500379, 0.45965136822656993, 0.23748180626820137, 0.008117752083540042, 0.6343250958049251, 0.6477778075852174, 0.6661700278029983, 0.792964586811142, 0.7295345800385618, 0.6005458921951768], [-0.1490349589391755, 1.010621693745487, 0.0, 0.2830795916742882, 0.5476741332752558, 0.14109637625214586, 0.20050809915692228, 0.6681464665415795, 0.44766242095276865, 0.24428973462901538, 0.008006390651371653, 0.621980460720096, 0.662112298106908, 0.6869497927830674, 0.8007476327015441, 0.7224981495266505, 0.6120898717418353], [-0.44932317181437353, 1.029035998543274, 0.0, 0.2512375834648414, 0.5443129699717532, 0.14370168517067095, 0.13916581352961116, 0.6616713880231551, 0.46220225072917054, 0.2535478262351176, 0.008451478759474051, 0.647870212064305, 0.649803007399836, 0.6900040065121844, 0.7981603131037035, 0.7199290668460824, 0.6103674692410034], [-0.3416713985163331, 0.9112041339586008, 0.0, 0.2676149292372468, 0.5208280542637724, 0.14275408689351798, 0.19567801446474178, 0.6664206703827575, 0.4482965425005663, 0.2261192014008213, 0.008117752083540042, 0.6478062660405084, 0.6704440139312414, 0.6976489888831263, 0.8047033458777704, 0.7235568718517981, 0.6099752053322396], [-0.35317867432479577, 0.9373377553042378, 0.0, 0.2833578501828944, 0.5287678635962039, 0.14115629949971145, 0.19652449548567646, 0.6681511310563604, 0.43436928003078457, 0.22892025866994392, 0.007783488497544067, 0.6406460650386769, 0.6697986498561719, 0.6975389311409242, 0.8015376687312539, 0.7208075139841955, 0.6052452452605208]]}