{"labels_1": ["1", "2", "3", "4", "5", "6", "7", "8", "9"], "labels_2": ["1", "2", "3", "4", "5", "6", "7", "8", "9"], "adj_matrix_1": [[0.0, 0.08305, 0.08365, 0.11467, 0.04724, 0.03506, 0.15283, 0.14973, 0.05954], [0.08305, 0.0, 0.162, 0.0331, 0.03645, 0.11666, 0.22415, 0.22146, 0.13969], [0.08365, 0.162, 0.0, 0.1904, 0.12884, 0.04914, 0.07247, 0.06912, 0.02457], [0.11467, 0.0331, 0.1904, 0.0, 0.06915, 0.14713, 0.24879, 0.24624, 0.16917], [0.04724, 0.03645, 0.12884, 0.06915, 0.0, 0.08174, 0.19452, 0.19163, 0.10557], [0.03506, 0.11666, 0.04914, 0.14713, 0.08174, 0.0, 0.12016, 0.11691, 0.02468], [0.15283, 0.22415, 0.07247, 0.24879, 0.19452, 0.12016, 0.0, 0.00341, 0.09646], [0.14973, 0.22146, 0.06912, 0.24624, 0.19163, 0.11691, 0.00341, 0.0, 0.09317], [0.05954, 0.13969, 0.02457, 0.16917, 0.10557, 0.02468, 0.09646, 0.09317, 0.0]], "adj_matrix_2": [[0.0, 0.12047, 0.04498, 0.11507, 0.11473, 0.09832, 0.29856, 0.26359, 0.17042], [0.12047, 0.0, 0.07704, 0.00568, 0.00602, 0.20821, 0.20274, 0.16038, 0.05382], [0.04498, 0.07704, 0.0, 0.07146, 0.07114, 0.14058, 0.26661, 0.2284, 0.12909], [0.11507, 0.00568, 0.07146, 0.0, 0.00034, 0.2035, 0.2077, 0.1656, 0.05944], [0.11473, 0.00602, 0.07114, 0.00034, 0.0, 0.20322, 0.20806, 0.16593, 0.05978], [0.09832, 0.20821, 0.14058, 0.2035, 0.20322, 0.0, 0.35236, 0.3258, 0.25082], [0.29856, 0.20274, 0.26661, 0.2077, 0.20806, 0.35236, 0.0, 0.04637, 0.15368], [0.26359, 0.16038, 0.2284, 0.1656, 0.16593, 0.3258, 0.04637, 0.0, 0.10925], [0.17042, 0.05382, 0.12909, 0.05944, 0.05978, 0.25082, 0.15368, 0.10925, 0.0]], "features_1": [[-0.22724569184028454, 0.6276320241339295, 0.0, 0.23983218137142945, 0.4596875472218996, 0.12591249537752205, 0.33851626796067225, 0.6855603100569196, 0.3536296634055023, 0.1418203273943195, 0.007001439975721224, 0.6166793252266685, 0.6502883953810032, 0.6801481761713706, 0.7796682467403951, 0.6819364808309022, 0.590488557414888], [0.22362577197689504, 0.6410443324421086, 0.0, 0.22930557114842295, 0.45994747573521466, 0.12775891823354718, 0.30649271330860584, 0.6837163448777694, 0.3655847049954375, 0.1443824250614978, 0.007225183508792421, 0.60105529876998, 0.6410489185973037, 0.6686894397139053, 0.7797272966233635, 0.7023075477922918, 0.5950669109584593], [-0.20497989340300427, 0.7101266863646603, 0.0, 0.23087432927380466, 0.49098167442139073, 0.1261578762010718, 0.3455794579967389, 0.6856694879795169, 0.3510691783603721, 0.15984157811839217, 0.006889477554966383, 0.62035605661303, 0.6636964282795038, 0.6847183146426029, 0.7810302349644768, 0.6998456588364816, 0.5958255464140303], [-0.07235952708016535, 0.7545929111348756, 0.0, 0.2271029461879092, 0.4991708747150124, 0.1271076783352189, 0.32309074629850726, 0.6842385841354486, 0.363480772880552, 0.17048300072577183, 0.007281081678807366, 0.6147840393502262, 0.6520091509574578, 0.6748233499724395, 0.7812423784363125, 0.6875998841719069, 0.5914748639211229], [0.23847646780597698, 0.6428811355153508, 0.0, 0.22054558580295702, 0.46418600917565733, 0.1254319762449453, 0.3243937584672715, 0.6855781742043213, 0.3536208272893795, 0.1418478371798988, 0.007336964783822175, 0.6002265968075415, 0.6424295158400366, 0.6644439424241718, 0.7748692729638164, 0.7133247576740874, 0.5823895216446224], [0.10067528008286608, 0.7175323057242454, 0.0, 0.24490032979083792, 0.4970937191203286, 0.1251034241077921, 0.40647467628274114, 0.6872635153619471, 0.3529178998154636, 0.15898948605011287, 0.007336964783822175, 0.610331379543275, 0.667440811942832, 0.6802822692787777, 0.7845154257213093, 0.7045946938846208, 0.5936092738699449], [-0.035683011479031634, 0.766645131935214, 0.0, 0.22472607489636062, 0.5041907040790253, 0.12640514841131972, 0.3337288218592008, 0.6847976572662022, 0.3602990357987048, 0.17182936391933312, 0.007336964783822175, 0.6160355770986568, 0.6504257571431948, 0.6687356730266308, 0.7767947820475384, 0.7147364680544016, 0.571846041764789], [0.03453581465744504, 0.60779654598749, 0.0, 0.23542315547477055, 0.4535160172847122, 0.12625079110010295, 0.37748931287262905, 0.6861645507349305, 0.3515358649955207, 0.13446975031717368, 0.007336964783822175, 0.6158785544416003, 0.6593185791612323, 0.6693245076494542, 0.7858543240693102, 0.6789734392063619, 0.5693779211485605], [-0.14595853402074876, 0.6486868072903619, 0.0, 0.22177233474559183, 0.47057841475875345, 0.1254123729304582, 0.39192537626316054, 0.6869426934663296, 0.3485167675898213, 0.14375091875236468, 0.007336964783822175, 0.6181215647261111, 0.653053539382736, 0.6448511430317466, 0.7863391371972909, 0.7172229689634304, 0.5772229742087462]], "features_2": [[-0.16197256841851226, 0.8634354766046192, 0.0, 0.24379649100182935, 0.5058786793375399, 0.1421747714038391, 0.15559532284590033, 0.664075997579678, 0.44833819377563855, 0.21429983929882868, 0.008340296057933516, 0.6261505671089047, 0.6508039012118486, 0.6824815816106755, 0.796322861756735, 0.7115836784346172, 0.6098912507519606], [-0.18862203918026976, 0.8606413524953854, 0.0, 0.26591801318020264, 0.49929477993074156, 0.1461154853306728, 0.1345490820096927, 0.6573274364332158, 0.4801282001422742, 0.2187348984586368, 0.008673665988278678, 0.6406717108936917, 0.647867799519573, 0.6620923560977274, 0.800658713232449, 0.7414902220193302, 0.6123177397681011], [-0.2698558113482652, 1.012880507734029, 0.0, 0.2690730752729768, 0.5454705337710621, 0.1408282339145144, 0.1630823652961652, 0.6661247792203782, 0.4485252579686114, 0.24476534901870828, 0.00822905385914674, 0.6268112357175357, 0.6528142426582467, 0.6834595470210123, 0.7931183782177, 0.7147312872654383, 0.6070758380638785], [-0.3350841260992756, 0.854504332625405, 0.0, 0.18953091423062624, 0.5123609144139841, 0.1415037032209155, 0.2521803426896618, 0.6701823026138315, 0.44684198779160833, 0.21348156807650565, 0.008173410423425675, 0.640460880032252, 0.6798642606598365, 0.7030538672455098, 0.8096016634450122, 0.7151118005325429, 0.635357103188241], [-0.19132469399525265, 0.959372272361918, 0.0, 0.2654955013914175, 0.522699796817399, 0.14457327379936188, 0.12331725751438186, 0.6576959739500379, 0.45965136822656993, 0.23748180626820137, 0.008117752083540042, 0.6343250958049251, 0.6477778075852174, 0.6661700278029983, 0.792964586811142, 0.7295345800385618, 0.6005458921951768], [-0.1490349589391755, 1.010621693745487, 0.0, 0.2830795916742882, 0.5476741332752558, 0.14109637625214586, 0.20050809915692228, 0.6681464665415795, 0.44766242095276865, 0.24428973462901538, 0.008006390651371653, 0.621980460720096, 0.662112298106908, 0.6869497927830674, 0.8007476327015441, 0.7224981495266505, 0.6120898717418353], [-0.44932317181437353, 1.029035998543274, 0.0, 0.2512375834648414, 0.5443129699717532, 0.14370168517067095, 0.13916581352961116, 0.6616713880231551, 0.46220225072917054, 0.2535478262351176, 0.008451478759474051, 0.647870212064305, 0.649803007399836, 0.6900040065121844, 0.7981603131037035, 0.7199290668460824, 0.6103674692410034], [-0.3416713985163331, 0.9112041339586008, 0.0, 0.2676149292372468, 0.5208280542637724, 0.14275408689351798, 0.19567801446474178, 0.6664206703827575, 0.4482965425005663, 0.2261192014008213, 0.008117752083540042, 0.6478062660405084, 0.6704440139312414, 0.6976489888831263, 0.8047033458777704, 0.7235568718517981, 0.6099752053322396], [-0.35317867432479577, 0.9373377553042378, 0.0, 0.2833578501828944, 0.5287678635962039, 0.14115629949971145, 0.19652449548567646, 0.6681511310563604, 0.43436928003078457, 0.22892025866994392, 0.007783488497544067, 0.6406460650386769, 0.6697986498561719, 0.6975389311409242, 0.8015376687312539, 0.7208075139841955, 0.6052452452605208]]}