{"labels_1": ["1", "2", "3", "4", "5", "6", "7", "8", "9"], "labels_2": ["1", "2", "3", "4", "5", "6", "7", "8", "9"], "adj_matrix_1": [[0.0, 0.14451, 0.24716, 0.16606, 0.0923, 0.2449, 0.2561, 0.0117, 0.05663], [0.14451, 0.0, 0.19373, 0.18543, 0.07581, 0.15047, 0.18148, 0.13612, 0.12312], [0.24716, 0.19373, 0.0, 0.13661, 0.17185, 0.12595, 0.06148, 0.05129, 0.13704], [0.16606, 0.18543, 0.13661, 0.0, 0.13819, 0.21288, 0.18072, 0.02669, 0.09628], [0.0923, 0.07581, 0.17185, 0.13819, 0.0, 0.17255, 0.17783, 0.13723, 0.06304], [0.2449, 0.15047, 0.12595, 0.21288, 0.17255, 0.0, 0.07165, 0.08728, 0.16381], [0.2561, 0.18148, 0.06148, 0.18072, 0.17783, 0.07165, 0.0, 0.0663, 0.15237], [0.0117, 0.13612, 0.05129, 0.02669, 0.13723, 0.08728, 0.0663, 0.0, 0.11742], [0.05663, 0.12312, 0.13704, 0.09628, 0.06304, 0.16381, 0.15237, 0.11742, 0.0]], "adj_matrix_2": [[0.0, 0.0, 0.00351, 0.20297, 0.00341, 0.09066, 0.16898, 0.06425, 0.26029], [0.0, 0.0, 0.0, 0.0, 0.01151, 0.0, 0.0, 0.0, 0.0], [0.00351, 0.0, 0.0, 0.20027, 0.00334, 0.09403, 0.16605, 0.06767, 0.2581], [0.20297, 0.0, 0.20027, 0.0, 0.00109, 0.26539, 0.04021, 0.24913, 0.0746], [0.00341, 0.01151, 0.00334, 0.00109, 0.0, 0.00566, 0.00134, 0.00488, 0.00076], [0.09066, 0.0, 0.09403, 0.26539, 0.00566, 0.0, 0.23866, 0.02742, 0.30803], [0.16898, 0.0, 0.16605, 0.04021, 0.00134, 0.23866, 0.0, 0.21998, 0.11362], [0.06425, 0.0, 0.06767, 0.24913, 0.00488, 0.02742, 0.21998, 0.0, 0.29647], [0.26029, 0.0, 0.2581, 0.0746, 0.00076, 0.30803, 0.11362, 0.29647, 0.0]], "features_1": [[0.13589740778346915, 0.7085702891376757, 0.0, 0.25543587478440977, 0.4886755708600693, 0.12115370247809656, 0.2687236179537663, 0.6870856617379669, 0.33658035180537116, 0.15361174360765473, 0.0066653709969386465, 0.5969109621342124, 0.6423807110383071, 0.6569553435642141, 0.7613764387808218, 0.6596495703441242, 0.5773681233279985], [1.4944730550585925, 0.6568879859723058, 0.0, 0.2761109502681155, 0.46543293859932044, 0.12637940453176572, 0.3046228770896306, 0.6835591341651552, 0.37909272437157737, 0.14621214266350568, 0.007504523810135222, 0.5634263395531933, 0.6424939898306301, 0.6731777365978105, 0.7786706907198567, 0.6966425395489944, 0.5908053899078963], [0.7958614663452352, 0.8019606523941296, 0.0, 0.25810705800608474, 0.5192372122297592, 0.12039241676546386, 0.298528845954673, 0.6877135582165096, 0.34085990475349126, 0.17030256803480515, 0.00711334193318236, 0.5706444695146866, 0.6323217001647923, 0.6525792761865945, 0.7625382012745874, 0.6709969402715603, 0.5746397077538797], [0.25634037818533884, 0.8603259834887912, 0.0, 0.2781748042570561, 0.532964232752177, 0.12163973742392109, 0.2961010732335055, 0.6871228665340127, 0.33778922673913403, 0.18500455083722356, 0.00677745458930179, 0.5952395733371505, 0.6318454387111673, 0.6470935866830289, 0.7649542603443552, 0.6678292439461647, 0.5759150454505684], [2.1037828986598885, 0.6434242539862158, 0.0, 0.2622083461307014, 0.4610283848855653, 0.12828191764653404, 0.28840120925374035, 0.6821763091694931, 0.39667988497376583, 0.1446210792130853, 0.00783923647221818, 0.5546092763909318, 0.654606429036596, 0.6770604266670842, 0.7815675126181277, 0.7168663856056076, 0.5996655317581405], [1.4252842421087006, 0.816138881673984, 0.0, 0.25218720659309046, 0.523963612291358, 0.12182501818799385, 0.3692206162046944, 0.687786654947939, 0.3611653754457138, 0.17465717746012088, 0.007336964783822175, 0.5587438963847982, 0.6466390965999448, 0.6758417186922774, 0.7736866678349658, 0.7048181946855709, 0.5748034649689694], [1.0641760753180867, 0.8510996831232558, 0.0, 0.3013405445421149, 0.529159195614117, 0.12153246827837019, 0.2766273419181061, 0.6868479198084751, 0.33883568490594085, 0.1804751711354715, 0.00716927026363523, 0.5654190772564442, 0.621792365384317, 0.6651216207481948, 0.7612457459099832, 0.7079107659038927, 0.5661527970564196], [2.5279095496494817, 0.6348038682547892, 0.0, 0.31593351972501926, 0.46202020688713774, 0.1247659890333684, 0.3105830578768455, 0.6855264028414805, 0.3518246472908073, 0.13673099768085661, 0.00716927026363523, 0.5458945982562713, 0.6329853414300602, 0.6523570373033918, 0.7735081824172219, 0.7128229794344787, 0.5821831358558964], [1.8069251825113426, 0.7094210003555472, 0.0, 0.3124171503859463, 0.49042425291187786, 0.12105793977247058, 0.3241819503187145, 0.6878961736449927, 0.33021357258997974, 0.14965197412607312, 0.006721420376576193, 0.550989231623096, 0.6428745151825234, 0.651703238592492, 0.764969913842873, 0.6882923046907302, 0.564019814592974]], "features_2": [[0.1333096986976683, 0.8560785997520688, 0.0, 0.26982208810797853, 0.5277695208649372, 0.13382200905527059, 0.521169899750096, 0.6825805409371295, 0.3710355072306233, 0.19345244065933076, 0.0069454663283523566, 0.6013931273834237, 0.6691346216826917, 0.6932115699872236, 0.8080208803021849, 0.6993944974901508, 0.5802571659270478], [6.807039698450712, 1.0003718693053374, 0.0, 0.3493917253384175, 0.5415420801548448, 0.14786870396406254, 0.4174228499880236, 0.6675310941308747, 0.4101552008563052, 0.21908357245657029, 0.007727725548673403, 0.5134391722472431, 0.6302948051919937, 0.6406006898528649, 0.8252222747948023, 0.7268566887810984, 0.5968476700203702], [0.19726453886580275, 1.013837942245298, 0.0, 0.26683945898876466, 0.5649646754111632, 0.13569246623548167, 0.49243430910526487, 0.6808388719010232, 0.38276678536136033, 0.22659558432907212, 0.007057398507269275, 0.6084180190021726, 0.6657704414182343, 0.6822525232242558, 0.8096424427119224, 0.7055805521602065, 0.5966153084786363], [-0.078597291501596, 0.9811833617732767, 0.0, 0.27508689544815845, 0.5625285663824536, 0.1296312256456073, 0.5612038257791816, 0.6852909846479689, 0.3567720941872967, 0.21620744905209932, 0.007057398507269275, 0.6131467363081251, 0.6512629268383132, 0.673773500004844, 0.7997345960049954, 0.704100450184014, 0.5751442922159016], [3.0298160886165615, 0.9782566734715665, 0.0, 0.32208867344242326, 0.5367311975937955, 0.14479153085196889, 0.31393012433625456, 0.6678746398598079, 0.4076971812630419, 0.2197979064233715, 0.00716927026363523, 0.5418904054512836, 0.6459667469589881, 0.6569773642399204, 0.8164022499656426, 0.7321967488922336, 0.6015300255473188], [0.1258328795572723, 1.1272852978834191, 0.0, 0.25582708137521054, 0.5833989904054476, 0.13891353533693176, 0.3707477000169007, 0.6765332912973925, 0.4106950644344649, 0.25411026236611844, 0.007504523810135222, 0.6131376026486701, 0.6615866899298302, 0.6860049951032193, 0.8117909787208201, 0.710037087481871, 0.6115482827207464], [-0.01899954737616394, 1.0202047570894, 0.0, 0.2268721031938513, 0.5674790493470238, 0.12964096024175106, 0.4085572421395291, 0.684158566742288, 0.35910336670874843, 0.22400509930502133, 0.00683347364535547, 0.6196890154052048, 0.6601162512566864, 0.6650082979622427, 0.7975453141236392, 0.7127525331773608, 0.5746238518742524], [0.32992705456331217, 0.9181060381853551, 0.0, 0.27970486307615744, 0.5343803019491244, 0.13689471141113146, 0.3309018044118289, 0.6771270087495262, 0.4114023523099919, 0.2132236009214794, 0.007950687539111767, 0.6044643632263065, 0.6375821748481604, 0.6668710963633998, 0.8069448214661848, 0.7234414280948714, 0.5883434932098961], [-0.22896569448881854, 0.9701455387898323, 0.0, 0.2381863647014863, 0.5508041976140254, 0.133036257269607, 0.34694731982154253, 0.6807502589120071, 0.3891158302938258, 0.22318732651438222, 0.007504523810135222, 0.6258992091982993, 0.6722891528061122, 0.697194762865563, 0.8007647217183359, 0.7195872985676729, 0.5818687253213232]]}