{"labels_1": ["1", "2", "3", "4", "5", "6", "7", "8", "9"], "labels_2": ["1", "2", "3", "4", "5", "6", "7", "8", "9"], "adj_matrix_1": [[0.0, 0.14451, 0.24716, 0.16606, 0.0923, 0.2449, 0.2561, 0.0117, 0.05663], [0.14451, 0.0, 0.19373, 0.18543, 0.07581, 0.15047, 0.18148, 0.13612, 0.12312], [0.24716, 0.19373, 0.0, 0.13661, 0.17185, 0.12595, 0.06148, 0.05129, 0.13704], [0.16606, 0.18543, 0.13661, 0.0, 0.13819, 0.21288, 0.18072, 0.02669, 0.09628], [0.0923, 0.07581, 0.17185, 0.13819, 0.0, 0.17255, 0.17783, 0.13723, 0.06304], [0.2449, 0.15047, 0.12595, 0.21288, 0.17255, 0.0, 0.07165, 0.08728, 0.16381], [0.2561, 0.18148, 0.06148, 0.18072, 0.17783, 0.07165, 0.0, 0.0663, 0.15237], [0.0117, 0.13612, 0.05129, 0.02669, 0.13723, 0.08728, 0.0663, 0.0, 0.11742], [0.05663, 0.12312, 0.13704, 0.09628, 0.06304, 0.16381, 0.15237, 0.11742, 0.0]], "adj_matrix_2": [[0.0, 0.066, 0.06056, 0.05724, 0.00757, 0.11983, 0.19362, 0.00859, 0.07711], [0.066, 0.0, 0.00557, 0.12052, 0.05861, 0.05685, 0.24138, 0.07433, 0.13892], [0.06056, 0.00557, 0.0, 0.11546, 0.05315, 0.06229, 0.23792, 0.06894, 0.13402], [0.05724, 0.12052, 0.11546, 0.0, 0.06466, 0.16964, 0.14468, 0.04879, 0.02033], [0.00757, 0.05861, 0.05315, 0.06466, 0.0, 0.11293, 0.19962, 0.01615, 0.08441], [0.11983, 0.05685, 0.06229, 0.16964, 0.11293, 0.0, 0.27247, 0.12758, 0.18599], [0.19362, 0.24138, 0.23792, 0.14468, 0.19962, 0.27247, 0.0, 0.18675, 0.12609], [0.00859, 0.07433, 0.06894, 0.04879, 0.01615, 0.12758, 0.18675, 0.0, 0.06877], [0.07711, 0.13892, 0.13402, 0.02033, 0.08441, 0.18599, 0.12609, 0.06877, 0.0]], "features_1": [[0.13589740778346915, 0.7085702891376757, 0.0, 0.25543587478440977, 0.4886755708600693, 0.12115370247809656, 0.2687236179537663, 0.6870856617379669, 0.33658035180537116, 0.15361174360765473, 0.0066653709969386465, 0.5969109621342124, 0.6423807110383071, 0.6569553435642141, 0.7613764387808218, 0.6596495703441242, 0.5773681233279985], [1.4944730550585925, 0.6568879859723058, 0.0, 0.2761109502681155, 0.46543293859932044, 0.12637940453176572, 0.3046228770896306, 0.6835591341651552, 0.37909272437157737, 0.14621214266350568, 0.007504523810135222, 0.5634263395531933, 0.6424939898306301, 0.6731777365978105, 0.7786706907198567, 0.6966425395489944, 0.5908053899078963], [0.7958614663452352, 0.8019606523941296, 0.0, 0.25810705800608474, 0.5192372122297592, 0.12039241676546386, 0.298528845954673, 0.6877135582165096, 0.34085990475349126, 0.17030256803480515, 0.00711334193318236, 0.5706444695146866, 0.6323217001647923, 0.6525792761865945, 0.7625382012745874, 0.6709969402715603, 0.5746397077538797], [0.25634037818533884, 0.8603259834887912, 0.0, 0.2781748042570561, 0.532964232752177, 0.12163973742392109, 0.2961010732335055, 0.6871228665340127, 0.33778922673913403, 0.18500455083722356, 0.00677745458930179, 0.5952395733371505, 0.6318454387111673, 0.6470935866830289, 0.7649542603443552, 0.6678292439461647, 0.5759150454505684], [2.1037828986598885, 0.6434242539862158, 0.0, 0.2622083461307014, 0.4610283848855653, 0.12828191764653404, 0.28840120925374035, 0.6821763091694931, 0.39667988497376583, 0.1446210792130853, 0.00783923647221818, 0.5546092763909318, 0.654606429036596, 0.6770604266670842, 0.7815675126181277, 0.7168663856056076, 0.5996655317581405], [1.4252842421087006, 0.816138881673984, 0.0, 0.25218720659309046, 0.523963612291358, 0.12182501818799385, 0.3692206162046944, 0.687786654947939, 0.3611653754457138, 0.17465717746012088, 0.007336964783822175, 0.5587438963847982, 0.6466390965999448, 0.6758417186922774, 0.7736866678349658, 0.7048181946855709, 0.5748034649689694], [1.0641760753180867, 0.8510996831232558, 0.0, 0.3013405445421149, 0.529159195614117, 0.12153246827837019, 0.2766273419181061, 0.6868479198084751, 0.33883568490594085, 0.1804751711354715, 0.00716927026363523, 0.5654190772564442, 0.621792365384317, 0.6651216207481948, 0.7612457459099832, 0.7079107659038927, 0.5661527970564196], [2.5279095496494817, 0.6348038682547892, 0.0, 0.31593351972501926, 0.46202020688713774, 0.1247659890333684, 0.3105830578768455, 0.6855264028414805, 0.3518246472908073, 0.13673099768085661, 0.00716927026363523, 0.5458945982562713, 0.6329853414300602, 0.6523570373033918, 0.7735081824172219, 0.7128229794344787, 0.5821831358558964], [1.8069251825113426, 0.7094210003555472, 0.0, 0.3124171503859463, 0.49042425291187786, 0.12105793977247058, 0.3241819503187145, 0.6878961736449927, 0.33021357258997974, 0.14965197412607312, 0.006721420376576193, 0.550989231623096, 0.6428745151825234, 0.651703238592492, 0.764969913842873, 0.6882923046907302, 0.564019814592974]], "features_2": [[0.216920573042517, 0.7615058677943218, 0.0, 0.258597135976314, 0.478101108872891, 0.14496476908653821, 0.2167174064779111, 0.6659888580403567, 0.45815876563659175, 0.1903627183023484, 0.008507047823598457, 0.6270220247612124, 0.6513015251696219, 0.6756220155663573, 0.8116554555104603, 0.7248399555017441, 0.6337904108002864], [0.3753633398677292, 0.7804663645402629, 0.0, 0.24024258140140428, 0.4725892905533454, 0.15195790127894948, 0.19445246636350433, 0.6566164922805571, 0.4831809768866051, 0.1996231473215222, 0.008729175733573014, 0.6253717410927562, 0.6710824118561264, 0.704388580174066, 0.8200567410614015, 0.760235574249255, 0.630910699077254], [0.24926192788028922, 0.8927741737678616, 0.0, 0.2622981327383818, 0.5140689774968468, 0.14599099255718767, 0.20790670437231853, 0.6645844448460113, 0.46358067433355044, 0.21928637422329889, 0.008840150818991033, 0.626329470367931, 0.6677248844482505, 0.6808139656978447, 0.8126494108396471, 0.7352731908975908, 0.6344261484336523], [0.05158736534080255, 0.9134707062244488, 0.0, 0.2512802814425171, 0.5171587781450045, 0.1460028509716483, 0.16853539229050513, 0.6626442921831076, 0.466861226100322, 0.22575874110901362, 0.008062078829516484, 0.6274866695576351, 0.6657764318846378, 0.6888757307309911, 0.8098089701888835, 0.7337166168321052, 0.6290650399865297], [0.20230168665401793, 0.807920162163161, 0.0, 0.2593432269513232, 0.47499838896966723, 0.15351882041238818, 0.13846400600082234, 0.6497800234229587, 0.5092811434235311, 0.21100586616864314, 0.008951066763186244, 0.6292926189714989, 0.6590812577813856, 0.6828253127423305, 0.8163902463481456, 0.7525255359212646, 0.6270427515314985], [0.18829864813785147, 0.9135641526090499, 0.0, 0.2518089629108356, 0.5186192740788715, 0.14749188715520067, 0.20202793961852095, 0.6632967724817815, 0.47817159120853225, 0.22652148080756396, 0.008729175733573014, 0.6246974296365939, 0.6574216508011925, 0.6764880291220174, 0.8159719355003513, 0.7439639836331878, 0.6370974351805885], [0.1322276050907245, 0.9159918212644139, 0.0, 0.26694021899786263, 0.5152958188249023, 0.14859910320168696, 0.18693877516344556, 0.6611354019832398, 0.48122358833398393, 0.22871280018481444, 0.008284682400665488, 0.6370904741626504, 0.6788437032378767, 0.6884581635559267, 0.8152392581338094, 0.7316038646914811, 0.6302803993272897], [0.17805810372272024, 0.8209457331479025, 0.0, 0.2488370710731105, 0.47729856117000274, 0.15659085413478285, 0.11870225607516502, 0.6451337426736642, 0.5389005874933153, 0.21918953732418123, 0.008951066763186244, 0.6241252937235036, 0.6419427825517551, 0.6760166089356394, 0.8192955747642205, 0.7400895781961992, 0.6311245515584614], [0.13007033121756706, 0.8543707310122619, 0.0, 0.2498418718656641, 0.49225546927416786, 0.15363039944184756, 0.14438108308976183, 0.6524532380906244, 0.5126115494599168, 0.2226131041369721, 0.008951066763186244, 0.6233339561725573, 0.6699553566184319, 0.7162169546263528, 0.8190538879567579, 0.729071453923645, 0.6347364929526708]]}