{"labels_1": ["1", "2", "3", "4", "5", "6", "7", "8", "9"], "labels_2": ["1", "2", "3", "4", "5", "6", "7", "8", "9"], "adj_matrix_1": [[0.0, 0.06475, 0.15198, 0.09405, 0.0561, 0.17701, 0.03688, 0.00081, 0.18651], [0.06475, 0.0, 0.20516, 0.03014, 0.0088, 0.22609, 0.10045, 0.06554, 0.23378], [0.15198, 0.20516, 0.0, 0.2274, 0.19837, 0.03053, 0.11903, 0.15128, 0.04277], [0.09405, 0.03014, 0.2274, 0.0, 0.03889, 0.24625, 0.12877, 0.09483, 0.25296], [0.0561, 0.0088, 0.19837, 0.03889, 0.0, 0.21989, 0.09203, 0.05689, 0.22785], [0.17701, 0.22609, 0.03053, 0.24625, 0.21989, 0.0, 0.14602, 0.17636, 0.01236], [0.03688, 0.10045, 0.11903, 0.12877, 0.09203, 0.14602, 0.0, 0.03607, 0.15638], [0.00081, 0.06554, 0.15128, 0.09483, 0.05689, 0.17636, 0.03607, 0.0, 0.18587], [0.18651, 0.23378, 0.04277, 0.25296, 0.22785, 0.01236, 0.15638, 0.18587, 0.0]], "adj_matrix_2": [[0.0, 0.11798, 0.03331, 0.02269, 0.26203, 0.27246, 0.05771, 0.26474, 0.27621], [0.11798, 0.0, 0.08592, 0.13926, 0.17058, 0.18544, 0.17142, 0.27114, 0.191], [0.03331, 0.08592, 0.0, 0.05587, 0.23879, 0.25058, 0.09046, 0.26765, 0.25483], [0.02269, 0.13926, 0.05587, 0.0, 0.27663, 0.2862, 0.03517, 0.26189, 0.28952], [0.26203, 0.17058, 0.23879, 0.27663, 0.0, 0.01824, 0.2979, 0.24283, 0.02531], [0.27246, 0.18544, 0.25058, 0.2862, 0.01824, 0.0, 0.30601, 0.23624, 0.00708], [0.05771, 0.17142, 0.09046, 0.03517, 0.2979, 0.30601, 0.0, 0.25733, 0.30875], [0.26474, 0.27114, 0.26765, 0.26189, 0.24283, 0.23624, 0.25733, 0.0, 0.23356], [0.27621, 0.191, 0.25483, 0.28952, 0.02531, 0.00708, 0.30875, 0.23356, 0.0]], "features_1": [[0.05108241606525965, 0.6496073136600445, 0.0, 0.1997216744739921, 0.47143006235447776, 0.12342336325884885, 0.3552061572955438, 0.6871883951065795, 0.31993042130423976, 0.13989279091800433, 0.0064410216040902135, 0.607384582199602, 0.6474465120467009, 0.6547805690875446, 0.7750856675137622, 0.6966851470707913, 0.5752000042302832], [0.1413838090066375, 0.6353352138572836, 0.0, 0.2239611857936646, 0.46009949024495345, 0.12788775761796084, 0.3202012184188021, 0.6838839262640515, 0.3699221156160053, 0.14407926700158225, 0.007448685839370306, 0.6112202941334122, 0.6451657919487515, 0.6611072744205453, 0.7844582772253703, 0.7073838020343854, 0.5934278785076516], [0.14757114544747507, 0.7449175312591205, 0.0, 0.21770384575876148, 0.5048211175013299, 0.1228650201998267, 0.3887318324979738, 0.6879145665816218, 0.3242286170075801, 0.16022293071935878, 0.006721420376576193, 0.5959169280083283, 0.6349276442776753, 0.6481146535033467, 0.7767129793524163, 0.719510859552898, 0.5756074010426442], [-0.12207753887448014, 0.779510357615675, 0.0, 0.21703673107148244, 0.5123690956554369, 0.12459175600063976, 0.393591513435004, 0.6869447270182536, 0.3355702334432549, 0.17119623952316698, 0.00683347364535547, 0.6120727019095875, 0.6571164411846554, 0.6715581085696268, 0.7799169519448917, 0.7062295190739588, 0.5782416874656943], [0.3111834672386635, 0.6324907550993157, 0.0, 0.19665334674673463, 0.4618785805914788, 0.12406514902173657, 0.3352338704658557, 0.6864779569877308, 0.34394155069542687, 0.13846436227558456, 0.007392832833969631, 0.5993865770829672, 0.6487597285428204, 0.6665539189493839, 0.7758270976378406, 0.6945806442069387, 0.5761059255645514], [0.3753569642648844, 0.7854069324034273, 0.0, 0.19446926638108325, 0.5128783131271838, 0.1258025986898104, 0.4246312407139257, 0.6869053776202758, 0.34989050944924327, 0.17200172925931678, 0.0069454663283523566, 0.5906485809565525, 0.6484797798060761, 0.6648812685203199, 0.7877340553054892, 0.705714229383217, 0.5786460839640692], [0.22940689794903601, 0.7474965977225784, 0.0, 0.2178728397079657, 0.5006768972397173, 0.12568542919415043, 0.3302438252608312, 0.6853919711245184, 0.34197121654021045, 0.16446430515837185, 0.007392832833969631, 0.6003329011801362, 0.6643187701159347, 0.682735121764124, 0.7786006588786328, 0.7101452188233814, 0.5803689631598495], [0.1817218752194032, 0.675857766923504, 0.0, 0.21676542603661283, 0.47788754267721273, 0.12160209634516164, 0.3291003607353694, 0.687799807237709, 0.3212842296408269, 0.14613005847211835, 0.006721420376576193, 0.5948415553259525, 0.6458717606253672, 0.6706003720621971, 0.7672873067064299, 0.6964627205795859, 0.5522462955412613], [0.6530884628104885, 0.6839201695578608, 0.0, 0.22734897943273857, 0.4805896915763996, 0.12427302525606783, 0.3537791033821769, 0.686590789769715, 0.34709209817581677, 0.1491772842513197, 0.00716927026363523, 0.58741429851771, 0.6522310514620022, 0.6778761488172259, 0.7764988123347665, 0.7111648171475715, 0.5722142983821165]], "features_2": [[0.03238294824437382, 0.7548441931867758, 0.0, 0.24213328745008775, 0.4988542919847352, 0.12779880728608484, 0.3646870922235948, 0.684494250363732, 0.36443056983378885, 0.17064992382732136, 0.007225183508792421, 0.6141128155876774, 0.6618263604357203, 0.676950694523137, 0.7894976580908066, 0.729093828329311, 0.6032934741115787], [0.19697328345508236, 0.7730756281357681, 0.0, 0.30396955371304535, 0.49341162260504656, 0.13407968451965785, 0.3396263714302471, 0.6784947326853674, 0.4127171165343384, 0.18303109920277283, 0.008006390651371653, 0.6170604141996394, 0.6764989208017212, 0.6905297206177267, 0.798078420010866, 0.7101631373417436, 0.6138837582606717], [0.14467740125287332, 0.8771401796621332, 0.0, 0.27105860607195453, 0.5340671361528614, 0.12733183831327446, 0.36856945592882867, 0.6846919494602417, 0.3617424090598911, 0.1947173132709057, 0.007560346756364078, 0.6102880413368874, 0.6660814950355662, 0.6840044729712352, 0.7867953895326714, 0.7192750940120405, 0.6016097558783835], [0.10281470739104215, 0.9121360880396702, 0.0, 0.2543464748666791, 0.5401660440621431, 0.12857729216059205, 0.3246845013426423, 0.6832422372595628, 0.36339424245437635, 0.20245791437528893, 0.007336964783822175, 0.6173342150919878, 0.6408296387042944, 0.6671189461029559, 0.7875659293042362, 0.692831382366853, 0.6059380801857653], [0.4670130133805799, 0.7664677008886286, 0.0, 0.33038415133666726, 0.4918589748076112, 0.13439932951084355, 0.3789503165548652, 0.6791477950617746, 0.4188556855756316, 0.1821168173586165, 0.007894969482732161, 0.6035857638369411, 0.6591784690239906, 0.7041735294047385, 0.8002925981358862, 0.7306813119698027, 0.6101549166618142], [0.359744349254425, 0.8691676041872021, 0.0, 0.30598300359390335, 0.5335623866410645, 0.12764517799314487, 0.4527339879386588, 0.6857752781766053, 0.3772291600036235, 0.1939773453432625, 0.007560346756364078, 0.6050450885841023, 0.6574334619128599, 0.6786287778601116, 0.7942670967570025, 0.705866502880469, 0.5960376605911957], [0.22387698957581792, 0.9081470946921646, 0.0, 0.22257825438918483, 0.5383751304013147, 0.12916370696764695, 0.37358631610828325, 0.6837656193173087, 0.38574135684490174, 0.20496484395662096, 0.007783488497544067, 0.6187866829653088, 0.6602864568107086, 0.6813506596117713, 0.7917812172281393, 0.7112957382632557, 0.5908677435694641], [0.7606951412316181, 0.8040006624146262, 0.0, 0.3132799468882271, 0.5123377108902447, 0.12918386079659205, 0.45213132083202084, 0.6845652482517011, 0.38646425456628064, 0.18264814154334763, 0.007448685839370306, 0.581295292597038, 0.6612959783718558, 0.6787671736442061, 0.7940902350938465, 0.7249473331229633, 0.5909412404132357], [0.27644695512988093, 0.8069993526809901, 0.0, 0.2641802073552731, 0.5133728434010465, 0.1284996827794908, 0.4461442344141595, 0.6849215203123902, 0.38237079621908787, 0.18489296133438882, 0.007671947615560004, 0.5997609123903735, 0.6532683841989235, 0.6807700706202019, 0.792081391060408, 0.7064808102937559, 0.5849401511159554]]}