{"labels_1": ["1", "2", "3", "4", "5", "6", "7", "8", "9"], "labels_2": ["1", "2", "3", "4", "5", "6", "7", "8", "9"], "adj_matrix_1": [[0.0, 0.10748, 0.1187, 0.06518, 0.14101, 0.03749, 0.23282, 0.09436, 0.14342], [0.10748, 0.0, 0.21587, 0.16852, 0.03515, 0.14301, 0.30474, 0.19466, 0.23672], [0.1187, 0.21587, 0.0, 0.05525, 0.24449, 0.08267, 0.13222, 0.02553, 0.02667], [0.06518, 0.16852, 0.05525, 0.0, 0.19981, 0.02795, 0.18085, 0.02989, 0.08138], [0.14101, 0.03515, 0.24449, 0.19981, 0.0, 0.17538, 0.32416, 0.2246, 0.26381], [0.03749, 0.14301, 0.08267, 0.02795, 0.17538, 0.0, 0.20377, 0.05764, 0.10828], [0.23282, 0.30474, 0.13222, 0.18085, 0.32416, 0.20377, 0.0, 0.15512, 0.10751], [0.09436, 0.19466, 0.02553, 0.02989, 0.2246, 0.05764, 0.15512, 0.0, 0.05205], [0.14342, 0.23672, 0.02667, 0.08138, 0.26381, 0.10828, 0.10751, 0.05205, 0.0]], "adj_matrix_2": [[0.0, 0.01535, 0.01698, 0.01441, 0.24306, 0.09786, 0.16018, 0.30364, 0.34847], [0.01535, 0.0, 0.03232, 0.00094, 0.23042, 0.08283, 0.16328, 0.30464, 0.34656], [0.01698, 0.03232, 0.0, 0.03138, 0.25663, 0.11437, 0.15664, 0.30209, 0.35012], [0.01441, 0.00094, 0.03138, 0.0, 0.23106, 0.08377, 0.16286, 0.30421, 0.34642], [0.24306, 0.23042, 0.25663, 0.23106, 0.0, 0.15739, 0.21422, 0.29113, 0.27296], [0.09786, 0.08283, 0.11437, 0.08377, 0.15739, 0.0, 0.18043, 0.30682, 0.33123], [0.16018, 0.16328, 0.15664, 0.16286, 0.21422, 0.18043, 0.0, 0.16908, 0.21657], [0.30364, 0.30464, 0.30209, 0.30421, 0.29113, 0.30682, 0.16908, 0.0, 0.10048], [0.34847, 0.34656, 0.35012, 0.34642, 0.27296, 0.33123, 0.21657, 0.10048, 0.0]], "features_1": [[-0.2536270953751303, 0.8316505613692671, 0.0, 0.21636498688829398, 0.5108307267936896, 0.13482065138568577, 0.2866536594529478, 0.677393413739337, 0.413350939521012, 0.19954868048423924, 0.007894969482732161, 0.6262034999055341, 0.6636360751959397, 0.6992406823602523, 0.7990786879614152, 0.7240463249958278, 0.6117209333971189], [-0.3441586041955085, 0.8719818389730739, 0.0, 0.2147194122240584, 0.5209728681254753, 0.1372725433744763, 0.2936020493423669, 0.6757196295991275, 0.4182656476077071, 0.21207140294859794, 0.008006390651371653, 0.6417413136887622, 0.6723639510578628, 0.7114744461249491, 0.8063448164864809, 0.7265653586451903, 0.6182283504156566], [-0.2989212148407736, 0.9859509259742075, 0.0, 0.21346167114760206, 0.548540113401884, 0.1363117799800563, 0.27098720564313084, 0.6757779017505279, 0.4159707216774582, 0.2334534852657737, 0.007894969482732161, 0.6294332597237595, 0.6716331702975453, 0.7013506720127731, 0.8010146895097322, 0.7322300609750295, 0.6171666020141396], [-0.323758194660519, 0.9956401855885575, 0.0, 0.1942882549060873, 0.5487096831489574, 0.13699873088629894, 0.2464659787875604, 0.6740523564140419, 0.42289034442926887, 0.23623134889928843, 0.008117752083540042, 0.6260485174049983, 0.6680753600915615, 0.7051689792548033, 0.799306391378585, 0.7258296986073485, 0.6153280531211412], [-0.28879002211440064, 0.8793122629948217, 0.0, 0.21658446125568645, 0.5200688765284917, 0.1384157756997802, 0.2961172625967542, 0.6746915869650929, 0.422128667048592, 0.2142376931863419, 0.008006390651371653, 0.6343747816205185, 0.6773646879403837, 0.7099604155145, 0.8087102466076553, 0.7333131717138605, 0.6227939749377964], [-0.29124076451480496, 1.0218368077052185, 0.0, 0.2017636227092994, 0.558886065280569, 0.13630596327934302, 0.3082857656513994, 0.6770500414289902, 0.42156874071447237, 0.2417490538483884, 0.007894969482732161, 0.6350708591667467, 0.6815305137651211, 0.7122690756449084, 0.8054250931948408, 0.7333769518698495, 0.6209278763035038], [-0.11241682712690926, 0.9804033519535995, 0.0, 0.21785177128556318, 0.5465777632833516, 0.13704861430889237, 0.29807635213749606, 0.6759694381354728, 0.41956051995350485, 0.23206587678032187, 0.008117752083540042, 0.6186140854268509, 0.6723419224061027, 0.7086738655491429, 0.8054721453245397, 0.7178422341763124, 0.6225441431105089], [-0.061774111950260835, 0.9151444622768309, 0.0, 0.20350010795950685, 0.5314704911967648, 0.137688587551828, 0.3224157078057438, 0.6763466434604253, 0.4242170919452193, 0.22086751336330224, 0.00822905385914674, 0.6237069477711501, 0.6761496661561032, 0.7192734851521654, 0.8103627930839671, 0.7345964871263071, 0.6212456022449797], [-0.015543268837554969, 0.9158484809641884, 0.0, 0.22458636894009176, 0.5335932605263357, 0.13736238037249862, 0.33684299539154167, 0.6770490419084694, 0.42559036299302444, 0.21991494517255106, 0.00822905385914674, 0.623182129221981, 0.6789185280124498, 0.7129866853533385, 0.8109161964729367, 0.7483983589598356, 0.6253969501640075]], "features_2": [[-0.3199582275270827, 0.6888576325064705, 0.0, 0.21888541242969536, 0.47385766179111766, 0.1269894568155411, 0.2614926854108006, 0.6827776577498937, 0.34268478623906873, 0.15599113227738437, 0.00716927026363523, 0.6259613793140715, 0.6532075235418133, 0.6679033796198143, 0.7686212603938471, 0.6901971527489239, 0.569680528472627], [-0.32371114475064466, 0.6859730893859651, 0.0, 0.21486073249950896, 0.47289055274062375, 0.12789601106978796, 0.2816772693967998, 0.6826624339244224, 0.3517681713719367, 0.157927066345259, 0.007616154688146137, 0.6256209423022212, 0.6565528252866859, 0.6845535626974395, 0.7764792315063431, 0.7005437365985743, 0.5809708456116878], [-0.2824363906243441, 0.8329930280515235, 0.0, 0.21525711864184927, 0.5168351760281341, 0.12750441758456027, 0.2445914629103733, 0.6823066551449583, 0.3489520746597736, 0.1875529539009957, 0.007281081678807366, 0.6266613850996721, 0.6436210397140182, 0.6605571987336964, 0.7696530696459852, 0.6948437094511631, 0.5758772999424496], [-0.17460117538335362, 0.8724840910059213, 0.0, 0.22957285062158514, 0.5209190234068204, 0.13052409963147993, 0.17901923485227939, 0.6781580688660735, 0.37160235657298313, 0.2006803825729302, 0.007392832833969631, 0.6300151836143875, 0.6478951334140168, 0.6741092734963305, 0.7705641346227706, 0.6934805421401875, 0.5767903813554206], [-0.19579089446490228, 0.659610672543589, 0.0, 0.209028995264643, 0.4638543441274511, 0.1272781656104473, 0.2858857768822979, 0.6830563667673812, 0.34543040262365055, 0.15009852834105475, 0.00716927026363523, 0.6139445107933867, 0.6586544280784719, 0.6863089796394561, 0.7754963996938288, 0.7049301701053027, 0.5746456450793334], [-0.22397561970241808, 0.8664649796632758, 0.0, 0.21499707076222863, 0.5254242028093354, 0.12714207682359754, 0.2342805498450467, 0.6825705067792815, 0.3454520034907762, 0.19401842816374804, 0.007281081678807366, 0.6261505805304437, 0.6508914857758626, 0.6766837178950608, 0.7689265798738101, 0.6856559624770596, 0.5687031914461889], [0.8239200952000192, 0.8548356981465441, 0.0, 0.3183196053621244, 0.5186372497175482, 0.1276230903934313, 0.22604192970469014, 0.6816484922548948, 0.3579384033449533, 0.19132261707839882, 0.007504523810135222, 0.5765836860608857, 0.6320931710028024, 0.6574214364351822, 0.7654988384884517, 0.6968966811300424, 0.5611970411692734], [0.8000733514045275, 0.7400494522477357, 0.0, 0.25305572402483206, 0.49563063070644997, 0.12283947629795108, 0.2491585285564973, 0.686223020758911, 0.33420676583029296, 0.15801148905102957, 0.0069454663283523566, 0.5783015223032066, 0.6229755554742016, 0.6378875113179638, 0.7600601650905826, 0.7235508190674994, 0.5468089054605804], [0.7383929550561397, 0.8169358884452427, 0.0, 0.2562026446313869, 0.5169752524711355, 0.12217336300516962, 0.22069850108619846, 0.686203044828829, 0.3308648654979691, 0.17376157898659983, 0.00716927026363523, 0.577659443762808, 0.6254938405198501, 0.647358938730624, 0.7524530835587899, 0.6801382477759269, 0.5376362608988199]]}