{"labels_1": ["1", "2", "3", "4", "5", "6", "7", "8", "9"], "labels_2": ["1", "2", "3", "4", "5", "6", "7", "8", "9"], "adj_matrix_1": [[0.0, 0.02142, 0.04548, 0.26932, 0.09222, 0.2678, 0.35589, 0.24523, 0.26244], [0.02142, 0.0, 0.02422, 0.25821, 0.07174, 0.25658, 0.35573, 0.2321, 0.25071], [0.04548, 0.02422, 0.0, 0.24394, 0.04805, 0.24221, 0.35362, 0.21563, 0.23576], [0.26932, 0.25821, 0.24394, 0.0, 0.21049, 0.00245, 0.20194, 0.03919, 0.01172], [0.09222, 0.07174, 0.04805, 0.21049, 0.0, 0.2085, 0.34296, 0.17849, 0.20119], [0.2678, 0.25658, 0.24221, 0.00245, 0.2085, 0.0, 0.20405, 0.03674, 0.00927], [0.35589, 0.35573, 0.35362, 0.20194, 0.34296, 0.20405, 0.0, 0.23448, 0.21191], [0.24523, 0.2321, 0.21563, 0.03919, 0.17849, 0.03674, 0.23448, 0.0, 0.02752], [0.26244, 0.25071, 0.23576, 0.01172, 0.20119, 0.00927, 0.21191, 0.02752, 0.0]], "adj_matrix_2": [[0.0, 0.15616, 0.21319, 0.04058, 0.0416, 0.19853, 0.15513, 0.10172, 0.17724], [0.15616, 0.0, 0.06883, 0.11885, 0.1179, 0.0502, 0.00116, 0.24188, 0.29909], [0.21319, 0.06883, 0.0, 0.18007, 0.17922, 0.01899, 0.06995, 0.28595, 0.33169], [0.04058, 0.11885, 0.18007, 0.0, 0.00102, 0.16412, 0.11778, 0.14024, 0.21248], [0.0416, 0.1179, 0.17922, 0.00102, 0.0, 0.16323, 0.11682, 0.14118, 0.21332], [0.19853, 0.0502, 0.01899, 0.16412, 0.16323, 0.0, 0.05134, 0.2752, 0.32428], [0.15513, 0.00116, 0.06995, 0.11778, 0.11682, 0.05134, 0.0, 0.24108, 0.29853], [0.10172, 0.24188, 0.28595, 0.14024, 0.14118, 0.2752, 0.24108, 0.0, 0.08008], [0.17724, 0.29909, 0.33169, 0.21248, 0.21332, 0.32428, 0.29853, 0.08008, 0.0]], "features_1": [[0.3355977009949891, 0.735729709339178, 0.0, 0.24952194354027304, 0.4924879624183979, 0.12241776906510127, 0.18848134471148512, 0.6856243790112493, 0.33049886257142114, 0.160644715209739, 0.00716927026363523, 0.5991533435799479, 0.6241873324227614, 0.6445766408335999, 0.7536301113304543, 0.6747109000817832, 0.5562634177462384], [0.29991474490682446, 0.7539899646041468, 0.0, 0.27767129639814475, 0.4917448221617614, 0.12690449009955188, 0.23027814322744292, 0.6817233393301803, 0.3497435463552385, 0.16833686534647385, 0.00716927026363523, 0.5965304587063125, 0.6303343929756162, 0.6312453697964566, 0.761788288970619, 0.7050008172686321, 0.5717907467372348], [0.13296211347702735, 0.8577479592758019, 0.0, 0.24663787583667524, 0.526407328051231, 0.12284049081466061, 0.1283221976108436, 0.6844199887641711, 0.3275649582342399, 0.18626675789045666, 0.00716927026363523, 0.6058834811386589, 0.6313971519236214, 0.646347277102264, 0.7463226163993577, 0.6668372258161412, 0.5517332462358164], [0.24217783560785566, 0.8002450979852664, 0.0, 0.24620123001980632, 0.508809695136341, 0.1251794735364371, 0.19191184045722096, 0.6837604958740098, 0.3513862336713647, 0.17700098003391096, 0.007504523810135222, 0.6072466129456495, 0.6359388619083832, 0.655830299036393, 0.7627193867693821, 0.6964090520335402, 0.5718106068886718], [0.32763553056896333, 0.7360910697627533, 0.0, 0.2872532275474903, 0.4830103800353406, 0.12897344660021587, 0.2706443570427631, 0.6797732913704159, 0.3538921589310844, 0.16520865681428387, 0.007225183508792421, 0.5995121238173311, 0.6251040905419181, 0.6312555101990486, 0.7633388475391983, 0.7040889200738681, 0.5634974272366141], [0.044684150899443775, 0.8716691562349872, 0.0, 0.2648984923244328, 0.5286115506755239, 0.12479675462210177, 0.1667722053793163, 0.6834253561828294, 0.3384051594109587, 0.1903020656707255, 0.00711334193318236, 0.6106634103118291, 0.6275316608829113, 0.6477105976790253, 0.7560788508757784, 0.6807776627640877, 0.5629870163619086], [-0.015414491119716267, 0.7790588598895378, 0.0, 0.24491942949749418, 0.4994154738781543, 0.12679316929688894, 0.19059257265029786, 0.6818652016055391, 0.3607401008252269, 0.17641143912037793, 0.007281081678807366, 0.6247530623730904, 0.6438811672517427, 0.6484041763911588, 0.7625984465838705, 0.6598416955284162, 0.5642442267966636], [0.17141684792659717, 0.6975405460476688, 0.0, 0.2588216670947352, 0.475058547319873, 0.1267782954709149, 0.21571177964311375, 0.6820424752221081, 0.35837045248354094, 0.15579499353716297, 0.007448685839370306, 0.6193554575132634, 0.6276055205369786, 0.6491795760619369, 0.7609398418028628, 0.681648551066508, 0.5737399680186838], [0.36456462665135225, 0.7537975878957718, 0.0, 0.2702226581470961, 0.493630542120696, 0.12548284169600982, 0.16834130783151124, 0.6827031849492537, 0.35950680455417894, 0.16645457382939677, 0.007671947615560004, 0.6069402112147597, 0.6250261990491875, 0.6364513878890464, 0.7562282961780988, 0.6934505201917011, 0.5618335080718801]], "features_2": [[0.03923318806646625, 0.5937590378234371, 0.0, 0.23934473060255496, 0.44967754625018663, 0.12791721623671726, 0.35840338223941187, 0.6852754824002343, 0.35907602300010977, 0.13404918636299112, 0.007504523810135222, 0.6178230254929291, 0.6493381789884565, 0.6849985956776822, 0.791556045033261, 0.7004136522312181, 0.614691050115427], [0.06865506190871162, 0.6298993237869287, 0.0, 0.24726298895432414, 0.46088019751710474, 0.1297276520239773, 0.33980905153073804, 0.6836773802655532, 0.3737477201732209, 0.14461390343478286, 0.007504523810135222, 0.6077168181526629, 0.6620185158600463, 0.6826333882398825, 0.7939568688658183, 0.7195475278179669, 0.6145731729373122], [0.08957787689959984, 0.6967485767505346, 0.0, 0.2432424289230888, 0.48669476986880866, 0.12852095641292946, 0.33825461699160686, 0.6847345923844105, 0.36315021682392556, 0.15760148111193506, 0.00716927026363523, 0.6079379324672081, 0.6674290130041484, 0.6682756824260301, 0.7912310275971806, 0.7042394538523676, 0.6155791680581709], [-0.06496138831335196, 0.7077947755255112, 0.0, 0.24883846184235034, 0.486933355478389, 0.1300015319575679, 0.36770462550327065, 0.6838232951477483, 0.3661393733210936, 0.16322925502120644, 0.0069454663283523566, 0.6158339110243598, 0.6647818805518929, 0.7001469758150748, 0.7938756170652806, 0.7066960356700157, 0.6157189145120234], [-0.023028625428486382, 0.6779188463347692, 0.0, 0.22596844104480682, 0.4747521728922804, 0.1287495516793537, 0.28864417582589824, 0.6829197181687143, 0.35904884511948376, 0.15477286492692777, 0.00716927026363523, 0.6135367600052222, 0.6540199568191942, 0.6926312512308176, 0.7846545588188061, 0.7020965198955735, 0.5988229896280353], [0.052863567385657007, 0.7325633039772601, 0.0, 0.2343482392404189, 0.49848642729397163, 0.12777820571262427, 0.356743436291309, 0.6852830841075185, 0.35760092086614503, 0.16512495068524924, 0.007281081678807366, 0.6042103211200809, 0.6555027333981966, 0.683322013127713, 0.7901065821331097, 0.7144935175007167, 0.6060228399957278], [0.24939384336504178, 0.7492764142276729, 0.0, 0.2257657808811253, 0.49227685661712917, 0.1295946055821527, 0.23302782853691612, 0.6811914899882516, 0.36002523214686, 0.16900449275847507, 0.007504523810135222, 0.6026896585746222, 0.6417574645976276, 0.6625180056037085, 0.7804397765779172, 0.7092326033345746, 0.5895994782124444], [-0.18706539523292331, 0.6849207769815698, 0.0, 0.20188066802244248, 0.47522816923530664, 0.12761671305423192, 0.28367337954437416, 0.6830013556240517, 0.35077963493627884, 0.15486688466078236, 0.007281081678807366, 0.6197636887242104, 0.6516898246872268, 0.676477957502484, 0.774408804685303, 0.6797706696554201, 0.591277191162864], [-0.20457137668285075, 0.769067840669364, 0.0, 0.21197810471343678, 0.5026647016567488, 0.12461468440027015, 0.25792084501220314, 0.6848678289013375, 0.3453833932439423, 0.17168524119009065, 0.007616154688146137, 0.6274650169965239, 0.6587056968570763, 0.6694839585188397, 0.7657402372904895, 0.6813937465468923, 0.5791715066428336]]}