{"labels_1": ["1", "2", "3", "4", "5", "6", "7", "8", "9"], "labels_2": ["1", "2", "3", "4", "5", "6", "7", "8", "9"], "adj_matrix_1": [[0.0, 0.02142, 0.04548, 0.26932, 0.09222, 0.2678, 0.35589, 0.24523, 0.26244], [0.02142, 0.0, 0.02422, 0.25821, 0.07174, 0.25658, 0.35573, 0.2321, 0.25071], [0.04548, 0.02422, 0.0, 0.24394, 0.04805, 0.24221, 0.35362, 0.21563, 0.23576], [0.26932, 0.25821, 0.24394, 0.0, 0.21049, 0.00245, 0.20194, 0.03919, 0.01172], [0.09222, 0.07174, 0.04805, 0.21049, 0.0, 0.2085, 0.34296, 0.17849, 0.20119], [0.2678, 0.25658, 0.24221, 0.00245, 0.2085, 0.0, 0.20405, 0.03674, 0.00927], [0.35589, 0.35573, 0.35362, 0.20194, 0.34296, 0.20405, 0.0, 0.23448, 0.21191], [0.24523, 0.2321, 0.21563, 0.03919, 0.17849, 0.03674, 0.23448, 0.0, 0.02752], [0.26244, 0.25071, 0.23576, 0.01172, 0.20119, 0.00927, 0.21191, 0.02752, 0.0]], "adj_matrix_2": [[0.0, 0.01535, 0.01698, 0.01441, 0.24306, 0.09786, 0.16018, 0.30364, 0.34847], [0.01535, 0.0, 0.03232, 0.00094, 0.23042, 0.08283, 0.16328, 0.30464, 0.34656], [0.01698, 0.03232, 0.0, 0.03138, 0.25663, 0.11437, 0.15664, 0.30209, 0.35012], [0.01441, 0.00094, 0.03138, 0.0, 0.23106, 0.08377, 0.16286, 0.30421, 0.34642], [0.24306, 0.23042, 0.25663, 0.23106, 0.0, 0.15739, 0.21422, 0.29113, 0.27296], [0.09786, 0.08283, 0.11437, 0.08377, 0.15739, 0.0, 0.18043, 0.30682, 0.33123], [0.16018, 0.16328, 0.15664, 0.16286, 0.21422, 0.18043, 0.0, 0.16908, 0.21657], [0.30364, 0.30464, 0.30209, 0.30421, 0.29113, 0.30682, 0.16908, 0.0, 0.10048], [0.34847, 0.34656, 0.35012, 0.34642, 0.27296, 0.33123, 0.21657, 0.10048, 0.0]], "features_1": [[0.3355977009949891, 0.735729709339178, 0.0, 0.24952194354027304, 0.4924879624183979, 0.12241776906510127, 0.18848134471148512, 0.6856243790112493, 0.33049886257142114, 0.160644715209739, 0.00716927026363523, 0.5991533435799479, 0.6241873324227614, 0.6445766408335999, 0.7536301113304543, 0.6747109000817832, 0.5562634177462384], [0.29991474490682446, 0.7539899646041468, 0.0, 0.27767129639814475, 0.4917448221617614, 0.12690449009955188, 0.23027814322744292, 0.6817233393301803, 0.3497435463552385, 0.16833686534647385, 0.00716927026363523, 0.5965304587063125, 0.6303343929756162, 0.6312453697964566, 0.761788288970619, 0.7050008172686321, 0.5717907467372348], [0.13296211347702735, 0.8577479592758019, 0.0, 0.24663787583667524, 0.526407328051231, 0.12284049081466061, 0.1283221976108436, 0.6844199887641711, 0.3275649582342399, 0.18626675789045666, 0.00716927026363523, 0.6058834811386589, 0.6313971519236214, 0.646347277102264, 0.7463226163993577, 0.6668372258161412, 0.5517332462358164], [0.24217783560785566, 0.8002450979852664, 0.0, 0.24620123001980632, 0.508809695136341, 0.1251794735364371, 0.19191184045722096, 0.6837604958740098, 0.3513862336713647, 0.17700098003391096, 0.007504523810135222, 0.6072466129456495, 0.6359388619083832, 0.655830299036393, 0.7627193867693821, 0.6964090520335402, 0.5718106068886718], [0.32763553056896333, 0.7360910697627533, 0.0, 0.2872532275474903, 0.4830103800353406, 0.12897344660021587, 0.2706443570427631, 0.6797732913704159, 0.3538921589310844, 0.16520865681428387, 0.007225183508792421, 0.5995121238173311, 0.6251040905419181, 0.6312555101990486, 0.7633388475391983, 0.7040889200738681, 0.5634974272366141], [0.044684150899443775, 0.8716691562349872, 0.0, 0.2648984923244328, 0.5286115506755239, 0.12479675462210177, 0.1667722053793163, 0.6834253561828294, 0.3384051594109587, 0.1903020656707255, 0.00711334193318236, 0.6106634103118291, 0.6275316608829113, 0.6477105976790253, 0.7560788508757784, 0.6807776627640877, 0.5629870163619086], [-0.015414491119716267, 0.7790588598895378, 0.0, 0.24491942949749418, 0.4994154738781543, 0.12679316929688894, 0.19059257265029786, 0.6818652016055391, 0.3607401008252269, 0.17641143912037793, 0.007281081678807366, 0.6247530623730904, 0.6438811672517427, 0.6484041763911588, 0.7625984465838705, 0.6598416955284162, 0.5642442267966636], [0.17141684792659717, 0.6975405460476688, 0.0, 0.2588216670947352, 0.475058547319873, 0.1267782954709149, 0.21571177964311375, 0.6820424752221081, 0.35837045248354094, 0.15579499353716297, 0.007448685839370306, 0.6193554575132634, 0.6276055205369786, 0.6491795760619369, 0.7609398418028628, 0.681648551066508, 0.5737399680186838], [0.36456462665135225, 0.7537975878957718, 0.0, 0.2702226581470961, 0.493630542120696, 0.12548284169600982, 0.16834130783151124, 0.6827031849492537, 0.35950680455417894, 0.16645457382939677, 0.007671947615560004, 0.6069402112147597, 0.6250261990491875, 0.6364513878890464, 0.7562282961780988, 0.6934505201917011, 0.5618335080718801]], "features_2": [[-0.3199582275270827, 0.6888576325064705, 0.0, 0.21888541242969536, 0.47385766179111766, 0.1269894568155411, 0.2614926854108006, 0.6827776577498937, 0.34268478623906873, 0.15599113227738437, 0.00716927026363523, 0.6259613793140715, 0.6532075235418133, 0.6679033796198143, 0.7686212603938471, 0.6901971527489239, 0.569680528472627], [-0.32371114475064466, 0.6859730893859651, 0.0, 0.21486073249950896, 0.47289055274062375, 0.12789601106978796, 0.2816772693967998, 0.6826624339244224, 0.3517681713719367, 0.157927066345259, 0.007616154688146137, 0.6256209423022212, 0.6565528252866859, 0.6845535626974395, 0.7764792315063431, 0.7005437365985743, 0.5809708456116878], [-0.2824363906243441, 0.8329930280515235, 0.0, 0.21525711864184927, 0.5168351760281341, 0.12750441758456027, 0.2445914629103733, 0.6823066551449583, 0.3489520746597736, 0.1875529539009957, 0.007281081678807366, 0.6266613850996721, 0.6436210397140182, 0.6605571987336964, 0.7696530696459852, 0.6948437094511631, 0.5758772999424496], [-0.17460117538335362, 0.8724840910059213, 0.0, 0.22957285062158514, 0.5209190234068204, 0.13052409963147993, 0.17901923485227939, 0.6781580688660735, 0.37160235657298313, 0.2006803825729302, 0.007392832833969631, 0.6300151836143875, 0.6478951334140168, 0.6741092734963305, 0.7705641346227706, 0.6934805421401875, 0.5767903813554206], [-0.19579089446490228, 0.659610672543589, 0.0, 0.209028995264643, 0.4638543441274511, 0.1272781656104473, 0.2858857768822979, 0.6830563667673812, 0.34543040262365055, 0.15009852834105475, 0.00716927026363523, 0.6139445107933867, 0.6586544280784719, 0.6863089796394561, 0.7754963996938288, 0.7049301701053027, 0.5746456450793334], [-0.22397561970241808, 0.8664649796632758, 0.0, 0.21499707076222863, 0.5254242028093354, 0.12714207682359754, 0.2342805498450467, 0.6825705067792815, 0.3454520034907762, 0.19401842816374804, 0.007281081678807366, 0.6261505805304437, 0.6508914857758626, 0.6766837178950608, 0.7689265798738101, 0.6856559624770596, 0.5687031914461889], [0.8239200952000192, 0.8548356981465441, 0.0, 0.3183196053621244, 0.5186372497175482, 0.1276230903934313, 0.22604192970469014, 0.6816484922548948, 0.3579384033449533, 0.19132261707839882, 0.007504523810135222, 0.5765836860608857, 0.6320931710028024, 0.6574214364351822, 0.7654988384884517, 0.6968966811300424, 0.5611970411692734], [0.8000733514045275, 0.7400494522477357, 0.0, 0.25305572402483206, 0.49563063070644997, 0.12283947629795108, 0.2491585285564973, 0.686223020758911, 0.33420676583029296, 0.15801148905102957, 0.0069454663283523566, 0.5783015223032066, 0.6229755554742016, 0.6378875113179638, 0.7600601650905826, 0.7235508190674994, 0.5468089054605804], [0.7383929550561397, 0.8169358884452427, 0.0, 0.2562026446313869, 0.5169752524711355, 0.12217336300516962, 0.22069850108619846, 0.686203044828829, 0.3308648654979691, 0.17376157898659983, 0.00716927026363523, 0.577659443762808, 0.6254938405198501, 0.647358938730624, 0.7524530835587899, 0.6801382477759269, 0.5376362608988199]]}