{"labels_1": ["1", "2", "3", "4", "5", "6", "7", "8", "9"], "labels_2": ["1", "2", "3", "4", "5", "6", "7", "8", "9"], "adj_matrix_1": [[0.0, 0.1421, 0.09574, 0.07798, 0.17604, 0.15669, 0.22514, 0.11838, 0.23646], [0.1421, 0.0, 0.05296, 0.07143, 0.04386, 0.01839, 0.11784, 0.02802, 0.13726], [0.09574, 0.05296, 0.0, 0.01909, 0.09508, 0.07083, 0.16302, 0.02525, 0.18014], [0.07798, 0.07143, 0.01909, 0.0, 0.11246, 0.08892, 0.17751, 0.04415, 0.19364], [0.17604, 0.04386, 0.09508, 0.11246, 0.0, 0.02559, 0.07676, 0.07122, 0.09748], [0.15669, 0.01839, 0.07083, 0.08892, 0.02559, 0.0, 0.10107, 0.0462, 0.12106], [0.22514, 0.11784, 0.16302, 0.17751, 0.07676, 0.10107, 0.0, 0.14233, 0.02172], [0.11838, 0.02802, 0.02525, 0.04415, 0.07122, 0.0462, 0.14233, 0.0, 0.16065], [0.23646, 0.13726, 0.18014, 0.19364, 0.09748, 0.12106, 0.02172, 0.16065, 0.0]], "adj_matrix_2": [[0.0, 0.23745, 0.01285, 0.2134, 0.30534, 0.25602, 0.3037, 0.26402, 0.31087], [0.23745, 0.0, 0.23135, 0.04042, 0.18006, 0.03721, 0.17531, 0.05424, 0.20882], [0.01285, 0.23135, 0.0, 0.20594, 0.30615, 0.25151, 0.3046, 0.26, 0.31292], [0.2134, 0.04042, 0.20594, 0.0, 0.21252, 0.07703, 0.20823, 0.09358, 0.23891], [0.30534, 0.18006, 0.30615, 0.21252, 0.0, 0.14748, 0.00532, 0.13184, 0.03433], [0.25602, 0.03721, 0.25151, 0.07703, 0.14748, 0.0, 0.14265, 0.01718, 0.17819], [0.3037, 0.17531, 0.3046, 0.20823, 0.00532, 0.14265, 0.0, 0.12679, 0.03963], [0.26402, 0.05424, 0.26, 0.09358, 0.13184, 0.01718, 0.12679, 0.0, 0.16321], [0.31087, 0.20882, 0.31292, 0.23891, 0.03433, 0.17819, 0.03963, 0.16321, 0.0]], "features_1": [[0.6384209190613372, 0.8388737465990864, 0.0, 0.258565661748619, 0.5363985731397464, 0.11666848702376832, 0.32813188164227397, 0.6904494720697845, 0.3212963150931645, 0.16993719395296325, 0.00683347364535547, 0.5697646538401377, 0.6192990170140318, 0.636127619973461, 0.7560209280444169, 0.6858242634305503, 0.5602358478730646], [0.8024951264742097, 0.7603036468891904, 0.0, 0.2522833836030713, 0.5085428456116967, 0.11979162151554046, 0.330165391625372, 0.6888427508397029, 0.346208228399983, 0.15880420508680415, 0.00716927026363523, 0.5837789605979691, 0.6243749874219191, 0.6533192644430736, 0.7663287075293209, 0.7159831279386142, 0.57873199148002], [0.5432572590511717, 0.9568862263133829, 0.0, 0.25643614335807924, 0.5652809189892184, 0.11864239555345692, 0.33204991305543957, 0.689625607043949, 0.33855000929058354, 0.19662385730008713, 0.007057398507269275, 0.5777311450673204, 0.6422716327962592, 0.6615191321938803, 0.7617512526173077, 0.6796008504478871, 0.5689170036171659], [0.6023892604603569, 0.9879276257027255, 0.0, 0.2612968440065908, 0.5725773190513196, 0.1183356640316565, 0.3733144327896284, 0.6900355476086593, 0.33180210757058526, 0.20134671275292115, 0.006609306440138685, 0.5775669652071975, 0.6496202715299987, 0.6510052712752493, 0.7643888063049844, 0.694339091774927, 0.5686811568326263], [0.7130757790462035, 0.7174690869292562, 0.0, 0.27312125746470434, 0.4950123570314875, 0.12000243072650964, 0.3124327748522312, 0.6884968901831547, 0.33978396483908546, 0.15014089963306354, 0.007392832833969631, 0.5848675716548157, 0.630951116217276, 0.6535917697986935, 0.7644110153399473, 0.7022261406821144, 0.5810384235438627], [0.5387293995385507, 0.9983984880139162, 0.0, 0.2608911793662586, 0.5731669012482131, 0.12061474812942388, 0.3733228338310937, 0.6889550611289026, 0.34863689853355506, 0.20698698287926742, 0.007392832833969631, 0.587521054430876, 0.6455908755324663, 0.6470981197039856, 0.7701866013324792, 0.6971322336202805, 0.5778375631049227], [0.30162969631210323, 0.9381505085626052, 0.0, 0.2780948451543842, 0.5642649082825606, 0.1156375426329985, 0.37171454491282174, 0.6910580073492413, 0.31923265455352645, 0.19023832695657594, 0.0069454663283523566, 0.5911171177107375, 0.6354529504661561, 0.6441113122064306, 0.7563413871388874, 0.6894323624307549, 0.554099686733158], [0.8089879533442579, 0.7681690630817132, 0.0, 0.2820981341045252, 0.5048018347962704, 0.12046273802572192, 0.26680483459940946, 0.6873315988717879, 0.3446285737677417, 0.16346437252017876, 0.007392832833969631, 0.575705884182645, 0.6349969731586608, 0.6513464148956525, 0.7560548295921927, 0.6896584584445067, 0.5752680559218156], [0.5307608917200426, 0.8600543247748377, 0.0, 0.2502938892450794, 0.5382591542549496, 0.11670907805354969, 0.30981627856037053, 0.689881205947815, 0.32426654661557763, 0.17721034230835908, 0.007392832833969631, 0.5906078666848096, 0.6113507323984353, 0.6280524343222821, 0.7514456450630905, 0.6848031384517247, 0.5630834559599825]], "features_2": [[0.5797429447139995, 0.8045642984136602, 0.0, 0.23587183386487173, 0.5382807136801099, 0.11727213562178569, 0.5106504645417758, 0.6914607155349511, 0.30620767431466556, 0.16284949656073877, 0.006384896235913207, 0.5691669745097521, 0.6428112537358344, 0.65202371841822, 0.7688028644656795, 0.7092380551371819, 0.5705579439467233], [0.2571363355826364, 0.8177781240161134, 0.0, 0.22051764874453314, 0.5254023099951675, 0.1250356169253996, 0.30019986553921, 0.685824520982971, 0.352930232075614, 0.1787541583074903, 0.006889477554966383, 0.5964844939656895, 0.652132775747901, 0.6709596416849823, 0.7748995341583141, 0.7109039683009207, 0.5912038728501091], [0.5123686703432817, 0.9588364612762961, 0.0, 0.23074354909808006, 0.5770498682848236, 0.11869069714053751, 0.503067303442451, 0.6909305934986218, 0.32745348415625997, 0.19614654378634322, 0.00655322669591385, 0.5731856766175762, 0.6553537846718148, 0.6777596312663836, 0.7701385004277265, 0.7210512413075668, 0.5775446966024143], [0.39081871622176356, 0.9751328660247417, 0.0, 0.23386658481479236, 0.5807177041028685, 0.11913721719039921, 0.5479895924102998, 0.6909543334772412, 0.3278250329190242, 0.200065068077673, 0.006497131753992358, 0.5841655582425593, 0.6490316454154771, 0.6842499080997212, 0.7729435324179517, 0.7178506129347119, 0.5693209703541726], [-0.1625082356255052, 0.7699320978673065, 0.0, 0.19744263445811444, 0.5126454650073085, 0.12512043896064454, 0.3712927952111912, 0.6868069609762797, 0.36034808065179136, 0.17263261972993615, 0.007504523810135222, 0.6191357965284787, 0.6544753530335902, 0.6840636350119119, 0.7832758651827881, 0.6950095351483365, 0.5905763760357808], [0.2740276243963997, 1.0145096049310376, 0.0, 0.2058876240504066, 0.5840054662124751, 0.12542841199611018, 0.4940685896292386, 0.6883516858677061, 0.3690581290301189, 0.21689366107484775, 0.00711334193318236, 0.5969291369458269, 0.662860978473459, 0.6944807565592449, 0.7882473099279635, 0.717363633352731, 0.5926315788570264], [0.12154793396093888, 1.0574801641611318, 0.0, 0.212059121424351, 0.5887027474769453, 0.118999648202731, 0.27638697115480115, 0.6888071007149535, 0.30846856284439417, 0.21736941538383991, 0.00683347364535547, 0.601628194840369, 0.6354733844895736, 0.6469221588798157, 0.7511168129976936, 0.6706301610230649, 0.5636175057408823], [0.14094903941150783, 0.832861956107261, 0.0, 0.23177285376212842, 0.5458261345060598, 0.11578947435873321, 0.47443420339535936, 0.6917488537395485, 0.3046350382451566, 0.16954106819652237, 0.006721420376576193, 0.5973791532569996, 0.6497001592099135, 0.6516033765235958, 0.7629863085704244, 0.6935524539747356, 0.5643152851397812], [0.04334334656763783, 0.892443203700098, 0.0, 0.22286168567074993, 0.5614547673594333, 0.11564775220689824, 0.4377150120153644, 0.6916858944062918, 0.3002501842957688, 0.18153013447294208, 0.006497131753992358, 0.6077129329479409, 0.6622043517883278, 0.6660517170589042, 0.7605992397035939, 0.6820270836503499, 0.5704595263219813]]}