{"labels_1": ["1", "2", "3", "4", "5", "6", "7", "8", "9"], "labels_2": ["1", "2", "3", "4", "5", "6", "7", "8", "9"], "adj_matrix_1": [[0.0, 0.1421, 0.09574, 0.07798, 0.17604, 0.15669, 0.22514, 0.11838, 0.23646], [0.1421, 0.0, 0.05296, 0.07143, 0.04386, 0.01839, 0.11784, 0.02802, 0.13726], [0.09574, 0.05296, 0.0, 0.01909, 0.09508, 0.07083, 0.16302, 0.02525, 0.18014], [0.07798, 0.07143, 0.01909, 0.0, 0.11246, 0.08892, 0.17751, 0.04415, 0.19364], [0.17604, 0.04386, 0.09508, 0.11246, 0.0, 0.02559, 0.07676, 0.07122, 0.09748], [0.15669, 0.01839, 0.07083, 0.08892, 0.02559, 0.0, 0.10107, 0.0462, 0.12106], [0.22514, 0.11784, 0.16302, 0.17751, 0.07676, 0.10107, 0.0, 0.14233, 0.02172], [0.11838, 0.02802, 0.02525, 0.04415, 0.07122, 0.0462, 0.14233, 0.0, 0.16065], [0.23646, 0.13726, 0.18014, 0.19364, 0.09748, 0.12106, 0.02172, 0.16065, 0.0]], "adj_matrix_2": [[0.0, 0.2912, 0.26071, 0.13294, 0.15659, 0.22932, 0.27373, 0.2132, 0.13978], [0.2912, 0.0, 0.17216, 0.26251, 0.25308, 0.12793, 0.1511, 0.14585, 0.19236], [0.26071, 0.17216, 0.0, 0.1617, 0.13902, 0.22931, 0.02769, 0.23036, 0.20535], [0.13294, 0.26251, 0.1617, 0.0, 0.02633, 0.24513, 0.18359, 0.23426, 0.17216], [0.15659, 0.25308, 0.13902, 0.02633, 0.0, 0.24607, 0.1623, 0.23668, 0.17837], [0.22932, 0.12793, 0.22931, 0.24513, 0.24607, 0.0, 0.22082, 0.02444, 0.11743], [0.27373, 0.1511, 0.02769, 0.18359, 0.1623, 0.22082, 0.0, 0.22426, 0.20804], [0.2132, 0.14585, 0.23036, 0.23426, 0.23668, 0.02444, 0.22426, 0.0, 0.09766], [0.13978, 0.19236, 0.20535, 0.17216, 0.17837, 0.11743, 0.20804, 0.09766, 0.0]], "features_1": [[0.6384209190613372, 0.8388737465990864, 0.0, 0.258565661748619, 0.5363985731397464, 0.11666848702376832, 0.32813188164227397, 0.6904494720697845, 0.3212963150931645, 0.16993719395296325, 0.00683347364535547, 0.5697646538401377, 0.6192990170140318, 0.636127619973461, 0.7560209280444169, 0.6858242634305503, 0.5602358478730646], [0.8024951264742097, 0.7603036468891904, 0.0, 0.2522833836030713, 0.5085428456116967, 0.11979162151554046, 0.330165391625372, 0.6888427508397029, 0.346208228399983, 0.15880420508680415, 0.00716927026363523, 0.5837789605979691, 0.6243749874219191, 0.6533192644430736, 0.7663287075293209, 0.7159831279386142, 0.57873199148002], [0.5432572590511717, 0.9568862263133829, 0.0, 0.25643614335807924, 0.5652809189892184, 0.11864239555345692, 0.33204991305543957, 0.689625607043949, 0.33855000929058354, 0.19662385730008713, 0.007057398507269275, 0.5777311450673204, 0.6422716327962592, 0.6615191321938803, 0.7617512526173077, 0.6796008504478871, 0.5689170036171659], [0.6023892604603569, 0.9879276257027255, 0.0, 0.2612968440065908, 0.5725773190513196, 0.1183356640316565, 0.3733144327896284, 0.6900355476086593, 0.33180210757058526, 0.20134671275292115, 0.006609306440138685, 0.5775669652071975, 0.6496202715299987, 0.6510052712752493, 0.7643888063049844, 0.694339091774927, 0.5686811568326263], [0.7130757790462035, 0.7174690869292562, 0.0, 0.27312125746470434, 0.4950123570314875, 0.12000243072650964, 0.3124327748522312, 0.6884968901831547, 0.33978396483908546, 0.15014089963306354, 0.007392832833969631, 0.5848675716548157, 0.630951116217276, 0.6535917697986935, 0.7644110153399473, 0.7022261406821144, 0.5810384235438627], [0.5387293995385507, 0.9983984880139162, 0.0, 0.2608911793662586, 0.5731669012482131, 0.12061474812942388, 0.3733228338310937, 0.6889550611289026, 0.34863689853355506, 0.20698698287926742, 0.007392832833969631, 0.587521054430876, 0.6455908755324663, 0.6470981197039856, 0.7701866013324792, 0.6971322336202805, 0.5778375631049227], [0.30162969631210323, 0.9381505085626052, 0.0, 0.2780948451543842, 0.5642649082825606, 0.1156375426329985, 0.37171454491282174, 0.6910580073492413, 0.31923265455352645, 0.19023832695657594, 0.0069454663283523566, 0.5911171177107375, 0.6354529504661561, 0.6441113122064306, 0.7563413871388874, 0.6894323624307549, 0.554099686733158], [0.8089879533442579, 0.7681690630817132, 0.0, 0.2820981341045252, 0.5048018347962704, 0.12046273802572192, 0.26680483459940946, 0.6873315988717879, 0.3446285737677417, 0.16346437252017876, 0.007392832833969631, 0.575705884182645, 0.6349969731586608, 0.6513464148956525, 0.7560548295921927, 0.6896584584445067, 0.5752680559218156], [0.5307608917200426, 0.8600543247748377, 0.0, 0.2502938892450794, 0.5382591542549496, 0.11670907805354969, 0.30981627856037053, 0.689881205947815, 0.32426654661557763, 0.17721034230835908, 0.007392832833969631, 0.5906078666848096, 0.6113507323984353, 0.6280524343222821, 0.7514456450630905, 0.6848031384517247, 0.5630834559599825]], "features_2": [[0.11845071690676656, 0.7915999000502356, 0.0, 0.17962450847063802, 0.510910396543632, 0.13039305486627417, 0.42606163836016864, 0.6843240243530742, 0.3913558401018482, 0.1829785048275696, 0.007727725548673403, 0.6133526537586325, 0.6833627814879388, 0.7081018385224287, 0.7989983856480675, 0.718691527426558, 0.5831562861887235], [0.7020657357060385, 0.8568626227332821, 0.0, 0.23918533864793493, 0.5198834777125048, 0.13313795638536363, 0.3076745031863396, 0.6796214298576964, 0.4063336458934599, 0.19831261022018776, 0.00783923647221818, 0.5952806225124394, 0.6530896559142615, 0.6869231580026526, 0.7945233965511741, 0.729882033781282, 0.5842756751330518], [0.11462782744111255, 0.9441990137643109, 0.0, 0.218961816851744, 0.5508565260617052, 0.13086497289971774, 0.3984209913644811, 0.6836357941438802, 0.3931241675216848, 0.21568739595398978, 0.007504523810135222, 0.6022091330745609, 0.6843020677112152, 0.7190905750519695, 0.7962521876193919, 0.7287756757245775, 0.5840524025944173], [0.3945728884254831, 0.954576125036193, 0.0, 0.20790500887387617, 0.5512802484985125, 0.13115140665932834, 0.4279182147297945, 0.6831150448717852, 0.38610342714902113, 0.2152884546396927, 0.007616154688146137, 0.6019756712766693, 0.6569415182156434, 0.6923290301634475, 0.7948173529081949, 0.7214838583622983, 0.5848586672489241], [0.4680332902442026, 0.8578084905797452, 0.0, 0.24079194497576148, 0.5175068400765643, 0.1329571719091793, 0.3063891375551613, 0.6797178392337053, 0.41124808443116834, 0.19979367566398265, 0.007727725548673403, 0.6047962938662448, 0.6526344141195946, 0.6835203011856555, 0.7935950433784024, 0.7399629100248465, 0.5875546684599778], [0.6543395614685528, 1.0108920761145985, 0.0, 0.27292543618639475, 0.5662057852579978, 0.12891909655818706, 0.43185099815907435, 0.6854372086695877, 0.38316793792824955, 0.22411554415399793, 0.007616154688146137, 0.5872885404470258, 0.675104557297821, 0.7095966376259876, 0.79377741750587, 0.7361040845954112, 0.5724736348580761], [0.3682859929553799, 1.0132879005007263, 0.0, 0.272954589557302, 0.5635782394139737, 0.1279330371288426, 0.39221123088494564, 0.6850517797578948, 0.36479346746627783, 0.2221832367621479, 0.007281081678807366, 0.589062816127931, 0.6524998841510274, 0.6755640319713314, 0.7843284684451444, 0.7066127342960511, 0.5758534223346831], [1.8247982250727661, 0.9728860347237724, 0.0, 0.35242436221954937, 0.5529858199775045, 0.12679395639888028, 0.409180017558657, 0.6854618538231538, 0.39318756453066106, 0.21229236033620835, 0.007950687539111767, 0.5636421478974196, 0.6311789549714415, 0.6617765990879729, 0.7819015975393132, 0.7267683573309691, 0.5794308286929536], [1.9498919975419966, 1.0727008907551088, 0.0, 0.3499770060378738, 0.5801421004748352, 0.12234473913709587, 0.37698382374706085, 0.6879227236042764, 0.3520385598719642, 0.22251855939217413, 0.007392832833969631, 0.5574128403517962, 0.6532676406956424, 0.6715800664375954, 0.7693545624951837, 0.7150168914281457, 0.5547030472289133]]}