{"labels_1": ["1", "2", "3", "4", "5", "6", "7", "8", "9"], "labels_2": ["1", "2", "3", "4", "5", "6", "7", "8", "9"], "adj_matrix_1": [[0.0, 0.06015, 0.14483, 0.2525, 0.15205, 0.28839, 0.21918, 0.35183, 0.01198], [0.06015, 0.0, 0.19343, 0.28198, 0.19971, 0.30899, 0.25568, 0.35181, 0.07176], [0.14483, 0.19343, 0.0, 0.13585, 0.0082, 0.18848, 0.09066, 0.29692, 0.13435], [0.2525, 0.28198, 0.13585, 0.0, 0.12825, 0.05886, 0.04774, 0.19248, 0.24537], [0.15205, 0.19971, 0.0082, 0.12825, 0.0, 0.18149, 0.08271, 0.29191, 0.14169], [0.28839, 0.30899, 0.18848, 0.05886, 0.18149, 0.0, 0.1055, 0.13873, 0.2829], [0.21918, 0.25568, 0.09066, 0.04774, 0.08271, 0.1055, 0.0, 0.23256, 0.21077], [0.35183, 0.35181, 0.29692, 0.19248, 0.29191, 0.13873, 0.23256, 0.0, 0.35033], [0.01198, 0.07176, 0.13435, 0.24537, 0.14169, 0.2829, 0.21077, 0.35033, 0.0]], "adj_matrix_2": [[0.0, 0.23745, 0.01285, 0.2134, 0.30534, 0.25602, 0.3037, 0.26402, 0.31087], [0.23745, 0.0, 0.23135, 0.04042, 0.18006, 0.03721, 0.17531, 0.05424, 0.20882], [0.01285, 0.23135, 0.0, 0.20594, 0.30615, 0.25151, 0.3046, 0.26, 0.31292], [0.2134, 0.04042, 0.20594, 0.0, 0.21252, 0.07703, 0.20823, 0.09358, 0.23891], [0.30534, 0.18006, 0.30615, 0.21252, 0.0, 0.14748, 0.00532, 0.13184, 0.03433], [0.25602, 0.03721, 0.25151, 0.07703, 0.14748, 0.0, 0.14265, 0.01718, 0.17819], [0.3037, 0.17531, 0.3046, 0.20823, 0.00532, 0.14265, 0.0, 0.12679, 0.03963], [0.26402, 0.05424, 0.26, 0.09358, 0.13184, 0.01718, 0.12679, 0.0, 0.16321], [0.31087, 0.20882, 0.31292, 0.23891, 0.03433, 0.17819, 0.03963, 0.16321, 0.0]], "features_1": [[0.31178647343102783, 0.8508993509403064, 0.0, 0.24761836501470705, 0.53772750154545, 0.12483050139383178, 0.48513892663095604, 0.6877192360655497, 0.34525268432721457, 0.1840640055817786, 0.006721420376576193, 0.5946007887782241, 0.6701366519475089, 0.6860677103840209, 0.7868441378114535, 0.7293278539022338, 0.6028788883736875], [0.5208589214511834, 0.8365608151150471, 0.0, 0.2696862614141457, 0.5288524122098702, 0.12791701185733245, 0.5006153974897046, 0.6859672614269345, 0.36022636524862306, 0.1835680359328702, 0.007057398507269275, 0.5840644155166219, 0.6672940487017728, 0.6966886787721419, 0.7952356271799036, 0.724752872440113, 0.5991974094988439], [0.29382831392204256, 0.9659623768633182, 0.0, 0.24548971551499404, 0.5678455640748076, 0.1252660918106757, 0.4931817842588714, 0.687664944279175, 0.35341468550876964, 0.207668439437944, 0.0069454663283523566, 0.600633620557036, 0.6632351328266239, 0.6836506557060876, 0.7896218603838788, 0.714210871885671, 0.6022661497935689], [0.36401576943753167, 1.0174972069459263, 0.0, 0.22815504981766682, 0.5775515006788935, 0.12473425765724284, 0.4313859663551483, 0.6873497694656285, 0.34284133377823856, 0.21408874948876466, 0.00683347364535547, 0.602546733832531, 0.6436278877103175, 0.6657789403294758, 0.7851960725008623, 0.7272120942615281, 0.6021465885426119], [0.2633235927655182, 0.8335172465446702, 0.0, 0.22131309740876048, 0.519045084174116, 0.13256121599202134, 0.43594975502948047, 0.6818783183343311, 0.3810839467689955, 0.1895126020914677, 0.007616154688146137, 0.6030999845053173, 0.6556449308813858, 0.6826141149875967, 0.8024117085516382, 0.7358734827805636, 0.606833971353928], [0.15194594160536923, 0.9801475137479448, 0.0, 0.2344195854348964, 0.5716720881994688, 0.12470741293763035, 0.5427617062099209, 0.6883195399241948, 0.34625742638860046, 0.20936584527280466, 0.00716927026363523, 0.6094792013498216, 0.6597410309746995, 0.6810573731456999, 0.7906618175716948, 0.7356239194930447, 0.5876866791308429], [0.4073660924128113, 0.9977043751471452, 0.0, 0.22881660925071537, 0.5738752767648542, 0.12340900711727867, 0.4762572674604428, 0.688334100555066, 0.332123298304569, 0.20810444230282776, 0.0069454663283523566, 0.6028899840087127, 0.6465875803846246, 0.6549396814925847, 0.7842999961776939, 0.7234102696318832, 0.5902779781112703], [-0.01200673784410089, 0.8625537579747932, 0.0, 0.22550983120078427, 0.5283874572661523, 0.12996711107197045, 0.40055414487751123, 0.6835222528999433, 0.3796243733558471, 0.19707037626307744, 0.007950687539111767, 0.6278673429195072, 0.6689659684764844, 0.6851574473359581, 0.7965804559021397, 0.7174055398412034, 0.5889508526824602], [0.39127175569731065, 0.9287843126379229, 0.0, 0.25214677122457685, 0.5562018854446856, 0.123615586723763, 0.4761768387194095, 0.6882597306982112, 0.3418115020439314, 0.19808495503696766, 0.007504523810135222, 0.5995689776519595, 0.6424875454612036, 0.6550636099292623, 0.7854268736069766, 0.6896271879624539, 0.5785562996021054]], "features_2": [[0.5797429447139995, 0.8045642984136602, 0.0, 0.23587183386487173, 0.5382807136801099, 0.11727213562178569, 0.5106504645417758, 0.6914607155349511, 0.30620767431466556, 0.16284949656073877, 0.006384896235913207, 0.5691669745097521, 0.6428112537358344, 0.65202371841822, 0.7688028644656795, 0.7092380551371819, 0.5705579439467233], [0.2571363355826364, 0.8177781240161134, 0.0, 0.22051764874453314, 0.5254023099951675, 0.1250356169253996, 0.30019986553921, 0.685824520982971, 0.352930232075614, 0.1787541583074903, 0.006889477554966383, 0.5964844939656895, 0.652132775747901, 0.6709596416849823, 0.7748995341583141, 0.7109039683009207, 0.5912038728501091], [0.5123686703432817, 0.9588364612762961, 0.0, 0.23074354909808006, 0.5770498682848236, 0.11869069714053751, 0.503067303442451, 0.6909305934986218, 0.32745348415625997, 0.19614654378634322, 0.00655322669591385, 0.5731856766175762, 0.6553537846718148, 0.6777596312663836, 0.7701385004277265, 0.7210512413075668, 0.5775446966024143], [0.39081871622176356, 0.9751328660247417, 0.0, 0.23386658481479236, 0.5807177041028685, 0.11913721719039921, 0.5479895924102998, 0.6909543334772412, 0.3278250329190242, 0.200065068077673, 0.006497131753992358, 0.5841655582425593, 0.6490316454154771, 0.6842499080997212, 0.7729435324179517, 0.7178506129347119, 0.5693209703541726], [-0.1625082356255052, 0.7699320978673065, 0.0, 0.19744263445811444, 0.5126454650073085, 0.12512043896064454, 0.3712927952111912, 0.6868069609762797, 0.36034808065179136, 0.17263261972993615, 0.007504523810135222, 0.6191357965284787, 0.6544753530335902, 0.6840636350119119, 0.7832758651827881, 0.6950095351483365, 0.5905763760357808], [0.2740276243963997, 1.0145096049310376, 0.0, 0.2058876240504066, 0.5840054662124751, 0.12542841199611018, 0.4940685896292386, 0.6883516858677061, 0.3690581290301189, 0.21689366107484775, 0.00711334193318236, 0.5969291369458269, 0.662860978473459, 0.6944807565592449, 0.7882473099279635, 0.717363633352731, 0.5926315788570264], [0.12154793396093888, 1.0574801641611318, 0.0, 0.212059121424351, 0.5887027474769453, 0.118999648202731, 0.27638697115480115, 0.6888071007149535, 0.30846856284439417, 0.21736941538383991, 0.00683347364535547, 0.601628194840369, 0.6354733844895736, 0.6469221588798157, 0.7511168129976936, 0.6706301610230649, 0.5636175057408823], [0.14094903941150783, 0.832861956107261, 0.0, 0.23177285376212842, 0.5458261345060598, 0.11578947435873321, 0.47443420339535936, 0.6917488537395485, 0.3046350382451566, 0.16954106819652237, 0.006721420376576193, 0.5973791532569996, 0.6497001592099135, 0.6516033765235958, 0.7629863085704244, 0.6935524539747356, 0.5643152851397812], [0.04334334656763783, 0.892443203700098, 0.0, 0.22286168567074993, 0.5614547673594333, 0.11564775220689824, 0.4377150120153644, 0.6916858944062918, 0.3002501842957688, 0.18153013447294208, 0.006497131753992358, 0.6077129329479409, 0.6622043517883278, 0.6660517170589042, 0.7605992397035939, 0.6820270836503499, 0.5704595263219813]]}