{"labels_1": ["1", "2", "3", "4", "5", "6", "7", "8", "9"], "labels_2": ["1", "2", "3", "4", "5", "6", "7", "8", "9"], "adj_matrix_1": [[0.0, 0.06015, 0.14483, 0.2525, 0.15205, 0.28839, 0.21918, 0.35183, 0.01198], [0.06015, 0.0, 0.19343, 0.28198, 0.19971, 0.30899, 0.25568, 0.35181, 0.07176], [0.14483, 0.19343, 0.0, 0.13585, 0.0082, 0.18848, 0.09066, 0.29692, 0.13435], [0.2525, 0.28198, 0.13585, 0.0, 0.12825, 0.05886, 0.04774, 0.19248, 0.24537], [0.15205, 0.19971, 0.0082, 0.12825, 0.0, 0.18149, 0.08271, 0.29191, 0.14169], [0.28839, 0.30899, 0.18848, 0.05886, 0.18149, 0.0, 0.1055, 0.13873, 0.2829], [0.21918, 0.25568, 0.09066, 0.04774, 0.08271, 0.1055, 0.0, 0.23256, 0.21077], [0.35183, 0.35181, 0.29692, 0.19248, 0.29191, 0.13873, 0.23256, 0.0, 0.35033], [0.01198, 0.07176, 0.13435, 0.24537, 0.14169, 0.2829, 0.21077, 0.35033, 0.0]], "adj_matrix_2": [[0.0, 0.08511, 0.02285, 0.06885, 0.26095, 0.00771, 0.24309, 0.13441, 0.04844], [0.08511, 0.0, 0.10715, 0.01664, 0.19981, 0.07758, 0.17669, 0.05182, 0.1315], [0.02285, 0.10715, 0.0, 0.09117, 0.27493, 0.03055, 0.2587, 0.15528, 0.0257], [0.06885, 0.01664, 0.09117, 0.0, 0.21252, 0.06127, 0.1904, 0.0682, 0.11588], [0.26095, 0.19981, 0.27493, 0.21252, 0.0, 0.25577, 0.0295, 0.15703, 0.28986], [0.00771, 0.07758, 0.03055, 0.06127, 0.25577, 0.0, 0.23751, 0.12718, 0.05609], [0.24309, 0.17669, 0.2587, 0.1904, 0.0295, 0.23751, 0.0, 0.13124, 0.27538], [0.13441, 0.05182, 0.15528, 0.0682, 0.15703, 0.12718, 0.13124, 0.0, 0.17817], [0.04844, 0.1315, 0.0257, 0.11588, 0.28986, 0.05609, 0.27538, 0.17817, 0.0]], "features_1": [[0.31178647343102783, 0.8508993509403064, 0.0, 0.24761836501470705, 0.53772750154545, 0.12483050139383178, 0.48513892663095604, 0.6877192360655497, 0.34525268432721457, 0.1840640055817786, 0.006721420376576193, 0.5946007887782241, 0.6701366519475089, 0.6860677103840209, 0.7868441378114535, 0.7293278539022338, 0.6028788883736875], [0.5208589214511834, 0.8365608151150471, 0.0, 0.2696862614141457, 0.5288524122098702, 0.12791701185733245, 0.5006153974897046, 0.6859672614269345, 0.36022636524862306, 0.1835680359328702, 0.007057398507269275, 0.5840644155166219, 0.6672940487017728, 0.6966886787721419, 0.7952356271799036, 0.724752872440113, 0.5991974094988439], [0.29382831392204256, 0.9659623768633182, 0.0, 0.24548971551499404, 0.5678455640748076, 0.1252660918106757, 0.4931817842588714, 0.687664944279175, 0.35341468550876964, 0.207668439437944, 0.0069454663283523566, 0.600633620557036, 0.6632351328266239, 0.6836506557060876, 0.7896218603838788, 0.714210871885671, 0.6022661497935689], [0.36401576943753167, 1.0174972069459263, 0.0, 0.22815504981766682, 0.5775515006788935, 0.12473425765724284, 0.4313859663551483, 0.6873497694656285, 0.34284133377823856, 0.21408874948876466, 0.00683347364535547, 0.602546733832531, 0.6436278877103175, 0.6657789403294758, 0.7851960725008623, 0.7272120942615281, 0.6021465885426119], [0.2633235927655182, 0.8335172465446702, 0.0, 0.22131309740876048, 0.519045084174116, 0.13256121599202134, 0.43594975502948047, 0.6818783183343311, 0.3810839467689955, 0.1895126020914677, 0.007616154688146137, 0.6030999845053173, 0.6556449308813858, 0.6826141149875967, 0.8024117085516382, 0.7358734827805636, 0.606833971353928], [0.15194594160536923, 0.9801475137479448, 0.0, 0.2344195854348964, 0.5716720881994688, 0.12470741293763035, 0.5427617062099209, 0.6883195399241948, 0.34625742638860046, 0.20936584527280466, 0.00716927026363523, 0.6094792013498216, 0.6597410309746995, 0.6810573731456999, 0.7906618175716948, 0.7356239194930447, 0.5876866791308429], [0.4073660924128113, 0.9977043751471452, 0.0, 0.22881660925071537, 0.5738752767648542, 0.12340900711727867, 0.4762572674604428, 0.688334100555066, 0.332123298304569, 0.20810444230282776, 0.0069454663283523566, 0.6028899840087127, 0.6465875803846246, 0.6549396814925847, 0.7842999961776939, 0.7234102696318832, 0.5902779781112703], [-0.01200673784410089, 0.8625537579747932, 0.0, 0.22550983120078427, 0.5283874572661523, 0.12996711107197045, 0.40055414487751123, 0.6835222528999433, 0.3796243733558471, 0.19707037626307744, 0.007950687539111767, 0.6278673429195072, 0.6689659684764844, 0.6851574473359581, 0.7965804559021397, 0.7174055398412034, 0.5889508526824602], [0.39127175569731065, 0.9287843126379229, 0.0, 0.25214677122457685, 0.5562018854446856, 0.123615586723763, 0.4761768387194095, 0.6882597306982112, 0.3418115020439314, 0.19808495503696766, 0.007504523810135222, 0.5995689776519595, 0.6424875454612036, 0.6550636099292623, 0.7854268736069766, 0.6896271879624539, 0.5785562996021054]], "features_2": [[0.05756823887640916, 0.9523957134179167, 0.0, 0.23186970699133894, 0.5511878024652984, 0.12692445414590636, 0.3908329622164274, 0.6852124909535986, 0.34054750141098555, 0.2074621842876887, 0.007001439975721224, 0.6093068757839029, 0.6605023602431007, 0.6629593605940459, 0.7897733733064207, 0.722975993519907, 0.5920228401785038], [-0.026265775212174436, 1.00791281235601, 0.0, 0.29935421881270197, 0.5654273073504601, 0.1271983213950802, 0.43979898124869693, 0.6858183842514123, 0.34461286891551834, 0.22119221935908873, 0.00711334193318236, 0.6137990943563008, 0.6781179647578758, 0.6853675418760009, 0.7941580891935174, 0.7177969297339205, 0.5978403436822924], [0.0685047458344914, 1.1297775854258851, 0.0, 0.24121778802400876, 0.589446762924515, 0.12668827474705543, 0.3496619694700499, 0.6846415255627138, 0.3367938520699483, 0.23895954883264547, 0.007336964783822175, 0.6104209533231946, 0.6632332659124255, 0.6549452603394779, 0.7846724003623696, 0.7225696975485825, 0.5906821429961109], [0.06861103572458216, 1.1167313572577966, 0.0, 0.22770974658115797, 0.58485435725515, 0.128899116016187, 0.37254066312895234, 0.6835203056473453, 0.34636309667558174, 0.24029398533299084, 0.007336964783822175, 0.6140700920356528, 0.6576335113232883, 0.6718079831446835, 0.7917445229886194, 0.7321450798654964, 0.5955637867075585], [0.23892845558331777, 0.9859227465408508, 0.0, 0.311949027592228, 0.5593053909640243, 0.1301071271721228, 0.4941814789773339, 0.6851214455524035, 0.3677152760679021, 0.21990691146411012, 0.007448685839370306, 0.606777848066588, 0.6786730816045106, 0.69798919599396, 0.8065196014235273, 0.7404417241099859, 0.6132127910399431], [-0.003667589395653703, 1.143185340159902, 0.0, 0.2680206472335176, 0.5949655221238087, 0.12736804892286552, 0.42660665140340515, 0.6856529594764345, 0.3406784378064527, 0.24379286758772256, 0.0069454663283523566, 0.6100940223333016, 0.65519830796829, 0.6744367600779094, 0.7943566373341139, 0.7235856070763618, 0.6012666379525117], [0.020596537410635385, 1.085853969531802, 0.0, 0.26332675977398107, 0.5823461777753449, 0.12991838887333382, 0.4411430951946258, 0.6843826243514679, 0.36318619232360083, 0.23966042236773366, 0.007225183508792421, 0.6115037475972096, 0.6679282516238819, 0.6866671164122856, 0.8025772206179747, 0.7133259809465817, 0.6079354540312228], [0.34500631474477395, 0.9999976196758159, 0.0, 0.306356751926895, 0.5616601687068763, 0.13172252270253693, 0.49183146724864457, 0.6843818323788496, 0.37910746362552405, 0.22209158397612994, 0.007783488497544067, 0.6055064756735762, 0.6644789248311918, 0.6781459086132662, 0.8108826036582861, 0.7490093917209708, 0.6283014212783039], [-0.10749322553639296, 1.1066129876391466, 0.0, 0.26258489893979664, 0.5863329726438536, 0.12931818546025695, 0.4536129627485259, 0.6849075273572212, 0.3556878482206398, 0.24178563111671103, 0.007392832833969631, 0.6196301158982165, 0.6625563241864525, 0.6922294486043502, 0.800772604844429, 0.7319984754052442, 0.6105311938787636]]}