{"labels_1": ["1", "2", "3", "4", "5", "6", "7", "8", "9"], "labels_2": ["1", "2", "3", "4", "5", "6", "7", "8", "9"], "adj_matrix_1": [[0.0, 0.05166, 0.0591, 0.11647, 0.12406, 0.02933, 0.12069, 0.27256, 0.20153], [0.05166, 0.0, 0.00757, 0.16232, 0.07475, 0.08034, 0.07125, 0.23706, 0.15781], [0.0591, 0.00757, 0.0, 0.16867, 0.06736, 0.08764, 0.06387, 0.23141, 0.15109], [0.11647, 0.16232, 0.16867, 0.0, 0.22158, 0.089, 0.21892, 0.32518, 0.27875], [0.12406, 0.07475, 0.06736, 0.22158, 0.0, 0.15053, 0.00355, 0.17546, 0.08751], [0.02933, 0.08034, 0.08764, 0.089, 0.15053, 0.0, 0.14733, 0.28965, 0.22398], [0.12069, 0.07125, 0.06387, 0.21892, 0.00355, 0.14733, 0.0, 0.17858, 0.09096], [0.27256, 0.23706, 0.23141, 0.32518, 0.17546, 0.28965, 0.17858, 0.0, 0.09312], [0.20153, 0.15781, 0.15109, 0.27875, 0.08751, 0.22398, 0.09096, 0.09312, 0.0]], "adj_matrix_2": [[0.0, 0.19058, 0.02635, 0.03711, 0.31921, 0.2214, 0.07959, 0.26565, 0.30849], [0.19058, 0.0, 0.20993, 0.16047, 0.1958, 0.04038, 0.24353, 0.10448, 0.17609], [0.02635, 0.20993, 0.0, 0.06304, 0.32569, 0.23845, 0.05408, 0.27859, 0.31646], [0.03711, 0.16047, 0.06304, 0.0, 0.30596, 0.19428, 0.1143, 0.24371, 0.29334], [0.31921, 0.1958, 0.32569, 0.30596, 0.0, 0.16045, 0.33091, 0.099, 0.02251], [0.2214, 0.04038, 0.23845, 0.19428, 0.16045, 0.0, 0.26659, 0.0652, 0.13969], [0.07959, 0.24353, 0.05408, 0.1143, 0.33091, 0.26659, 0.0, 0.29759, 0.32472], [0.26565, 0.10448, 0.27859, 0.24371, 0.099, 0.0652, 0.29759, 0.0, 0.07703], [0.30849, 0.17609, 0.31646, 0.29334, 0.02251, 0.13969, 0.32472, 0.07703, 0.0]], "features_1": [[0.45876805410703403, 0.8683521378852597, 0.0, 0.25278610234049925, 0.5118758661557365, 0.13942358158134305, 0.22228515496097287, 0.6694125144816083, 0.4388352269005551, 0.20898530952770877, 0.008451478759474051, 0.6075058234723494, 0.6509045268608967, 0.6742366123182543, 0.7976026683284011, 0.7338322432574175, 0.6176826648416356], [0.2489815473928938, 0.876588635000906, 0.0, 0.24103083513205154, 0.5027244409888901, 0.14562307259924478, 0.17271658849326102, 0.6588828317485975, 0.4662096578406345, 0.2191529481100718, 0.008784670673857464, 0.6253996726616231, 0.6569394586837929, 0.6842784001438027, 0.8027776127506872, 0.7252336913707763, 0.6114805091164955], [0.41887227640680136, 1.0065692186866178, 0.0, 0.24230690156253776, 0.5437805452594356, 0.14086171884902818, 0.21658318196480053, 0.6669756542519021, 0.44456756245130435, 0.2389089012121064, 0.008340296057933516, 0.6183632388530707, 0.6398630589900934, 0.6642823225164176, 0.7978939613143357, 0.748831057697323, 0.6191822724808305], [0.32217751324456056, 1.020934535266095, 0.0, 0.23361791807124913, 0.546057076621655, 0.14085098465522478, 0.21142892657320544, 0.6673953389391873, 0.448896632863796, 0.24332966939117173, 0.008673665988278678, 0.6129354946254035, 0.6540828111852471, 0.6721424580390134, 0.7994419933880114, 0.7333423827106104, 0.6227803604253628], [-0.013249761039258345, 0.8997221606279854, 0.0, 0.22680681316742995, 0.5101180803861551, 0.1447065641904053, 0.18775777901591367, 0.6614855271569213, 0.4580382020396956, 0.22442425114688924, 0.008340296057933516, 0.6326444931825737, 0.667993604215236, 0.7035543306227404, 0.8040334124358097, 0.7263444826842684, 0.6091710791722745], [0.09475900748454791, 1.0238406863499212, 0.0, 0.23524664426756764, 0.5466493990802298, 0.1422101911728642, 0.21904361284231158, 0.6660347148692165, 0.450714977340819, 0.24723923242236556, 0.008562602043175715, 0.6247043165134616, 0.6609163733856308, 0.6921549060437705, 0.8022230145231951, 0.736158277320547, 0.6243108928753494], [0.022582386229889728, 1.085623066491004, 0.0, 0.1840167543356504, 0.5616635698117576, 0.13610083880302937, 0.20814049720741323, 0.6722725874098392, 0.4041953652183945, 0.24839634159974078, 0.007783488497544067, 0.6181442519203595, 0.6385094849371825, 0.6532085370663482, 0.7866488488007256, 0.7353369567427054, 0.5897107575821824], [-0.4575350892607992, 0.9220578867048155, 0.0, 0.21926241960016277, 0.5175556698632175, 0.1443238396392909, 0.19858850737288875, 0.6634602282628927, 0.45621042151595503, 0.23225436626335982, 0.008117752083540042, 0.6459474611284528, 0.6803750224283008, 0.7084935391901744, 0.8064731932251178, 0.7109773277398032, 0.6225543455629893], [-0.35186967241978095, 0.9627879472517031, 0.0, 0.21758957844795784, 0.5291145233085133, 0.14189621306543643, 0.205222065357178, 0.6658978497881947, 0.4430176908227752, 0.23702995884983102, 0.008006390651371653, 0.6360363540863501, 0.6604711074280727, 0.6986089426661094, 0.8010770332314934, 0.7285784875757634, 0.6162344710016191]], "features_2": [[0.5285835848671834, 0.8905056794090481, 0.0, 0.3176902627397842, 0.5557245653754149, 0.12278945003547839, 0.4744578628457468, 0.6891188524818739, 0.36358138605148693, 0.19212825830514468, 0.00716927026363523, 0.586554860522452, 0.6605383955630866, 0.6811419573019892, 0.7839394146849105, 0.7285312352434492, 0.5651770845019045], [0.1261918225907257, 0.8463394069220179, 0.0, 0.27214311344872677, 0.5402725060293063, 0.12468896426631573, 0.43372510253124047, 0.6878287782017245, 0.36595665959944657, 0.18718520430849162, 0.007616154688146137, 0.6040052470797632, 0.6636487310514574, 0.6911573776400239, 0.7867574637919338, 0.7177828707168639, 0.569475852031036], [0.325118107619109, 0.9866291550337499, 0.0, 0.28989393312156647, 0.5825048078301087, 0.11976085624870715, 0.43922571980070585, 0.690120307035369, 0.3409666642897513, 0.20653731136041564, 0.007392832833969631, 0.5859340480180726, 0.6578326548691729, 0.6736187772643026, 0.7742814110188613, 0.7107254867445203, 0.5628305264343245], [0.2797791185767773, 1.0338194160830816, 0.0, 0.2751638144268938, 0.5882100265915498, 0.11992270560309012, 0.40389938104293466, 0.6895544426707458, 0.33314233312740615, 0.2148594143329614, 0.0069454663283523566, 0.5880954145961339, 0.6405511145167057, 0.6528953401644374, 0.7705913172756702, 0.6838274179125124, 0.5593611637815638], [-0.1445236752121768, 0.7921125927780515, 0.0, 0.23113181540925024, 0.5197150282808276, 0.12711314402868754, 0.411644325447714, 0.6861147558108068, 0.3771639550153807, 0.1798264425310676, 0.007616154688146137, 0.6226642181670456, 0.6800665683688978, 0.7068616812307328, 0.7910767478934776, 0.7132739432643045, 0.5826578737337168], [0.1707274884081822, 0.9711784831821251, 0.0, 0.2662391576821662, 0.5770906166161238, 0.12057555672842185, 0.4724969209092329, 0.6901000150901571, 0.34261301363721164, 0.20460065142425932, 0.007057398507269275, 0.6083966931265778, 0.6547906892171171, 0.6792374553468906, 0.7794958763536411, 0.7022890782591704, 0.5656493201083063], [0.7013948507703325, 1.0171751161766103, 0.0, 0.3017171482107922, 0.5804452007759211, 0.123658497268793, 0.43532144017520624, 0.6879436634265444, 0.3750494020544781, 0.2179091539463005, 0.007950687539111767, 0.5858193768084679, 0.6478557861642148, 0.6721376396694613, 0.7814224335404015, 0.7064987709129826, 0.5736263002290269], [-0.1789143588003932, 0.8209551099109942, 0.0, 0.23079451129519096, 0.5266587692573517, 0.12657996938742008, 0.3729892759438478, 0.6854521153685854, 0.3734685687736996, 0.18563647365541525, 0.007504523810135222, 0.615503636235883, 0.6589818162466812, 0.6983588746469094, 0.784755060629738, 0.7089827794672097, 0.6116595444792863], [0.12834907069690216, 0.909295125518541, 0.0, 0.27988824854919264, 0.5568145590177104, 0.12297774073093343, 0.3832586868649116, 0.6877973598463945, 0.3478124226469588, 0.19459584652994155, 0.007281081678807366, 0.6109681032076877, 0.6436427738531666, 0.6498724507921643, 0.7757554345179007, 0.6953884922465664, 0.5973665294295712]]}