{"labels_1": ["1", "2", "3", "4", "5", "6", "7", "8", "9"], "labels_2": ["1", "2", "3", "4", "5", "6", "7", "8", "9"], "adj_matrix_1": [[0.0, 0.05166, 0.0591, 0.11647, 0.12406, 0.02933, 0.12069, 0.27256, 0.20153], [0.05166, 0.0, 0.00757, 0.16232, 0.07475, 0.08034, 0.07125, 0.23706, 0.15781], [0.0591, 0.00757, 0.0, 0.16867, 0.06736, 0.08764, 0.06387, 0.23141, 0.15109], [0.11647, 0.16232, 0.16867, 0.0, 0.22158, 0.089, 0.21892, 0.32518, 0.27875], [0.12406, 0.07475, 0.06736, 0.22158, 0.0, 0.15053, 0.00355, 0.17546, 0.08751], [0.02933, 0.08034, 0.08764, 0.089, 0.15053, 0.0, 0.14733, 0.28965, 0.22398], [0.12069, 0.07125, 0.06387, 0.21892, 0.00355, 0.14733, 0.0, 0.17858, 0.09096], [0.27256, 0.23706, 0.23141, 0.32518, 0.17546, 0.28965, 0.17858, 0.0, 0.09312], [0.20153, 0.15781, 0.15109, 0.27875, 0.08751, 0.22398, 0.09096, 0.09312, 0.0]], "adj_matrix_2": [[0.0, 0.08511, 0.02285, 0.06885, 0.26095, 0.00771, 0.24309, 0.13441, 0.04844], [0.08511, 0.0, 0.10715, 0.01664, 0.19981, 0.07758, 0.17669, 0.05182, 0.1315], [0.02285, 0.10715, 0.0, 0.09117, 0.27493, 0.03055, 0.2587, 0.15528, 0.0257], [0.06885, 0.01664, 0.09117, 0.0, 0.21252, 0.06127, 0.1904, 0.0682, 0.11588], [0.26095, 0.19981, 0.27493, 0.21252, 0.0, 0.25577, 0.0295, 0.15703, 0.28986], [0.00771, 0.07758, 0.03055, 0.06127, 0.25577, 0.0, 0.23751, 0.12718, 0.05609], [0.24309, 0.17669, 0.2587, 0.1904, 0.0295, 0.23751, 0.0, 0.13124, 0.27538], [0.13441, 0.05182, 0.15528, 0.0682, 0.15703, 0.12718, 0.13124, 0.0, 0.17817], [0.04844, 0.1315, 0.0257, 0.11588, 0.28986, 0.05609, 0.27538, 0.17817, 0.0]], "features_1": [[0.45876805410703403, 0.8683521378852597, 0.0, 0.25278610234049925, 0.5118758661557365, 0.13942358158134305, 0.22228515496097287, 0.6694125144816083, 0.4388352269005551, 0.20898530952770877, 0.008451478759474051, 0.6075058234723494, 0.6509045268608967, 0.6742366123182543, 0.7976026683284011, 0.7338322432574175, 0.6176826648416356], [0.2489815473928938, 0.876588635000906, 0.0, 0.24103083513205154, 0.5027244409888901, 0.14562307259924478, 0.17271658849326102, 0.6588828317485975, 0.4662096578406345, 0.2191529481100718, 0.008784670673857464, 0.6253996726616231, 0.6569394586837929, 0.6842784001438027, 0.8027776127506872, 0.7252336913707763, 0.6114805091164955], [0.41887227640680136, 1.0065692186866178, 0.0, 0.24230690156253776, 0.5437805452594356, 0.14086171884902818, 0.21658318196480053, 0.6669756542519021, 0.44456756245130435, 0.2389089012121064, 0.008340296057933516, 0.6183632388530707, 0.6398630589900934, 0.6642823225164176, 0.7978939613143357, 0.748831057697323, 0.6191822724808305], [0.32217751324456056, 1.020934535266095, 0.0, 0.23361791807124913, 0.546057076621655, 0.14085098465522478, 0.21142892657320544, 0.6673953389391873, 0.448896632863796, 0.24332966939117173, 0.008673665988278678, 0.6129354946254035, 0.6540828111852471, 0.6721424580390134, 0.7994419933880114, 0.7333423827106104, 0.6227803604253628], [-0.013249761039258345, 0.8997221606279854, 0.0, 0.22680681316742995, 0.5101180803861551, 0.1447065641904053, 0.18775777901591367, 0.6614855271569213, 0.4580382020396956, 0.22442425114688924, 0.008340296057933516, 0.6326444931825737, 0.667993604215236, 0.7035543306227404, 0.8040334124358097, 0.7263444826842684, 0.6091710791722745], [0.09475900748454791, 1.0238406863499212, 0.0, 0.23524664426756764, 0.5466493990802298, 0.1422101911728642, 0.21904361284231158, 0.6660347148692165, 0.450714977340819, 0.24723923242236556, 0.008562602043175715, 0.6247043165134616, 0.6609163733856308, 0.6921549060437705, 0.8022230145231951, 0.736158277320547, 0.6243108928753494], [0.022582386229889728, 1.085623066491004, 0.0, 0.1840167543356504, 0.5616635698117576, 0.13610083880302937, 0.20814049720741323, 0.6722725874098392, 0.4041953652183945, 0.24839634159974078, 0.007783488497544067, 0.6181442519203595, 0.6385094849371825, 0.6532085370663482, 0.7866488488007256, 0.7353369567427054, 0.5897107575821824], [-0.4575350892607992, 0.9220578867048155, 0.0, 0.21926241960016277, 0.5175556698632175, 0.1443238396392909, 0.19858850737288875, 0.6634602282628927, 0.45621042151595503, 0.23225436626335982, 0.008117752083540042, 0.6459474611284528, 0.6803750224283008, 0.7084935391901744, 0.8064731932251178, 0.7109773277398032, 0.6225543455629893], [-0.35186967241978095, 0.9627879472517031, 0.0, 0.21758957844795784, 0.5291145233085133, 0.14189621306543643, 0.205222065357178, 0.6658978497881947, 0.4430176908227752, 0.23702995884983102, 0.008006390651371653, 0.6360363540863501, 0.6604711074280727, 0.6986089426661094, 0.8010770332314934, 0.7285784875757634, 0.6162344710016191]], "features_2": [[0.05756823887640916, 0.9523957134179167, 0.0, 0.23186970699133894, 0.5511878024652984, 0.12692445414590636, 0.3908329622164274, 0.6852124909535986, 0.34054750141098555, 0.2074621842876887, 0.007001439975721224, 0.6093068757839029, 0.6605023602431007, 0.6629593605940459, 0.7897733733064207, 0.722975993519907, 0.5920228401785038], [-0.026265775212174436, 1.00791281235601, 0.0, 0.29935421881270197, 0.5654273073504601, 0.1271983213950802, 0.43979898124869693, 0.6858183842514123, 0.34461286891551834, 0.22119221935908873, 0.00711334193318236, 0.6137990943563008, 0.6781179647578758, 0.6853675418760009, 0.7941580891935174, 0.7177969297339205, 0.5978403436822924], [0.0685047458344914, 1.1297775854258851, 0.0, 0.24121778802400876, 0.589446762924515, 0.12668827474705543, 0.3496619694700499, 0.6846415255627138, 0.3367938520699483, 0.23895954883264547, 0.007336964783822175, 0.6104209533231946, 0.6632332659124255, 0.6549452603394779, 0.7846724003623696, 0.7225696975485825, 0.5906821429961109], [0.06861103572458216, 1.1167313572577966, 0.0, 0.22770974658115797, 0.58485435725515, 0.128899116016187, 0.37254066312895234, 0.6835203056473453, 0.34636309667558174, 0.24029398533299084, 0.007336964783822175, 0.6140700920356528, 0.6576335113232883, 0.6718079831446835, 0.7917445229886194, 0.7321450798654964, 0.5955637867075585], [0.23892845558331777, 0.9859227465408508, 0.0, 0.311949027592228, 0.5593053909640243, 0.1301071271721228, 0.4941814789773339, 0.6851214455524035, 0.3677152760679021, 0.21990691146411012, 0.007448685839370306, 0.606777848066588, 0.6786730816045106, 0.69798919599396, 0.8065196014235273, 0.7404417241099859, 0.6132127910399431], [-0.003667589395653703, 1.143185340159902, 0.0, 0.2680206472335176, 0.5949655221238087, 0.12736804892286552, 0.42660665140340515, 0.6856529594764345, 0.3406784378064527, 0.24379286758772256, 0.0069454663283523566, 0.6100940223333016, 0.65519830796829, 0.6744367600779094, 0.7943566373341139, 0.7235856070763618, 0.6012666379525117], [0.020596537410635385, 1.085853969531802, 0.0, 0.26332675977398107, 0.5823461777753449, 0.12991838887333382, 0.4411430951946258, 0.6843826243514679, 0.36318619232360083, 0.23966042236773366, 0.007225183508792421, 0.6115037475972096, 0.6679282516238819, 0.6866671164122856, 0.8025772206179747, 0.7133259809465817, 0.6079354540312228], [0.34500631474477395, 0.9999976196758159, 0.0, 0.306356751926895, 0.5616601687068763, 0.13172252270253693, 0.49183146724864457, 0.6843818323788496, 0.37910746362552405, 0.22209158397612994, 0.007783488497544067, 0.6055064756735762, 0.6644789248311918, 0.6781459086132662, 0.8108826036582861, 0.7490093917209708, 0.6283014212783039], [-0.10749322553639296, 1.1066129876391466, 0.0, 0.26258489893979664, 0.5863329726438536, 0.12931818546025695, 0.4536129627485259, 0.6849075273572212, 0.3556878482206398, 0.24178563111671103, 0.007392832833969631, 0.6196301158982165, 0.6625563241864525, 0.6922294486043502, 0.800772604844429, 0.7319984754052442, 0.6105311938787636]]}