{"labels_1": ["1", "2", "3", "4", "5", "6", "7", "8", "9"], "labels_2": ["1", "2", "3", "4", "5", "6", "7", "8", "9"], "adj_matrix_1": [[0.0, 0.05166, 0.0591, 0.11647, 0.12406, 0.02933, 0.12069, 0.27256, 0.20153], [0.05166, 0.0, 0.00757, 0.16232, 0.07475, 0.08034, 0.07125, 0.23706, 0.15781], [0.0591, 0.00757, 0.0, 0.16867, 0.06736, 0.08764, 0.06387, 0.23141, 0.15109], [0.11647, 0.16232, 0.16867, 0.0, 0.22158, 0.089, 0.21892, 0.32518, 0.27875], [0.12406, 0.07475, 0.06736, 0.22158, 0.0, 0.15053, 0.00355, 0.17546, 0.08751], [0.02933, 0.08034, 0.08764, 0.089, 0.15053, 0.0, 0.14733, 0.28965, 0.22398], [0.12069, 0.07125, 0.06387, 0.21892, 0.00355, 0.14733, 0.0, 0.17858, 0.09096], [0.27256, 0.23706, 0.23141, 0.32518, 0.17546, 0.28965, 0.17858, 0.0, 0.09312], [0.20153, 0.15781, 0.15109, 0.27875, 0.08751, 0.22398, 0.09096, 0.09312, 0.0]], "adj_matrix_2": [[0.0, 0.19871, 0.18923, 0.09512, 0.28529, 0.26549, 0.12717, 0.26545, 0.24068], [0.19871, 0.0, 0.01202, 0.11473, 0.14845, 0.10264, 0.08251, 0.10256, 0.05946], [0.18923, 0.01202, 0.0, 0.10355, 0.15842, 0.11375, 0.07091, 0.11366, 0.07117], [0.09512, 0.11473, 0.10355, 0.0, 0.23459, 0.20193, 0.03396, 0.20185, 0.16726], [0.28529, 0.14845, 0.15842, 0.23459, 0.0, 0.05173, 0.21243, 0.05183, 0.0951], [0.26549, 0.10264, 0.11375, 0.20193, 0.05173, 0.0, 0.1755, 0.0001, 0.04507], [0.12717, 0.08251, 0.07091, 0.03396, 0.21243, 0.1755, 0.0, 0.17542, 0.13785], [0.26545, 0.10256, 0.11366, 0.20185, 0.05183, 0.0001, 0.17542, 0.0, 0.04497], [0.24068, 0.05946, 0.07117, 0.16726, 0.0951, 0.04507, 0.13785, 0.04497, 0.0]], "features_1": [[0.45876805410703403, 0.8683521378852597, 0.0, 0.25278610234049925, 0.5118758661557365, 0.13942358158134305, 0.22228515496097287, 0.6694125144816083, 0.4388352269005551, 0.20898530952770877, 0.008451478759474051, 0.6075058234723494, 0.6509045268608967, 0.6742366123182543, 0.7976026683284011, 0.7338322432574175, 0.6176826648416356], [0.2489815473928938, 0.876588635000906, 0.0, 0.24103083513205154, 0.5027244409888901, 0.14562307259924478, 0.17271658849326102, 0.6588828317485975, 0.4662096578406345, 0.2191529481100718, 0.008784670673857464, 0.6253996726616231, 0.6569394586837929, 0.6842784001438027, 0.8027776127506872, 0.7252336913707763, 0.6114805091164955], [0.41887227640680136, 1.0065692186866178, 0.0, 0.24230690156253776, 0.5437805452594356, 0.14086171884902818, 0.21658318196480053, 0.6669756542519021, 0.44456756245130435, 0.2389089012121064, 0.008340296057933516, 0.6183632388530707, 0.6398630589900934, 0.6642823225164176, 0.7978939613143357, 0.748831057697323, 0.6191822724808305], [0.32217751324456056, 1.020934535266095, 0.0, 0.23361791807124913, 0.546057076621655, 0.14085098465522478, 0.21142892657320544, 0.6673953389391873, 0.448896632863796, 0.24332966939117173, 0.008673665988278678, 0.6129354946254035, 0.6540828111852471, 0.6721424580390134, 0.7994419933880114, 0.7333423827106104, 0.6227803604253628], [-0.013249761039258345, 0.8997221606279854, 0.0, 0.22680681316742995, 0.5101180803861551, 0.1447065641904053, 0.18775777901591367, 0.6614855271569213, 0.4580382020396956, 0.22442425114688924, 0.008340296057933516, 0.6326444931825737, 0.667993604215236, 0.7035543306227404, 0.8040334124358097, 0.7263444826842684, 0.6091710791722745], [0.09475900748454791, 1.0238406863499212, 0.0, 0.23524664426756764, 0.5466493990802298, 0.1422101911728642, 0.21904361284231158, 0.6660347148692165, 0.450714977340819, 0.24723923242236556, 0.008562602043175715, 0.6247043165134616, 0.6609163733856308, 0.6921549060437705, 0.8022230145231951, 0.736158277320547, 0.6243108928753494], [0.022582386229889728, 1.085623066491004, 0.0, 0.1840167543356504, 0.5616635698117576, 0.13610083880302937, 0.20814049720741323, 0.6722725874098392, 0.4041953652183945, 0.24839634159974078, 0.007783488497544067, 0.6181442519203595, 0.6385094849371825, 0.6532085370663482, 0.7866488488007256, 0.7353369567427054, 0.5897107575821824], [-0.4575350892607992, 0.9220578867048155, 0.0, 0.21926241960016277, 0.5175556698632175, 0.1443238396392909, 0.19858850737288875, 0.6634602282628927, 0.45621042151595503, 0.23225436626335982, 0.008117752083540042, 0.6459474611284528, 0.6803750224283008, 0.7084935391901744, 0.8064731932251178, 0.7109773277398032, 0.6225543455629893], [-0.35186967241978095, 0.9627879472517031, 0.0, 0.21758957844795784, 0.5291145233085133, 0.14189621306543643, 0.205222065357178, 0.6658978497881947, 0.4430176908227752, 0.23702995884983102, 0.008006390651371653, 0.6360363540863501, 0.6604711074280727, 0.6986089426661094, 0.8010770332314934, 0.7285784875757634, 0.6162344710016191]], "features_2": [[0.2623368471140055, 0.7605400866190313, 0.0, 0.2343157043872523, 0.47135433350931066, 0.14596189096219714, 0.1745902118911026, 0.6601013832563591, 0.4740308066814525, 0.19461624815016831, 0.008673665988278678, 0.6277071968791339, 0.6557476986966897, 0.6923087232721441, 0.8078696823069939, 0.7228566890239579, 0.6072574041214198], [0.45781737625671237, 0.7884590806717161, 0.0, 0.2447019216593768, 0.47576095874960617, 0.1479450799245435, 0.1845806785377441, 0.6572033676816623, 0.49477309342257025, 0.20372140402648142, 0.008673665988278678, 0.6136880131845119, 0.6554782238612559, 0.6861349672883994, 0.8113689925424152, 0.7329820965920661, 0.6089238643455333], [0.35893628664555033, 0.888786252109141, 0.0, 0.23908090991032174, 0.5094259997435888, 0.14532542475796761, 0.19957327329616703, 0.6624200180614825, 0.48053638593590486, 0.22364635095917684, 0.008562602043175715, 0.6203291037091789, 0.6588732854489046, 0.6857792697972874, 0.8096648584472667, 0.7101709782665078, 0.610705101335287], [0.43910026799572366, 0.9126681800363456, 0.0, 0.24178841382709285, 0.5113621919226694, 0.1462088706331533, 0.16021309747400495, 0.6590860109692701, 0.47214340768306884, 0.22681305515286976, 0.008618141428105908, 0.6203070987044361, 0.6527909665787305, 0.6768325187158881, 0.8067192939856599, 0.7276387518829088, 0.6045983393876596], [0.49693889087095666, 0.8175523519404189, 0.0, 0.27607550890389515, 0.48160277156921144, 0.14885969511621233, 0.16847378978357597, 0.6555283988395, 0.5007643329208904, 0.21267112840696534, 0.008562602043175715, 0.6114852967432021, 0.6614535064892783, 0.6852097796681746, 0.8121022112773222, 0.7180462448372452, 0.6101204613887302], [0.5032585885803171, 0.9472599888451886, 0.0, 0.2539319909313882, 0.5235720600357839, 0.14693801440469473, 0.21679484054422388, 0.6618694980679295, 0.49095908689724466, 0.2376607426964361, 0.008562602043175715, 0.6118190794103415, 0.6706165091051073, 0.6963143014815731, 0.8148804628668618, 0.727482058780514, 0.6160078781125498], [0.7664814249190619, 0.8761381036483147, 0.0, 0.27869188319336197, 0.5007581928696792, 0.14918616692408462, 0.17988249541884258, 0.6569289160038674, 0.5038683365793077, 0.2232774931737973, 0.009338807964934137, 0.6185963310791149, 0.6488538572087948, 0.6821025219513411, 0.8156281881056779, 0.7323087960631474, 0.6171261494787328], [0.4194069341038489, 0.9171506134486441, 0.0, 0.28075405823342103, 0.5091501922445202, 0.1468683628898489, 0.1618878952353235, 0.6574523305660696, 0.47512235257606483, 0.23152434568456703, 0.008784670673857464, 0.6072210984116917, 0.6519981264094319, 0.6912867149070256, 0.8061786356235388, 0.7097901489366396, 0.5963608311985306], [0.4723718005581934, 0.9344798818935482, 0.0, 0.2652513069149831, 0.5135617344353101, 0.14709919857838638, 0.15578678902393434, 0.6567615120672382, 0.46838416963515006, 0.23239813316641533, 0.008673665988278678, 0.61178626343053, 0.6267039323462716, 0.6585318431818331, 0.8058300895097398, 0.7177623559418089, 0.6033646278114614]]}