{"labels_1": ["1", "2", "3", "4", "5", "6", "7", "8", "9"], "labels_2": ["1", "2", "3", "4", "5", "6", "7", "8", "9"], "adj_matrix_1": [[0.0, 0.05166, 0.0591, 0.11647, 0.12406, 0.02933, 0.12069, 0.27256, 0.20153], [0.05166, 0.0, 0.00757, 0.16232, 0.07475, 0.08034, 0.07125, 0.23706, 0.15781], [0.0591, 0.00757, 0.0, 0.16867, 0.06736, 0.08764, 0.06387, 0.23141, 0.15109], [0.11647, 0.16232, 0.16867, 0.0, 0.22158, 0.089, 0.21892, 0.32518, 0.27875], [0.12406, 0.07475, 0.06736, 0.22158, 0.0, 0.15053, 0.00355, 0.17546, 0.08751], [0.02933, 0.08034, 0.08764, 0.089, 0.15053, 0.0, 0.14733, 0.28965, 0.22398], [0.12069, 0.07125, 0.06387, 0.21892, 0.00355, 0.14733, 0.0, 0.17858, 0.09096], [0.27256, 0.23706, 0.23141, 0.32518, 0.17546, 0.28965, 0.17858, 0.0, 0.09312], [0.20153, 0.15781, 0.15109, 0.27875, 0.08751, 0.22398, 0.09096, 0.09312, 0.0]], "adj_matrix_2": [[0.0, 0.09144, 0.24068, 0.06701, 0.02325, 0.06628, 0.17131, 0.01997, 0.19883], [0.09144, 0.0, 0.30804, 0.02502, 0.11378, 0.15425, 0.08574, 0.11065, 0.27265], [0.24068, 0.30804, 0.0, 0.29163, 0.22132, 0.18327, 0.35306, 0.22407, 0.04831], [0.06701, 0.02502, 0.29163, 0.0, 0.08975, 0.13123, 0.10971, 0.08655, 0.2542], [0.02325, 0.11378, 0.22132, 0.08975, 0.0, 0.04326, 0.1914, 0.00329, 0.17818], [0.06628, 0.15425, 0.18327, 0.13123, 0.04326, 0.0, 0.22702, 0.04652, 0.13806], [0.17131, 0.08574, 0.35306, 0.10971, 0.1914, 0.22702, 0.0, 0.1886, 0.32543], [0.01997, 0.11065, 0.22407, 0.08655, 0.00329, 0.04652, 0.1886, 0.0, 0.18113], [0.19883, 0.27265, 0.04831, 0.2542, 0.17818, 0.13806, 0.32543, 0.18113, 0.0]], "features_1": [[0.45876805410703403, 0.8683521378852597, 0.0, 0.25278610234049925, 0.5118758661557365, 0.13942358158134305, 0.22228515496097287, 0.6694125144816083, 0.4388352269005551, 0.20898530952770877, 0.008451478759474051, 0.6075058234723494, 0.6509045268608967, 0.6742366123182543, 0.7976026683284011, 0.7338322432574175, 0.6176826648416356], [0.2489815473928938, 0.876588635000906, 0.0, 0.24103083513205154, 0.5027244409888901, 0.14562307259924478, 0.17271658849326102, 0.6588828317485975, 0.4662096578406345, 0.2191529481100718, 0.008784670673857464, 0.6253996726616231, 0.6569394586837929, 0.6842784001438027, 0.8027776127506872, 0.7252336913707763, 0.6114805091164955], [0.41887227640680136, 1.0065692186866178, 0.0, 0.24230690156253776, 0.5437805452594356, 0.14086171884902818, 0.21658318196480053, 0.6669756542519021, 0.44456756245130435, 0.2389089012121064, 0.008340296057933516, 0.6183632388530707, 0.6398630589900934, 0.6642823225164176, 0.7978939613143357, 0.748831057697323, 0.6191822724808305], [0.32217751324456056, 1.020934535266095, 0.0, 0.23361791807124913, 0.546057076621655, 0.14085098465522478, 0.21142892657320544, 0.6673953389391873, 0.448896632863796, 0.24332966939117173, 0.008673665988278678, 0.6129354946254035, 0.6540828111852471, 0.6721424580390134, 0.7994419933880114, 0.7333423827106104, 0.6227803604253628], [-0.013249761039258345, 0.8997221606279854, 0.0, 0.22680681316742995, 0.5101180803861551, 0.1447065641904053, 0.18775777901591367, 0.6614855271569213, 0.4580382020396956, 0.22442425114688924, 0.008340296057933516, 0.6326444931825737, 0.667993604215236, 0.7035543306227404, 0.8040334124358097, 0.7263444826842684, 0.6091710791722745], [0.09475900748454791, 1.0238406863499212, 0.0, 0.23524664426756764, 0.5466493990802298, 0.1422101911728642, 0.21904361284231158, 0.6660347148692165, 0.450714977340819, 0.24723923242236556, 0.008562602043175715, 0.6247043165134616, 0.6609163733856308, 0.6921549060437705, 0.8022230145231951, 0.736158277320547, 0.6243108928753494], [0.022582386229889728, 1.085623066491004, 0.0, 0.1840167543356504, 0.5616635698117576, 0.13610083880302937, 0.20814049720741323, 0.6722725874098392, 0.4041953652183945, 0.24839634159974078, 0.007783488497544067, 0.6181442519203595, 0.6385094849371825, 0.6532085370663482, 0.7866488488007256, 0.7353369567427054, 0.5897107575821824], [-0.4575350892607992, 0.9220578867048155, 0.0, 0.21926241960016277, 0.5175556698632175, 0.1443238396392909, 0.19858850737288875, 0.6634602282628927, 0.45621042151595503, 0.23225436626335982, 0.008117752083540042, 0.6459474611284528, 0.6803750224283008, 0.7084935391901744, 0.8064731932251178, 0.7109773277398032, 0.6225543455629893], [-0.35186967241978095, 0.9627879472517031, 0.0, 0.21758957844795784, 0.5291145233085133, 0.14189621306543643, 0.205222065357178, 0.6658978497881947, 0.4430176908227752, 0.23702995884983102, 0.008006390651371653, 0.6360363540863501, 0.6604711074280727, 0.6986089426661094, 0.8010770332314934, 0.7285784875757634, 0.6162344710016191]], "features_2": [[-0.04646255251689313, 0.8312374879308196, 0.0, 0.2460531463237335, 0.5401194922162498, 0.11828600347404371, 0.4196884033599311, 0.6910805449775537, 0.3275370503303845, 0.1745679180645796, 0.0069454663283523566, 0.6080437736455964, 0.6561428987946444, 0.662267492270998, 0.7711832378085236, 0.6917453710278495, 0.5861743073667168], [-0.04809596774875535, 0.8536599689085526, 0.0, 0.25221877828448974, 0.5474825306170981, 0.11803231521918851, 0.44276599659677063, 0.6912652699596332, 0.33283754390216, 0.17995821777818732, 0.007057398507269275, 0.6070232410738479, 0.6392229848707517, 0.6503148429989005, 0.7735976954648494, 0.7000382717311698, 0.5877705236879813], [-0.20803023878042648, 0.9926734347989883, 0.0, 0.23404598512410646, 0.5773839201226957, 0.11974372587113527, 0.37577540822511396, 0.6902431191371062, 0.3330282664558839, 0.20843160247777415, 0.007057398507269275, 0.6241650517574362, 0.6560653218402585, 0.6673619299457259, 0.7716941580463741, 0.6780171948029626, 0.5872518173755195], [-0.09029532517186878, 0.9687525696971968, 0.0, 0.25466354516937056, 0.572580594496222, 0.12013644178777569, 0.41607892118197043, 0.6902922597612045, 0.3440843393176003, 0.20497325492312846, 0.007001439975721224, 0.6068562463113567, 0.6534271364062174, 0.6727678389706887, 0.7743499421007118, 0.6982162473326934, 0.5913437333136248], [0.20210986926685148, 0.8454348180718342, 0.0, 0.2402992842975149, 0.54472033394145, 0.11723944822341636, 0.4264050442630172, 0.691379934362812, 0.32681869977411915, 0.1749121270398144, 0.007225183508792421, 0.6083146277110836, 0.6429895480031644, 0.6602673529519455, 0.7699620291604616, 0.7011620244011426, 0.5833783500543335], [0.10612824391280018, 0.990187881533566, 0.0, 0.2578493082794986, 0.579405678673085, 0.12017665591796103, 0.47623539577176927, 0.6908370845513534, 0.3454182169608686, 0.2074809286997139, 0.00711334193318236, 0.6135733184472447, 0.6603125384897066, 0.6746292112359749, 0.7813189643597489, 0.7015313386421291, 0.5935178401017086], [0.31233384456597335, 0.9539963528699067, 0.0, 0.24981634347686735, 0.5647428958722164, 0.12071498879238873, 0.33347198771426034, 0.689203746490497, 0.33710835749540613, 0.1989979634362531, 0.007225183508792421, 0.5939943430038297, 0.6428304582271587, 0.659719331544878, 0.7697747896353762, 0.6865402820200224, 0.5951356411998551], [0.14091333510164805, 0.8036173674791064, 0.0, 0.23711453292672308, 0.5253291249121812, 0.11783336774271419, 0.40022673109713625, 0.690255259379107, 0.3226249158560397, 0.167051297426285, 0.007001439975721224, 0.6061203646207687, 0.6410524951992637, 0.6504789236292275, 0.7594748192985581, 0.683495444217543, 0.5691565688050049], [-0.011343865443527612, 0.8431883466976283, 0.0, 0.24630408753420535, 0.5371639658132698, 0.1188312458343653, 0.4039991734811103, 0.6900447474561329, 0.31982779230935976, 0.1751487383293302, 0.00711334193318236, 0.6145776907041554, 0.6399848977867688, 0.6372544707017449, 0.7627108117276566, 0.6886311302661531, 0.578097181088638]]}