{"labels_1": ["1", "2", "3", "4", "5", "6", "7", "8", "9"], "labels_2": ["1", "2", "3", "4", "5", "6", "7", "8", "9"], "adj_matrix_1": [[0.0, 0.05166, 0.0591, 0.11647, 0.12406, 0.02933, 0.12069, 0.27256, 0.20153], [0.05166, 0.0, 0.00757, 0.16232, 0.07475, 0.08034, 0.07125, 0.23706, 0.15781], [0.0591, 0.00757, 0.0, 0.16867, 0.06736, 0.08764, 0.06387, 0.23141, 0.15109], [0.11647, 0.16232, 0.16867, 0.0, 0.22158, 0.089, 0.21892, 0.32518, 0.27875], [0.12406, 0.07475, 0.06736, 0.22158, 0.0, 0.15053, 0.00355, 0.17546, 0.08751], [0.02933, 0.08034, 0.08764, 0.089, 0.15053, 0.0, 0.14733, 0.28965, 0.22398], [0.12069, 0.07125, 0.06387, 0.21892, 0.00355, 0.14733, 0.0, 0.17858, 0.09096], [0.27256, 0.23706, 0.23141, 0.32518, 0.17546, 0.28965, 0.17858, 0.0, 0.09312], [0.20153, 0.15781, 0.15109, 0.27875, 0.08751, 0.22398, 0.09096, 0.09312, 0.0]], "adj_matrix_2": [[0.0, 0.05719, 0.00052, 0.09851, 0.15367, 0.02648, 0.0954, 0.13226, 0.16082], [0.05719, 0.0, 0.05667, 0.15138, 0.10021, 0.08308, 0.1485, 0.07757, 0.20734], [0.00052, 0.05667, 0.0, 0.09901, 0.1532, 0.02701, 0.0959, 0.13178, 0.16124], [0.09851, 0.15138, 0.09901, 0.0, 0.23446, 0.07303, 0.00329, 0.21667, 0.06878], [0.15367, 0.10021, 0.1532, 0.23446, 0.0, 0.17688, 0.23215, 0.02332, 0.27625], [0.02648, 0.08308, 0.02701, 0.07303, 0.17688, 0.0, 0.06984, 0.15624, 0.13766], [0.0954, 0.1485, 0.0959, 0.00329, 0.23215, 0.06984, 0.0, 0.21421, 0.07197], [0.13226, 0.07757, 0.13178, 0.21667, 0.02332, 0.15624, 0.21421, 0.0, 0.26194], [0.16082, 0.20734, 0.16124, 0.06878, 0.27625, 0.13766, 0.07197, 0.26194, 0.0]], "features_1": [[0.45876805410703403, 0.8683521378852597, 0.0, 0.25278610234049925, 0.5118758661557365, 0.13942358158134305, 0.22228515496097287, 0.6694125144816083, 0.4388352269005551, 0.20898530952770877, 0.008451478759474051, 0.6075058234723494, 0.6509045268608967, 0.6742366123182543, 0.7976026683284011, 0.7338322432574175, 0.6176826648416356], [0.2489815473928938, 0.876588635000906, 0.0, 0.24103083513205154, 0.5027244409888901, 0.14562307259924478, 0.17271658849326102, 0.6588828317485975, 0.4662096578406345, 0.2191529481100718, 0.008784670673857464, 0.6253996726616231, 0.6569394586837929, 0.6842784001438027, 0.8027776127506872, 0.7252336913707763, 0.6114805091164955], [0.41887227640680136, 1.0065692186866178, 0.0, 0.24230690156253776, 0.5437805452594356, 0.14086171884902818, 0.21658318196480053, 0.6669756542519021, 0.44456756245130435, 0.2389089012121064, 0.008340296057933516, 0.6183632388530707, 0.6398630589900934, 0.6642823225164176, 0.7978939613143357, 0.748831057697323, 0.6191822724808305], [0.32217751324456056, 1.020934535266095, 0.0, 0.23361791807124913, 0.546057076621655, 0.14085098465522478, 0.21142892657320544, 0.6673953389391873, 0.448896632863796, 0.24332966939117173, 0.008673665988278678, 0.6129354946254035, 0.6540828111852471, 0.6721424580390134, 0.7994419933880114, 0.7333423827106104, 0.6227803604253628], [-0.013249761039258345, 0.8997221606279854, 0.0, 0.22680681316742995, 0.5101180803861551, 0.1447065641904053, 0.18775777901591367, 0.6614855271569213, 0.4580382020396956, 0.22442425114688924, 0.008340296057933516, 0.6326444931825737, 0.667993604215236, 0.7035543306227404, 0.8040334124358097, 0.7263444826842684, 0.6091710791722745], [0.09475900748454791, 1.0238406863499212, 0.0, 0.23524664426756764, 0.5466493990802298, 0.1422101911728642, 0.21904361284231158, 0.6660347148692165, 0.450714977340819, 0.24723923242236556, 0.008562602043175715, 0.6247043165134616, 0.6609163733856308, 0.6921549060437705, 0.8022230145231951, 0.736158277320547, 0.6243108928753494], [0.022582386229889728, 1.085623066491004, 0.0, 0.1840167543356504, 0.5616635698117576, 0.13610083880302937, 0.20814049720741323, 0.6722725874098392, 0.4041953652183945, 0.24839634159974078, 0.007783488497544067, 0.6181442519203595, 0.6385094849371825, 0.6532085370663482, 0.7866488488007256, 0.7353369567427054, 0.5897107575821824], [-0.4575350892607992, 0.9220578867048155, 0.0, 0.21926241960016277, 0.5175556698632175, 0.1443238396392909, 0.19858850737288875, 0.6634602282628927, 0.45621042151595503, 0.23225436626335982, 0.008117752083540042, 0.6459474611284528, 0.6803750224283008, 0.7084935391901744, 0.8064731932251178, 0.7109773277398032, 0.6225543455629893], [-0.35186967241978095, 0.9627879472517031, 0.0, 0.21758957844795784, 0.5291145233085133, 0.14189621306543643, 0.205222065357178, 0.6658978497881947, 0.4430176908227752, 0.23702995884983102, 0.008006390651371653, 0.6360363540863501, 0.6604711074280727, 0.6986089426661094, 0.8010770332314934, 0.7285784875757634, 0.6162344710016191]], "features_2": [[0.29839724681981794, 0.6972164106657137, 0.0, 0.28086929766412116, 0.4825466717807066, 0.12773773558093876, 0.31976053942165805, 0.683660042956471, 0.3749847757422924, 0.15985346113527643, 0.007560346756364078, 0.6040912351284162, 0.6464632845901955, 0.6784788784492923, 0.7809205659769203, 0.7108616733525057, 0.5955614283144783], [-0.061291364029630646, 0.6921317619954783, 0.0, 0.23792612131381563, 0.4750806177892877, 0.13101618003748133, 0.30743541278802977, 0.6809719858346652, 0.38542199229889884, 0.1623021043878885, 0.007504523810135222, 0.6166679406096751, 0.6569746116471117, 0.6774793080234071, 0.7890566195353349, 0.7031184194308334, 0.607908844033817], [0.0317468619556438, 0.7919821289172314, 0.0, 0.25561422268767553, 0.5089651834288151, 0.13014693831135082, 0.3040933368196157, 0.6818918879363558, 0.3868721678938496, 0.18395270598921631, 0.007894969482732161, 0.6152792093791626, 0.6630211585981527, 0.6818424566471348, 0.7866432017770268, 0.7084570612515514, 0.6077074858909853], [0.381176839807539, 0.8210310808397565, 0.0, 0.28450450728769733, 0.5163697691216784, 0.12933101299656824, 0.2897562151480052, 0.6818407286624732, 0.37409047508671467, 0.18614994439587873, 0.007616154688146137, 0.5983049847978159, 0.6372841509404714, 0.6642011491812143, 0.7812401362010994, 0.7197995155965734, 0.6007918315576406], [-0.3401741159546954, 0.708607334226089, 0.0, 0.22662717631995744, 0.47683934473150047, 0.13279805855949156, 0.29070157932343293, 0.6791508684485981, 0.3915624663572017, 0.1696357972385676, 0.007727725548673403, 0.6287207792397029, 0.6697506367247547, 0.6845720243978666, 0.7920489491924733, 0.7040402650172075, 0.6091455495027557], [-0.007121153569617622, 0.8158457142790518, 0.0, 0.25621364339574976, 0.5131572878316865, 0.1314688552627104, 0.3079373419709711, 0.681197581173576, 0.3908184422453582, 0.19035571762566095, 0.007727725548673403, 0.6047794731683562, 0.6592672756189837, 0.6861144223336619, 0.7917974061850328, 0.7113710028774708, 0.611367452861031], [0.5881810273474115, 0.8057731064682672, 0.0, 0.26177195761462185, 0.5067349333717255, 0.1308301033311944, 0.23831057659229984, 0.679594243512408, 0.3779716212864934, 0.1818636433017471, 0.007281081678807366, 0.5946524602228582, 0.6497590569237913, 0.6683055908723362, 0.7812617595129977, 0.7148081212672419, 0.5944703252418981], [-0.1489719410079986, 0.714800568576893, 0.0, 0.2371012845605793, 0.4770105181630144, 0.13378255282775114, 0.29814818173302127, 0.6787272240669243, 0.3934461959380753, 0.1701918874083117, 0.007392832833969631, 0.619680410469932, 0.6589677600109973, 0.6896007076658015, 0.7962512116519842, 0.7185599720412296, 0.6192796293273176], [-0.05994055412478039, 0.7262912897923173, 0.0, 0.27838660030928647, 0.4816858886226061, 0.1325291468881611, 0.268506171787525, 0.6790058734553475, 0.38988206252903046, 0.17009132486003242, 0.007727725548673403, 0.6078678490589544, 0.6476560845144295, 0.6685207033487189, 0.7898234469919966, 0.7082147412813996, 0.6131018859867161]]}