{"labels_1": ["1", "2", "3", "4", "5", "6", "7", "8", "9"], "labels_2": ["1", "2", "3", "4", "5", "6", "7", "8", "9"], "adj_matrix_1": [[0.0, 0.2125, 0.06078, 0.14643, 0.07633, 0.15722, 0.22754, 0.24021, 0.18956], [0.2125, 0.0, 0.16621, 0.29613, 0.26058, 0.0728, 0.02467, 0.33239, 0.31456], [0.06078, 0.16621, 0.0, 0.19851, 0.134, 0.10231, 0.18493, 0.28067, 0.23688], [0.14643, 0.29613, 0.19851, 0.0, 0.0737, 0.26787, 0.30127, 0.10929, 0.04862], [0.07633, 0.26058, 0.134, 0.0737, 0.0, 0.21841, 0.27058, 0.17777, 0.12072], [0.15722, 0.0728, 0.10231, 0.26787, 0.21841, 0.0, 0.09613, 0.32452, 0.29532], [0.22754, 0.02467, 0.18493, 0.30127, 0.27058, 0.09613, 0.0, 0.3305, 0.31648], [0.24021, 0.33239, 0.28067, 0.10929, 0.17777, 0.32452, 0.3305, 0.0, 0.06178], [0.18956, 0.31456, 0.23688, 0.04862, 0.12072, 0.29532, 0.31648, 0.06178, 0.0]], "adj_matrix_2": [[0.0, 0.09571, 0.04723, 0.0441, 0.00119, 0.00415, 0.22803, 0.33278, 0.2188], [0.09571, 0.0, 0.13736, 0.13469, 0.0968, 0.09184, 0.26713, 0.30688, 0.26186], [0.04723, 0.13736, 0.0, 0.00318, 0.04605, 0.05131, 0.1971, 0.33263, 0.18625], [0.0441, 0.13469, 0.00318, 0.0, 0.04292, 0.04819, 0.19939, 0.33292, 0.18863], [0.00119, 0.0968, 0.04605, 0.04292, 0.0, 0.00534, 0.22731, 0.33286, 0.21805], [0.00415, 0.09184, 0.05131, 0.04819, 0.00534, 0.0, 0.2305, 0.33251, 0.22139], [0.22803, 0.26713, 0.1971, 0.19939, 0.22731, 0.2305, 0.0, 0.23415, 0.01407], [0.33278, 0.30688, 0.33263, 0.33292, 0.33286, 0.33251, 0.23415, 0.0, 0.24457], [0.2188, 0.26186, 0.18625, 0.18863, 0.21805, 0.22139, 0.01407, 0.24457, 0.0]], "features_1": [[0.5402931030672291, 0.8252805241549732, 0.0, 0.2729352575834278, 0.5251267456319099, 0.12674412851094835, 0.7300868848677105, 0.6866775598878871, 0.36744555034676996, 0.17990703626572824, 0.007448685839370306, 0.6032717028689818, 0.6444876168686063, 0.6654194023376673, 0.7733580882053558, 0.6912152541359017, 0.5957330212377583], [0.5229114416509284, 0.8480894852642635, 0.0, 0.27493809374931877, 0.5244166844934515, 0.12458559352634965, 0.5125620138478588, 0.6864131438577185, 0.3638910198091485, 0.18204742620439252, 0.007225183508792421, 0.5976671754730505, 0.6336512396110339, 0.6444252604038336, 0.7645741257571997, 0.7015937045134901, 0.5847703382465294], [0.6442264842640384, 0.9462411898052087, 0.0, 0.2825684102606791, 0.556920782300538, 0.12635048008450578, 0.6948051348911705, 0.6867607456688776, 0.3639562279077584, 0.20254537334142575, 0.007336964783822175, 0.5908389658445392, 0.6478497076033913, 0.6680906852377407, 0.7739754618724615, 0.7080252978958267, 0.5942463916356789], [0.2564576952771538, 0.9615493771233294, 0.0, 0.2652240409212584, 0.5569237587453799, 0.12899171169560675, 0.6792678942847182, 0.6848313163125387, 0.3772783494215901, 0.21094824148817115, 0.007448685839370306, 0.6136851667033041, 0.6529915468936647, 0.6682373775770406, 0.778671974858086, 0.6899707888586464, 0.6009033073050581], [0.2268252709975913, 0.7960469811728713, 0.0, 0.2576531754055605, 0.5115715243938773, 0.12532002596565323, 0.5392994362979451, 0.6861029729517322, 0.3641145352271844, 0.17372609168986464, 0.007671947615560004, 0.6044315484059537, 0.6262115218854795, 0.6316003541734347, 0.7672595160752498, 0.7164176940037845, 0.5776889965652222], [0.5597763924484265, 0.9522559647795088, 0.0, 0.3037442281011564, 0.5578370448776985, 0.12659442958122832, 0.7418366544278434, 0.6873203054835777, 0.37069888201566736, 0.2056510220059644, 0.007448685839370306, 0.5908686514707859, 0.6509002764589003, 0.66562332182905, 0.7788650115888338, 0.7081091312108287, 0.5900325946363956], [0.7593241946761804, 0.9546819841156043, 0.0, 0.25373768426570265, 0.5522933156090296, 0.1298884759961558, 0.662222520736578, 0.6839807610734736, 0.37695318878494843, 0.20765564422344385, 0.007336964783822175, 0.5848560975571833, 0.6282606953458838, 0.648990891487539, 0.7774915757040881, 0.7081345276102937, 0.594748482378082], [-0.020933376302401552, 0.7494940391782542, 0.0, 0.25923839681614036, 0.4972942106117554, 0.12949678837256207, 0.6887036057826578, 0.6845172337605043, 0.38094577718590306, 0.17020836914285908, 0.007560346756364078, 0.6201881867094547, 0.6446106832604865, 0.6661003606926456, 0.778923373498145, 0.7080965173473168, 0.5919870050720566], [0.2928126035734997, 0.7849614181525436, 0.0, 0.26811068806041377, 0.507251398827425, 0.13096507909618837, 0.730186768135303, 0.6843426719068952, 0.4017417859109733, 0.178039219700161, 0.007894969482732161, 0.6145382673868993, 0.6451615831005819, 0.6758957443424464, 0.7848412396594667, 0.7103290707238062, 0.6016261549105154]], "features_2": [[0.38301218014823935, 0.7149139931179322, 0.0, 0.2662164494341801, 0.4995238457517889, 0.12041490879558564, 0.43782350661868963, 0.6898085640946622, 0.3384642088469385, 0.1515083342961976, 0.00677745458930179, 0.5967974190589085, 0.6570012305027638, 0.6498294266352528, 0.7739507486587938, 0.7170932300737127, 0.581839663378074], [0.4815829362115793, 0.7093963978772179, 0.0, 0.2715482238689459, 0.49260755451336613, 0.12321005236860043, 0.41274155480681146, 0.6882814017005996, 0.33112170190335877, 0.15276925699272903, 0.00655322669591385, 0.5899231323324972, 0.6631723565342336, 0.6756628006896345, 0.7809966039025211, 0.7061121040399551, 0.5727636338000585], [0.13409528148023586, 0.8666071228485268, 0.0, 0.2511449276756094, 0.5401898301341723, 0.12202896714170332, 0.39277597326769753, 0.6886673744836725, 0.3462486620240841, 0.18639140719262404, 0.006889477554966383, 0.5958130703815581, 0.6461175122250153, 0.6541420270659773, 0.775002577249363, 0.7117967762606955, 0.5873133324720881], [0.15732085541076035, 0.8785209214091733, 0.0, 0.23881149531574364, 0.5435330224804799, 0.12169002100776054, 0.3659585773282238, 0.6884618446852286, 0.3386191745524578, 0.18785535416248256, 0.007225183508792421, 0.6015036625760617, 0.6585311831463659, 0.6677048938302405, 0.7719396937699329, 0.706291085867401, 0.5939357351588529], [0.05610228151588359, 0.6907136329237289, 0.0, 0.25611837059890263, 0.4858415064520682, 0.12397532793229876, 0.4350839318730856, 0.688078323848372, 0.3364442069933973, 0.15176582132796956, 0.006497131753992358, 0.5959095060946753, 0.6424478828890936, 0.6574451198758503, 0.7850647160006984, 0.7005008014725027, 0.5757819342921782], [0.16691794908075774, 0.8812462320866669, 0.0, 0.25937962328141906, 0.5433405603047944, 0.12368184052469532, 0.4286033014041287, 0.6882456025121794, 0.350466754674025, 0.1914132576745069, 0.00677745458930179, 0.5940229339535641, 0.6555555676196082, 0.6660165134158168, 0.7826525191957341, 0.721008241726482, 0.5905552736964501], [0.3885890303741282, 0.8377356488623258, 0.0, 0.2775366272014275, 0.5326150739228477, 0.12228528195083357, 0.3998387243623164, 0.6886643574165876, 0.3329360031537958, 0.17769098393915272, 0.006889477554966383, 0.5980684052835852, 0.6355564313423552, 0.6347172874150184, 0.7772873853033777, 0.700207114813943, 0.5927946036684385], [-0.31535482399198056, 0.7202338492780238, 0.0, 0.24498619639908514, 0.49353808831099666, 0.1217245021912981, 0.436834831749313, 0.6888848016096885, 0.32106177658375756, 0.1560166410008761, 0.006721420376576193, 0.6184885221894421, 0.6625881930049118, 0.6888090517232979, 0.7768376175313568, 0.6624625332657725, 0.5576899116884073], [-0.05470191258322199, 0.7921548029869357, 0.0, 0.24050321008144487, 0.5182339496645658, 0.1203941196515442, 0.3938874209478108, 0.6891275999500366, 0.3086347990514149, 0.16683055456507034, 0.006497131753992358, 0.6040756379007153, 0.6496823227511548, 0.6504485213784436, 0.7693723123414655, 0.6979479057831467, 0.5520311133311404]]}