{"labels_1": ["1", "2", "3", "4", "5", "6", "7", "8", "9"], "labels_2": ["1", "2", "3", "4", "5", "6", "7", "8", "9"], "adj_matrix_1": [[0.0, 0.13299, 0.03551, 0.05654, 0.08339, 0.0049, 0.03001, 0.12119, 0.07788], [0.13299, 0.0, 0.1026, 0.08312, 0.19348, 0.13688, 0.10744, 0.21623, 0.18982], [0.03551, 0.1026, 0.0, 0.02145, 0.11585, 0.04036, 0.00555, 0.15094, 0.1107], [0.05654, 0.08312, 0.02145, 0.0, 0.13415, 0.0613, 0.02696, 0.16723, 0.12926], [0.08339, 0.19348, 0.11585, 0.13415, 0.0, 0.07875, 0.11093, 0.04113, 0.00579], [0.0049, 0.13688, 0.04036, 0.0613, 0.07875, 0.0, 0.03488, 0.11689, 0.07324], [0.03001, 0.10744, 0.00555, 0.02696, 0.11093, 0.03488, 0.0, 0.14651, 0.10575], [0.12119, 0.21623, 0.15094, 0.16723, 0.04113, 0.11689, 0.14651, 0.0, 0.04684], [0.07788, 0.18982, 0.1107, 0.12926, 0.00579, 0.07324, 0.10575, 0.04684, 0.0]], "adj_matrix_2": [[0.0, 0.01535, 0.01698, 0.01441, 0.24306, 0.09786, 0.16018, 0.30364, 0.34847], [0.01535, 0.0, 0.03232, 0.00094, 0.23042, 0.08283, 0.16328, 0.30464, 0.34656], [0.01698, 0.03232, 0.0, 0.03138, 0.25663, 0.11437, 0.15664, 0.30209, 0.35012], [0.01441, 0.00094, 0.03138, 0.0, 0.23106, 0.08377, 0.16286, 0.30421, 0.34642], [0.24306, 0.23042, 0.25663, 0.23106, 0.0, 0.15739, 0.21422, 0.29113, 0.27296], [0.09786, 0.08283, 0.11437, 0.08377, 0.15739, 0.0, 0.18043, 0.30682, 0.33123], [0.16018, 0.16328, 0.15664, 0.16286, 0.21422, 0.18043, 0.0, 0.16908, 0.21657], [0.30364, 0.30464, 0.30209, 0.30421, 0.29113, 0.30682, 0.16908, 0.0, 0.10048], [0.34847, 0.34656, 0.35012, 0.34642, 0.27296, 0.33123, 0.21657, 0.10048, 0.0]], "features_1": [[0.3443751068991987, 0.8456422033226172, 0.0, 0.19902932730406503, 0.5071879905625066, 0.1405184252379676, 0.24323321677821497, 0.670226428634478, 0.4302243762359106, 0.2059339709585153, 0.007950687539111767, 0.6031038839066203, 0.6642468931169682, 0.6927377639728548, 0.8067791790469734, 0.7317082022161587, 0.6223836909104213], [0.7051552083821986, 0.8634976417218266, 0.0, 0.20640208759734416, 0.5022180069680537, 0.14557719984229334, 0.2035910520258497, 0.6627528190285312, 0.46358105653291215, 0.2155189354794429, 0.008284682400665488, 0.596805877901796, 0.6693275968716511, 0.6969000242836971, 0.8119118539296174, 0.7415936447240546, 0.6242172192576284], [0.5254274755542223, 0.9739610721237364, 0.0, 0.2085908284579317, 0.541271119270818, 0.14025083759582468, 0.2545823028691082, 0.6711030633051628, 0.4376246971878073, 0.2318038888219376, 0.00839589484089287, 0.6011664611669498, 0.6626232680518122, 0.70069642105036, 0.8073150523240185, 0.7308266519276714, 0.6240990673032171], [0.5026264265719833, 1.0049655152179269, 0.0, 0.21238934865299272, 0.5443600339827558, 0.14246881749696938, 0.22655748411751092, 0.6671969906961539, 0.4559928604140444, 0.2419966815271768, 0.008117752083540042, 0.6035952275075211, 0.6547949998613218, 0.6926628352814921, 0.8069296564927415, 0.7300656224427712, 0.6265805656318271], [0.4929643204745946, 0.8430690220987742, 0.0, 0.1742500723222861, 0.4936475064877909, 0.14791733345134342, 0.2103973825267694, 0.660152170670923, 0.486567945175683, 0.21601266410428965, 0.008840150818991033, 0.6067947549715136, 0.6734417793441673, 0.7168423802197268, 0.8172313317642224, 0.7449406471575385, 0.6207278942065849], [0.6194544830090098, 0.9958799774055122, 0.0, 0.21400361615854047, 0.5453180172243991, 0.14073301063460658, 0.2683860980064061, 0.6714284558149702, 0.4443090636585265, 0.23629641213063413, 0.008618141428105908, 0.5992083142158673, 0.6676197902484287, 0.7022559832754667, 0.8104990096965461, 0.7352752401389844, 0.622623397916805], [0.42263154823170623, 1.0558929755186022, 0.0, 0.20265594316908697, 0.5573184483713636, 0.1397342543618738, 0.23370262335797137, 0.6706717843430151, 0.4349354776810972, 0.24848160154549936, 0.008117752083540042, 0.5954440907635452, 0.6705046159876071, 0.711851187729775, 0.8035177178649567, 0.7357089040128267, 0.6145088234675098], [0.759464585056139, 0.8978731361151095, 0.0, 0.2096873483804808, 0.5123230013568509, 0.14522176214473334, 0.2506426884063629, 0.6654100172142434, 0.4745384569268538, 0.22294624954430997, 0.008451478759474051, 0.6072319108575859, 0.6704712719671764, 0.7026881400348441, 0.8155161110755831, 0.7350105746352122, 0.6180831080901549], [0.49575858647257, 0.9889800373195192, 0.0, 0.21257290367153803, 0.5437365410473092, 0.13897357098479243, 0.2920086578018612, 0.6736468439225047, 0.4282558150155691, 0.23332250897053397, 0.008117752083540042, 0.6002119738673146, 0.6602333603847513, 0.696928924667234, 0.8075301654248701, 0.7293708909136333, 0.6139920605949052]], "features_2": [[-0.3199582275270827, 0.6888576325064705, 0.0, 0.21888541242969536, 0.47385766179111766, 0.1269894568155411, 0.2614926854108006, 0.6827776577498937, 0.34268478623906873, 0.15599113227738437, 0.00716927026363523, 0.6259613793140715, 0.6532075235418133, 0.6679033796198143, 0.7686212603938471, 0.6901971527489239, 0.569680528472627], [-0.32371114475064466, 0.6859730893859651, 0.0, 0.21486073249950896, 0.47289055274062375, 0.12789601106978796, 0.2816772693967998, 0.6826624339244224, 0.3517681713719367, 0.157927066345259, 0.007616154688146137, 0.6256209423022212, 0.6565528252866859, 0.6845535626974395, 0.7764792315063431, 0.7005437365985743, 0.5809708456116878], [-0.2824363906243441, 0.8329930280515235, 0.0, 0.21525711864184927, 0.5168351760281341, 0.12750441758456027, 0.2445914629103733, 0.6823066551449583, 0.3489520746597736, 0.1875529539009957, 0.007281081678807366, 0.6266613850996721, 0.6436210397140182, 0.6605571987336964, 0.7696530696459852, 0.6948437094511631, 0.5758772999424496], [-0.17460117538335362, 0.8724840910059213, 0.0, 0.22957285062158514, 0.5209190234068204, 0.13052409963147993, 0.17901923485227939, 0.6781580688660735, 0.37160235657298313, 0.2006803825729302, 0.007392832833969631, 0.6300151836143875, 0.6478951334140168, 0.6741092734963305, 0.7705641346227706, 0.6934805421401875, 0.5767903813554206], [-0.19579089446490228, 0.659610672543589, 0.0, 0.209028995264643, 0.4638543441274511, 0.1272781656104473, 0.2858857768822979, 0.6830563667673812, 0.34543040262365055, 0.15009852834105475, 0.00716927026363523, 0.6139445107933867, 0.6586544280784719, 0.6863089796394561, 0.7754963996938288, 0.7049301701053027, 0.5746456450793334], [-0.22397561970241808, 0.8664649796632758, 0.0, 0.21499707076222863, 0.5254242028093354, 0.12714207682359754, 0.2342805498450467, 0.6825705067792815, 0.3454520034907762, 0.19401842816374804, 0.007281081678807366, 0.6261505805304437, 0.6508914857758626, 0.6766837178950608, 0.7689265798738101, 0.6856559624770596, 0.5687031914461889], [0.8239200952000192, 0.8548356981465441, 0.0, 0.3183196053621244, 0.5186372497175482, 0.1276230903934313, 0.22604192970469014, 0.6816484922548948, 0.3579384033449533, 0.19132261707839882, 0.007504523810135222, 0.5765836860608857, 0.6320931710028024, 0.6574214364351822, 0.7654988384884517, 0.6968966811300424, 0.5611970411692734], [0.8000733514045275, 0.7400494522477357, 0.0, 0.25305572402483206, 0.49563063070644997, 0.12283947629795108, 0.2491585285564973, 0.686223020758911, 0.33420676583029296, 0.15801148905102957, 0.0069454663283523566, 0.5783015223032066, 0.6229755554742016, 0.6378875113179638, 0.7600601650905826, 0.7235508190674994, 0.5468089054605804], [0.7383929550561397, 0.8169358884452427, 0.0, 0.2562026446313869, 0.5169752524711355, 0.12217336300516962, 0.22069850108619846, 0.686203044828829, 0.3308648654979691, 0.17376157898659983, 0.00716927026363523, 0.577659443762808, 0.6254938405198501, 0.647358938730624, 0.7524530835587899, 0.6801382477759269, 0.5376362608988199]]}