{"labels_1": ["1", "2", "3", "4", "5", "6", "7", "8", "9"], "labels_2": ["1", "2", "3", "4", "5", "6", "7", "8", "9"], "adj_matrix_1": [[0.0, 0.06136, 0.00579, 0.3007, 0.04883, 0.02168, 0.0951, 0.28997, 0.31103], [0.06136, 0.0, 0.05563, 0.3005, 0.10912, 0.08269, 0.08407, 0.28671, 0.3153], [0.00579, 0.05563, 0.0, 0.30069, 0.05456, 0.02747, 0.09393, 0.28962, 0.31148], [0.3007, 0.3005, 0.30069, 0.0, 0.29796, 0.29964, 0.19758, 0.02665, 0.03494], [0.04883, 0.10912, 0.05456, 0.29796, 0.0, 0.02723, 0.10479, 0.29004, 0.30427], [0.02168, 0.08269, 0.02747, 0.29964, 0.02723, 0.0, 0.09919, 0.29008, 0.30826], [0.0951, 0.08407, 0.09393, 0.19758, 0.10479, 0.09919, 0.0, 0.19368, 0.19982], [0.28997, 0.28671, 0.28962, 0.02665, 0.29004, 0.29008, 0.19368, 0.0, 0.06101], [0.31103, 0.3153, 0.31148, 0.03494, 0.30427, 0.30826, 0.19982, 0.06101, 0.0]], "adj_matrix_2": [[0.0, 0.26312, 0.23651, 0.08361, 0.30979, 0.32601, 0.03947, 0.02631, 0.05239], [0.26312, 0.0, 0.03431, 0.19301, 0.06978, 0.09871, 0.29316, 0.28342, 0.22026], [0.23651, 0.03431, 0.0, 0.1627, 0.10302, 0.13111, 0.26869, 0.25816, 0.19124], [0.08361, 0.19301, 0.1627, 0.0, 0.2491, 0.27006, 0.12212, 0.10934, 0.03157], [0.30979, 0.06978, 0.10302, 0.2491, 0.0, 0.0299, 0.33495, 0.32689, 0.27298], [0.32601, 0.09871, 0.13111, 0.27006, 0.0299, 0.0, 0.34898, 0.34159, 0.29221], [0.03947, 0.29316, 0.26869, 0.12212, 0.33495, 0.34898, 0.0, 0.01318, 0.09142], [0.02631, 0.28342, 0.25816, 0.10934, 0.32689, 0.34159, 0.01318, 0.0, 0.07845], [0.05239, 0.22026, 0.19124, 0.03157, 0.27298, 0.29221, 0.09142, 0.07845, 0.0]], "features_1": [[0.009204040250456291, 0.6889349803314821, 0.0, 0.21201509126515813, 0.4832115297886603, 0.1261289491997172, 0.24746978666069666, 0.6841562727108621, 0.3524081528041947, 0.15434646023229792, 0.007001439975721224, 0.6121070318172634, 0.6359507510790378, 0.6716235323590762, 0.7725920268826019, 0.69222879793005, 0.6056641608255173], [-0.22539745102527542, 0.7081335212814618, 0.0, 0.21336791680118222, 0.4780619853257553, 0.13062329813931772, 0.20877836901369448, 0.679016985802503, 0.362542231237986, 0.16314137202988, 0.00677745458930179, 0.6216942584956517, 0.6455949534002067, 0.676513288673965, 0.7749585087010907, 0.6821721457161755, 0.6068893419641188], [0.06305225357904254, 0.8286708962938785, 0.0, 0.21687306979246826, 0.5236219828423512, 0.12795934613025933, 0.24563211921006028, 0.6827376456501868, 0.36166029616896567, 0.1848173334616956, 0.007225183508792421, 0.616334752693886, 0.6415146781502279, 0.6607489888856736, 0.7758650140317188, 0.6767469205810271, 0.6090941908207095], [0.44700605576315633, 0.8300518453942515, 0.0, 0.23741151821077464, 0.5239932196574303, 0.12806843898815917, 0.25370838456392375, 0.6828265589997375, 0.36481088027894426, 0.18475933803597844, 0.007448685839370306, 0.5934857389864958, 0.6401068152291147, 0.6448082399851681, 0.7778449439738587, 0.6871179980705073, 0.6098655010618962], [-0.07269926422333661, 0.7081268460240241, 0.0, 0.21942999164002489, 0.47943379004260345, 0.12858553772639528, 0.1948307288614366, 0.6806446831212243, 0.35011060708251973, 0.16045192627134663, 0.0066653709969386465, 0.6141394435578653, 0.6314121600053414, 0.6560209670327115, 0.7686618150291289, 0.6773840281659612, 0.5962042127395231], [-0.20097626672264024, 0.8567083768024256, 0.0, 0.20903666332900894, 0.531859969334144, 0.12775570664060942, 0.3022158899223257, 0.6839745203357275, 0.359111427158072, 0.19175268511917665, 0.00711334193318236, 0.6173050136936706, 0.6581448977616945, 0.673815045968529, 0.7822821856943535, 0.6894242819538776, 0.6181704160085565], [1.7421538365042926, 0.9273377505603381, 0.0, 0.2762776896434886, 0.5385661119583413, 0.1286845310933817, 0.1496502142850929, 0.6793614751368062, 0.35685142375735257, 0.19901658593674498, 0.007001439975721224, 0.556536955943129, 0.6193761802355247, 0.6339576737420498, 0.7630622627295378, 0.7081386560578175, 0.592219976757097], [0.9509716884997776, 0.8013152274969966, 0.0, 0.25545569261373224, 0.5147055316408733, 0.11971470403772227, 0.22191752854853633, 0.6878405783203289, 0.31524027147767986, 0.16463271166663596, 0.00677745458930179, 0.5686583084578092, 0.6158916200661493, 0.6295314504756985, 0.7502927253978722, 0.6712618902787619, 0.556283095697134], [0.3838781455608191, 0.8360194415420739, 0.0, 0.21574494233708086, 0.5212390473104314, 0.12230145519162747, 0.21633434179773872, 0.6861180775548787, 0.332943144117668, 0.1790610862112576, 0.00677745458930179, 0.5897023931068948, 0.6313220142365331, 0.640846554955087, 0.7567293892658501, 0.6749589094816382, 0.5813881232610579]], "features_2": [[-0.39915754696390016, 0.7015362219785836, 0.0, 0.18418746013629075, 0.4841525419856714, 0.12696390143310232, 0.3051936225049417, 0.6840959953939725, 0.36391468953955197, 0.16236993504568642, 0.00716927026363523, 0.6338681473820178, 0.6447881585566763, 0.6721604124347692, 0.779156181800933, 0.6964003838419529, 0.6086353848535835], [-0.13973147745943182, 0.6621598480659782, 0.0, 0.24274651267078773, 0.46359078528994274, 0.12929744851390557, 0.27943262880987946, 0.6817051395186933, 0.3744468718113545, 0.15326890115692304, 0.007727725548673403, 0.6178500004739105, 0.6659881807216317, 0.6798511524179557, 0.7817501180324212, 0.708768633178248, 0.617422661430486], [-0.25778409619630693, 0.8156393076197258, 0.0, 0.18753093306410606, 0.5212184843654076, 0.1260022893950261, 0.28410779835738326, 0.6845800219923298, 0.3563947119474189, 0.18392630418560496, 0.00683347364535547, 0.6241930546728343, 0.6409307769312093, 0.6796038680714769, 0.7753848689637376, 0.7072566167235066, 0.6070273412557208], [-0.35198973559610947, 0.8469182080110945, 0.0, 0.17221913044276319, 0.5240293225307192, 0.12796863298694064, 0.26513970535734044, 0.6824400537084596, 0.36655168338495336, 0.19388931362680561, 0.0069454663283523566, 0.6293049220429072, 0.648765517457474, 0.683429478568099, 0.7756089982761858, 0.6890354995856172, 0.6070902877105006], [-0.0019246518614557395, 0.660700017620354, 0.0, 0.252817864439646, 0.46344905718376095, 0.12812427354104, 0.28315810632371663, 0.6822969512955599, 0.36329391672251043, 0.1510523744500636, 0.007281081678807366, 0.6081254581608087, 0.6359240832179542, 0.6662545894282487, 0.7785324262495975, 0.7046405622334658, 0.6180785089790711], [-0.2672008988263963, 0.8351650359302678, 0.0, 0.1796712471438657, 0.523903528820912, 0.128766719106286, 0.33742482137142316, 0.6834624649432763, 0.36531043213894954, 0.1913243049734552, 0.007504523810135222, 0.6193231240468613, 0.6527479603463228, 0.6864618428835279, 0.7859380832111147, 0.7163157291490032, 0.6142429627321189], [-0.3947419051612404, 0.8307653206531669, 0.0, 0.17497286258113323, 0.5253442788366494, 0.12414305839274192, 0.31931053117293684, 0.686330252217014, 0.3506649591849935, 0.18561982601472016, 0.007504523810135222, 0.6305363534897861, 0.6519182689376476, 0.6781234237994844, 0.7738832708204145, 0.7076165635934845, 0.592896722363841], [-0.5500639344511082, 0.7017441148317851, 0.0, 0.19831870398887858, 0.485975951509513, 0.12446814356089075, 0.4046708807307787, 0.686041881901553, 0.343467905849526, 0.15819754207835368, 0.00716927026363523, 0.6305278721981051, 0.6662758442983501, 0.690259985318615, 0.7721353369973972, 0.6878910941960615, 0.6014508481483607], [-0.4663453445873782, 0.775599237756428, 0.0, 0.18208624736151863, 0.50973274848043, 0.12226390379162504, 0.35012453440469715, 0.6872780056871926, 0.3306298664318974, 0.1715739164398804, 0.006721420376576193, 0.6281295431624088, 0.6502637607764027, 0.6581200930125635, 0.7664700374535296, 0.6935425936240491, 0.5856652271519983]]}