{"labels_1": ["1", "2", "3", "4", "5", "6", "7", "8", "9"], "labels_2": ["1", "2", "3", "4", "5", "6", "7", "8", "9"], "adj_matrix_1": [[0.0, 0.24312, 0.03639, 0.30077, 0.05658, 0.03702, 0.0739, 0.35756, 0.26815], [0.24312, 0.0, 0.23426, 0.22218, 0.2282, 0.24878, 0.25211, 0.19871, 0.23238], [0.03639, 0.23426, 0.0, 0.31452, 0.02047, 0.0728, 0.10848, 0.3608, 0.28655], [0.30077, 0.22218, 0.31452, 0.0, 0.31986, 0.28266, 0.26001, 0.12101, 0.05485], [0.05658, 0.2282, 0.02047, 0.31986, 0.0, 0.09232, 0.12704, 0.36035, 0.29483], [0.03702, 0.24878, 0.0728, 0.28266, 0.09232, 0.0, 0.03748, 0.34964, 0.24542], [0.0739, 0.25211, 0.10848, 0.26001, 0.12704, 0.03748, 0.0, 0.33684, 0.21865], [0.35756, 0.19871, 0.3608, 0.12101, 0.36035, 0.34964, 0.33684, 0.0, 0.17249], [0.26815, 0.23238, 0.28655, 0.05485, 0.29483, 0.24542, 0.21865, 0.17249, 0.0]], "adj_matrix_2": [[0.0, 0.19058, 0.02635, 0.03711, 0.31921, 0.2214, 0.07959, 0.26565, 0.30849], [0.19058, 0.0, 0.20993, 0.16047, 0.1958, 0.04038, 0.24353, 0.10448, 0.17609], [0.02635, 0.20993, 0.0, 0.06304, 0.32569, 0.23845, 0.05408, 0.27859, 0.31646], [0.03711, 0.16047, 0.06304, 0.0, 0.30596, 0.19428, 0.1143, 0.24371, 0.29334], [0.31921, 0.1958, 0.32569, 0.30596, 0.0, 0.16045, 0.33091, 0.099, 0.02251], [0.2214, 0.04038, 0.23845, 0.19428, 0.16045, 0.0, 0.26659, 0.0652, 0.13969], [0.07959, 0.24353, 0.05408, 0.1143, 0.33091, 0.26659, 0.0, 0.29759, 0.32472], [0.26565, 0.10448, 0.27859, 0.24371, 0.099, 0.0652, 0.29759, 0.0, 0.07703], [0.30849, 0.17609, 0.31646, 0.29334, 0.02251, 0.13969, 0.32472, 0.07703, 0.0]], "features_1": [[0.04253815832281704, 0.7513205099676191, 0.0, 0.23772558750814998, 0.5033365528605472, 0.12513587802894952, 0.38521769357419017, 0.6867068854448257, 0.3475322818541693, 0.16443137603652103, 0.0069454663283523566, 0.6089892733818427, 0.6592374391038291, 0.650410569769113, 0.7838159303628442, 0.7133456777730894, 0.599062213322498], [0.44924413812664543, 0.7446443675122122, 0.0, 0.27213104020344603, 0.49582467146350495, 0.12996529302486304, 0.34491771885279193, 0.6830951941545684, 0.37388885071078226, 0.16952732379984892, 0.007504523810135222, 0.5859305586219903, 0.6541303037804277, 0.6745082930338034, 0.7921113941846133, 0.7066493721758932, 0.6114467388535465], [0.07891032491118288, 0.8850290206335376, 0.0, 0.24526413203750577, 0.541807314066921, 0.12532243959192838, 0.38648480271153146, 0.6866964748286519, 0.3460083465254524, 0.19089613636452052, 0.006721420376576193, 0.6090615145416782, 0.6480778594944219, 0.6363552613954592, 0.7839505551019971, 0.7165479804919221, 0.5983882940391184], [-0.20448586773194855, 0.9131584824307981, 0.0, 0.23867848675827336, 0.5508938176702173, 0.1234149757690721, 0.42326579628156935, 0.6881475824227026, 0.345579983181759, 0.19790649441725972, 0.007392832833969631, 0.6244082756490443, 0.663257661518552, 0.6783469605738045, 0.7826205287676765, 0.7249180318827293, 0.5834679308237286], [0.374659244212344, 0.7194475631659203, 0.0, 0.2765888743776577, 0.4932874062245707, 0.12772751381507697, 0.41554646318157606, 0.6858699528619228, 0.37139987601306346, 0.16257248885058218, 0.007616154688146137, 0.5926952910878531, 0.6580317771658875, 0.6901392825658486, 0.7931898541046621, 0.7132471932861533, 0.5972507757782405], [-0.021768878726338148, 0.8926367036077354, 0.0, 0.23181106355693773, 0.5478326070305741, 0.12423670412899707, 0.47390175460263534, 0.6885275674084603, 0.3465992531760176, 0.19287907063418874, 0.006609306440138685, 0.6095503676391023, 0.6635664369873365, 0.6772642813998352, 0.7898135034059044, 0.7263064107323688, 0.5928049649246107], [0.2237652141639841, 0.8544772359331483, 0.0, 0.2406549486841967, 0.5340517428708563, 0.12444730960570766, 0.4263108937718343, 0.68755085032647, 0.36909454374546957, 0.18628088081714367, 0.007448685839370306, 0.6046052707437641, 0.662368151021155, 0.6808728052303481, 0.7867158503260329, 0.719772003446533, 0.5928112963399349], [-0.38501967064972353, 0.7368071740897458, 0.0, 0.2257336295128794, 0.5087051401971411, 0.12139038318542222, 0.5551813324481877, 0.690423873022912, 0.32620483769470243, 0.16017879423044645, 0.0064410216040902135, 0.623420134814954, 0.6776549722036764, 0.6905232630197992, 0.7894299300564306, 0.7060179668701864, 0.5830147861744499], [-0.194165714723586, 0.7778249595246197, 0.0, 0.23630319309321213, 0.5224872676734709, 0.1217167766321377, 0.5688581465397611, 0.6905326616977355, 0.34218586437453125, 0.16811310235239008, 0.0064410216040902135, 0.6095151740440095, 0.6567584500976253, 0.6778312635110192, 0.7919904556411258, 0.6992895325664461, 0.5939622225948186]], "features_2": [[0.5285835848671834, 0.8905056794090481, 0.0, 0.3176902627397842, 0.5557245653754149, 0.12278945003547839, 0.4744578628457468, 0.6891188524818739, 0.36358138605148693, 0.19212825830514468, 0.00716927026363523, 0.586554860522452, 0.6605383955630866, 0.6811419573019892, 0.7839394146849105, 0.7285312352434492, 0.5651770845019045], [0.1261918225907257, 0.8463394069220179, 0.0, 0.27214311344872677, 0.5402725060293063, 0.12468896426631573, 0.43372510253124047, 0.6878287782017245, 0.36595665959944657, 0.18718520430849162, 0.007616154688146137, 0.6040052470797632, 0.6636487310514574, 0.6911573776400239, 0.7867574637919338, 0.7177828707168639, 0.569475852031036], [0.325118107619109, 0.9866291550337499, 0.0, 0.28989393312156647, 0.5825048078301087, 0.11976085624870715, 0.43922571980070585, 0.690120307035369, 0.3409666642897513, 0.20653731136041564, 0.007392832833969631, 0.5859340480180726, 0.6578326548691729, 0.6736187772643026, 0.7742814110188613, 0.7107254867445203, 0.5628305264343245], [0.2797791185767773, 1.0338194160830816, 0.0, 0.2751638144268938, 0.5882100265915498, 0.11992270560309012, 0.40389938104293466, 0.6895544426707458, 0.33314233312740615, 0.2148594143329614, 0.0069454663283523566, 0.5880954145961339, 0.6405511145167057, 0.6528953401644374, 0.7705913172756702, 0.6838274179125124, 0.5593611637815638], [-0.1445236752121768, 0.7921125927780515, 0.0, 0.23113181540925024, 0.5197150282808276, 0.12711314402868754, 0.411644325447714, 0.6861147558108068, 0.3771639550153807, 0.1798264425310676, 0.007616154688146137, 0.6226642181670456, 0.6800665683688978, 0.7068616812307328, 0.7910767478934776, 0.7132739432643045, 0.5826578737337168], [0.1707274884081822, 0.9711784831821251, 0.0, 0.2662391576821662, 0.5770906166161238, 0.12057555672842185, 0.4724969209092329, 0.6901000150901571, 0.34261301363721164, 0.20460065142425932, 0.007057398507269275, 0.6083966931265778, 0.6547906892171171, 0.6792374553468906, 0.7794958763536411, 0.7022890782591704, 0.5656493201083063], [0.7013948507703325, 1.0171751161766103, 0.0, 0.3017171482107922, 0.5804452007759211, 0.123658497268793, 0.43532144017520624, 0.6879436634265444, 0.3750494020544781, 0.2179091539463005, 0.007950687539111767, 0.5858193768084679, 0.6478557861642148, 0.6721376396694613, 0.7814224335404015, 0.7064987709129826, 0.5736263002290269], [-0.1789143588003932, 0.8209551099109942, 0.0, 0.23079451129519096, 0.5266587692573517, 0.12657996938742008, 0.3729892759438478, 0.6854521153685854, 0.3734685687736996, 0.18563647365541525, 0.007504523810135222, 0.615503636235883, 0.6589818162466812, 0.6983588746469094, 0.784755060629738, 0.7089827794672097, 0.6116595444792863], [0.12834907069690216, 0.909295125518541, 0.0, 0.27988824854919264, 0.5568145590177104, 0.12297774073093343, 0.3832586868649116, 0.6877973598463945, 0.3478124226469588, 0.19459584652994155, 0.007281081678807366, 0.6109681032076877, 0.6436427738531666, 0.6498724507921643, 0.7757554345179007, 0.6953884922465664, 0.5973665294295712]]}