{"labels_1": ["1", "2", "3", "4", "5", "6", "7", "8", "9"], "labels_2": ["1", "2", "3", "4", "5", "6", "7", "8", "9"], "adj_matrix_1": [[0.0, 0.24312, 0.03639, 0.30077, 0.05658, 0.03702, 0.0739, 0.35756, 0.26815], [0.24312, 0.0, 0.23426, 0.22218, 0.2282, 0.24878, 0.25211, 0.19871, 0.23238], [0.03639, 0.23426, 0.0, 0.31452, 0.02047, 0.0728, 0.10848, 0.3608, 0.28655], [0.30077, 0.22218, 0.31452, 0.0, 0.31986, 0.28266, 0.26001, 0.12101, 0.05485], [0.05658, 0.2282, 0.02047, 0.31986, 0.0, 0.09232, 0.12704, 0.36035, 0.29483], [0.03702, 0.24878, 0.0728, 0.28266, 0.09232, 0.0, 0.03748, 0.34964, 0.24542], [0.0739, 0.25211, 0.10848, 0.26001, 0.12704, 0.03748, 0.0, 0.33684, 0.21865], [0.35756, 0.19871, 0.3608, 0.12101, 0.36035, 0.34964, 0.33684, 0.0, 0.17249], [0.26815, 0.23238, 0.28655, 0.05485, 0.29483, 0.24542, 0.21865, 0.17249, 0.0]], "adj_matrix_2": [[0.0, 0.06634, 0.11311, 0.06046, 0.00461, 0.18897, 0.06202, 0.32316, 0.32289], [0.06634, 0.0, 0.04987, 0.00606, 0.07076, 0.13688, 0.00445, 0.33345, 0.33289], [0.11311, 0.04987, 0.0, 0.05582, 0.11718, 0.09157, 0.05424, 0.33028, 0.32952], [0.06046, 0.00606, 0.05582, 0.0, 0.06491, 0.1421, 0.00161, 0.33338, 0.33289], [0.00461, 0.07076, 0.11718, 0.06491, 0.0, 0.19208, 0.06647, 0.32186, 0.32161], [0.18897, 0.13688, 0.09157, 0.1421, 0.19208, 0.0, 0.14073, 0.30005, 0.29889], [0.06202, 0.00445, 0.05424, 0.00161, 0.06647, 0.14073, 0.0, 0.33345, 0.33295], [0.32316, 0.33345, 0.33028, 0.33338, 0.32186, 0.30005, 0.33345, 0.0, 0.00194], [0.32289, 0.33289, 0.32952, 0.33289, 0.32161, 0.29889, 0.33295, 0.00194, 0.0]], "features_1": [[0.04253815832281704, 0.7513205099676191, 0.0, 0.23772558750814998, 0.5033365528605472, 0.12513587802894952, 0.38521769357419017, 0.6867068854448257, 0.3475322818541693, 0.16443137603652103, 0.0069454663283523566, 0.6089892733818427, 0.6592374391038291, 0.650410569769113, 0.7838159303628442, 0.7133456777730894, 0.599062213322498], [0.44924413812664543, 0.7446443675122122, 0.0, 0.27213104020344603, 0.49582467146350495, 0.12996529302486304, 0.34491771885279193, 0.6830951941545684, 0.37388885071078226, 0.16952732379984892, 0.007504523810135222, 0.5859305586219903, 0.6541303037804277, 0.6745082930338034, 0.7921113941846133, 0.7066493721758932, 0.6114467388535465], [0.07891032491118288, 0.8850290206335376, 0.0, 0.24526413203750577, 0.541807314066921, 0.12532243959192838, 0.38648480271153146, 0.6866964748286519, 0.3460083465254524, 0.19089613636452052, 0.006721420376576193, 0.6090615145416782, 0.6480778594944219, 0.6363552613954592, 0.7839505551019971, 0.7165479804919221, 0.5983882940391184], [-0.20448586773194855, 0.9131584824307981, 0.0, 0.23867848675827336, 0.5508938176702173, 0.1234149757690721, 0.42326579628156935, 0.6881475824227026, 0.345579983181759, 0.19790649441725972, 0.007392832833969631, 0.6244082756490443, 0.663257661518552, 0.6783469605738045, 0.7826205287676765, 0.7249180318827293, 0.5834679308237286], [0.374659244212344, 0.7194475631659203, 0.0, 0.2765888743776577, 0.4932874062245707, 0.12772751381507697, 0.41554646318157606, 0.6858699528619228, 0.37139987601306346, 0.16257248885058218, 0.007616154688146137, 0.5926952910878531, 0.6580317771658875, 0.6901392825658486, 0.7931898541046621, 0.7132471932861533, 0.5972507757782405], [-0.021768878726338148, 0.8926367036077354, 0.0, 0.23181106355693773, 0.5478326070305741, 0.12423670412899707, 0.47390175460263534, 0.6885275674084603, 0.3465992531760176, 0.19287907063418874, 0.006609306440138685, 0.6095503676391023, 0.6635664369873365, 0.6772642813998352, 0.7898135034059044, 0.7263064107323688, 0.5928049649246107], [0.2237652141639841, 0.8544772359331483, 0.0, 0.2406549486841967, 0.5340517428708563, 0.12444730960570766, 0.4263108937718343, 0.68755085032647, 0.36909454374546957, 0.18628088081714367, 0.007448685839370306, 0.6046052707437641, 0.662368151021155, 0.6808728052303481, 0.7867158503260329, 0.719772003446533, 0.5928112963399349], [-0.38501967064972353, 0.7368071740897458, 0.0, 0.2257336295128794, 0.5087051401971411, 0.12139038318542222, 0.5551813324481877, 0.690423873022912, 0.32620483769470243, 0.16017879423044645, 0.0064410216040902135, 0.623420134814954, 0.6776549722036764, 0.6905232630197992, 0.7894299300564306, 0.7060179668701864, 0.5830147861744499], [-0.194165714723586, 0.7778249595246197, 0.0, 0.23630319309321213, 0.5224872676734709, 0.1217167766321377, 0.5688581465397611, 0.6905326616977355, 0.34218586437453125, 0.16811310235239008, 0.0064410216040902135, 0.6095151740440095, 0.6567584500976253, 0.6778312635110192, 0.7919904556411258, 0.6992895325664461, 0.5939622225948186]], "features_2": [[0.7046683798375653, 0.7650783119045022, 0.0, 0.24398051906140653, 0.502056831989508, 0.12486022151758835, 0.26218312614541334, 0.6848082541978415, 0.3541766009609908, 0.16902044724860898, 0.007727725548673403, 0.5898742820565981, 0.635945989119624, 0.6584480216635143, 0.7699622331283542, 0.6909006181886004, 0.5686180031945752], [0.5570610997666399, 0.7546320959067717, 0.0, 0.24089853547596227, 0.49446511128091564, 0.12791162244538445, 0.29916497296865996, 0.6829767134156497, 0.3638684431292032, 0.17011793678650822, 0.007727725548673403, 0.5987760237317392, 0.6378507550462137, 0.6644718143097637, 0.7829514439710081, 0.6966063902380125, 0.5757858229357051], [0.41757165578584354, 0.8896663132490157, 0.0, 0.23491806005231053, 0.5350258372449742, 0.1262158548811387, 0.24804567353681078, 0.6835341840562745, 0.36059876469749064, 0.19805725683392805, 0.00783923647221818, 0.600647419330171, 0.6427627552098389, 0.6637812857555808, 0.7726504644593238, 0.6893341968956155, 0.5714017120014554], [0.6725828494835775, 0.9180693663489754, 0.0, 0.2459566342709084, 0.5413541815727909, 0.12741165500339968, 0.24895438298183095, 0.682694156656483, 0.3692506795624646, 0.20344750552857382, 0.007616154688146137, 0.5859361087971435, 0.6252161110127994, 0.6627408650028955, 0.7752641401945074, 0.6800093077282549, 0.5742532162974874], [0.48610328907265643, 0.7687111530196997, 0.0, 0.24097690603026656, 0.4901502495710742, 0.13159930883594206, 0.22084705015092468, 0.6778073554325988, 0.36849120534930413, 0.17520719672325313, 0.007727725548673403, 0.6002735552202894, 0.6481169554157284, 0.6591971628347222, 0.7816792795349965, 0.7151622990833859, 0.5797523487385031], [0.42591847902218394, 0.9008073334347942, 0.0, 0.2120854391739992, 0.5383802118627087, 0.12604057167533836, 0.2683559385233224, 0.6839632899896751, 0.36325014077905116, 0.20068313351251055, 0.007950687539111767, 0.6049032552677991, 0.6404928284278718, 0.6733828288616567, 0.7742371888444382, 0.6982474056604832, 0.571183773085701], [0.2491238403413445, 0.9036010998253978, 0.0, 0.22839626345179775, 0.5385189097880971, 0.12551006600912107, 0.25174890144433776, 0.684237425707955, 0.35304491536990534, 0.1999364184470076, 0.007392832833969631, 0.5933915966982544, 0.6405725457171426, 0.6738195620154761, 0.7690035035459433, 0.6979768211749469, 0.5631230345889208], [-0.3456170659976139, 0.8224490622318034, 0.0, 0.18905877471140428, 0.5055234945630875, 0.13059926872548128, 0.1776150649755806, 0.6780569661692207, 0.3699991986945159, 0.19098455769795786, 0.007671947615560004, 0.6285746632894313, 0.6375185164629634, 0.6549071284296426, 0.7742160198102375, 0.6868826546533495, 0.5796158517980102], [-0.20102341237427446, 0.8672526238145419, 0.0, 0.20315759750232415, 0.5227518629482928, 0.1284011321360958, 0.18150936411687651, 0.68059634795935, 0.3613606541104244, 0.19749502966579024, 0.007671947615560004, 0.6219157460148472, 0.6405339462316172, 0.668500625600838, 0.7699696644876846, 0.6979290751693084, 0.5797572798076385]]}