{"labels_1": ["1", "2", "3", "4", "5", "6", "7", "8", "9"], "labels_2": ["1", "2", "3", "4", "5", "6", "7", "8", "9"], "adj_matrix_1": [[0.0, 0.13228, 0.00616, 0.1582, 0.22459, 0.16967, 0.25254, 0.21421, 0.15847], [0.13228, 0.0, 0.12699, 0.24339, 0.17088, 0.04892, 0.28736, 0.19568, 0.03335], [0.00616, 0.12699, 0.0, 0.16326, 0.22317, 0.16522, 0.25584, 0.21414, 0.15371], [0.1582, 0.24339, 0.16326, 0.0, 0.22878, 0.25605, 0.12785, 0.19105, 0.2531], [0.22459, 0.17088, 0.22317, 0.22878, 0.0, 0.13806, 0.20783, 0.06586, 0.14943], [0.16967, 0.04892, 0.16522, 0.25605, 0.13806, 0.0, 0.28118, 0.17588, 0.01586], [0.25254, 0.28736, 0.25584, 0.12785, 0.20783, 0.28118, 0.0, 0.16084, 0.28419], [0.21421, 0.19568, 0.21414, 0.19105, 0.06586, 0.17588, 0.16084, 0.0, 0.18314], [0.15847, 0.03335, 0.15371, 0.2531, 0.14943, 0.01586, 0.28419, 0.18314, 0.0]], "adj_matrix_2": [[0.0, 0.19058, 0.02635, 0.03711, 0.31921, 0.2214, 0.07959, 0.26565, 0.30849], [0.19058, 0.0, 0.20993, 0.16047, 0.1958, 0.04038, 0.24353, 0.10448, 0.17609], [0.02635, 0.20993, 0.0, 0.06304, 0.32569, 0.23845, 0.05408, 0.27859, 0.31646], [0.03711, 0.16047, 0.06304, 0.0, 0.30596, 0.19428, 0.1143, 0.24371, 0.29334], [0.31921, 0.1958, 0.32569, 0.30596, 0.0, 0.16045, 0.33091, 0.099, 0.02251], [0.2214, 0.04038, 0.23845, 0.19428, 0.16045, 0.0, 0.26659, 0.0652, 0.13969], [0.07959, 0.24353, 0.05408, 0.1143, 0.33091, 0.26659, 0.0, 0.29759, 0.32472], [0.26565, 0.10448, 0.27859, 0.24371, 0.099, 0.0652, 0.29759, 0.0, 0.07703], [0.30849, 0.17609, 0.31646, 0.29334, 0.02251, 0.13969, 0.32472, 0.07703, 0.0]], "features_1": [[0.4762685478380506, 0.7708953248183084, 0.0, 0.2527369879715567, 0.5244425064254615, 0.11436630730412656, 0.4167833476789724, 0.6917345840788235, 0.28752437087378646, 0.15488800454089313, 0.00677745458930179, 0.5742869206267043, 0.6209878735795238, 0.6379714737637474, 0.7523648598548757, 0.6668551167778987, 0.5537559637985404], [0.6420838782170213, 0.7943982943071789, 0.0, 0.2648081712630555, 0.5317989663371655, 0.11517580292917358, 0.44412574655265474, 0.6916843784489337, 0.2980731042123814, 0.16193451420140414, 0.00677745458930179, 0.5708047051470935, 0.6320082472074663, 0.6599937097816534, 0.758945223084764, 0.6661519700036054, 0.579829104392276], [0.5633500071059907, 0.9229690018990516, 0.0, 0.26020631667437677, 0.5650092502336737, 0.11502157357155089, 0.3996906805325544, 0.691540417637011, 0.293426597198543, 0.18462863892195513, 0.00655322669591385, 0.5733611549663244, 0.6288179074638484, 0.6224030544813481, 0.7555756790802838, 0.6792589578881422, 0.5573691717253739], [0.38344057047215596, 0.9219977733834399, 0.0, 0.23745259337188898, 0.5601541723385792, 0.11661916599772998, 0.3483944388312388, 0.6906192469427915, 0.29347572735962335, 0.1866824982047579, 0.00655322669591385, 0.5891054983197419, 0.6264220237204055, 0.6412433522633479, 0.7547918489508221, 0.6813223934484314, 0.5555927943962914], [1.5814565846624964, 0.8021593338661057, 0.0, 0.26286580739383997, 0.5351419842261327, 0.1142304331148744, 0.4078470556073164, 0.6918197152821406, 0.29069196918838136, 0.160626477586451, 0.0066653709969386465, 0.5493513094553433, 0.6188563475996813, 0.6387219854179391, 0.7562566573065581, 0.6746774509514177, 0.5744884213297107], [1.1438797540176804, 0.9553954923504832, 0.0, 0.2719403554414265, 0.5715462439020341, 0.11938760239131191, 0.4754763596058019, 0.690630859572431, 0.32696364725297267, 0.19643671300645216, 0.007001439975721224, 0.5657699877963285, 0.6513896413745596, 0.6591238248953909, 0.7750575108889827, 0.6971322827185905, 0.5819743750478064], [0.48135775413872883, 1.0134693184962187, 0.0, 0.25027289920007445, 0.5734227098867408, 0.11909769626473825, 0.2192683307008906, 0.6880839213744817, 0.306429338504804, 0.20701758552010996, 0.0069454663283523566, 0.5958252223177758, 0.6264422401120756, 0.6392077986306576, 0.7456510738963019, 0.6872755673767486, 0.5626375896683163], [1.8969448742467687, 0.8196512266848996, 0.0, 0.28703038604019043, 0.5384619777849579, 0.11631232432703698, 0.380857332576246, 0.6909478621652634, 0.3111123022419917, 0.16616225137096863, 0.00683347364535547, 0.5470501750111292, 0.6120907119341906, 0.6288447590575166, 0.7592819609186168, 0.6756711293461211, 0.5808651756748281], [1.2881986692248226, 0.879560857482488, 0.0, 0.2765560210021178, 0.5512875212533687, 0.11665231014928062, 0.3161871190986737, 0.6903574742040084, 0.3059645770786097, 0.1777074863795718, 0.006721420376576193, 0.5633075294639367, 0.6277034516422906, 0.6451363228472424, 0.7535975339668814, 0.6623756412741647, 0.566476814881227]], "features_2": [[0.5285835848671834, 0.8905056794090481, 0.0, 0.3176902627397842, 0.5557245653754149, 0.12278945003547839, 0.4744578628457468, 0.6891188524818739, 0.36358138605148693, 0.19212825830514468, 0.00716927026363523, 0.586554860522452, 0.6605383955630866, 0.6811419573019892, 0.7839394146849105, 0.7285312352434492, 0.5651770845019045], [0.1261918225907257, 0.8463394069220179, 0.0, 0.27214311344872677, 0.5402725060293063, 0.12468896426631573, 0.43372510253124047, 0.6878287782017245, 0.36595665959944657, 0.18718520430849162, 0.007616154688146137, 0.6040052470797632, 0.6636487310514574, 0.6911573776400239, 0.7867574637919338, 0.7177828707168639, 0.569475852031036], [0.325118107619109, 0.9866291550337499, 0.0, 0.28989393312156647, 0.5825048078301087, 0.11976085624870715, 0.43922571980070585, 0.690120307035369, 0.3409666642897513, 0.20653731136041564, 0.007392832833969631, 0.5859340480180726, 0.6578326548691729, 0.6736187772643026, 0.7742814110188613, 0.7107254867445203, 0.5628305264343245], [0.2797791185767773, 1.0338194160830816, 0.0, 0.2751638144268938, 0.5882100265915498, 0.11992270560309012, 0.40389938104293466, 0.6895544426707458, 0.33314233312740615, 0.2148594143329614, 0.0069454663283523566, 0.5880954145961339, 0.6405511145167057, 0.6528953401644374, 0.7705913172756702, 0.6838274179125124, 0.5593611637815638], [-0.1445236752121768, 0.7921125927780515, 0.0, 0.23113181540925024, 0.5197150282808276, 0.12711314402868754, 0.411644325447714, 0.6861147558108068, 0.3771639550153807, 0.1798264425310676, 0.007616154688146137, 0.6226642181670456, 0.6800665683688978, 0.7068616812307328, 0.7910767478934776, 0.7132739432643045, 0.5826578737337168], [0.1707274884081822, 0.9711784831821251, 0.0, 0.2662391576821662, 0.5770906166161238, 0.12057555672842185, 0.4724969209092329, 0.6901000150901571, 0.34261301363721164, 0.20460065142425932, 0.007057398507269275, 0.6083966931265778, 0.6547906892171171, 0.6792374553468906, 0.7794958763536411, 0.7022890782591704, 0.5656493201083063], [0.7013948507703325, 1.0171751161766103, 0.0, 0.3017171482107922, 0.5804452007759211, 0.123658497268793, 0.43532144017520624, 0.6879436634265444, 0.3750494020544781, 0.2179091539463005, 0.007950687539111767, 0.5858193768084679, 0.6478557861642148, 0.6721376396694613, 0.7814224335404015, 0.7064987709129826, 0.5736263002290269], [-0.1789143588003932, 0.8209551099109942, 0.0, 0.23079451129519096, 0.5266587692573517, 0.12657996938742008, 0.3729892759438478, 0.6854521153685854, 0.3734685687736996, 0.18563647365541525, 0.007504523810135222, 0.615503636235883, 0.6589818162466812, 0.6983588746469094, 0.784755060629738, 0.7089827794672097, 0.6116595444792863], [0.12834907069690216, 0.909295125518541, 0.0, 0.27988824854919264, 0.5568145590177104, 0.12297774073093343, 0.3832586868649116, 0.6877973598463945, 0.3478124226469588, 0.19459584652994155, 0.007281081678807366, 0.6109681032076877, 0.6436427738531666, 0.6498724507921643, 0.7757554345179007, 0.6953884922465664, 0.5973665294295712]]}