{"labels_1": ["1", "2", "3", "4", "5", "6", "7", "8", "9"], "labels_2": ["1", "2", "3", "4", "5", "6", "7", "8", "9"], "adj_matrix_1": [[0.0, 0.29634, 0.22176, 0.11203, 0.30782, 0.25794, 0.14313, 0.32335, 0.32145], [0.29634, 0.0, 0.16233, 0.26335, 0.04788, 0.10134, 0.24342, 0.24403, 0.14884], [0.22176, 0.16233, 0.0, 0.13795, 0.2031, 0.06625, 0.10568, 0.34509, 0.28095], [0.11203, 0.26335, 0.13795, 0.0, 0.28959, 0.19321, 0.03575, 0.36218, 0.33341], [0.30782, 0.04788, 0.2031, 0.28959, 0.0, 0.14629, 0.27384, 0.20424, 0.10353], [0.25794, 0.10134, 0.06625, 0.19321, 0.14629, 0.0, 0.1651, 0.31416, 0.23583], [0.14313, 0.24342, 0.10568, 0.03575, 0.27384, 0.1651, 0.0, 0.36464, 0.32688], [0.32335, 0.24403, 0.34509, 0.36218, 0.20424, 0.31416, 0.36464, 0.0, 0.10747], [0.32145, 0.14884, 0.28095, 0.33341, 0.10353, 0.23583, 0.32688, 0.10747, 0.0]], "adj_matrix_2": [[0.0, 0.26895, 0.05852, 0.00902, 0.29181, 0.10359, 0.11728, 0.03611, 0.16478], [0.26895, 0.0, 0.26981, 0.26841, 0.15343, 0.26737, 0.25724, 0.26982, 0.25743], [0.05852, 0.26981, 0.0, 0.06741, 0.26658, 0.04629, 0.17128, 0.02261, 0.11135], [0.00902, 0.26841, 0.06741, 0.0, 0.29509, 0.11217, 0.10869, 0.04508, 0.17265], [0.29181, 0.15343, 0.26658, 0.29509, 0.0, 0.24198, 0.32473, 0.27697, 0.19853], [0.10359, 0.26737, 0.04629, 0.11217, 0.24198, 0.0, 0.21047, 0.06858, 0.06676], [0.11728, 0.25724, 0.17128, 0.10869, 0.32473, 0.21047, 0.0, 0.15099, 0.25962], [0.03611, 0.26982, 0.02261, 0.04508, 0.27697, 0.06858, 0.15099, 0.0, 0.13238], [0.16478, 0.25743, 0.11135, 0.17265, 0.19853, 0.06676, 0.25962, 0.13238, 0.0]], "features_1": [[0.32359426410544145, 0.6950063475992185, 0.0, 0.2799436688975077, 0.466317233647615, 0.14300642347715226, 0.2293718242354011, 0.6684880257276781, 0.4500073593346554, 0.1735814665969846, 0.007560346756364078, 0.5999601230672733, 0.6603583778648653, 0.6920871566101506, 0.8110473597437575, 0.7241655539541907, 0.6459847814372602], [-0.12396468631332658, 0.7667175632559419, 0.0, 0.2765082476936831, 0.4901143220920139, 0.14055959215889463, 0.25148783301896316, 0.6713099619061145, 0.4202147698309422, 0.1881378065871413, 0.007671947615560004, 0.6258427468602488, 0.670852618696671, 0.6930097140671865, 0.8056675799115743, 0.7132302507709558, 0.6383137014426407], [0.256251679516176, 0.7948232763015614, 0.0, 0.2795134185554542, 0.4992172681635668, 0.1420781389587, 0.24567882481432407, 0.670143939171784, 0.438598551399185, 0.19339203094247992, 0.007560346756364078, 0.610982008892559, 0.6707888859434429, 0.67479121434533, 0.8109224404791693, 0.7379842561846999, 0.6471530849353279], [0.1693200555835741, 0.7697021956410809, 0.0, 0.26136003481365594, 0.4862813076872007, 0.1448465748956867, 0.21680792976849333, 0.6655994473604465, 0.46721548937686896, 0.19486544346691703, 0.008340296057933516, 0.6208832344780193, 0.6788873915007764, 0.712758438608579, 0.8136426824566082, 0.7261953924076444, 0.6482749518636617], [-0.13974009351208405, 0.7823559541452036, 0.0, 0.2512430698730476, 0.4938887929144048, 0.13856474572486221, 0.263634816832613, 0.672404152914001, 0.41371807644180136, 0.19062648881177036, 0.007392832833969631, 0.6234681692670314, 0.6528064591905126, 0.6822396448118159, 0.7967206735401399, 0.714771269407946, 0.6271679473247918], [0.21359709343502553, 0.8095318577260989, 0.0, 0.2692158262298063, 0.5017456377860028, 0.1428569433329447, 0.22706573324357393, 0.6686358277651848, 0.4477125784231766, 0.19881239289415054, 0.008117752083540042, 0.6128722790708749, 0.6647988397802244, 0.6712392960640535, 0.8091568956799134, 0.7362315787359459, 0.6437173832353127], [0.17957815352266104, 0.7175104621521813, 0.0, 0.2631124830221972, 0.4633429770726707, 0.14917038369818592, 0.17810754451830632, 0.658115464493061, 0.5129611867753654, 0.1892775889610585, 0.008729175733573014, 0.6293279390258952, 0.6718440018178677, 0.7119838036940647, 0.8149526618633769, 0.7187932916709983, 0.6518355965227003], [-0.4548492019568795, 0.8714643479180949, 0.0, 0.24421808822888802, 0.5217004564784371, 0.1332167189863635, 0.2881252500562823, 0.6768264571999006, 0.3847339030374355, 0.20621104886310904, 0.007448685839370306, 0.6340566741986859, 0.6668500047378579, 0.6962507077683675, 0.7795093726738569, 0.6802248897824253, 0.6015710761884903], [-0.13575140725758983, 0.8472176571600396, 0.0, 0.2650188515243332, 0.5118724208301726, 0.13736005948893681, 0.2364939771412665, 0.6734597362936307, 0.41857819208996117, 0.2050300438027428, 0.00783923647221818, 0.6349908996660849, 0.6508234364193316, 0.6731355478437928, 0.7936158154986622, 0.7039304931594867, 0.6107533169982378]], "features_2": [[0.11556241983514726, 0.7031054228487387, 0.0, 0.24731428429221558, 0.4805730480531322, 0.13525674338590243, 0.30820799676499105, 0.6757210261881708, 0.41527878106112204, 0.16851746610025886, 0.008062078829516484, 0.6217028495830821, 0.6549283129269359, 0.6770817748717805, 0.7880270566132983, 0.7059804909868789, 0.6137438751637103], [0.8363481373198463, 0.831265833768642, 0.0, 0.2675676744140909, 0.5090962709191973, 0.1358656754550042, 0.22845649747535646, 0.672048886083847, 0.41857349936888877, 0.19496405148517448, 0.00783923647221818, 0.5879961602747634, 0.6223848161217654, 0.652925727541824, 0.7793093022032737, 0.6897918047259071, 0.6065421962226707], [0.3926653775098843, 0.8149935655697327, 0.0, 0.257229113460227, 0.5148793812813534, 0.13405470677553027, 0.3228229639389106, 0.6765149647235044, 0.411594348876702, 0.19093989391551647, 0.008507047823598457, 0.6109414713096641, 0.6400405661099224, 0.656702758703338, 0.7834798804360488, 0.6901490498101908, 0.6097582441541631], [0.22801656743082122, 0.7732397515458782, 0.0, 0.2444717935381626, 0.5012533610518668, 0.13581269098506446, 0.3114598225044155, 0.6754710995559942, 0.41416930570068655, 0.1834632029548513, 0.00783923647221818, 0.6146698831912758, 0.6506619791551663, 0.6727968826584372, 0.791667163607247, 0.7090340523066284, 0.6152911794114806], [0.6579838885256115, 0.826772273595638, 0.0, 0.2681631177058547, 0.5074844814486725, 0.13498442149806797, 0.22276898990026908, 0.6726304098452249, 0.40796777996319644, 0.1934278753569414, 0.00783923647221818, 0.5914132441144702, 0.6345183672938388, 0.6562510182267652, 0.7756835727262028, 0.6875671522899928, 0.5953124742295326], [0.27153597998393497, 0.826660777503795, 0.0, 0.2419392520262884, 0.515437699922162, 0.1350891764594353, 0.32648505709343356, 0.6750668872657151, 0.41179055432365264, 0.19471782594692155, 0.007950687539111767, 0.6085525486172978, 0.6259718412926675, 0.646460066587292, 0.782786753713836, 0.6887703412157464, 0.604902686649859], [-0.039404654163290864, 0.7641013687127924, 0.0, 0.23212422188175613, 0.48715027060671934, 0.13953654631178186, 0.2714393129500465, 0.6700962255878298, 0.43366332237610705, 0.1892771421103896, 0.008284682400665488, 0.6328386013817995, 0.6444353868969284, 0.6705929737818493, 0.7929788777559418, 0.699139294518417, 0.6151981661345006], [-0.035943143789724186, 0.8739932206627437, 0.0, 0.21157175464469108, 0.5195617270238766, 0.13203003681964895, 0.22746381253042997, 0.6756721056824431, 0.3697921657570036, 0.20068780624190885, 0.007392832833969631, 0.6127252289275007, 0.628357664241074, 0.6451117959294802, 0.7657931413159842, 0.674971892557553, 0.5785933082105491], [0.04121620531296433, 0.9357900187631956, 0.0, 0.23998135183563074, 0.53541749512604, 0.131758742316483, 0.2316582460348556, 0.6766678930575447, 0.37632368823214746, 0.21529208100994213, 0.007727725548673403, 0.6025865750730865, 0.6279722202573079, 0.6486954179891115, 0.7683050673149133, 0.686594633171797, 0.5818838383503073]]}