{"labels_1": ["1", "2", "3", "4", "5", "6", "7", "8", "9"], "labels_2": ["1", "2", "3", "4", "5", "6", "7", "8", "9"], "adj_matrix_1": [[0.0, 0.22334, 0.08823, 0.07626, 0.2706, 0.24845, 0.27195, 0.23767, 0.18136], [0.22334, 0.0, 0.15594, 0.16616, 0.16926, 0.2082, 0.16148, 0.21492, 0.05953], [0.08823, 0.15594, 0.0, 0.01242, 0.25175, 0.24857, 0.25003, 0.2427, 0.10332], [0.07626, 0.16616, 0.01242, 0.0, 0.25531, 0.24927, 0.25404, 0.24263, 0.11482], [0.2706, 0.16926, 0.25175, 0.25531, 0.0, 0.07421, 0.01134, 0.09505, 0.2069], [0.24845, 0.2082, 0.24857, 0.24927, 0.07421, 0.0, 0.08466, 0.02305, 0.23023], [0.27195, 0.16148, 0.25003, 0.25404, 0.01134, 0.08466, 0.0, 0.10492, 0.20125], [0.23767, 0.21492, 0.2427, 0.24263, 0.09505, 0.02305, 0.10492, 0.0, 0.23202], [0.18136, 0.05953, 0.10332, 0.11482, 0.2069, 0.23023, 0.20125, 0.23202, 0.0]], "adj_matrix_2": [[0.0, 0.12123, 0.25656, 0.10628, 0.26734, 0.16954, 0.04986, 0.2548, 0.08309], [0.12123, 0.0, 0.18305, 0.01618, 0.23552, 0.19663, 0.0739, 0.32124, 0.19372], [0.25656, 0.18305, 0.0, 0.19449, 0.10404, 0.20437, 0.23112, 0.31588, 0.28762], [0.10628, 0.01618, 0.19449, 0.0, 0.24145, 0.19349, 0.05814, 0.31535, 0.18092], [0.26734, 0.23552, 0.10404, 0.24145, 0.0, 0.16806, 0.25835, 0.25646, 0.27275], [0.16954, 0.19663, 0.20437, 0.19349, 0.16806, 0.0, 0.18111, 0.10696, 0.14934], [0.04986, 0.0739, 0.23112, 0.05814, 0.25835, 0.18111, 0.0, 0.28686, 0.13029], [0.2548, 0.32124, 0.31588, 0.31535, 0.25646, 0.10696, 0.28686, 0.0, 0.18863], [0.08309, 0.19372, 0.28762, 0.18092, 0.27275, 0.14934, 0.13029, 0.18863, 0.0]], "features_1": [[0.2855113434212315, 0.7149687748091538, 0.0, 0.23409496119393558, 0.4678937179730581, 0.14215010278451928, 0.10193306538510569, 0.6613662276126646, 0.4398850018196361, 0.17668539468290523, 0.007894969482732161, 0.6209828168462512, 0.6289613788005882, 0.6640439919272828, 0.7881281177904473, 0.7208354035556676, 0.6090584301780819], [0.20011621897365206, 0.7592373924579241, 0.0, 0.2828771572997224, 0.4894746770870745, 0.14153144819914795, 0.16998914311882843, 0.6671714074077695, 0.45634886726351964, 0.19043120193655416, 0.00822905385914674, 0.6040349343087459, 0.6592496050316682, 0.6906176377808796, 0.7991744999441451, 0.7117022831021048, 0.6257088822644831], [0.20801783849037703, 0.850587549908589, 0.0, 0.27620282240431787, 0.5127476340695216, 0.14043494778434212, 0.12708929062588012, 0.6649464295714249, 0.42604329993439594, 0.2048748297428078, 0.007671947615560004, 0.6171342016124655, 0.6363804263580856, 0.6550504361560476, 0.7858966477956414, 0.7054058043621931, 0.6126347123237096], [0.3108618660762952, 0.8484960855889954, 0.0, 0.2814088926688408, 0.5094993474339229, 0.1399627053603465, 0.14211552961563215, 0.6651394476083806, 0.420569388253476, 0.20366898838342462, 0.007894969482732161, 0.6162341841443906, 0.6271019307409528, 0.6576511676598994, 0.7852367466193096, 0.7252055771906188, 0.607396850946176], [0.9523040129611529, 0.8386786094569757, 0.0, 0.3622155940145208, 0.5212645966409185, 0.1344847575050701, 0.2342242082832712, 0.6764971138684708, 0.4110710700503175, 0.19706624629074576, 0.007894969482732161, 0.5843585961174902, 0.6335550897009071, 0.6690992140161314, 0.788153642365766, 0.6953347688191227, 0.6155288419897794], [0.7786666004593377, 0.928993186696073, 0.0, 0.31896939739115243, 0.5394796952592551, 0.13693139243131813, 0.20265482559041317, 0.6717535658989187, 0.40985021877609573, 0.21686031047198773, 0.007671947615560004, 0.5869510461646668, 0.6284725130637092, 0.6445320795495223, 0.7850188083207881, 0.7005576367106441, 0.6127167702333417], [0.7113394220595732, 0.8254134640507386, 0.0, 0.3201801964588557, 0.511289689186061, 0.1353647014761793, 0.24073115566616465, 0.6741025649138077, 0.40093088661425047, 0.193580858125467, 0.007783488497544067, 0.591778759890996, 0.6373917487900183, 0.6626393311451154, 0.7857050464251206, 0.693116709835482, 0.6122988031084629], [0.6797420229577997, 0.9806401296760275, 0.0, 0.26807461152939116, 0.5583618236207482, 0.1263577163487169, 0.24785707390101736, 0.6829397358027448, 0.35888600417737715, 0.21462860787741578, 0.007392832833969631, 0.5768428890713511, 0.6376892707425658, 0.6719075543085516, 0.7660172873717244, 0.6893271527223076, 0.5771535293736278], [0.48256670931279055, 0.9645607584021841, 0.0, 0.2576845907242562, 0.5498607131429731, 0.12705392628933038, 0.22141885696268132, 0.6812152624790224, 0.3588262641020046, 0.21258555027106474, 0.007504523810135222, 0.5885706011055976, 0.6272279193446693, 0.6534853875209058, 0.7618879044874833, 0.6834928698977304, 0.5745349347104758]], "features_2": [[0.4749531600112915, 0.8085625310601599, 0.0, 0.309524004114284, 0.5045448463242933, 0.13763555850079606, 0.28074294770370967, 0.6748028343272712, 0.43509787654890353, 0.1935705757369266, 0.00783923647221818, 0.6087256257278948, 0.6440687002795256, 0.6689370887402261, 0.8003170879754008, 0.7347152389216042, 0.6161006584197238], [0.24230500564162538, 0.7995457650959986, 0.0, 0.261439191637507, 0.4973087682495778, 0.14253032846313154, 0.22565855540610258, 0.6679627110784296, 0.4479117423443111, 0.19729002963000042, 0.00783923647221818, 0.611814940414467, 0.6503468393937752, 0.6809379995845714, 0.8062707627060535, 0.723506510386626, 0.6369101627943143], [0.8114522956327508, 0.9073995463262907, 0.0, 0.3127052023007096, 0.5321297764994798, 0.13914793794767746, 0.26959397531567647, 0.6732796487879353, 0.4460889919301212, 0.21363629773686754, 0.007950687539111767, 0.5950299659882194, 0.6581249364953436, 0.6956099326974381, 0.8020804453654048, 0.7303908228917446, 0.6323231162274987], [0.3900856800492294, 0.882807193841884, 0.0, 0.29602845820150936, 0.5218811260601028, 0.14150559828386705, 0.28395940823809696, 0.6705050716678063, 0.4579981934858375, 0.2143299817461981, 0.008173410423425675, 0.6102553833344908, 0.664883718719279, 0.6988290140273763, 0.8043870121927875, 0.7239726690429039, 0.6276187872330891], [0.3240299750731723, 0.7884240167576029, 0.0, 0.2399344281801691, 0.4967531394715885, 0.14274860797434663, 0.26614916518961207, 0.6698500000834466, 0.4527191674236457, 0.19458188608957938, 0.008284682400665488, 0.6002558023042037, 0.669152062506206, 0.6972714646573176, 0.8102711351107367, 0.7273409842274668, 0.6448205123512641], [1.1645765841621332, 0.891595908697318, 0.0, 0.30003885749048603, 0.5267633026602316, 0.14240436320362082, 0.25593566713041727, 0.6695881421523264, 0.46497686649663295, 0.2130893043020925, 0.008840150818991033, 0.5835982927007886, 0.6528931990853443, 0.6829488602663739, 0.8060367821725954, 0.7276045743662196, 0.6445964572598261], [0.14600303948496673, 0.8663038916652552, 0.0, 0.20312518332482277, 0.5132147906511986, 0.14422035206528874, 0.275397036362002, 0.6659300145794573, 0.46009770066414735, 0.21446916212951006, 0.00783923647221818, 0.6122496373538584, 0.647196889103741, 0.6887818986860915, 0.8020010776462343, 0.7133987816912529, 0.6208648819862007], [-0.3530504609124212, 0.860979497957559, 0.0, 0.21577148429252008, 0.5217863189708831, 0.13339242069840457, 0.23545718614282904, 0.6774983515136481, 0.38209126657282355, 0.20175511991770834, 0.007504523810135222, 0.628213329056748, 0.6520652935834163, 0.6696166831497513, 0.7873935318811313, 0.7099740403763327, 0.6107951052499825], [-0.09441890840345568, 0.9062484575715497, 0.0, 0.2304594722979583, 0.5217479571843132, 0.13831515830597158, 0.16260385393347718, 0.668360347878655, 0.3957845663335535, 0.21597236557678268, 0.007504523810135222, 0.6166754410184077, 0.6404668973439976, 0.6669969129255817, 0.7844080960240603, 0.6901848006941825, 0.605072675113363]]}