{"labels_1": ["1", "2", "3", "4", "5", "6", "7", "8", "9"], "labels_2": ["1", "2", "3", "4", "5", "6", "7", "8", "9"], "adj_matrix_1": [[0.0, 0.40145, 0.01882, 0.23821, 0.17119, 0.16907, 0.34063, 0.21776, 0.38456], [0.40145, 0.0, 0.40621, 0.29591, 0.33632, 0.33732, 0.19761, 0.30948, 0.08419], [0.01882, 0.40621, 0.0, 0.25446, 0.18874, 0.18668, 0.35319, 0.23449, 0.38629], [0.23821, 0.29591, 0.25446, 0.0, 0.07455, 0.07679, 0.13691, 0.02362, 0.32588], [0.17119, 0.33632, 0.18874, 0.07455, 0.0, 0.00227, 0.20475, 0.05118, 0.35133], [0.16907, 0.33732, 0.18668, 0.07679, 0.00227, 0.0, 0.20671, 0.05344, 0.35191], [0.34063, 0.19761, 0.35319, 0.13691, 0.20475, 0.20671, 0.0, 0.15884, 0.25496], [0.21776, 0.30948, 0.23449, 0.02362, 0.05118, 0.05344, 0.15884, 0.0, 0.33472], [0.38456, 0.08419, 0.38629, 0.32588, 0.35133, 0.35191, 0.25496, 0.33472, 0.0]], "adj_matrix_2": [[0.0, 0.26895, 0.05852, 0.00902, 0.29181, 0.10359, 0.11728, 0.03611, 0.16478], [0.26895, 0.0, 0.26981, 0.26841, 0.15343, 0.26737, 0.25724, 0.26982, 0.25743], [0.05852, 0.26981, 0.0, 0.06741, 0.26658, 0.04629, 0.17128, 0.02261, 0.11135], [0.00902, 0.26841, 0.06741, 0.0, 0.29509, 0.11217, 0.10869, 0.04508, 0.17265], [0.29181, 0.15343, 0.26658, 0.29509, 0.0, 0.24198, 0.32473, 0.27697, 0.19853], [0.10359, 0.26737, 0.04629, 0.11217, 0.24198, 0.0, 0.21047, 0.06858, 0.06676], [0.11728, 0.25724, 0.17128, 0.10869, 0.32473, 0.21047, 0.0, 0.15099, 0.25962], [0.03611, 0.26982, 0.02261, 0.04508, 0.27697, 0.06858, 0.15099, 0.0, 0.13238], [0.16478, 0.25743, 0.11135, 0.17265, 0.19853, 0.06676, 0.25962, 0.13238, 0.0]], "features_1": [[-0.5487290790484414, 0.7381367544945384, 0.0, 0.21902745087359196, 0.4900894962594151, 0.1353711278351461, 0.353139081681892, 0.6794279099036411, 0.41359702775633345, 0.1802847128144971, 0.008062078829516484, 0.6488310649801654, 0.6827957541316653, 0.7046213024695486, 0.8057266369241507, 0.7262316400271502, 0.6036217308317908], [-0.2747296873994127, 0.7891252523000017, 0.0, 0.20668779675018223, 0.4960516286963226, 0.1422192936993304, 0.27054604926087367, 0.6712331460051302, 0.4535384076580704, 0.1988665134679135, 0.007950687539111767, 0.6284649140279068, 0.6793637467779633, 0.7159969649331838, 0.811949692220574, 0.7236293687273717, 0.6171767050219166], [-0.49407176050904056, 0.843758538696558, 0.0, 0.2312908800282877, 0.5163161988973729, 0.13850639105248644, 0.2949668004954781, 0.6753227644192672, 0.4275345450827315, 0.20604150745148408, 0.008062078829516484, 0.6485036721554445, 0.6691485358995412, 0.697922268270381, 0.8063888069920321, 0.7156251728408088, 0.618126031084692], [-0.3919573536783054, 0.8096754158400742, 0.0, 0.22960777324554843, 0.5062036558815888, 0.1370193140504297, 0.30126554830839963, 0.6763976954413142, 0.4232247599550749, 0.197888295586655, 0.007783488497544067, 0.6400537589052149, 0.6714340048255397, 0.6910234933350704, 0.8045649818070866, 0.7135134598652911, 0.6120415664780435], [-0.18506689344062233, 0.7515115735005046, 0.0, 0.2002803522855171, 0.478006702581212, 0.1453372824887863, 0.24503889068624574, 0.6671540501541997, 0.4685665096847267, 0.19329274919951045, 0.008340296057933516, 0.6400164224936602, 0.6896543794856085, 0.7276943602971943, 0.8144458968991269, 0.7488933896782853, 0.6175851115254389], [-0.44624002206800784, 0.8391802626320982, 0.0, 0.230293442205793, 0.5091049169036131, 0.14052624427306715, 0.2608255703901243, 0.6720526038258829, 0.43272380122845866, 0.20686907442461688, 0.008006390651371653, 0.6416155571757542, 0.6691790593658383, 0.6886774900264793, 0.805791764369407, 0.7275289466977072, 0.6139107066481349], [-0.08939003193753159, 0.8503320661116127, 0.0, 0.23258356779346068, 0.5084098925671683, 0.13758689971353255, 0.24155497061129622, 0.67328324702104, 0.41806191058771724, 0.2053940586031131, 0.008006390651371653, 0.6239830238396653, 0.6724104496655876, 0.7036720963762112, 0.795567076655647, 0.7062524025433305, 0.6058611476388435], [-0.20353540055912722, 0.851865041008191, 0.0, 0.19337482413407917, 0.5142749860774163, 0.13496928643288825, 0.3201878202471022, 0.6781377357056582, 0.4011388025604401, 0.20014540351881882, 0.007504523810135222, 0.6305458072387307, 0.6731179881143032, 0.6874083807570139, 0.7966882955810376, 0.7226933193574707, 0.5974290545555098], [0.021534705763430306, 0.8956132418641287, 0.0, 0.1784861674667752, 0.5212038347882592, 0.13534777171533802, 0.2668390259167168, 0.675497264689306, 0.3962266086879491, 0.20990289219611435, 0.007504523810135222, 0.5995244905311345, 0.6554662052411857, 0.6795892513884001, 0.7900599199535954, 0.701705683177725, 0.609581561093723]], "features_2": [[0.11556241983514726, 0.7031054228487387, 0.0, 0.24731428429221558, 0.4805730480531322, 0.13525674338590243, 0.30820799676499105, 0.6757210261881708, 0.41527878106112204, 0.16851746610025886, 0.008062078829516484, 0.6217028495830821, 0.6549283129269359, 0.6770817748717805, 0.7880270566132983, 0.7059804909868789, 0.6137438751637103], [0.8363481373198463, 0.831265833768642, 0.0, 0.2675676744140909, 0.5090962709191973, 0.1358656754550042, 0.22845649747535646, 0.672048886083847, 0.41857349936888877, 0.19496405148517448, 0.00783923647221818, 0.5879961602747634, 0.6223848161217654, 0.652925727541824, 0.7793093022032737, 0.6897918047259071, 0.6065421962226707], [0.3926653775098843, 0.8149935655697327, 0.0, 0.257229113460227, 0.5148793812813534, 0.13405470677553027, 0.3228229639389106, 0.6765149647235044, 0.411594348876702, 0.19093989391551647, 0.008507047823598457, 0.6109414713096641, 0.6400405661099224, 0.656702758703338, 0.7834798804360488, 0.6901490498101908, 0.6097582441541631], [0.22801656743082122, 0.7732397515458782, 0.0, 0.2444717935381626, 0.5012533610518668, 0.13581269098506446, 0.3114598225044155, 0.6754710995559942, 0.41416930570068655, 0.1834632029548513, 0.00783923647221818, 0.6146698831912758, 0.6506619791551663, 0.6727968826584372, 0.791667163607247, 0.7090340523066284, 0.6152911794114806], [0.6579838885256115, 0.826772273595638, 0.0, 0.2681631177058547, 0.5074844814486725, 0.13498442149806797, 0.22276898990026908, 0.6726304098452249, 0.40796777996319644, 0.1934278753569414, 0.00783923647221818, 0.5914132441144702, 0.6345183672938388, 0.6562510182267652, 0.7756835727262028, 0.6875671522899928, 0.5953124742295326], [0.27153597998393497, 0.826660777503795, 0.0, 0.2419392520262884, 0.515437699922162, 0.1350891764594353, 0.32648505709343356, 0.6750668872657151, 0.41179055432365264, 0.19471782594692155, 0.007950687539111767, 0.6085525486172978, 0.6259718412926675, 0.646460066587292, 0.782786753713836, 0.6887703412157464, 0.604902686649859], [-0.039404654163290864, 0.7641013687127924, 0.0, 0.23212422188175613, 0.48715027060671934, 0.13953654631178186, 0.2714393129500465, 0.6700962255878298, 0.43366332237610705, 0.1892771421103896, 0.008284682400665488, 0.6328386013817995, 0.6444353868969284, 0.6705929737818493, 0.7929788777559418, 0.699139294518417, 0.6151981661345006], [-0.035943143789724186, 0.8739932206627437, 0.0, 0.21157175464469108, 0.5195617270238766, 0.13203003681964895, 0.22746381253042997, 0.6756721056824431, 0.3697921657570036, 0.20068780624190885, 0.007392832833969631, 0.6127252289275007, 0.628357664241074, 0.6451117959294802, 0.7657931413159842, 0.674971892557553, 0.5785933082105491], [0.04121620531296433, 0.9357900187631956, 0.0, 0.23998135183563074, 0.53541749512604, 0.131758742316483, 0.2316582460348556, 0.6766678930575447, 0.37632368823214746, 0.21529208100994213, 0.007727725548673403, 0.6025865750730865, 0.6279722202573079, 0.6486954179891115, 0.7683050673149133, 0.686594633171797, 0.5818838383503073]]}