{"labels_1": ["1", "2", "3", "4", "5", "6", "7", "8", "9"], "labels_2": ["1", "2", "3", "4", "5", "6", "7", "8", "9"], "adj_matrix_1": [[0.0, 0.40145, 0.01882, 0.23821, 0.17119, 0.16907, 0.34063, 0.21776, 0.38456], [0.40145, 0.0, 0.40621, 0.29591, 0.33632, 0.33732, 0.19761, 0.30948, 0.08419], [0.01882, 0.40621, 0.0, 0.25446, 0.18874, 0.18668, 0.35319, 0.23449, 0.38629], [0.23821, 0.29591, 0.25446, 0.0, 0.07455, 0.07679, 0.13691, 0.02362, 0.32588], [0.17119, 0.33632, 0.18874, 0.07455, 0.0, 0.00227, 0.20475, 0.05118, 0.35133], [0.16907, 0.33732, 0.18668, 0.07679, 0.00227, 0.0, 0.20671, 0.05344, 0.35191], [0.34063, 0.19761, 0.35319, 0.13691, 0.20475, 0.20671, 0.0, 0.15884, 0.25496], [0.21776, 0.30948, 0.23449, 0.02362, 0.05118, 0.05344, 0.15884, 0.0, 0.33472], [0.38456, 0.08419, 0.38629, 0.32588, 0.35133, 0.35191, 0.25496, 0.33472, 0.0]], "adj_matrix_2": [[0.0, 0.16278, 0.07328, 0.03248, 0.14503, 0.22207, 0.11889, 0.21084, 0.26517], [0.16278, 0.0, 0.22226, 0.19, 0.27417, 0.0777, 0.04928, 0.23147, 0.2417], [0.07328, 0.22226, 0.0, 0.04121, 0.07489, 0.26892, 0.1844, 0.19579, 0.26176], [0.03248, 0.19, 0.04121, 0.0, 0.11475, 0.24393, 0.14857, 0.20442, 0.26439], [0.14503, 0.27417, 0.07489, 0.11475, 0.0, 0.30677, 0.24377, 0.17944, 0.25341], [0.22207, 0.0777, 0.26892, 0.24393, 0.30677, 0.0, 0.12386, 0.22747, 0.21005], [0.11889, 0.04928, 0.1844, 0.14857, 0.24377, 0.12386, 0.0, 0.22868, 0.25415], [0.21084, 0.23147, 0.19579, 0.20442, 0.17944, 0.22747, 0.22868, 0.0, 0.10072], [0.26517, 0.2417, 0.26176, 0.26439, 0.25341, 0.21005, 0.25415, 0.10072, 0.0]], "features_1": [[-0.5487290790484414, 0.7381367544945384, 0.0, 0.21902745087359196, 0.4900894962594151, 0.1353711278351461, 0.353139081681892, 0.6794279099036411, 0.41359702775633345, 0.1802847128144971, 0.008062078829516484, 0.6488310649801654, 0.6827957541316653, 0.7046213024695486, 0.8057266369241507, 0.7262316400271502, 0.6036217308317908], [-0.2747296873994127, 0.7891252523000017, 0.0, 0.20668779675018223, 0.4960516286963226, 0.1422192936993304, 0.27054604926087367, 0.6712331460051302, 0.4535384076580704, 0.1988665134679135, 0.007950687539111767, 0.6284649140279068, 0.6793637467779633, 0.7159969649331838, 0.811949692220574, 0.7236293687273717, 0.6171767050219166], [-0.49407176050904056, 0.843758538696558, 0.0, 0.2312908800282877, 0.5163161988973729, 0.13850639105248644, 0.2949668004954781, 0.6753227644192672, 0.4275345450827315, 0.20604150745148408, 0.008062078829516484, 0.6485036721554445, 0.6691485358995412, 0.697922268270381, 0.8063888069920321, 0.7156251728408088, 0.618126031084692], [-0.3919573536783054, 0.8096754158400742, 0.0, 0.22960777324554843, 0.5062036558815888, 0.1370193140504297, 0.30126554830839963, 0.6763976954413142, 0.4232247599550749, 0.197888295586655, 0.007783488497544067, 0.6400537589052149, 0.6714340048255397, 0.6910234933350704, 0.8045649818070866, 0.7135134598652911, 0.6120415664780435], [-0.18506689344062233, 0.7515115735005046, 0.0, 0.2002803522855171, 0.478006702581212, 0.1453372824887863, 0.24503889068624574, 0.6671540501541997, 0.4685665096847267, 0.19329274919951045, 0.008340296057933516, 0.6400164224936602, 0.6896543794856085, 0.7276943602971943, 0.8144458968991269, 0.7488933896782853, 0.6175851115254389], [-0.44624002206800784, 0.8391802626320982, 0.0, 0.230293442205793, 0.5091049169036131, 0.14052624427306715, 0.2608255703901243, 0.6720526038258829, 0.43272380122845866, 0.20686907442461688, 0.008006390651371653, 0.6416155571757542, 0.6691790593658383, 0.6886774900264793, 0.805791764369407, 0.7275289466977072, 0.6139107066481349], [-0.08939003193753159, 0.8503320661116127, 0.0, 0.23258356779346068, 0.5084098925671683, 0.13758689971353255, 0.24155497061129622, 0.67328324702104, 0.41806191058771724, 0.2053940586031131, 0.008006390651371653, 0.6239830238396653, 0.6724104496655876, 0.7036720963762112, 0.795567076655647, 0.7062524025433305, 0.6058611476388435], [-0.20353540055912722, 0.851865041008191, 0.0, 0.19337482413407917, 0.5142749860774163, 0.13496928643288825, 0.3201878202471022, 0.6781377357056582, 0.4011388025604401, 0.20014540351881882, 0.007504523810135222, 0.6305458072387307, 0.6731179881143032, 0.6874083807570139, 0.7966882955810376, 0.7226933193574707, 0.5974290545555098], [0.021534705763430306, 0.8956132418641287, 0.0, 0.1784861674667752, 0.5212038347882592, 0.13534777171533802, 0.2668390259167168, 0.675497264689306, 0.3962266086879491, 0.20990289219611435, 0.007504523810135222, 0.5995244905311345, 0.6554662052411857, 0.6795892513884001, 0.7900599199535954, 0.701705683177725, 0.609581561093723]], "features_2": [[0.08404047796673986, 0.6147230566380846, 0.0, 0.2278944344807944, 0.45078921226552615, 0.13584927159124394, 0.32609884153325197, 0.6781669330482387, 0.40840636918210915, 0.1472147284384071, 0.007783488497544067, 0.613049390490275, 0.679146854159333, 0.7074458460729486, 0.8056298471506834, 0.7343163409966358, 0.6335391012632399], [-0.09970706283875419, 0.7152741593130868, 0.0, 0.22861359638625464, 0.4800654450712568, 0.1367644221233617, 0.2643673100293668, 0.675551087697245, 0.41170870270000104, 0.1736102951038605, 0.007783488497544067, 0.6172888190121717, 0.6660744072237248, 0.6989684625851212, 0.7997608869135768, 0.7162991843888749, 0.6330338617494965], [0.12436686319408752, 0.72643592293233, 0.0, 0.2468667982998365, 0.4909440352197031, 0.13364054978514261, 0.3171799058825876, 0.6796254121497027, 0.39926665466658084, 0.1709056673241185, 0.007560346756364078, 0.6151436999687823, 0.6714621498464989, 0.6999205645807246, 0.799013351837692, 0.7125317154815012, 0.6263756711100188], [0.22329434456333708, 0.6886654472364095, 0.0, 0.23465864546560034, 0.4757986143575363, 0.13682602405183775, 0.30776009271830773, 0.6765295517301282, 0.40629810916227704, 0.16464522127913161, 0.007671947615560004, 0.6121617332398119, 0.6637947725758524, 0.692188744653856, 0.8059533929482526, 0.728648251913538, 0.6338665546012392], [-0.04666978508079067, 0.7319635603609532, 0.0, 0.24573812278052942, 0.4814293162580074, 0.13548904105680773, 0.23825475562545861, 0.6753905786865875, 0.40694896678618075, 0.17667480598669583, 0.007392832833969631, 0.6224453178040175, 0.6689729695807535, 0.7010323242028611, 0.7932780392209784, 0.7172356887195026, 0.6107432178872663], [0.3431570560371151, 0.7617719570813913, 0.0, 0.24744305958643006, 0.49754098214004605, 0.13495164995727868, 0.2901730723983043, 0.6775311562444715, 0.4063371277389185, 0.18030708617057312, 0.007560346756364078, 0.6044020114847037, 0.6575296029447658, 0.683168945358986, 0.7987245953160079, 0.7293851803883797, 0.6202394744123554], [0.29409435371064063, 0.6909529078683486, 0.0, 0.2517276741043078, 0.4640016173606841, 0.14207651092257395, 0.20680976657700328, 0.6677897790447775, 0.4508584293555298, 0.17298265310287575, 0.007894969482732161, 0.6150169650665667, 0.650157754995938, 0.6816909202008522, 0.804223173033613, 0.7223607604773149, 0.6322304135598216], [0.6498041999970274, 0.7791409781764073, 0.0, 0.2886026173829346, 0.4868376289549239, 0.13571065387238315, 0.18566868847039117, 0.6729352536963378, 0.4108892768340935, 0.18826842141100752, 0.008062078829516484, 0.5831423174681412, 0.6554276406200125, 0.6848155063308528, 0.7857942578735474, 0.69371942470537, 0.5881151774807837], [0.8243511926254778, 0.7224937797649847, 0.0, 0.3004709309556364, 0.46954007422630684, 0.14182673099972684, 0.20311144536917922, 0.6677664085212835, 0.4567896579495112, 0.18151422928230532, 0.00839589484089287, 0.5866741854451343, 0.6518452845063993, 0.6941958750315572, 0.8028940464991584, 0.7047157649582091, 0.6208205410677954]]}