{"labels_1": ["1", "2", "3", "4", "5", "6", "7", "8", "9"], "labels_2": ["1", "2", "3", "4", "5", "6", "7", "8", "9"], "adj_matrix_1": [[0.0, 0.05472, 0.09777, 0.16744, 0.04534, 0.23911, 0.26012, 0.23439, 0.26645], [0.05472, 0.0, 0.14607, 0.20641, 0.09806, 0.26356, 0.27913, 0.25997, 0.28361], [0.09777, 0.14607, 0.0, 0.0788, 0.05422, 0.16987, 0.19905, 0.16352, 0.20836], [0.16744, 0.20641, 0.0788, 0.0, 0.12934, 0.09872, 0.13224, 0.09157, 0.14315], [0.04534, 0.09806, 0.05422, 0.12934, 0.0, 0.21108, 0.23616, 0.20554, 0.24392], [0.23911, 0.26356, 0.16987, 0.09872, 0.21108, 0.0, 0.0358, 0.00749, 0.04773], [0.26012, 0.27913, 0.19905, 0.13224, 0.23616, 0.0358, 0.0, 0.04323, 0.01201], [0.23439, 0.25997, 0.16352, 0.09157, 0.20554, 0.00749, 0.04323, 0.0, 0.05513], [0.26645, 0.28361, 0.20836, 0.14315, 0.24392, 0.04773, 0.01201, 0.05513, 0.0]], "adj_matrix_2": [[0.0, 0.00036, 0.05045, 0.19417, 0.11557, 0.20174, 0.0278, 0.25943, 0.18019], [0.00036, 0.0, 0.05081, 0.19442, 0.11589, 0.202, 0.02744, 0.25958, 0.18046], [0.05045, 0.05081, 0.0, 0.15694, 0.06848, 0.16595, 0.07724, 0.23733, 0.14068], [0.19417, 0.19442, 0.15694, 0.0, 0.09621, 0.01108, 0.21112, 0.10964, 0.01934], [0.11557, 0.11589, 0.06848, 0.09621, 0.0, 0.10653, 0.13926, 0.19292, 0.07781], [0.20174, 0.202, 0.16595, 0.01108, 0.10653, 0.0, 0.21781, 0.09924, 0.03038], [0.0278, 0.02744, 0.07724, 0.21112, 0.13926, 0.21781, 0.0, 0.26729, 0.19861], [0.25943, 0.25958, 0.23733, 0.10964, 0.19292, 0.09924, 0.26729, 0.0, 0.12743], [0.18019, 0.18046, 0.14068, 0.01934, 0.07781, 0.03038, 0.19861, 0.12743, 0.0]], "features_1": [[0.6901058159284839, 0.7658556695289936, 0.0, 0.20913275734314699, 0.49522160460873554, 0.13572363584061287, 0.3375124651047088, 0.6777826804763325, 0.43087417700680786, 0.17995030993780192, 0.00783923647221818, 0.589840030976525, 0.6718582613510887, 0.687931143596429, 0.8012238999888327, 0.7272443297686003, 0.6008434335574525], [0.696105470659409, 0.7891977511700997, 0.0, 0.27190138893522997, 0.49025978025218064, 0.14424632912056684, 0.28716753103008374, 0.6671633663159262, 0.4934251256681541, 0.1970506675727126, 0.008729175733573014, 0.5988637718238756, 0.6605246460416714, 0.6809618409811112, 0.8109258494316474, 0.723683477288959, 0.6257724527409905], [0.51013743439509, 0.8735646689093733, 0.0, 0.2070480809266347, 0.5234365177333755, 0.1367733027623714, 0.3484135459372233, 0.6761226071691833, 0.42595633186473925, 0.2039282625967591, 0.007950687539111767, 0.5993672666983341, 0.6626744205071816, 0.6755876840070875, 0.7987803087674189, 0.7260083322819202, 0.6116220861842592], [0.11495873349515406, 0.8192814458407328, 0.0, 0.1992034759475176, 0.5075227853350531, 0.13840953218064073, 0.3282513378934134, 0.6747465510858355, 0.43716628959579973, 0.19722142234841433, 0.00783923647221818, 0.6132774366043181, 0.6697982597179006, 0.6877353863208024, 0.8032938080878826, 0.7212125478137976, 0.6186195193660408], [0.2775356745276709, 0.7666356491059099, 0.0, 0.2428020399044958, 0.48113012145778156, 0.1455855871541954, 0.25620194903117055, 0.6648091198081973, 0.4966869388182391, 0.1954148078373572, 0.008507047823598457, 0.6186007398260172, 0.668391790566686, 0.7007892561050357, 0.8099620727201416, 0.7100397556520337, 0.6343525189520529], [0.22248899205028083, 0.8620779178124653, 0.0, 0.2285221435814066, 0.517159632825292, 0.1393559634764081, 0.31225997131052025, 0.6722073701019351, 0.4402783064158653, 0.20667229787358865, 0.008173410423425675, 0.6129828995213642, 0.655366087807023, 0.6623356817319134, 0.7988943108902437, 0.7213804475812744, 0.6326181345742174], [-0.11900565878124114, 0.7421991040893411, 0.0, 0.22089082772134544, 0.4811834528594959, 0.14288166502439464, 0.34740616278358943, 0.6690169510074422, 0.4496036969178041, 0.18659013037728145, 0.008673665988278678, 0.6292203706750308, 0.6712947949163217, 0.7031167594514797, 0.8045448272335443, 0.7170893054574632, 0.631130057282317], [-0.08536822160261393, 0.888286622486991, 0.0, 0.20797982366807893, 0.5283464120740022, 0.13254032926483572, 0.36850236043758355, 0.6794758337887432, 0.3970365050073843, 0.20705386603978204, 0.007950687539111767, 0.6275969386032441, 0.6554369858913214, 0.6784856611521523, 0.7840184256328598, 0.7107826021145401, 0.5899160820403058], [0.08173886713746237, 0.8760318620155326, 0.0, 0.18864807166811134, 0.5258661638729597, 0.1345644095268645, 0.44704591228804774, 0.678066847689363, 0.39748781321152893, 0.20501747760659383, 0.007281081678807366, 0.6221960692020634, 0.6407856455685151, 0.6811482568156529, 0.7878936804416343, 0.7090190836543798, 0.5920502338532164]], "features_2": [[0.409053390779897, 0.8992252560727539, 0.0, 0.25097301735273786, 0.5257096777144175, 0.13537199661753918, 0.157912954512382, 0.6715474777505892, 0.40531593058892335, 0.208503860531277, 0.007783488497544067, 0.5920424058484834, 0.6280327111065513, 0.6602000137039024, 0.7804474159038732, 0.7031194632406668, 0.6188494532447416], [0.6915933259363549, 0.937407039948818, 0.0, 0.2640391701244167, 0.5333716348026109, 0.1372245630151824, 0.12981044926922608, 0.6687036887718244, 0.4216199596235566, 0.21782690040230213, 0.008006390651371653, 0.5876125237211443, 0.6369261889644079, 0.6602656328503996, 0.7799780767809216, 0.7014100263839156, 0.6262187678052297], [0.3246261734098037, 1.044337663395367, 0.0, 0.2419047231921737, 0.5592412065486901, 0.1360042743417309, 0.1615861180234397, 0.6703403817566489, 0.4056341707334161, 0.23587774148871388, 0.007783488497544067, 0.5981206596459674, 0.6213822156769562, 0.65297962372786, 0.7784888535390159, 0.7038134965624566, 0.624843918296491], [0.020195602315898675, 0.9343783523975621, 0.0, 0.22200841203790558, 0.5351958989021048, 0.13696735257196718, 0.2323999461425032, 0.6715941021776693, 0.4144703699311889, 0.21864836888146, 0.007783488497544067, 0.6153290677971315, 0.6402831629468114, 0.6779288397264172, 0.7904786795780727, 0.7141203666791108, 0.6254429209499119], [0.5722252562538661, 0.8991162753345828, 0.0, 0.26034273681146747, 0.5280810038173143, 0.13670623352556804, 0.2562003237315274, 0.6723856040027418, 0.4123488532377537, 0.20883421866486884, 0.007894969482732161, 0.5952197515553075, 0.6486155495727709, 0.6724070038442277, 0.7855174299088395, 0.7097733195460715, 0.6240231277618575], [0.09511634018894677, 1.0156918179511123, 0.0, 0.24527452388614193, 0.5509184215360761, 0.1392950237521581, 0.2314580718425269, 0.6677255249711718, 0.42040868954351707, 0.23435925540086755, 0.007894969482732161, 0.6118072741811509, 0.6543228785568291, 0.6753771863801482, 0.7858026429134105, 0.7111287283030923, 0.6287960932170411], [0.10232311906629477, 0.8956795963278833, 0.0, 0.24560406884657954, 0.5259401897234917, 0.13632156131504775, 0.3145849737156382, 0.6750847536335155, 0.39766884067774755, 0.20728628540990313, 0.007894969482732161, 0.6073324374342985, 0.6482134047943152, 0.6728359273730854, 0.7926986563552023, 0.6964404476501626, 0.6153816176376444], [0.12721236767672783, 0.903768464903701, 0.0, 0.2377906455382472, 0.5326905230324155, 0.1307445641785294, 0.3891823930986952, 0.6789203027259902, 0.36210165765575497, 0.20173814018012326, 0.007336964783822175, 0.6041313260441732, 0.625632656765754, 0.6450480767189842, 0.7651771141339777, 0.6968475672044488, 0.5855952826577328], [-0.033835401599802584, 0.9445404866231836, 0.0, 0.2484786226826045, 0.538644563333419, 0.13134382667435213, 0.26980996591689177, 0.6781136087070921, 0.36874267282774076, 0.2134656338456884, 0.007336964783822175, 0.6041531064907741, 0.6423507974412438, 0.6720399911053985, 0.7713561112983994, 0.6822132936445702, 0.5896010023534638]]}