{"labels_1": ["1", "2", "3", "4", "5", "6", "7", "8", "9"], "labels_2": ["1", "2", "3", "4", "5", "6", "7", "8", "9"], "adj_matrix_1": [[0.0, 0.05472, 0.09777, 0.16744, 0.04534, 0.23911, 0.26012, 0.23439, 0.26645], [0.05472, 0.0, 0.14607, 0.20641, 0.09806, 0.26356, 0.27913, 0.25997, 0.28361], [0.09777, 0.14607, 0.0, 0.0788, 0.05422, 0.16987, 0.19905, 0.16352, 0.20836], [0.16744, 0.20641, 0.0788, 0.0, 0.12934, 0.09872, 0.13224, 0.09157, 0.14315], [0.04534, 0.09806, 0.05422, 0.12934, 0.0, 0.21108, 0.23616, 0.20554, 0.24392], [0.23911, 0.26356, 0.16987, 0.09872, 0.21108, 0.0, 0.0358, 0.00749, 0.04773], [0.26012, 0.27913, 0.19905, 0.13224, 0.23616, 0.0358, 0.0, 0.04323, 0.01201], [0.23439, 0.25997, 0.16352, 0.09157, 0.20554, 0.00749, 0.04323, 0.0, 0.05513], [0.26645, 0.28361, 0.20836, 0.14315, 0.24392, 0.04773, 0.01201, 0.05513, 0.0]], "adj_matrix_2": [[0.0, 0.26895, 0.05852, 0.00902, 0.29181, 0.10359, 0.11728, 0.03611, 0.16478], [0.26895, 0.0, 0.26981, 0.26841, 0.15343, 0.26737, 0.25724, 0.26982, 0.25743], [0.05852, 0.26981, 0.0, 0.06741, 0.26658, 0.04629, 0.17128, 0.02261, 0.11135], [0.00902, 0.26841, 0.06741, 0.0, 0.29509, 0.11217, 0.10869, 0.04508, 0.17265], [0.29181, 0.15343, 0.26658, 0.29509, 0.0, 0.24198, 0.32473, 0.27697, 0.19853], [0.10359, 0.26737, 0.04629, 0.11217, 0.24198, 0.0, 0.21047, 0.06858, 0.06676], [0.11728, 0.25724, 0.17128, 0.10869, 0.32473, 0.21047, 0.0, 0.15099, 0.25962], [0.03611, 0.26982, 0.02261, 0.04508, 0.27697, 0.06858, 0.15099, 0.0, 0.13238], [0.16478, 0.25743, 0.11135, 0.17265, 0.19853, 0.06676, 0.25962, 0.13238, 0.0]], "features_1": [[0.6901058159284839, 0.7658556695289936, 0.0, 0.20913275734314699, 0.49522160460873554, 0.13572363584061287, 0.3375124651047088, 0.6777826804763325, 0.43087417700680786, 0.17995030993780192, 0.00783923647221818, 0.589840030976525, 0.6718582613510887, 0.687931143596429, 0.8012238999888327, 0.7272443297686003, 0.6008434335574525], [0.696105470659409, 0.7891977511700997, 0.0, 0.27190138893522997, 0.49025978025218064, 0.14424632912056684, 0.28716753103008374, 0.6671633663159262, 0.4934251256681541, 0.1970506675727126, 0.008729175733573014, 0.5988637718238756, 0.6605246460416714, 0.6809618409811112, 0.8109258494316474, 0.723683477288959, 0.6257724527409905], [0.51013743439509, 0.8735646689093733, 0.0, 0.2070480809266347, 0.5234365177333755, 0.1367733027623714, 0.3484135459372233, 0.6761226071691833, 0.42595633186473925, 0.2039282625967591, 0.007950687539111767, 0.5993672666983341, 0.6626744205071816, 0.6755876840070875, 0.7987803087674189, 0.7260083322819202, 0.6116220861842592], [0.11495873349515406, 0.8192814458407328, 0.0, 0.1992034759475176, 0.5075227853350531, 0.13840953218064073, 0.3282513378934134, 0.6747465510858355, 0.43716628959579973, 0.19722142234841433, 0.00783923647221818, 0.6132774366043181, 0.6697982597179006, 0.6877353863208024, 0.8032938080878826, 0.7212125478137976, 0.6186195193660408], [0.2775356745276709, 0.7666356491059099, 0.0, 0.2428020399044958, 0.48113012145778156, 0.1455855871541954, 0.25620194903117055, 0.6648091198081973, 0.4966869388182391, 0.1954148078373572, 0.008507047823598457, 0.6186007398260172, 0.668391790566686, 0.7007892561050357, 0.8099620727201416, 0.7100397556520337, 0.6343525189520529], [0.22248899205028083, 0.8620779178124653, 0.0, 0.2285221435814066, 0.517159632825292, 0.1393559634764081, 0.31225997131052025, 0.6722073701019351, 0.4402783064158653, 0.20667229787358865, 0.008173410423425675, 0.6129828995213642, 0.655366087807023, 0.6623356817319134, 0.7988943108902437, 0.7213804475812744, 0.6326181345742174], [-0.11900565878124114, 0.7421991040893411, 0.0, 0.22089082772134544, 0.4811834528594959, 0.14288166502439464, 0.34740616278358943, 0.6690169510074422, 0.4496036969178041, 0.18659013037728145, 0.008673665988278678, 0.6292203706750308, 0.6712947949163217, 0.7031167594514797, 0.8045448272335443, 0.7170893054574632, 0.631130057282317], [-0.08536822160261393, 0.888286622486991, 0.0, 0.20797982366807893, 0.5283464120740022, 0.13254032926483572, 0.36850236043758355, 0.6794758337887432, 0.3970365050073843, 0.20705386603978204, 0.007950687539111767, 0.6275969386032441, 0.6554369858913214, 0.6784856611521523, 0.7840184256328598, 0.7107826021145401, 0.5899160820403058], [0.08173886713746237, 0.8760318620155326, 0.0, 0.18864807166811134, 0.5258661638729597, 0.1345644095268645, 0.44704591228804774, 0.678066847689363, 0.39748781321152893, 0.20501747760659383, 0.007281081678807366, 0.6221960692020634, 0.6407856455685151, 0.6811482568156529, 0.7878936804416343, 0.7090190836543798, 0.5920502338532164]], "features_2": [[0.11556241983514726, 0.7031054228487387, 0.0, 0.24731428429221558, 0.4805730480531322, 0.13525674338590243, 0.30820799676499105, 0.6757210261881708, 0.41527878106112204, 0.16851746610025886, 0.008062078829516484, 0.6217028495830821, 0.6549283129269359, 0.6770817748717805, 0.7880270566132983, 0.7059804909868789, 0.6137438751637103], [0.8363481373198463, 0.831265833768642, 0.0, 0.2675676744140909, 0.5090962709191973, 0.1358656754550042, 0.22845649747535646, 0.672048886083847, 0.41857349936888877, 0.19496405148517448, 0.00783923647221818, 0.5879961602747634, 0.6223848161217654, 0.652925727541824, 0.7793093022032737, 0.6897918047259071, 0.6065421962226707], [0.3926653775098843, 0.8149935655697327, 0.0, 0.257229113460227, 0.5148793812813534, 0.13405470677553027, 0.3228229639389106, 0.6765149647235044, 0.411594348876702, 0.19093989391551647, 0.008507047823598457, 0.6109414713096641, 0.6400405661099224, 0.656702758703338, 0.7834798804360488, 0.6901490498101908, 0.6097582441541631], [0.22801656743082122, 0.7732397515458782, 0.0, 0.2444717935381626, 0.5012533610518668, 0.13581269098506446, 0.3114598225044155, 0.6754710995559942, 0.41416930570068655, 0.1834632029548513, 0.00783923647221818, 0.6146698831912758, 0.6506619791551663, 0.6727968826584372, 0.791667163607247, 0.7090340523066284, 0.6152911794114806], [0.6579838885256115, 0.826772273595638, 0.0, 0.2681631177058547, 0.5074844814486725, 0.13498442149806797, 0.22276898990026908, 0.6726304098452249, 0.40796777996319644, 0.1934278753569414, 0.00783923647221818, 0.5914132441144702, 0.6345183672938388, 0.6562510182267652, 0.7756835727262028, 0.6875671522899928, 0.5953124742295326], [0.27153597998393497, 0.826660777503795, 0.0, 0.2419392520262884, 0.515437699922162, 0.1350891764594353, 0.32648505709343356, 0.6750668872657151, 0.41179055432365264, 0.19471782594692155, 0.007950687539111767, 0.6085525486172978, 0.6259718412926675, 0.646460066587292, 0.782786753713836, 0.6887703412157464, 0.604902686649859], [-0.039404654163290864, 0.7641013687127924, 0.0, 0.23212422188175613, 0.48715027060671934, 0.13953654631178186, 0.2714393129500465, 0.6700962255878298, 0.43366332237610705, 0.1892771421103896, 0.008284682400665488, 0.6328386013817995, 0.6444353868969284, 0.6705929737818493, 0.7929788777559418, 0.699139294518417, 0.6151981661345006], [-0.035943143789724186, 0.8739932206627437, 0.0, 0.21157175464469108, 0.5195617270238766, 0.13203003681964895, 0.22746381253042997, 0.6756721056824431, 0.3697921657570036, 0.20068780624190885, 0.007392832833969631, 0.6127252289275007, 0.628357664241074, 0.6451117959294802, 0.7657931413159842, 0.674971892557553, 0.5785933082105491], [0.04121620531296433, 0.9357900187631956, 0.0, 0.23998135183563074, 0.53541749512604, 0.131758742316483, 0.2316582460348556, 0.6766678930575447, 0.37632368823214746, 0.21529208100994213, 0.007727725548673403, 0.6025865750730865, 0.6279722202573079, 0.6486954179891115, 0.7683050673149133, 0.686594633171797, 0.5818838383503073]]}