{"labels_1": ["1", "2", "3", "4", "5", "6", "7", "8", "9"], "labels_2": ["1", "2", "3", "4", "5", "6", "7", "8", "9"], "adj_matrix_1": [[0.0, 0.20858, 0.07156, 0.03156, 0.0655, 0.18236, 0.17787, 0.27325, 0.20278], [0.20858, 0.0, 0.15696, 0.2273, 0.24549, 0.04081, 0.04696, 0.30828, 0.00994], [0.07156, 0.15696, 0.0, 0.10169, 0.13314, 0.12348, 0.11797, 0.30612, 0.1493], [0.03156, 0.2273, 0.10169, 0.0, 0.03433, 0.20479, 0.20076, 0.25395, 0.22248], [0.0655, 0.24549, 0.13314, 0.03433, 0.0, 0.22689, 0.22351, 0.22983, 0.2416], [0.18236, 0.04081, 0.12348, 0.20479, 0.22689, 0.0, 0.00625, 0.31792, 0.031], [0.17787, 0.04696, 0.11797, 0.20076, 0.22351, 0.00625, 0.0, 0.3187, 0.03719], [0.27325, 0.30828, 0.30612, 0.25395, 0.22983, 0.31792, 0.3187, 0.0, 0.31126], [0.20278, 0.00994, 0.1493, 0.22248, 0.2416, 0.031, 0.03719, 0.31126, 0.0]], "adj_matrix_2": [[0.0, 0.27989, 0.01221, 0.09961, 0.29456, 0.07398, 0.18369, 0.12238, 0.01875], [0.27989, 0.0, 0.28709, 0.21068, 0.03195, 0.32028, 0.36711, 0.34258, 0.29065], [0.01221, 0.28709, 0.0, 0.11133, 0.30085, 0.06196, 0.17268, 0.11074, 0.00656], [0.09961, 0.21068, 0.11133, 0.0, 0.23271, 0.16926, 0.26691, 0.21311, 0.11753], [0.29456, 0.03195, 0.30085, 0.23271, 0.0, 0.32931, 0.36763, 0.34787, 0.30393], [0.07398, 0.32028, 0.06196, 0.16926, 0.32931, 0.0, 0.11414, 0.04978, 0.05547], [0.18369, 0.36711, 0.17268, 0.26691, 0.36763, 0.11414, 0.0, 0.0653, 0.16666], [0.12238, 0.34258, 0.11074, 0.21311, 0.34787, 0.04978, 0.0653, 0.0, 0.10443], [0.01875, 0.29065, 0.00656, 0.11753, 0.30393, 0.05547, 0.16666, 0.10443, 0.0]], "features_1": [[0.21336573414471527, 0.879809599352899, 0.0, 0.23016815737481525, 0.5175824274007882, 0.13158819410674927, 0.16281559178946664, 0.6751779538645196, 0.3783062159934276, 0.2010750714206493, 0.007225183508792421, 0.6037957386485502, 0.6269420220795839, 0.6666568395917232, 0.7646826642273793, 0.7046894327853135, 0.5831027846030689], [0.616367726573551, 0.835434556673647, 0.0, 0.22969800320432762, 0.5019017098747611, 0.1351894234477713, 0.15903576911244316, 0.6718486068901188, 0.3989310118937952, 0.19382116349573542, 0.007448685839370306, 0.5912904975268769, 0.6313157066295686, 0.6565493583040478, 0.77921583409886, 0.6999340276394506, 0.6006537431726569], [0.18214690404998013, 1.034823554307197, 0.0, 0.2167569992088675, 0.5536925282512798, 0.13121901731037022, 0.1189310584594537, 0.6749753527877037, 0.38224517370151156, 0.23187242653899287, 0.007671947615560004, 0.6044158849133694, 0.6125393492782633, 0.6462448221000575, 0.7619564059761722, 0.6786834857710189, 0.5836639319973415], [0.2858253475048733, 0.9919875191232893, 0.0, 0.23478306606196805, 0.5441180000352934, 0.1333150189405197, 0.1394225009861209, 0.6731183474298131, 0.384432310965269, 0.22461594399150475, 0.007225183508792421, 0.6001001342957522, 0.6257354897656039, 0.6630577152005365, 0.7675940830073913, 0.6969864833693644, 0.5885748716650656], [0.512540930296661, 0.7972984865754265, 0.0, 0.20822161761380964, 0.4917309988638545, 0.1361389475571181, 0.1726892319189325, 0.6713910100659002, 0.4063972118632928, 0.18654395985351035, 0.007894969482732161, 0.6085017545860656, 0.6517321921591035, 0.663909536000136, 0.7847357699594, 0.7100731443381553, 0.6107580597764256], [0.43014605727030286, 0.9837783900937019, 0.0, 0.22186729698493898, 0.5415405478044172, 0.1337933656483195, 0.12856904822173262, 0.6728956605786012, 0.3940172138875715, 0.2236343058030108, 0.007783488497544067, 0.5997063002757961, 0.6312863225925702, 0.6513379882888032, 0.7716443325350553, 0.6921494797325163, 0.5940247443268525], [0.33362439365052676, 0.8850863917590729, 0.0, 0.2638836340206138, 0.5156099791747991, 0.1371307497377243, 0.12949190976565178, 0.6696937180525293, 0.3985646357633603, 0.20804848478947413, 0.007392832833969631, 0.5946858379290267, 0.630376659808114, 0.6606400876532333, 0.7798668987491661, 0.6953098429880729, 0.5968900093965401], [-0.008831093851589866, 0.9046612149156916, 0.0, 0.18652309248225818, 0.5270206881088842, 0.13180433467065444, 0.15605586398472227, 0.6761379310457405, 0.370381650790659, 0.20647580350171357, 0.00711334193318236, 0.6193767196199933, 0.6294411180688271, 0.6487292713476499, 0.7725255563000477, 0.6829408031079407, 0.5895298585623868], [0.6539086721623639, 0.9229795462606936, 0.0, 0.2758440123871209, 0.5235408322605618, 0.13563646009126978, 0.14101305455884444, 0.6709152561330907, 0.4020494537640402, 0.21246237585800554, 0.00783923647221818, 0.5867097876651051, 0.6324032668012679, 0.6480231490562293, 0.7759824798384856, 0.7042623303922615, 0.5890277385484669]], "features_2": [[-0.1952951640970375, 0.7595963756024647, 0.0, 0.21226315500300977, 0.49019327430581916, 0.13724923167827152, 0.2998512859120616, 0.6760499255069155, 0.4174015617699147, 0.184895373700787, 0.007783488497544067, 0.630017170566856, 0.6671065298460044, 0.6957730647557089, 0.8000256149016151, 0.7130082534275543, 0.6288361307231131], [0.1305761388586424, 0.8780367944522366, 0.0, 0.20621722089466007, 0.5169622731099988, 0.14197038666075207, 0.26657009817272054, 0.6697791383452987, 0.4410471797338369, 0.21426183922821296, 0.007783488497544067, 0.6157472757449396, 0.6669101225229109, 0.6811338080312199, 0.8018899071921857, 0.7444915246918409, 0.6219995538935095], [-0.14806410474879828, 0.8820971427775249, 0.0, 0.22228336559746092, 0.5243421533016942, 0.1372472368511447, 0.2926985365136957, 0.6753355873710265, 0.417523589892421, 0.21065275582814458, 0.008006390651371653, 0.6301550241336216, 0.6852418245930448, 0.7165988415949951, 0.7966642158599736, 0.6950232811425386, 0.6295690420394466], [-0.27437260851649325, 0.840852614332979, 0.0, 0.21067320875407808, 0.512131795028824, 0.1368857025043324, 0.28280198230037995, 0.6754789428050858, 0.4169657224540815, 0.20298778237859638, 0.007894969482732161, 0.6251086394598606, 0.6611830163812987, 0.6977092653035061, 0.7978400551698817, 0.6994796994105884, 0.6271007665417264], [0.0708619245219193, 0.9335992307002337, 0.0, 0.20471331325267306, 0.5308351906838594, 0.1395900735027109, 0.20687629066714663, 0.6709446737149147, 0.4325574796448872, 0.22454089561283563, 0.007894969482732161, 0.6244271625621352, 0.6559273701273151, 0.7071594201169116, 0.7947905979600057, 0.706094207470136, 0.6069727477574292], [-0.3338239119431812, 0.9474834553593174, 0.0, 0.20330112630268135, 0.5366958093408197, 0.13853181328485548, 0.25543471761807124, 0.6727461438645006, 0.431074266433386, 0.22706651168665837, 0.007894969482732161, 0.6372023918307896, 0.6772109349732102, 0.7076342044262954, 0.7945713724860441, 0.6956893706617688, 0.6228173637804579], [-0.46398587054692797, 0.8715467887444435, 0.0, 0.15308997916869632, 0.5194790549008188, 0.13739015356544257, 0.3002680358715786, 0.6756308600631975, 0.4218885318043004, 0.21119997317819394, 0.008006390651371653, 0.6449168316229099, 0.6968853287226968, 0.7288942221085828, 0.7987050302937941, 0.7207964441623602, 0.6120229535060118], [-0.2961285727408183, 1.022402182282066, 0.0, 0.24344581451725955, 0.5624077301926236, 0.13137333898361783, 0.3249318022202381, 0.6813709300790489, 0.3932682818288553, 0.23191620868757346, 0.007616154688146137, 0.6301579789514808, 0.6602351102720374, 0.6765426212395641, 0.7892881844634202, 0.6983192643128927, 0.582860771198256], [-0.16525532797315368, 1.0513093610868625, 0.0, 0.24323075926799825, 0.5735875543841646, 0.12847075455670245, 0.3610632656746041, 0.6841910432294489, 0.3708660010083582, 0.23387173335958455, 0.007671947615560004, 0.6261026240117609, 0.6595479753043838, 0.679978877368518, 0.785596144548595, 0.7008575454982116, 0.5896969603291435]]}