{"labels_1": ["1", "2", "3", "4", "5", "6", "7", "8", "9"], "labels_2": ["1", "2", "3", "4", "5", "6", "7", "8", "9"], "adj_matrix_1": [[0.0, 0.20858, 0.07156, 0.03156, 0.0655, 0.18236, 0.17787, 0.27325, 0.20278], [0.20858, 0.0, 0.15696, 0.2273, 0.24549, 0.04081, 0.04696, 0.30828, 0.00994], [0.07156, 0.15696, 0.0, 0.10169, 0.13314, 0.12348, 0.11797, 0.30612, 0.1493], [0.03156, 0.2273, 0.10169, 0.0, 0.03433, 0.20479, 0.20076, 0.25395, 0.22248], [0.0655, 0.24549, 0.13314, 0.03433, 0.0, 0.22689, 0.22351, 0.22983, 0.2416], [0.18236, 0.04081, 0.12348, 0.20479, 0.22689, 0.0, 0.00625, 0.31792, 0.031], [0.17787, 0.04696, 0.11797, 0.20076, 0.22351, 0.00625, 0.0, 0.3187, 0.03719], [0.27325, 0.30828, 0.30612, 0.25395, 0.22983, 0.31792, 0.3187, 0.0, 0.31126], [0.20278, 0.00994, 0.1493, 0.22248, 0.2416, 0.031, 0.03719, 0.31126, 0.0]], "adj_matrix_2": [[0.0, 0.16278, 0.07328, 0.03248, 0.14503, 0.22207, 0.11889, 0.21084, 0.26517], [0.16278, 0.0, 0.22226, 0.19, 0.27417, 0.0777, 0.04928, 0.23147, 0.2417], [0.07328, 0.22226, 0.0, 0.04121, 0.07489, 0.26892, 0.1844, 0.19579, 0.26176], [0.03248, 0.19, 0.04121, 0.0, 0.11475, 0.24393, 0.14857, 0.20442, 0.26439], [0.14503, 0.27417, 0.07489, 0.11475, 0.0, 0.30677, 0.24377, 0.17944, 0.25341], [0.22207, 0.0777, 0.26892, 0.24393, 0.30677, 0.0, 0.12386, 0.22747, 0.21005], [0.11889, 0.04928, 0.1844, 0.14857, 0.24377, 0.12386, 0.0, 0.22868, 0.25415], [0.21084, 0.23147, 0.19579, 0.20442, 0.17944, 0.22747, 0.22868, 0.0, 0.10072], [0.26517, 0.2417, 0.26176, 0.26439, 0.25341, 0.21005, 0.25415, 0.10072, 0.0]], "features_1": [[0.21336573414471527, 0.879809599352899, 0.0, 0.23016815737481525, 0.5175824274007882, 0.13158819410674927, 0.16281559178946664, 0.6751779538645196, 0.3783062159934276, 0.2010750714206493, 0.007225183508792421, 0.6037957386485502, 0.6269420220795839, 0.6666568395917232, 0.7646826642273793, 0.7046894327853135, 0.5831027846030689], [0.616367726573551, 0.835434556673647, 0.0, 0.22969800320432762, 0.5019017098747611, 0.1351894234477713, 0.15903576911244316, 0.6718486068901188, 0.3989310118937952, 0.19382116349573542, 0.007448685839370306, 0.5912904975268769, 0.6313157066295686, 0.6565493583040478, 0.77921583409886, 0.6999340276394506, 0.6006537431726569], [0.18214690404998013, 1.034823554307197, 0.0, 0.2167569992088675, 0.5536925282512798, 0.13121901731037022, 0.1189310584594537, 0.6749753527877037, 0.38224517370151156, 0.23187242653899287, 0.007671947615560004, 0.6044158849133694, 0.6125393492782633, 0.6462448221000575, 0.7619564059761722, 0.6786834857710189, 0.5836639319973415], [0.2858253475048733, 0.9919875191232893, 0.0, 0.23478306606196805, 0.5441180000352934, 0.1333150189405197, 0.1394225009861209, 0.6731183474298131, 0.384432310965269, 0.22461594399150475, 0.007225183508792421, 0.6001001342957522, 0.6257354897656039, 0.6630577152005365, 0.7675940830073913, 0.6969864833693644, 0.5885748716650656], [0.512540930296661, 0.7972984865754265, 0.0, 0.20822161761380964, 0.4917309988638545, 0.1361389475571181, 0.1726892319189325, 0.6713910100659002, 0.4063972118632928, 0.18654395985351035, 0.007894969482732161, 0.6085017545860656, 0.6517321921591035, 0.663909536000136, 0.7847357699594, 0.7100731443381553, 0.6107580597764256], [0.43014605727030286, 0.9837783900937019, 0.0, 0.22186729698493898, 0.5415405478044172, 0.1337933656483195, 0.12856904822173262, 0.6728956605786012, 0.3940172138875715, 0.2236343058030108, 0.007783488497544067, 0.5997063002757961, 0.6312863225925702, 0.6513379882888032, 0.7716443325350553, 0.6921494797325163, 0.5940247443268525], [0.33362439365052676, 0.8850863917590729, 0.0, 0.2638836340206138, 0.5156099791747991, 0.1371307497377243, 0.12949190976565178, 0.6696937180525293, 0.3985646357633603, 0.20804848478947413, 0.007392832833969631, 0.5946858379290267, 0.630376659808114, 0.6606400876532333, 0.7798668987491661, 0.6953098429880729, 0.5968900093965401], [-0.008831093851589866, 0.9046612149156916, 0.0, 0.18652309248225818, 0.5270206881088842, 0.13180433467065444, 0.15605586398472227, 0.6761379310457405, 0.370381650790659, 0.20647580350171357, 0.00711334193318236, 0.6193767196199933, 0.6294411180688271, 0.6487292713476499, 0.7725255563000477, 0.6829408031079407, 0.5895298585623868], [0.6539086721623639, 0.9229795462606936, 0.0, 0.2758440123871209, 0.5235408322605618, 0.13563646009126978, 0.14101305455884444, 0.6709152561330907, 0.4020494537640402, 0.21246237585800554, 0.00783923647221818, 0.5867097876651051, 0.6324032668012679, 0.6480231490562293, 0.7759824798384856, 0.7042623303922615, 0.5890277385484669]], "features_2": [[0.08404047796673986, 0.6147230566380846, 0.0, 0.2278944344807944, 0.45078921226552615, 0.13584927159124394, 0.32609884153325197, 0.6781669330482387, 0.40840636918210915, 0.1472147284384071, 0.007783488497544067, 0.613049390490275, 0.679146854159333, 0.7074458460729486, 0.8056298471506834, 0.7343163409966358, 0.6335391012632399], [-0.09970706283875419, 0.7152741593130868, 0.0, 0.22861359638625464, 0.4800654450712568, 0.1367644221233617, 0.2643673100293668, 0.675551087697245, 0.41170870270000104, 0.1736102951038605, 0.007783488497544067, 0.6172888190121717, 0.6660744072237248, 0.6989684625851212, 0.7997608869135768, 0.7162991843888749, 0.6330338617494965], [0.12436686319408752, 0.72643592293233, 0.0, 0.2468667982998365, 0.4909440352197031, 0.13364054978514261, 0.3171799058825876, 0.6796254121497027, 0.39926665466658084, 0.1709056673241185, 0.007560346756364078, 0.6151436999687823, 0.6714621498464989, 0.6999205645807246, 0.799013351837692, 0.7125317154815012, 0.6263756711100188], [0.22329434456333708, 0.6886654472364095, 0.0, 0.23465864546560034, 0.4757986143575363, 0.13682602405183775, 0.30776009271830773, 0.6765295517301282, 0.40629810916227704, 0.16464522127913161, 0.007671947615560004, 0.6121617332398119, 0.6637947725758524, 0.692188744653856, 0.8059533929482526, 0.728648251913538, 0.6338665546012392], [-0.04666978508079067, 0.7319635603609532, 0.0, 0.24573812278052942, 0.4814293162580074, 0.13548904105680773, 0.23825475562545861, 0.6753905786865875, 0.40694896678618075, 0.17667480598669583, 0.007392832833969631, 0.6224453178040175, 0.6689729695807535, 0.7010323242028611, 0.7932780392209784, 0.7172356887195026, 0.6107432178872663], [0.3431570560371151, 0.7617719570813913, 0.0, 0.24744305958643006, 0.49754098214004605, 0.13495164995727868, 0.2901730723983043, 0.6775311562444715, 0.4063371277389185, 0.18030708617057312, 0.007560346756364078, 0.6044020114847037, 0.6575296029447658, 0.683168945358986, 0.7987245953160079, 0.7293851803883797, 0.6202394744123554], [0.29409435371064063, 0.6909529078683486, 0.0, 0.2517276741043078, 0.4640016173606841, 0.14207651092257395, 0.20680976657700328, 0.6677897790447775, 0.4508584293555298, 0.17298265310287575, 0.007894969482732161, 0.6150169650665667, 0.650157754995938, 0.6816909202008522, 0.804223173033613, 0.7223607604773149, 0.6322304135598216], [0.6498041999970274, 0.7791409781764073, 0.0, 0.2886026173829346, 0.4868376289549239, 0.13571065387238315, 0.18566868847039117, 0.6729352536963378, 0.4108892768340935, 0.18826842141100752, 0.008062078829516484, 0.5831423174681412, 0.6554276406200125, 0.6848155063308528, 0.7857942578735474, 0.69371942470537, 0.5881151774807837], [0.8243511926254778, 0.7224937797649847, 0.0, 0.3004709309556364, 0.46954007422630684, 0.14182673099972684, 0.20311144536917922, 0.6677664085212835, 0.4567896579495112, 0.18151422928230532, 0.00839589484089287, 0.5866741854451343, 0.6518452845063993, 0.6941958750315572, 0.8028940464991584, 0.7047157649582091, 0.6208205410677954]]}