{"labels_1": ["1", "2", "3", "4", "5", "6", "7", "8", "9"], "labels_2": ["1", "2", "3", "4", "5", "6", "7", "8", "9"], "adj_matrix_1": [[0.0, 0.04046, 0.18305, 0.09827, 0.10856, 0.1359, 0.01638, 0.03533, 0.22767], [0.04046, 0.0, 0.21426, 0.05937, 0.07017, 0.1709, 0.02417, 0.00517, 0.25433], [0.18305, 0.21426, 0.0, 0.25232, 0.25817, 0.05385, 0.19616, 0.21055, 0.05619], [0.09827, 0.05937, 0.25232, 0.0, 0.01112, 0.21591, 0.08275, 0.06441, 0.2845], [0.10856, 0.07017, 0.25817, 0.01112, 0.0, 0.2232, 0.09327, 0.07514, 0.28875], [0.1359, 0.1709, 0.05385, 0.21591, 0.2232, 0.0, 0.15045, 0.16666, 0.10871], [0.01638, 0.02417, 0.19616, 0.08275, 0.09327, 0.15045, 0.0, 0.01902, 0.23913], [0.03533, 0.00517, 0.21055, 0.06441, 0.07514, 0.16666, 0.01902, 0.0, 0.25132], [0.22767, 0.25433, 0.05619, 0.2845, 0.28875, 0.10871, 0.23913, 0.25132, 0.0]], "adj_matrix_2": [[0.0, 0.12123, 0.25656, 0.10628, 0.26734, 0.16954, 0.04986, 0.2548, 0.08309], [0.12123, 0.0, 0.18305, 0.01618, 0.23552, 0.19663, 0.0739, 0.32124, 0.19372], [0.25656, 0.18305, 0.0, 0.19449, 0.10404, 0.20437, 0.23112, 0.31588, 0.28762], [0.10628, 0.01618, 0.19449, 0.0, 0.24145, 0.19349, 0.05814, 0.31535, 0.18092], [0.26734, 0.23552, 0.10404, 0.24145, 0.0, 0.16806, 0.25835, 0.25646, 0.27275], [0.16954, 0.19663, 0.20437, 0.19349, 0.16806, 0.0, 0.18111, 0.10696, 0.14934], [0.04986, 0.0739, 0.23112, 0.05814, 0.25835, 0.18111, 0.0, 0.28686, 0.13029], [0.2548, 0.32124, 0.31588, 0.31535, 0.25646, 0.10696, 0.28686, 0.0, 0.18863], [0.08309, 0.19372, 0.28762, 0.18092, 0.27275, 0.14934, 0.13029, 0.18863, 0.0]], "features_1": [[0.431074329583077, 0.7239235567874138, 0.0, 0.23991735630055752, 0.476041239334842, 0.13774967285447579, 0.3251308368932321, 0.6737520033997191, 0.4197467915931139, 0.17420232539495628, 0.00783923647221818, 0.607712746395964, 0.649816221114368, 0.6852766799618372, 0.799258888294052, 0.7322177768186829, 0.6048850385570652], [0.4083366232259231, 0.8031038406779519, 0.0, 0.22629953462111302, 0.49117153868271834, 0.14271721697423267, 0.28449264665585117, 0.667881080729601, 0.44400869971858636, 0.19497193096449528, 0.007950687539111767, 0.6125751889992563, 0.660849651682172, 0.6910303703785776, 0.8056103608982673, 0.7413118849739475, 0.6122991683340769], [0.20236709593512225, 0.8600603790225841, 0.0, 0.20713128117116683, 0.511730833084688, 0.14018264695876897, 0.2742750898883138, 0.6702212337323032, 0.4283399613484846, 0.20669016415562425, 0.007504523810135222, 0.6177288514461816, 0.6614761279873234, 0.689753896000965, 0.7996821346708285, 0.7245910928496677, 0.6027200200304416], [0.2599944703296715, 0.8455088061650363, 0.0, 0.22001804843579167, 0.5046518200412218, 0.141687254859436, 0.2376268145650265, 0.6673152534685372, 0.4439713313327751, 0.20632713796690294, 0.007950687539111767, 0.6056930965503677, 0.6693732035107381, 0.6941181217555794, 0.8016140803426091, 0.7384698018396472, 0.6168986441087614], [0.3636443579958599, 0.8322305361727689, 0.0, 0.25239131184151076, 0.4942559902727137, 0.1427377042640633, 0.22794834916253706, 0.6659091598371176, 0.4516439169619222, 0.20463412461394137, 0.00839589484089287, 0.6096063500072013, 0.6647771091573473, 0.6918545314701976, 0.8000278587641553, 0.7180264737519092, 0.6133033330389238], [0.022852052633050235, 0.9233773814253099, 0.0, 0.1872723072905854, 0.5208053493002657, 0.14191380584535818, 0.2071002604289788, 0.6656948681603182, 0.44495408044482887, 0.2246261268342049, 0.008062078829516484, 0.6173871855326847, 0.6629380812052098, 0.7122461399583241, 0.7948772526561197, 0.7195959522897929, 0.6068563059124003], [-0.044022247307976325, 0.8798430592750833, 0.0, 0.20853348435083724, 0.5054555315219436, 0.1455130691876899, 0.1612399774679581, 0.6609546545013536, 0.46055746280284904, 0.21969246169942003, 0.008284682400665488, 0.6161606513845106, 0.6674789302573453, 0.6961254270500238, 0.8026118051616247, 0.7205201637501376, 0.6315027418381265], [0.45394546075808684, 0.9011302015022832, 0.0, 0.27672763905688974, 0.517971548709258, 0.13488624529850357, 0.19056172175732727, 0.6730222344129653, 0.41289180330353625, 0.2106208643024119, 0.007950687539111767, 0.6032978912221081, 0.6411930692432266, 0.6706860639327458, 0.7765787555193622, 0.7174950322111683, 0.59033791769514], [-0.04172700008582897, 1.0127490789722684, 0.0, 0.2057106144901517, 0.5522937772187383, 0.1302047364904987, 0.19059717471883814, 0.6782338734856708, 0.3779392727308124, 0.2288294963716797, 0.007616154688146137, 0.6153377593834382, 0.6401938540034927, 0.6589393487887244, 0.7670080180640183, 0.6724202875297992, 0.5742239129987446]], "features_2": [[0.4749531600112915, 0.8085625310601599, 0.0, 0.309524004114284, 0.5045448463242933, 0.13763555850079606, 0.28074294770370967, 0.6748028343272712, 0.43509787654890353, 0.1935705757369266, 0.00783923647221818, 0.6087256257278948, 0.6440687002795256, 0.6689370887402261, 0.8003170879754008, 0.7347152389216042, 0.6161006584197238], [0.24230500564162538, 0.7995457650959986, 0.0, 0.261439191637507, 0.4973087682495778, 0.14253032846313154, 0.22565855540610258, 0.6679627110784296, 0.4479117423443111, 0.19729002963000042, 0.00783923647221818, 0.611814940414467, 0.6503468393937752, 0.6809379995845714, 0.8062707627060535, 0.723506510386626, 0.6369101627943143], [0.8114522956327508, 0.9073995463262907, 0.0, 0.3127052023007096, 0.5321297764994798, 0.13914793794767746, 0.26959397531567647, 0.6732796487879353, 0.4460889919301212, 0.21363629773686754, 0.007950687539111767, 0.5950299659882194, 0.6581249364953436, 0.6956099326974381, 0.8020804453654048, 0.7303908228917446, 0.6323231162274987], [0.3900856800492294, 0.882807193841884, 0.0, 0.29602845820150936, 0.5218811260601028, 0.14150559828386705, 0.28395940823809696, 0.6705050716678063, 0.4579981934858375, 0.2143299817461981, 0.008173410423425675, 0.6102553833344908, 0.664883718719279, 0.6988290140273763, 0.8043870121927875, 0.7239726690429039, 0.6276187872330891], [0.3240299750731723, 0.7884240167576029, 0.0, 0.2399344281801691, 0.4967531394715885, 0.14274860797434663, 0.26614916518961207, 0.6698500000834466, 0.4527191674236457, 0.19458188608957938, 0.008284682400665488, 0.6002558023042037, 0.669152062506206, 0.6972714646573176, 0.8102711351107367, 0.7273409842274668, 0.6448205123512641], [1.1645765841621332, 0.891595908697318, 0.0, 0.30003885749048603, 0.5267633026602316, 0.14240436320362082, 0.25593566713041727, 0.6695881421523264, 0.46497686649663295, 0.2130893043020925, 0.008840150818991033, 0.5835982927007886, 0.6528931990853443, 0.6829488602663739, 0.8060367821725954, 0.7276045743662196, 0.6445964572598261], [0.14600303948496673, 0.8663038916652552, 0.0, 0.20312518332482277, 0.5132147906511986, 0.14422035206528874, 0.275397036362002, 0.6659300145794573, 0.46009770066414735, 0.21446916212951006, 0.00783923647221818, 0.6122496373538584, 0.647196889103741, 0.6887818986860915, 0.8020010776462343, 0.7133987816912529, 0.6208648819862007], [-0.3530504609124212, 0.860979497957559, 0.0, 0.21577148429252008, 0.5217863189708831, 0.13339242069840457, 0.23545718614282904, 0.6774983515136481, 0.38209126657282355, 0.20175511991770834, 0.007504523810135222, 0.628213329056748, 0.6520652935834163, 0.6696166831497513, 0.7873935318811313, 0.7099740403763327, 0.6107951052499825], [-0.09441890840345568, 0.9062484575715497, 0.0, 0.2304594722979583, 0.5217479571843132, 0.13831515830597158, 0.16260385393347718, 0.668360347878655, 0.3957845663335535, 0.21597236557678268, 0.007504523810135222, 0.6166754410184077, 0.6404668973439976, 0.6669969129255817, 0.7844080960240603, 0.6901848006941825, 0.605072675113363]]}