{"labels_1": ["1", "2", "3", "4", "5", "6", "7", "8", "9"], "labels_2": ["1", "2", "3", "4", "5", "6", "7", "8", "9"], "adj_matrix_1": [[0.0, 0.19441, 0.06936, 0.02173, 0.29611, 0.12621, 0.20091, 0.26191, 0.31776], [0.19441, 0.0, 0.15359, 0.20403, 0.2108, 0.23322, 0.23708, 0.22638, 0.19105], [0.06936, 0.15359, 0.0, 0.0898, 0.29283, 0.18049, 0.2371, 0.27615, 0.29808], [0.02173, 0.20403, 0.0898, 0.0, 0.29313, 0.10697, 0.18623, 0.25352, 0.32019], [0.29611, 0.2108, 0.29283, 0.29313, 0.0, 0.25045, 0.18315, 0.08786, 0.09446], [0.12621, 0.23322, 0.18049, 0.10697, 0.25045, 0.0, 0.09339, 0.18598, 0.30459], [0.20091, 0.23708, 0.2371, 0.18623, 0.18315, 0.09339, 0.0, 0.10347, 0.25699], [0.26191, 0.22638, 0.27615, 0.25352, 0.08786, 0.18598, 0.10347, 0.0, 0.17647], [0.31776, 0.19105, 0.29808, 0.32019, 0.09446, 0.30459, 0.25699, 0.17647, 0.0]], "adj_matrix_2": [[0.0, 0.27989, 0.01221, 0.09961, 0.29456, 0.07398, 0.18369, 0.12238, 0.01875], [0.27989, 0.0, 0.28709, 0.21068, 0.03195, 0.32028, 0.36711, 0.34258, 0.29065], [0.01221, 0.28709, 0.0, 0.11133, 0.30085, 0.06196, 0.17268, 0.11074, 0.00656], [0.09961, 0.21068, 0.11133, 0.0, 0.23271, 0.16926, 0.26691, 0.21311, 0.11753], [0.29456, 0.03195, 0.30085, 0.23271, 0.0, 0.32931, 0.36763, 0.34787, 0.30393], [0.07398, 0.32028, 0.06196, 0.16926, 0.32931, 0.0, 0.11414, 0.04978, 0.05547], [0.18369, 0.36711, 0.17268, 0.26691, 0.36763, 0.11414, 0.0, 0.0653, 0.16666], [0.12238, 0.34258, 0.11074, 0.21311, 0.34787, 0.04978, 0.0653, 0.0, 0.10443], [0.01875, 0.29065, 0.00656, 0.11753, 0.30393, 0.05547, 0.16666, 0.10443, 0.0]], "features_1": [[0.3060510078009524, 0.699443785178533, 0.0, 0.24487134187131263, 0.46416686463142853, 0.14314491751591238, 0.2633830254765471, 0.6694230541175645, 0.45528932320326, 0.17718284431487819, 0.007894969482732161, 0.607249724324749, 0.6820980114293707, 0.7068187122149673, 0.812575962464847, 0.7214533761548633, 0.6317368982449199], [0.7512411803252719, 0.7466827955700548, 0.0, 0.2640743485158599, 0.4789524088188028, 0.14758670786091244, 0.23740867359531137, 0.6645707379863306, 0.4812261707143868, 0.1895664589098116, 0.008451478759474051, 0.595412123414828, 0.6705167539116952, 0.691471520795901, 0.817788212876047, 0.7400014702430096, 0.6421381365936046], [0.2884330897908307, 0.7679825294816072, 0.0, 0.26796302860222304, 0.4837068809030479, 0.14634538198466868, 0.22296689276439424, 0.6647518112460775, 0.4724045102409862, 0.19673045342369044, 0.008006390651371653, 0.6110024605271633, 0.6804734771193938, 0.7146245161705023, 0.8144785026858484, 0.7355395758545462, 0.6380833851793002], [0.06621078816281134, 0.7262829061824879, 0.0, 0.2269763481416128, 0.4674274685351718, 0.14627729447891624, 0.23530912985649052, 0.6646633758034787, 0.470259140914443, 0.1877012991842939, 0.00839589484089287, 0.6183116668853872, 0.6804901537713347, 0.7238580161026642, 0.816730089783211, 0.7264581911430867, 0.6387389560714256], [0.029016447744924623, 0.7033430906714836, 0.0, 0.2248266666640025, 0.46410922885252043, 0.14737836164096096, 0.23250876263671216, 0.6644843001678112, 0.4769018400545775, 0.18111712527529744, 0.008117752083540042, 0.6339298579944281, 0.6849999219635566, 0.708737856075827, 0.8160919022340936, 0.7319542367685171, 0.6332249412978403], [0.1158614331538419, 0.7183652026853152, 0.0, 0.24166999978466805, 0.4666899805266383, 0.14946962780785217, 0.2027804996489806, 0.6605220286358149, 0.49399411248080694, 0.1892226197019493, 0.008507047823598457, 0.6218170286009022, 0.6716729603231553, 0.7172284612614357, 0.8185511100658764, 0.7066121872025549, 0.6443987223079566], [0.2039112309503519, 0.6735924113784859, 0.0, 0.19662965018323264, 0.44231484037949187, 0.14999838308527458, 0.19789056541540262, 0.6577922365848419, 0.4942591748801384, 0.17675715884704535, 0.008618141428105908, 0.6207010000274087, 0.657388794115059, 0.6930063652390057, 0.8169741711377871, 0.7383848974298911, 0.6396519808877905], [0.03541905152516556, 0.7667356919597468, 0.0, 0.2169610605293967, 0.4871793653883406, 0.13791790003259916, 0.26815688752516775, 0.6749348600989529, 0.42342203262839395, 0.18530285907637234, 0.008117752083540042, 0.6195528844762705, 0.6642496300640401, 0.6962582480904699, 0.8000357177687882, 0.714632715908851, 0.6125636633976091], [-0.29513035662357145, 0.7414879185246215, 0.0, 0.15414164767060395, 0.45860219584422357, 0.14785581880578533, 0.11645473279625947, 0.6559394801033555, 0.4778297600762442, 0.19371019053471494, 0.008451478759474051, 0.6363866802240334, 0.6645072338244176, 0.6994853415340422, 0.8027449273346913, 0.711314518297246, 0.6263408889663942]], "features_2": [[-0.1952951640970375, 0.7595963756024647, 0.0, 0.21226315500300977, 0.49019327430581916, 0.13724923167827152, 0.2998512859120616, 0.6760499255069155, 0.4174015617699147, 0.184895373700787, 0.007783488497544067, 0.630017170566856, 0.6671065298460044, 0.6957730647557089, 0.8000256149016151, 0.7130082534275543, 0.6288361307231131], [0.1305761388586424, 0.8780367944522366, 0.0, 0.20621722089466007, 0.5169622731099988, 0.14197038666075207, 0.26657009817272054, 0.6697791383452987, 0.4410471797338369, 0.21426183922821296, 0.007783488497544067, 0.6157472757449396, 0.6669101225229109, 0.6811338080312199, 0.8018899071921857, 0.7444915246918409, 0.6219995538935095], [-0.14806410474879828, 0.8820971427775249, 0.0, 0.22228336559746092, 0.5243421533016942, 0.1372472368511447, 0.2926985365136957, 0.6753355873710265, 0.417523589892421, 0.21065275582814458, 0.008006390651371653, 0.6301550241336216, 0.6852418245930448, 0.7165988415949951, 0.7966642158599736, 0.6950232811425386, 0.6295690420394466], [-0.27437260851649325, 0.840852614332979, 0.0, 0.21067320875407808, 0.512131795028824, 0.1368857025043324, 0.28280198230037995, 0.6754789428050858, 0.4169657224540815, 0.20298778237859638, 0.007894969482732161, 0.6251086394598606, 0.6611830163812987, 0.6977092653035061, 0.7978400551698817, 0.6994796994105884, 0.6271007665417264], [0.0708619245219193, 0.9335992307002337, 0.0, 0.20471331325267306, 0.5308351906838594, 0.1395900735027109, 0.20687629066714663, 0.6709446737149147, 0.4325574796448872, 0.22454089561283563, 0.007894969482732161, 0.6244271625621352, 0.6559273701273151, 0.7071594201169116, 0.7947905979600057, 0.706094207470136, 0.6069727477574292], [-0.3338239119431812, 0.9474834553593174, 0.0, 0.20330112630268135, 0.5366958093408197, 0.13853181328485548, 0.25543471761807124, 0.6727461438645006, 0.431074266433386, 0.22706651168665837, 0.007894969482732161, 0.6372023918307896, 0.6772109349732102, 0.7076342044262954, 0.7945713724860441, 0.6956893706617688, 0.6228173637804579], [-0.46398587054692797, 0.8715467887444435, 0.0, 0.15308997916869632, 0.5194790549008188, 0.13739015356544257, 0.3002680358715786, 0.6756308600631975, 0.4218885318043004, 0.21119997317819394, 0.008006390651371653, 0.6449168316229099, 0.6968853287226968, 0.7288942221085828, 0.7987050302937941, 0.7207964441623602, 0.6120229535060118], [-0.2961285727408183, 1.022402182282066, 0.0, 0.24344581451725955, 0.5624077301926236, 0.13137333898361783, 0.3249318022202381, 0.6813709300790489, 0.3932682818288553, 0.23191620868757346, 0.007616154688146137, 0.6301579789514808, 0.6602351102720374, 0.6765426212395641, 0.7892881844634202, 0.6983192643128927, 0.582860771198256], [-0.16525532797315368, 1.0513093610868625, 0.0, 0.24323075926799825, 0.5735875543841646, 0.12847075455670245, 0.3610632656746041, 0.6841910432294489, 0.3708660010083582, 0.23387173335958455, 0.007671947615560004, 0.6261026240117609, 0.6595479753043838, 0.679978877368518, 0.785596144548595, 0.7008575454982116, 0.5896969603291435]]}