{"labels_1": ["1", "2", "3", "4", "5", "6", "7", "8", "9"], "labels_2": ["1", "2", "3", "4", "5", "6", "7", "8", "9"], "adj_matrix_1": [[0.0, 0.07079, 0.26843, 0.22771, 0.19235, 0.32304, 0.27814, 0.31259, 0.21655], [0.07079, 0.0, 0.31457, 0.28163, 0.25125, 0.34997, 0.26992, 0.34511, 0.2722], [0.26843, 0.31457, 0.0, 0.05748, 0.09972, 0.11671, 0.25779, 0.08567, 0.07133], [0.22771, 0.28163, 0.05748, 0.0, 0.04347, 0.16753, 0.27217, 0.13926, 0.01416], [0.19235, 0.25125, 0.09972, 0.04347, 0.0, 0.20254, 0.27898, 0.1769, 0.02938], [0.32304, 0.34997, 0.11671, 0.16753, 0.20254, 0.0, 0.20452, 0.03313, 0.17918], [0.27814, 0.26992, 0.25779, 0.27217, 0.27898, 0.20452, 0.0, 0.22264, 0.27453], [0.31259, 0.34511, 0.08567, 0.13926, 0.1769, 0.03313, 0.22264, 0.0, 0.15176], [0.21655, 0.2722, 0.07133, 0.01416, 0.02938, 0.17918, 0.27453, 0.15176, 0.0]], "adj_matrix_2": [[0.0, 0.23962, 0.12587, 0.22065, 0.25155, 0.26583, 0.25359, 0.02635, 0.04068], [0.23962, 0.0, 0.12854, 0.02432, 0.01615, 0.03658, 0.019, 0.26005, 0.27082], [0.12587, 0.12854, 0.0, 0.10561, 0.14338, 0.16171, 0.14597, 0.15072, 0.16404], [0.22065, 0.02432, 0.10561, 0.0, 0.0404, 0.06065, 0.04323, 0.2421, 0.25345], [0.25155, 0.01615, 0.14338, 0.0404, 0.0, 0.02049, 0.00285, 0.27123, 0.28159], [0.26583, 0.03658, 0.16171, 0.06065, 0.02049, 0.0, 0.01764, 0.28456, 0.29438], [0.25359, 0.019, 0.14597, 0.04323, 0.00285, 0.01764, 0.0, 0.27317, 0.28347], [0.02635, 0.26005, 0.15072, 0.2421, 0.27123, 0.28456, 0.27317, 0.0, 0.01438], [0.04068, 0.27082, 0.16404, 0.25345, 0.28159, 0.29438, 0.28347, 0.01438, 0.0]], "features_1": [[0.0534715653832758, 0.6113088461103916, 0.0, 0.1626078044870415, 0.4352376103445035, 0.14525472909793355, 0.25533950009071377, 0.6662734841089203, 0.48067534068936313, 0.15726904814012377, 0.008618141428105908, 0.6361313022659119, 0.6755287529375958, 0.68541174588248, 0.8142281597265253, 0.7433591008138138, 0.6359062554304844], [-0.21868290765072995, 0.6529671327914427, 0.0, 0.22048708776857462, 0.45416826287018036, 0.14169633921949784, 0.26473391043007977, 0.6698871373477824, 0.44172307086658913, 0.16483438305928177, 0.008284682400665488, 0.638225651262819, 0.6673495045400917, 0.697306949663227, 0.8096861322701264, 0.7291694730608879, 0.6282613639735951], [-0.04606592874741988, 0.7363936319949125, 0.0, 0.18139744200828695, 0.47267492804541655, 0.14485796638943668, 0.2274472732951537, 0.6645396035294036, 0.47038024526152933, 0.1871538419261627, 0.008173410423425675, 0.6272952239920844, 0.6784673588728672, 0.6917505322882243, 0.8084856728657609, 0.7324629576974484, 0.6231339832755646], [0.05525948660016322, 0.7224018623526476, 0.0, 0.18305047171007416, 0.4634089858109897, 0.14939732571313985, 0.21759403069976885, 0.6588715457120216, 0.5017415216692085, 0.18930045643206928, 0.009061923644820391, 0.629070849937508, 0.6886992821211992, 0.7132177271698521, 0.8146838918728244, 0.7308555908976473, 0.6309777884544018], [-0.04525438387589631, 0.6798339218502957, 0.0, 0.19289998530436944, 0.45906550025880594, 0.14235195302601475, 0.2577075081157922, 0.6681152008675204, 0.449108154719029, 0.17126269211950884, 0.007950687539111767, 0.6223159735260393, 0.6557460158309221, 0.6798508529514191, 0.8074052926337024, 0.7152181697821808, 0.6208673470805104], [0.02909070114244372, 0.7751337568149113, 0.0, 0.22506921403154434, 0.4841886538164481, 0.14453528026086715, 0.2309972247974116, 0.6649486960428357, 0.4612746182416638, 0.1954825840045289, 0.008507047823598457, 0.6208121230848316, 0.6601214250465268, 0.6701127287566967, 0.8073511850046247, 0.7259896107631643, 0.6198624360264384], [0.7949305688261727, 0.7833135503229716, 0.0, 0.24490114223985918, 0.47943160687883557, 0.14641305623100465, 0.19258787515180345, 0.6603510137642904, 0.480026981847975, 0.19599891306416595, 0.008729175733573014, 0.6005603109395592, 0.6461545939340018, 0.6687113403422774, 0.8041198976229862, 0.7318421257956397, 0.6292805025474063], [0.4428119212610495, 0.8001468424570365, 0.0, 0.20035393267325372, 0.5006860607199837, 0.13684496044796662, 0.22168443252912057, 0.673599651074904, 0.4386657318655116, 0.19116287522158038, 0.008173410423425675, 0.6130249900592704, 0.6444062946589613, 0.649850374806621, 0.7927052938156804, 0.7087597787537521, 0.6242176769449969], [0.4647575094111218, 0.8806020017247783, 0.0, 0.22038835200933465, 0.5185795556529916, 0.13497298969692123, 0.1637273587948549, 0.6731981372040232, 0.4147786285005648, 0.20782371000620858, 0.008062078829516484, 0.6114417102933851, 0.6349893309455371, 0.65710896835391, 0.7808493835978996, 0.7081724875573967, 0.6073023606220026]], "features_2": [[-0.18824285872308755, 0.6830140306929026, 0.0, 0.20970915611355087, 0.4586929424258296, 0.14047330914335687, 0.26626098042539825, 0.6708497460912204, 0.45206175083533107, 0.17234521410391235, 0.008117752083540042, 0.6382977861729868, 0.6772430775280808, 0.7129615648508022, 0.8042179163783455, 0.7260901669616202, 0.6097436597632209], [0.06345601672517365, 0.7492607406626166, 0.0, 0.19855549648594256, 0.47941855941554823, 0.14326970605579278, 0.21310329543318077, 0.6665031519926059, 0.4613235259837942, 0.18831787218134544, 0.00822905385914674, 0.6262817342546732, 0.6720179044221715, 0.6994167935735407, 0.8032638817602247, 0.7427302775556771, 0.6055937529097429], [-0.11387468155116132, 0.7990210435611051, 0.0, 0.19444521737126141, 0.48952803756468644, 0.1420811882849193, 0.19451248667907706, 0.6667654836283037, 0.45055016311252816, 0.20014835619454607, 0.007894969482732161, 0.6260968969379479, 0.6728141049805587, 0.7218451586194028, 0.8004159954714977, 0.7245836606890018, 0.6097947533561555], [-0.21394998528430342, 0.731328127143882, 0.0, 0.20558824262112696, 0.4674652465955098, 0.14373808759631135, 0.19696812937096694, 0.6645680045220146, 0.46211640342031823, 0.18660427136083269, 0.007560346756364078, 0.6280918552863584, 0.6798162964194682, 0.7104973016951832, 0.80619591820628, 0.7307626718539123, 0.6260595797687379], [0.2677542535787696, 0.7500545140700684, 0.0, 0.19917108991517612, 0.4826381433450949, 0.14101771485680975, 0.20712583900607698, 0.6692401075877805, 0.45124791750269067, 0.18537935675855755, 0.008062078829516484, 0.6134439730609045, 0.664569391944709, 0.6889990667611544, 0.7998856591337236, 0.7232571482479926, 0.6132067831094516], [-0.14002157483980238, 0.7989811509613607, 0.0, 0.1951613979909244, 0.4825664761368548, 0.14494170288903976, 0.13057645615293084, 0.6595944345710634, 0.4547452244366452, 0.20232792934603716, 0.008340296057933516, 0.6257906406159006, 0.6495335613259187, 0.6813806085622034, 0.7962840354901037, 0.7255574351296649, 0.6210073548422184], [-0.1646825447142879, 0.7881515135500902, 0.0, 0.2320789704908785, 0.48489550233550954, 0.14091730926023693, 0.17231550904753518, 0.6669518140437121, 0.425220160674165, 0.19533617266399994, 0.007894969482732161, 0.6260785236970072, 0.6495014305340489, 0.6967970860645464, 0.795950538876722, 0.721252071638301, 0.6021025079799429], [-0.37518165690231253, 0.825024563566094, 0.0, 0.24994593563247944, 0.5132797872254967, 0.1300844855287455, 0.2629960674286359, 0.6807205991018841, 0.3669652057152599, 0.19018902263901305, 0.00716927026363523, 0.6300536399223557, 0.6488180651943148, 0.683366468246212, 0.7819929354999077, 0.6998499847062861, 0.5951978082321016], [-0.29682994771819793, 0.8531513347260102, 0.0, 0.23345229917721025, 0.5039596249041023, 0.13752801053660538, 0.15034703461316284, 0.6683563048387063, 0.418968751245959, 0.2073820092213705, 0.007671947615560004, 0.6401197855037912, 0.6430829263254665, 0.6822838911099418, 0.7790468795862104, 0.6947041369801865, 0.6029640669893366]]}