{"labels_1": ["1", "2", "3", "4", "5", "6", "7", "8", "9"], "labels_2": ["1", "2", "3", "4", "5", "6", "7", "8", "9"], "adj_matrix_1": [[0.0, 0.07079, 0.26843, 0.22771, 0.19235, 0.32304, 0.27814, 0.31259, 0.21655], [0.07079, 0.0, 0.31457, 0.28163, 0.25125, 0.34997, 0.26992, 0.34511, 0.2722], [0.26843, 0.31457, 0.0, 0.05748, 0.09972, 0.11671, 0.25779, 0.08567, 0.07133], [0.22771, 0.28163, 0.05748, 0.0, 0.04347, 0.16753, 0.27217, 0.13926, 0.01416], [0.19235, 0.25125, 0.09972, 0.04347, 0.0, 0.20254, 0.27898, 0.1769, 0.02938], [0.32304, 0.34997, 0.11671, 0.16753, 0.20254, 0.0, 0.20452, 0.03313, 0.17918], [0.27814, 0.26992, 0.25779, 0.27217, 0.27898, 0.20452, 0.0, 0.22264, 0.27453], [0.31259, 0.34511, 0.08567, 0.13926, 0.1769, 0.03313, 0.22264, 0.0, 0.15176], [0.21655, 0.2722, 0.07133, 0.01416, 0.02938, 0.17918, 0.27453, 0.15176, 0.0]], "adj_matrix_2": [[0.0, 0.01719, 0.104, 0.01908, 0.09973, 0.1058, 0.28247, 0.24656, 0.28456], [0.01719, 0.0, 0.08739, 0.03622, 0.11608, 0.08922, 0.29008, 0.25766, 0.28512], [0.104, 0.08739, 0.0, 0.12217, 0.19544, 0.00188, 0.3215, 0.30658, 0.28311], [0.01908, 0.03622, 0.12217, 0.0, 0.08132, 0.12395, 0.27328, 0.23366, 0.28343], [0.09973, 0.11608, 0.19544, 0.08132, 0.0, 0.19703, 0.22595, 0.17105, 0.2724], [0.1058, 0.08922, 0.00188, 0.12395, 0.19703, 0.0, 0.32198, 0.30747, 0.28296], [0.28247, 0.29008, 0.3215, 0.27328, 0.22595, 0.32198, 0.0, 0.07657, 0.14575], [0.24656, 0.25766, 0.30658, 0.23366, 0.17105, 0.30747, 0.07657, 0.0, 0.20029], [0.28456, 0.28512, 0.28311, 0.28343, 0.2724, 0.28296, 0.14575, 0.20029, 0.0]], "features_1": [[0.0534715653832758, 0.6113088461103916, 0.0, 0.1626078044870415, 0.4352376103445035, 0.14525472909793355, 0.25533950009071377, 0.6662734841089203, 0.48067534068936313, 0.15726904814012377, 0.008618141428105908, 0.6361313022659119, 0.6755287529375958, 0.68541174588248, 0.8142281597265253, 0.7433591008138138, 0.6359062554304844], [-0.21868290765072995, 0.6529671327914427, 0.0, 0.22048708776857462, 0.45416826287018036, 0.14169633921949784, 0.26473391043007977, 0.6698871373477824, 0.44172307086658913, 0.16483438305928177, 0.008284682400665488, 0.638225651262819, 0.6673495045400917, 0.697306949663227, 0.8096861322701264, 0.7291694730608879, 0.6282613639735951], [-0.04606592874741988, 0.7363936319949125, 0.0, 0.18139744200828695, 0.47267492804541655, 0.14485796638943668, 0.2274472732951537, 0.6645396035294036, 0.47038024526152933, 0.1871538419261627, 0.008173410423425675, 0.6272952239920844, 0.6784673588728672, 0.6917505322882243, 0.8084856728657609, 0.7324629576974484, 0.6231339832755646], [0.05525948660016322, 0.7224018623526476, 0.0, 0.18305047171007416, 0.4634089858109897, 0.14939732571313985, 0.21759403069976885, 0.6588715457120216, 0.5017415216692085, 0.18930045643206928, 0.009061923644820391, 0.629070849937508, 0.6886992821211992, 0.7132177271698521, 0.8146838918728244, 0.7308555908976473, 0.6309777884544018], [-0.04525438387589631, 0.6798339218502957, 0.0, 0.19289998530436944, 0.45906550025880594, 0.14235195302601475, 0.2577075081157922, 0.6681152008675204, 0.449108154719029, 0.17126269211950884, 0.007950687539111767, 0.6223159735260393, 0.6557460158309221, 0.6798508529514191, 0.8074052926337024, 0.7152181697821808, 0.6208673470805104], [0.02909070114244372, 0.7751337568149113, 0.0, 0.22506921403154434, 0.4841886538164481, 0.14453528026086715, 0.2309972247974116, 0.6649486960428357, 0.4612746182416638, 0.1954825840045289, 0.008507047823598457, 0.6208121230848316, 0.6601214250465268, 0.6701127287566967, 0.8073511850046247, 0.7259896107631643, 0.6198624360264384], [0.7949305688261727, 0.7833135503229716, 0.0, 0.24490114223985918, 0.47943160687883557, 0.14641305623100465, 0.19258787515180345, 0.6603510137642904, 0.480026981847975, 0.19599891306416595, 0.008729175733573014, 0.6005603109395592, 0.6461545939340018, 0.6687113403422774, 0.8041198976229862, 0.7318421257956397, 0.6292805025474063], [0.4428119212610495, 0.8001468424570365, 0.0, 0.20035393267325372, 0.5006860607199837, 0.13684496044796662, 0.22168443252912057, 0.673599651074904, 0.4386657318655116, 0.19116287522158038, 0.008173410423425675, 0.6130249900592704, 0.6444062946589613, 0.649850374806621, 0.7927052938156804, 0.7087597787537521, 0.6242176769449969], [0.4647575094111218, 0.8806020017247783, 0.0, 0.22038835200933465, 0.5185795556529916, 0.13497298969692123, 0.1637273587948549, 0.6731981372040232, 0.4147786285005648, 0.20782371000620858, 0.008062078829516484, 0.6114417102933851, 0.6349893309455371, 0.65710896835391, 0.7808493835978996, 0.7081724875573967, 0.6073023606220026]], "features_2": [[0.047283401594695906, 0.654585896882069, 0.0, 0.21986152687266033, 0.4595183917648342, 0.1354320938403553, 0.33034762098177806, 0.6788885766442542, 0.41441174096505184, 0.15722063055695745, 0.007783488497544067, 0.6196638072354759, 0.6708167800685572, 0.6977771246730163, 0.803479573636017, 0.7285994806945051, 0.6218439227995315], [0.008215280019383542, 0.7407803261474806, 0.0, 0.2691230645657179, 0.4860311519689281, 0.13568661840180918, 0.3233470721662222, 0.6782297120987275, 0.42457333811053655, 0.17939629339381824, 0.007616154688146137, 0.6192039179798297, 0.6723025733646812, 0.698370895840485, 0.8024569660635409, 0.7383793498386, 0.6165230357604112], [-0.09529757898104751, 0.7667131984047872, 0.0, 0.25914536405798355, 0.49513388508571277, 0.13502996426979638, 0.3253989772744433, 0.6789765539456772, 0.4031690626354667, 0.18236851354241246, 0.007727725548673403, 0.6252953038343609, 0.6842265989226473, 0.700095635001322, 0.8015558481983134, 0.7368821018903827, 0.621162416610214], [-0.0292152055953947, 0.6928295615743431, 0.0, 0.23811837714455603, 0.4744227031159664, 0.13555779916314528, 0.3816537256049813, 0.6801379146774366, 0.4137545074630198, 0.16616821842643903, 0.008062078829516484, 0.6201942370717726, 0.6813817439289854, 0.708985851368742, 0.8096012706274238, 0.74145205723382, 0.6310550462428828], [-0.13309011209973187, 0.7363714164118383, 0.0, 0.23140380269610103, 0.4885224315169484, 0.13192200001990956, 0.33123745784908676, 0.6814210683835634, 0.3931155571600726, 0.17328590729398918, 0.007616154688146137, 0.6273289511667393, 0.6778439430990318, 0.6943874300743232, 0.7945837019115206, 0.7295134259211595, 0.593800330998994], [-0.24163530847097725, 0.7904316308931427, 0.0, 0.27259386864428337, 0.5066654980655255, 0.13131207389381275, 0.34799642164887884, 0.6821755069731341, 0.3860781527492614, 0.1846054949947804, 0.007392832833969631, 0.6271831270778416, 0.6756927058022488, 0.707075664703466, 0.7946504740189027, 0.711940058412521, 0.6116222325577361], [0.6733179967030476, 0.6790851158396116, 0.0, 0.29552524712367134, 0.47275799795508167, 0.13209417817854527, 0.40952928537560923, 0.6829802475929871, 0.409868007876115, 0.15795713181862459, 0.008173410423425675, 0.5940023235362537, 0.6690051621845807, 0.6975367279605452, 0.8028330220410156, 0.7360959587233817, 0.608519714883074], [0.6617133519969256, 0.8272295745999807, 0.0, 0.30117683352307234, 0.5215511393197493, 0.12457371850368537, 0.29437375434351265, 0.6862830558430784, 0.3567103072139133, 0.18087100038559734, 0.007448685839370306, 0.5910524002557409, 0.6313030451893963, 0.6532680573296383, 0.7722703704663139, 0.7150887024100653, 0.5835751869053365], [1.2008852148200928, 0.8420712856141496, 0.0, 0.3178359205080987, 0.5202502255691996, 0.12819595588309812, 0.2761822504488777, 0.6829132002737719, 0.37339923905060357, 0.18602181238155446, 0.007616154688146137, 0.5791020690573871, 0.6320855008732925, 0.6473781787028948, 0.7785539259247096, 0.7185778071060738, 0.5851941335843994]]}