{"labels_1": ["1", "2", "3", "4", "5", "6", "7", "8", "9"], "labels_2": ["1", "2", "3", "4", "5", "6", "7", "8", "9"], "adj_matrix_1": [[0.0, 0.07079, 0.26843, 0.22771, 0.19235, 0.32304, 0.27814, 0.31259, 0.21655], [0.07079, 0.0, 0.31457, 0.28163, 0.25125, 0.34997, 0.26992, 0.34511, 0.2722], [0.26843, 0.31457, 0.0, 0.05748, 0.09972, 0.11671, 0.25779, 0.08567, 0.07133], [0.22771, 0.28163, 0.05748, 0.0, 0.04347, 0.16753, 0.27217, 0.13926, 0.01416], [0.19235, 0.25125, 0.09972, 0.04347, 0.0, 0.20254, 0.27898, 0.1769, 0.02938], [0.32304, 0.34997, 0.11671, 0.16753, 0.20254, 0.0, 0.20452, 0.03313, 0.17918], [0.27814, 0.26992, 0.25779, 0.27217, 0.27898, 0.20452, 0.0, 0.22264, 0.27453], [0.31259, 0.34511, 0.08567, 0.13926, 0.1769, 0.03313, 0.22264, 0.0, 0.15176], [0.21655, 0.2722, 0.07133, 0.01416, 0.02938, 0.17918, 0.27453, 0.15176, 0.0]], "adj_matrix_2": [[0.0, 0.27989, 0.01221, 0.09961, 0.29456, 0.07398, 0.18369, 0.12238, 0.01875], [0.27989, 0.0, 0.28709, 0.21068, 0.03195, 0.32028, 0.36711, 0.34258, 0.29065], [0.01221, 0.28709, 0.0, 0.11133, 0.30085, 0.06196, 0.17268, 0.11074, 0.00656], [0.09961, 0.21068, 0.11133, 0.0, 0.23271, 0.16926, 0.26691, 0.21311, 0.11753], [0.29456, 0.03195, 0.30085, 0.23271, 0.0, 0.32931, 0.36763, 0.34787, 0.30393], [0.07398, 0.32028, 0.06196, 0.16926, 0.32931, 0.0, 0.11414, 0.04978, 0.05547], [0.18369, 0.36711, 0.17268, 0.26691, 0.36763, 0.11414, 0.0, 0.0653, 0.16666], [0.12238, 0.34258, 0.11074, 0.21311, 0.34787, 0.04978, 0.0653, 0.0, 0.10443], [0.01875, 0.29065, 0.00656, 0.11753, 0.30393, 0.05547, 0.16666, 0.10443, 0.0]], "features_1": [[0.0534715653832758, 0.6113088461103916, 0.0, 0.1626078044870415, 0.4352376103445035, 0.14525472909793355, 0.25533950009071377, 0.6662734841089203, 0.48067534068936313, 0.15726904814012377, 0.008618141428105908, 0.6361313022659119, 0.6755287529375958, 0.68541174588248, 0.8142281597265253, 0.7433591008138138, 0.6359062554304844], [-0.21868290765072995, 0.6529671327914427, 0.0, 0.22048708776857462, 0.45416826287018036, 0.14169633921949784, 0.26473391043007977, 0.6698871373477824, 0.44172307086658913, 0.16483438305928177, 0.008284682400665488, 0.638225651262819, 0.6673495045400917, 0.697306949663227, 0.8096861322701264, 0.7291694730608879, 0.6282613639735951], [-0.04606592874741988, 0.7363936319949125, 0.0, 0.18139744200828695, 0.47267492804541655, 0.14485796638943668, 0.2274472732951537, 0.6645396035294036, 0.47038024526152933, 0.1871538419261627, 0.008173410423425675, 0.6272952239920844, 0.6784673588728672, 0.6917505322882243, 0.8084856728657609, 0.7324629576974484, 0.6231339832755646], [0.05525948660016322, 0.7224018623526476, 0.0, 0.18305047171007416, 0.4634089858109897, 0.14939732571313985, 0.21759403069976885, 0.6588715457120216, 0.5017415216692085, 0.18930045643206928, 0.009061923644820391, 0.629070849937508, 0.6886992821211992, 0.7132177271698521, 0.8146838918728244, 0.7308555908976473, 0.6309777884544018], [-0.04525438387589631, 0.6798339218502957, 0.0, 0.19289998530436944, 0.45906550025880594, 0.14235195302601475, 0.2577075081157922, 0.6681152008675204, 0.449108154719029, 0.17126269211950884, 0.007950687539111767, 0.6223159735260393, 0.6557460158309221, 0.6798508529514191, 0.8074052926337024, 0.7152181697821808, 0.6208673470805104], [0.02909070114244372, 0.7751337568149113, 0.0, 0.22506921403154434, 0.4841886538164481, 0.14453528026086715, 0.2309972247974116, 0.6649486960428357, 0.4612746182416638, 0.1954825840045289, 0.008507047823598457, 0.6208121230848316, 0.6601214250465268, 0.6701127287566967, 0.8073511850046247, 0.7259896107631643, 0.6198624360264384], [0.7949305688261727, 0.7833135503229716, 0.0, 0.24490114223985918, 0.47943160687883557, 0.14641305623100465, 0.19258787515180345, 0.6603510137642904, 0.480026981847975, 0.19599891306416595, 0.008729175733573014, 0.6005603109395592, 0.6461545939340018, 0.6687113403422774, 0.8041198976229862, 0.7318421257956397, 0.6292805025474063], [0.4428119212610495, 0.8001468424570365, 0.0, 0.20035393267325372, 0.5006860607199837, 0.13684496044796662, 0.22168443252912057, 0.673599651074904, 0.4386657318655116, 0.19116287522158038, 0.008173410423425675, 0.6130249900592704, 0.6444062946589613, 0.649850374806621, 0.7927052938156804, 0.7087597787537521, 0.6242176769449969], [0.4647575094111218, 0.8806020017247783, 0.0, 0.22038835200933465, 0.5185795556529916, 0.13497298969692123, 0.1637273587948549, 0.6731981372040232, 0.4147786285005648, 0.20782371000620858, 0.008062078829516484, 0.6114417102933851, 0.6349893309455371, 0.65710896835391, 0.7808493835978996, 0.7081724875573967, 0.6073023606220026]], "features_2": [[-0.1952951640970375, 0.7595963756024647, 0.0, 0.21226315500300977, 0.49019327430581916, 0.13724923167827152, 0.2998512859120616, 0.6760499255069155, 0.4174015617699147, 0.184895373700787, 0.007783488497544067, 0.630017170566856, 0.6671065298460044, 0.6957730647557089, 0.8000256149016151, 0.7130082534275543, 0.6288361307231131], [0.1305761388586424, 0.8780367944522366, 0.0, 0.20621722089466007, 0.5169622731099988, 0.14197038666075207, 0.26657009817272054, 0.6697791383452987, 0.4410471797338369, 0.21426183922821296, 0.007783488497544067, 0.6157472757449396, 0.6669101225229109, 0.6811338080312199, 0.8018899071921857, 0.7444915246918409, 0.6219995538935095], [-0.14806410474879828, 0.8820971427775249, 0.0, 0.22228336559746092, 0.5243421533016942, 0.1372472368511447, 0.2926985365136957, 0.6753355873710265, 0.417523589892421, 0.21065275582814458, 0.008006390651371653, 0.6301550241336216, 0.6852418245930448, 0.7165988415949951, 0.7966642158599736, 0.6950232811425386, 0.6295690420394466], [-0.27437260851649325, 0.840852614332979, 0.0, 0.21067320875407808, 0.512131795028824, 0.1368857025043324, 0.28280198230037995, 0.6754789428050858, 0.4169657224540815, 0.20298778237859638, 0.007894969482732161, 0.6251086394598606, 0.6611830163812987, 0.6977092653035061, 0.7978400551698817, 0.6994796994105884, 0.6271007665417264], [0.0708619245219193, 0.9335992307002337, 0.0, 0.20471331325267306, 0.5308351906838594, 0.1395900735027109, 0.20687629066714663, 0.6709446737149147, 0.4325574796448872, 0.22454089561283563, 0.007894969482732161, 0.6244271625621352, 0.6559273701273151, 0.7071594201169116, 0.7947905979600057, 0.706094207470136, 0.6069727477574292], [-0.3338239119431812, 0.9474834553593174, 0.0, 0.20330112630268135, 0.5366958093408197, 0.13853181328485548, 0.25543471761807124, 0.6727461438645006, 0.431074266433386, 0.22706651168665837, 0.007894969482732161, 0.6372023918307896, 0.6772109349732102, 0.7076342044262954, 0.7945713724860441, 0.6956893706617688, 0.6228173637804579], [-0.46398587054692797, 0.8715467887444435, 0.0, 0.15308997916869632, 0.5194790549008188, 0.13739015356544257, 0.3002680358715786, 0.6756308600631975, 0.4218885318043004, 0.21119997317819394, 0.008006390651371653, 0.6449168316229099, 0.6968853287226968, 0.7288942221085828, 0.7987050302937941, 0.7207964441623602, 0.6120229535060118], [-0.2961285727408183, 1.022402182282066, 0.0, 0.24344581451725955, 0.5624077301926236, 0.13137333898361783, 0.3249318022202381, 0.6813709300790489, 0.3932682818288553, 0.23191620868757346, 0.007616154688146137, 0.6301579789514808, 0.6602351102720374, 0.6765426212395641, 0.7892881844634202, 0.6983192643128927, 0.582860771198256], [-0.16525532797315368, 1.0513093610868625, 0.0, 0.24323075926799825, 0.5735875543841646, 0.12847075455670245, 0.3610632656746041, 0.6841910432294489, 0.3708660010083582, 0.23387173335958455, 0.007671947615560004, 0.6261026240117609, 0.6595479753043838, 0.679978877368518, 0.785596144548595, 0.7008575454982116, 0.5896969603291435]]}