{"labels_1": ["1", "2", "3", "4", "5", "6", "7", "8", "9"], "labels_2": ["1", "2", "3", "4", "5", "6", "7", "8", "9"], "adj_matrix_1": [[0.0, 0.13214, 0.09129, 0.00388, 0.09986, 0.01929, 0.2411, 0.25109, 0.28668], [0.13214, 0.0, 0.04343, 0.13567, 0.03451, 0.14941, 0.28578, 0.14079, 0.18784], [0.09129, 0.04343, 0.0, 0.095, 0.00898, 0.10955, 0.27541, 0.17967, 0.22377], [0.00388, 0.13567, 0.095, 0.0, 0.10354, 0.01542, 0.23921, 0.2537, 0.2889], [0.09986, 0.03451, 0.00898, 0.10354, 0.0, 0.11794, 0.27785, 0.17187, 0.21663], [0.01929, 0.14941, 0.10955, 0.01542, 0.11794, 0.0, 0.23154, 0.26353, 0.29705], [0.2411, 0.28578, 0.27541, 0.23921, 0.27785, 0.23154, 0.0, 0.2994, 0.29842], [0.25109, 0.14079, 0.17967, 0.2537, 0.17187, 0.26353, 0.2994, 0.0, 0.05191], [0.28668, 0.18784, 0.22377, 0.2889, 0.21663, 0.29705, 0.29842, 0.05191, 0.0]], "adj_matrix_2": [[0.0, 0.14137, 0.12089, 0.01359, 0.06588, 0.15005, 0.06007, 0.1534, 0.12351], [0.14137, 0.0, 0.20115, 0.13296, 0.24361, 0.03365, 0.25865, 0.047, 0.0642], [0.12089, 0.20115, 0.0, 0.12862, 0.15389, 0.19766, 0.14598, 0.19539, 0.2004], [0.01359, 0.13296, 0.12862, 0.0, 0.05908, 0.1421, 0.05366, 0.14568, 0.11475], [0.06588, 0.24361, 0.15389, 0.05908, 0.0, 0.25479, 0.03188, 0.25791, 0.20973], [0.15005, 0.03365, 0.19766, 0.1421, 0.25479, 0.0, 0.26658, 0.01357, 0.09586], [0.06007, 0.25865, 0.14598, 0.05366, 0.03188, 0.26658, 0.0, 0.26838, 0.23064], [0.1534, 0.047, 0.19539, 0.14568, 0.25791, 0.01357, 0.26838, 0.0, 0.10801], [0.12351, 0.0642, 0.2004, 0.11475, 0.20973, 0.09586, 0.23064, 0.10801, 0.0]], "features_1": [[0.272277105544934, 0.6089660661511498, 0.0, 0.2773764365339305, 0.4363661755926228, 0.14198927673183256, 0.28960746686245714, 0.6715839653617829, 0.4578626872211353, 0.15314300510547474, 0.008340296057933516, 0.6157169674092136, 0.6817972492381469, 0.7056293397414634, 0.8138679923359653, 0.731649168626425, 0.6374086665709829], [0.156639236203012, 0.680575681627731, 0.0, 0.22412518510229254, 0.45228807823306344, 0.14833667966162614, 0.25391898577929695, 0.6628334976310105, 0.48393792259905455, 0.17685450514552858, 0.008117752083540042, 0.626154063064235, 0.6866559799541602, 0.7137010357777189, 0.8181529782943364, 0.7464271354536111, 0.6391933099009915], [0.040335019600162614, 0.7091564646679608, 0.0, 0.2391446677163955, 0.47213274594247895, 0.1410920573648939, 0.2753998388725577, 0.6714998115497499, 0.4505630280977382, 0.17850869763282673, 0.008006390651371653, 0.6207497067479708, 0.6857897460692497, 0.7146283283838074, 0.8078145513607486, 0.719226788936393, 0.6299164864799948], [0.280871571935815, 0.7043682999039316, 0.0, 0.27783579762050825, 0.46916669759393514, 0.14157225446819546, 0.29137302153977984, 0.6714802330040431, 0.45186503061099037, 0.17528881059111634, 0.008006390651371653, 0.6149532754083196, 0.6791876226689575, 0.6961843374182588, 0.8130943805883545, 0.7195282260429416, 0.6299824417351201], [-0.11731361260687168, 0.6768535809972872, 0.0, 0.20655839501133386, 0.45321768380075, 0.14616343408800003, 0.2829744498030031, 0.6660245081712981, 0.46334314905684515, 0.17552821216257097, 0.008117752083540042, 0.632188096176717, 0.68703336738503, 0.7294956645227396, 0.8154100279747787, 0.7415920151934481, 0.636564921271236], [0.030858776687982203, 0.7230995993340029, 0.0, 0.23724771986798981, 0.4807777792923084, 0.1386833815023799, 0.3250845997045218, 0.6754271654817532, 0.4311914966373227, 0.17878742931723202, 0.007783488497544067, 0.6090232396720063, 0.682317729041888, 0.7217448363419902, 0.8072682238313917, 0.7299748240247607, 0.6239686557935549], [0.516632828551796, 0.6830374914205831, 0.0, 0.24154206442205844, 0.4578730550051681, 0.14317192502736903, 0.2715808331297396, 0.6685295855697642, 0.447613296666854, 0.1689681778621983, 0.008117752083540042, 0.5927526013231161, 0.6780343091519851, 0.6969869734273861, 0.8129869896450213, 0.7221212456596947, 0.6309238925344968], [-0.2161767184273775, 0.6916899788179535, 0.0, 0.2433878315157749, 0.4841129521704491, 0.1283245195242082, 0.53256527599749, 0.6866324212690054, 0.36857327919554805, 0.1593214405705432, 0.007616154688146137, 0.6228271779904353, 0.68176971138369, 0.6880799313622241, 0.7985805377104959, 0.7355330540791647, 0.5908079112517897], [-0.4887549365852415, 0.7123704373266465, 0.0, 0.17524463817712965, 0.48518111919172774, 0.13116554394023733, 0.4373416316432987, 0.683738760409609, 0.3751393175651414, 0.1670516389796839, 0.007336964783822175, 0.6247261329063458, 0.6570121618931116, 0.6934924248236888, 0.801154704237959, 0.7094126274487292, 0.6051962139324891]], "features_2": [[2.715432164334633, 0.9391745082258657, 0.0, 0.34425947525968287, 0.5361239352249775, 0.13050244766698182, 0.1807617089155052, 0.6772033595980225, 0.38311372330432913, 0.2061463659015741, 0.007727725548673403, 0.5477622835006153, 0.6199601918563099, 0.6495085417016192, 0.7657364837485284, 0.6964197667090867, 0.5633258879307101], [0.5186745967241038, 0.9308227715606434, 0.0, 0.26574356496048357, 0.5353388887467259, 0.13138227078348938, 0.20742690025162175, 0.6771383595131095, 0.38083686414561124, 0.21029240888195022, 0.007727725548673403, 0.5836746741451919, 0.6262338888541212, 0.6481498146292096, 0.7730451637259796, 0.7155420664213689, 0.5781888011731653], [1.8766434393946403, 1.034932062950704, 0.0, 0.3225303760369465, 0.5554737599326867, 0.1321390576590214, 0.15208508198112441, 0.6753296284111732, 0.3924458913996465, 0.22977738761681943, 0.007727725548673403, 0.5582882805458309, 0.608435389284352, 0.640661766004495, 0.7694989364452528, 0.7004498981165385, 0.567370490388268], [2.3898725526818634, 0.9828784807150832, 0.0, 0.33132849974568157, 0.5422259364780073, 0.13455300178177787, 0.17813240540947534, 0.6735238591073327, 0.4061055994845124, 0.2210419275694011, 0.007727725548673403, 0.553904460280159, 0.6140356337179901, 0.6333168773878124, 0.7792049675646231, 0.7099265061317563, 0.5870448519065723], [0.2768332453148781, 0.8253383894994161, 0.0, 0.24714910732176582, 0.5050636985832331, 0.1361199810213374, 0.21101837459880812, 0.6733311357456722, 0.4044230325484326, 0.1958128566258226, 0.007504523810135222, 0.6086986471550873, 0.6410790796159858, 0.6718469126381064, 0.7859514320141915, 0.7045556930441651, 0.5938871407847516], [0.28243802422209807, 0.9385972632695695, 0.0, 0.26741133735257316, 0.5290166813615667, 0.13762265791355008, 0.18611646745200333, 0.6708652702217244, 0.41650145326628407, 0.22277345802097837, 0.007727725548673403, 0.5966803898156179, 0.6505562257621629, 0.683751138278249, 0.7872052788767274, 0.7119254564559632, 0.5943037646717305], [0.03804928268568153, 0.8084125222781069, 0.0, 0.25727237427266547, 0.49185271969845434, 0.13988814527705268, 0.17263812467180345, 0.668250060643831, 0.4217894794370891, 0.1979827531401912, 0.007783488497544067, 0.6221597256849662, 0.6492458251056977, 0.6829989859523833, 0.7930320867563581, 0.7028356868596362, 0.6264264301277039], [0.6909021542142417, 0.8619073796924607, 0.0, 0.24149073262065207, 0.5050451435699663, 0.13729661786068187, 0.1672930373030141, 0.6690668013307579, 0.41496850765858184, 0.20442570894471457, 0.007894969482732161, 0.604345158695744, 0.6332320032761332, 0.6523966353897866, 0.7773279913060911, 0.6961570273148578, 0.5631621784980305], [0.4909753916006365, 0.8800660402595256, 0.0, 0.2107177444571921, 0.5091197345446856, 0.1349313378153649, 0.15752026952856965, 0.6713148844828518, 0.39376987738274405, 0.20442067828146704, 0.007727725548673403, 0.5984454589376949, 0.6346432778590185, 0.6640009876139834, 0.7699541134594374, 0.6921626927560555, 0.5645057276107963]]}