{"labels_1": ["1", "2", "3", "4", "5", "6", "7", "8", "9"], "labels_2": ["1", "2", "3", "4", "5", "6", "7", "8", "9"], "adj_matrix_1": [[0.0, 0.13214, 0.09129, 0.00388, 0.09986, 0.01929, 0.2411, 0.25109, 0.28668], [0.13214, 0.0, 0.04343, 0.13567, 0.03451, 0.14941, 0.28578, 0.14079, 0.18784], [0.09129, 0.04343, 0.0, 0.095, 0.00898, 0.10955, 0.27541, 0.17967, 0.22377], [0.00388, 0.13567, 0.095, 0.0, 0.10354, 0.01542, 0.23921, 0.2537, 0.2889], [0.09986, 0.03451, 0.00898, 0.10354, 0.0, 0.11794, 0.27785, 0.17187, 0.21663], [0.01929, 0.14941, 0.10955, 0.01542, 0.11794, 0.0, 0.23154, 0.26353, 0.29705], [0.2411, 0.28578, 0.27541, 0.23921, 0.27785, 0.23154, 0.0, 0.2994, 0.29842], [0.25109, 0.14079, 0.17967, 0.2537, 0.17187, 0.26353, 0.2994, 0.0, 0.05191], [0.28668, 0.18784, 0.22377, 0.2889, 0.21663, 0.29705, 0.29842, 0.05191, 0.0]], "adj_matrix_2": [[0.0, 0.23962, 0.12587, 0.22065, 0.25155, 0.26583, 0.25359, 0.02635, 0.04068], [0.23962, 0.0, 0.12854, 0.02432, 0.01615, 0.03658, 0.019, 0.26005, 0.27082], [0.12587, 0.12854, 0.0, 0.10561, 0.14338, 0.16171, 0.14597, 0.15072, 0.16404], [0.22065, 0.02432, 0.10561, 0.0, 0.0404, 0.06065, 0.04323, 0.2421, 0.25345], [0.25155, 0.01615, 0.14338, 0.0404, 0.0, 0.02049, 0.00285, 0.27123, 0.28159], [0.26583, 0.03658, 0.16171, 0.06065, 0.02049, 0.0, 0.01764, 0.28456, 0.29438], [0.25359, 0.019, 0.14597, 0.04323, 0.00285, 0.01764, 0.0, 0.27317, 0.28347], [0.02635, 0.26005, 0.15072, 0.2421, 0.27123, 0.28456, 0.27317, 0.0, 0.01438], [0.04068, 0.27082, 0.16404, 0.25345, 0.28159, 0.29438, 0.28347, 0.01438, 0.0]], "features_1": [[0.272277105544934, 0.6089660661511498, 0.0, 0.2773764365339305, 0.4363661755926228, 0.14198927673183256, 0.28960746686245714, 0.6715839653617829, 0.4578626872211353, 0.15314300510547474, 0.008340296057933516, 0.6157169674092136, 0.6817972492381469, 0.7056293397414634, 0.8138679923359653, 0.731649168626425, 0.6374086665709829], [0.156639236203012, 0.680575681627731, 0.0, 0.22412518510229254, 0.45228807823306344, 0.14833667966162614, 0.25391898577929695, 0.6628334976310105, 0.48393792259905455, 0.17685450514552858, 0.008117752083540042, 0.626154063064235, 0.6866559799541602, 0.7137010357777189, 0.8181529782943364, 0.7464271354536111, 0.6391933099009915], [0.040335019600162614, 0.7091564646679608, 0.0, 0.2391446677163955, 0.47213274594247895, 0.1410920573648939, 0.2753998388725577, 0.6714998115497499, 0.4505630280977382, 0.17850869763282673, 0.008006390651371653, 0.6207497067479708, 0.6857897460692497, 0.7146283283838074, 0.8078145513607486, 0.719226788936393, 0.6299164864799948], [0.280871571935815, 0.7043682999039316, 0.0, 0.27783579762050825, 0.46916669759393514, 0.14157225446819546, 0.29137302153977984, 0.6714802330040431, 0.45186503061099037, 0.17528881059111634, 0.008006390651371653, 0.6149532754083196, 0.6791876226689575, 0.6961843374182588, 0.8130943805883545, 0.7195282260429416, 0.6299824417351201], [-0.11731361260687168, 0.6768535809972872, 0.0, 0.20655839501133386, 0.45321768380075, 0.14616343408800003, 0.2829744498030031, 0.6660245081712981, 0.46334314905684515, 0.17552821216257097, 0.008117752083540042, 0.632188096176717, 0.68703336738503, 0.7294956645227396, 0.8154100279747787, 0.7415920151934481, 0.636564921271236], [0.030858776687982203, 0.7230995993340029, 0.0, 0.23724771986798981, 0.4807777792923084, 0.1386833815023799, 0.3250845997045218, 0.6754271654817532, 0.4311914966373227, 0.17878742931723202, 0.007783488497544067, 0.6090232396720063, 0.682317729041888, 0.7217448363419902, 0.8072682238313917, 0.7299748240247607, 0.6239686557935549], [0.516632828551796, 0.6830374914205831, 0.0, 0.24154206442205844, 0.4578730550051681, 0.14317192502736903, 0.2715808331297396, 0.6685295855697642, 0.447613296666854, 0.1689681778621983, 0.008117752083540042, 0.5927526013231161, 0.6780343091519851, 0.6969869734273861, 0.8129869896450213, 0.7221212456596947, 0.6309238925344968], [-0.2161767184273775, 0.6916899788179535, 0.0, 0.2433878315157749, 0.4841129521704491, 0.1283245195242082, 0.53256527599749, 0.6866324212690054, 0.36857327919554805, 0.1593214405705432, 0.007616154688146137, 0.6228271779904353, 0.68176971138369, 0.6880799313622241, 0.7985805377104959, 0.7355330540791647, 0.5908079112517897], [-0.4887549365852415, 0.7123704373266465, 0.0, 0.17524463817712965, 0.48518111919172774, 0.13116554394023733, 0.4373416316432987, 0.683738760409609, 0.3751393175651414, 0.1670516389796839, 0.007336964783822175, 0.6247261329063458, 0.6570121618931116, 0.6934924248236888, 0.801154704237959, 0.7094126274487292, 0.6051962139324891]], "features_2": [[-0.18824285872308755, 0.6830140306929026, 0.0, 0.20970915611355087, 0.4586929424258296, 0.14047330914335687, 0.26626098042539825, 0.6708497460912204, 0.45206175083533107, 0.17234521410391235, 0.008117752083540042, 0.6382977861729868, 0.6772430775280808, 0.7129615648508022, 0.8042179163783455, 0.7260901669616202, 0.6097436597632209], [0.06345601672517365, 0.7492607406626166, 0.0, 0.19855549648594256, 0.47941855941554823, 0.14326970605579278, 0.21310329543318077, 0.6665031519926059, 0.4613235259837942, 0.18831787218134544, 0.00822905385914674, 0.6262817342546732, 0.6720179044221715, 0.6994167935735407, 0.8032638817602247, 0.7427302775556771, 0.6055937529097429], [-0.11387468155116132, 0.7990210435611051, 0.0, 0.19444521737126141, 0.48952803756468644, 0.1420811882849193, 0.19451248667907706, 0.6667654836283037, 0.45055016311252816, 0.20014835619454607, 0.007894969482732161, 0.6260968969379479, 0.6728141049805587, 0.7218451586194028, 0.8004159954714977, 0.7245836606890018, 0.6097947533561555], [-0.21394998528430342, 0.731328127143882, 0.0, 0.20558824262112696, 0.4674652465955098, 0.14373808759631135, 0.19696812937096694, 0.6645680045220146, 0.46211640342031823, 0.18660427136083269, 0.007560346756364078, 0.6280918552863584, 0.6798162964194682, 0.7104973016951832, 0.80619591820628, 0.7307626718539123, 0.6260595797687379], [0.2677542535787696, 0.7500545140700684, 0.0, 0.19917108991517612, 0.4826381433450949, 0.14101771485680975, 0.20712583900607698, 0.6692401075877805, 0.45124791750269067, 0.18537935675855755, 0.008062078829516484, 0.6134439730609045, 0.664569391944709, 0.6889990667611544, 0.7998856591337236, 0.7232571482479926, 0.6132067831094516], [-0.14002157483980238, 0.7989811509613607, 0.0, 0.1951613979909244, 0.4825664761368548, 0.14494170288903976, 0.13057645615293084, 0.6595944345710634, 0.4547452244366452, 0.20232792934603716, 0.008340296057933516, 0.6257906406159006, 0.6495335613259187, 0.6813806085622034, 0.7962840354901037, 0.7255574351296649, 0.6210073548422184], [-0.1646825447142879, 0.7881515135500902, 0.0, 0.2320789704908785, 0.48489550233550954, 0.14091730926023693, 0.17231550904753518, 0.6669518140437121, 0.425220160674165, 0.19533617266399994, 0.007894969482732161, 0.6260785236970072, 0.6495014305340489, 0.6967970860645464, 0.795950538876722, 0.721252071638301, 0.6021025079799429], [-0.37518165690231253, 0.825024563566094, 0.0, 0.24994593563247944, 0.5132797872254967, 0.1300844855287455, 0.2629960674286359, 0.6807205991018841, 0.3669652057152599, 0.19018902263901305, 0.00716927026363523, 0.6300536399223557, 0.6488180651943148, 0.683366468246212, 0.7819929354999077, 0.6998499847062861, 0.5951978082321016], [-0.29682994771819793, 0.8531513347260102, 0.0, 0.23345229917721025, 0.5039596249041023, 0.13752801053660538, 0.15034703461316284, 0.6683563048387063, 0.418968751245959, 0.2073820092213705, 0.007671947615560004, 0.6401197855037912, 0.6430829263254665, 0.6822838911099418, 0.7790468795862104, 0.6947041369801865, 0.6029640669893366]]}