{"labels_1": ["1", "2", "3", "4", "5", "6", "7", "8", "9"], "labels_2": ["1", "2", "3", "4", "5", "6", "7", "8", "9"], "adj_matrix_1": [[0.0, 0.13214, 0.09129, 0.00388, 0.09986, 0.01929, 0.2411, 0.25109, 0.28668], [0.13214, 0.0, 0.04343, 0.13567, 0.03451, 0.14941, 0.28578, 0.14079, 0.18784], [0.09129, 0.04343, 0.0, 0.095, 0.00898, 0.10955, 0.27541, 0.17967, 0.22377], [0.00388, 0.13567, 0.095, 0.0, 0.10354, 0.01542, 0.23921, 0.2537, 0.2889], [0.09986, 0.03451, 0.00898, 0.10354, 0.0, 0.11794, 0.27785, 0.17187, 0.21663], [0.01929, 0.14941, 0.10955, 0.01542, 0.11794, 0.0, 0.23154, 0.26353, 0.29705], [0.2411, 0.28578, 0.27541, 0.23921, 0.27785, 0.23154, 0.0, 0.2994, 0.29842], [0.25109, 0.14079, 0.17967, 0.2537, 0.17187, 0.26353, 0.2994, 0.0, 0.05191], [0.28668, 0.18784, 0.22377, 0.2889, 0.21663, 0.29705, 0.29842, 0.05191, 0.0]], "adj_matrix_2": [[0.0, 0.01719, 0.104, 0.01908, 0.09973, 0.1058, 0.28247, 0.24656, 0.28456], [0.01719, 0.0, 0.08739, 0.03622, 0.11608, 0.08922, 0.29008, 0.25766, 0.28512], [0.104, 0.08739, 0.0, 0.12217, 0.19544, 0.00188, 0.3215, 0.30658, 0.28311], [0.01908, 0.03622, 0.12217, 0.0, 0.08132, 0.12395, 0.27328, 0.23366, 0.28343], [0.09973, 0.11608, 0.19544, 0.08132, 0.0, 0.19703, 0.22595, 0.17105, 0.2724], [0.1058, 0.08922, 0.00188, 0.12395, 0.19703, 0.0, 0.32198, 0.30747, 0.28296], [0.28247, 0.29008, 0.3215, 0.27328, 0.22595, 0.32198, 0.0, 0.07657, 0.14575], [0.24656, 0.25766, 0.30658, 0.23366, 0.17105, 0.30747, 0.07657, 0.0, 0.20029], [0.28456, 0.28512, 0.28311, 0.28343, 0.2724, 0.28296, 0.14575, 0.20029, 0.0]], "features_1": [[0.272277105544934, 0.6089660661511498, 0.0, 0.2773764365339305, 0.4363661755926228, 0.14198927673183256, 0.28960746686245714, 0.6715839653617829, 0.4578626872211353, 0.15314300510547474, 0.008340296057933516, 0.6157169674092136, 0.6817972492381469, 0.7056293397414634, 0.8138679923359653, 0.731649168626425, 0.6374086665709829], [0.156639236203012, 0.680575681627731, 0.0, 0.22412518510229254, 0.45228807823306344, 0.14833667966162614, 0.25391898577929695, 0.6628334976310105, 0.48393792259905455, 0.17685450514552858, 0.008117752083540042, 0.626154063064235, 0.6866559799541602, 0.7137010357777189, 0.8181529782943364, 0.7464271354536111, 0.6391933099009915], [0.040335019600162614, 0.7091564646679608, 0.0, 0.2391446677163955, 0.47213274594247895, 0.1410920573648939, 0.2753998388725577, 0.6714998115497499, 0.4505630280977382, 0.17850869763282673, 0.008006390651371653, 0.6207497067479708, 0.6857897460692497, 0.7146283283838074, 0.8078145513607486, 0.719226788936393, 0.6299164864799948], [0.280871571935815, 0.7043682999039316, 0.0, 0.27783579762050825, 0.46916669759393514, 0.14157225446819546, 0.29137302153977984, 0.6714802330040431, 0.45186503061099037, 0.17528881059111634, 0.008006390651371653, 0.6149532754083196, 0.6791876226689575, 0.6961843374182588, 0.8130943805883545, 0.7195282260429416, 0.6299824417351201], [-0.11731361260687168, 0.6768535809972872, 0.0, 0.20655839501133386, 0.45321768380075, 0.14616343408800003, 0.2829744498030031, 0.6660245081712981, 0.46334314905684515, 0.17552821216257097, 0.008117752083540042, 0.632188096176717, 0.68703336738503, 0.7294956645227396, 0.8154100279747787, 0.7415920151934481, 0.636564921271236], [0.030858776687982203, 0.7230995993340029, 0.0, 0.23724771986798981, 0.4807777792923084, 0.1386833815023799, 0.3250845997045218, 0.6754271654817532, 0.4311914966373227, 0.17878742931723202, 0.007783488497544067, 0.6090232396720063, 0.682317729041888, 0.7217448363419902, 0.8072682238313917, 0.7299748240247607, 0.6239686557935549], [0.516632828551796, 0.6830374914205831, 0.0, 0.24154206442205844, 0.4578730550051681, 0.14317192502736903, 0.2715808331297396, 0.6685295855697642, 0.447613296666854, 0.1689681778621983, 0.008117752083540042, 0.5927526013231161, 0.6780343091519851, 0.6969869734273861, 0.8129869896450213, 0.7221212456596947, 0.6309238925344968], [-0.2161767184273775, 0.6916899788179535, 0.0, 0.2433878315157749, 0.4841129521704491, 0.1283245195242082, 0.53256527599749, 0.6866324212690054, 0.36857327919554805, 0.1593214405705432, 0.007616154688146137, 0.6228271779904353, 0.68176971138369, 0.6880799313622241, 0.7985805377104959, 0.7355330540791647, 0.5908079112517897], [-0.4887549365852415, 0.7123704373266465, 0.0, 0.17524463817712965, 0.48518111919172774, 0.13116554394023733, 0.4373416316432987, 0.683738760409609, 0.3751393175651414, 0.1670516389796839, 0.007336964783822175, 0.6247261329063458, 0.6570121618931116, 0.6934924248236888, 0.801154704237959, 0.7094126274487292, 0.6051962139324891]], "features_2": [[0.047283401594695906, 0.654585896882069, 0.0, 0.21986152687266033, 0.4595183917648342, 0.1354320938403553, 0.33034762098177806, 0.6788885766442542, 0.41441174096505184, 0.15722063055695745, 0.007783488497544067, 0.6196638072354759, 0.6708167800685572, 0.6977771246730163, 0.803479573636017, 0.7285994806945051, 0.6218439227995315], [0.008215280019383542, 0.7407803261474806, 0.0, 0.2691230645657179, 0.4860311519689281, 0.13568661840180918, 0.3233470721662222, 0.6782297120987275, 0.42457333811053655, 0.17939629339381824, 0.007616154688146137, 0.6192039179798297, 0.6723025733646812, 0.698370895840485, 0.8024569660635409, 0.7383793498386, 0.6165230357604112], [-0.09529757898104751, 0.7667131984047872, 0.0, 0.25914536405798355, 0.49513388508571277, 0.13502996426979638, 0.3253989772744433, 0.6789765539456772, 0.4031690626354667, 0.18236851354241246, 0.007727725548673403, 0.6252953038343609, 0.6842265989226473, 0.700095635001322, 0.8015558481983134, 0.7368821018903827, 0.621162416610214], [-0.0292152055953947, 0.6928295615743431, 0.0, 0.23811837714455603, 0.4744227031159664, 0.13555779916314528, 0.3816537256049813, 0.6801379146774366, 0.4137545074630198, 0.16616821842643903, 0.008062078829516484, 0.6201942370717726, 0.6813817439289854, 0.708985851368742, 0.8096012706274238, 0.74145205723382, 0.6310550462428828], [-0.13309011209973187, 0.7363714164118383, 0.0, 0.23140380269610103, 0.4885224315169484, 0.13192200001990956, 0.33123745784908676, 0.6814210683835634, 0.3931155571600726, 0.17328590729398918, 0.007616154688146137, 0.6273289511667393, 0.6778439430990318, 0.6943874300743232, 0.7945837019115206, 0.7295134259211595, 0.593800330998994], [-0.24163530847097725, 0.7904316308931427, 0.0, 0.27259386864428337, 0.5066654980655255, 0.13131207389381275, 0.34799642164887884, 0.6821755069731341, 0.3860781527492614, 0.1846054949947804, 0.007392832833969631, 0.6271831270778416, 0.6756927058022488, 0.707075664703466, 0.7946504740189027, 0.711940058412521, 0.6116222325577361], [0.6733179967030476, 0.6790851158396116, 0.0, 0.29552524712367134, 0.47275799795508167, 0.13209417817854527, 0.40952928537560923, 0.6829802475929871, 0.409868007876115, 0.15795713181862459, 0.008173410423425675, 0.5940023235362537, 0.6690051621845807, 0.6975367279605452, 0.8028330220410156, 0.7360959587233817, 0.608519714883074], [0.6617133519969256, 0.8272295745999807, 0.0, 0.30117683352307234, 0.5215511393197493, 0.12457371850368537, 0.29437375434351265, 0.6862830558430784, 0.3567103072139133, 0.18087100038559734, 0.007448685839370306, 0.5910524002557409, 0.6313030451893963, 0.6532680573296383, 0.7722703704663139, 0.7150887024100653, 0.5835751869053365], [1.2008852148200928, 0.8420712856141496, 0.0, 0.3178359205080987, 0.5202502255691996, 0.12819595588309812, 0.2761822504488777, 0.6829132002737719, 0.37339923905060357, 0.18602181238155446, 0.007616154688146137, 0.5791020690573871, 0.6320855008732925, 0.6473781787028948, 0.7785539259247096, 0.7185778071060738, 0.5851941335843994]]}