{"labels_1": ["1", "2", "3", "4", "5", "6", "7", "8", "9"], "labels_2": ["1", "2", "3", "4", "5", "6", "7", "8", "9"], "adj_matrix_1": [[0.0, 0.01762, 0.28369, 0.16309, 0.26559, 0.281, 0.31042, 0.29261, 0.32909], [0.01762, 0.0, 0.29497, 0.17897, 0.27791, 0.29242, 0.31947, 0.29132, 0.3356], [0.28369, 0.29497, 0.0, 0.15295, 0.02945, 0.00463, 0.05413, 0.24596, 0.11297], [0.16309, 0.17897, 0.15295, 0.0, 0.12639, 0.14887, 0.19796, 0.28864, 0.24063], [0.26559, 0.27791, 0.02945, 0.12639, 0.0, 0.02484, 0.08282, 0.25765, 0.13958], [0.281, 0.29242, 0.00463, 0.14887, 0.02484, 0.0, 0.05868, 0.24796, 0.11723], [0.31042, 0.31947, 0.05413, 0.19796, 0.08282, 0.05868, 0.0, 0.21931, 0.06122], [0.29261, 0.29132, 0.24596, 0.28864, 0.25765, 0.24796, 0.21931, 0.0, 0.18065], [0.32909, 0.3356, 0.11297, 0.24063, 0.13958, 0.11723, 0.06122, 0.18065, 0.0]], "adj_matrix_2": [[0.0, 0.0393, 0.18915, 0.22375, 0.23907, 0.27909, 0.25312, 0.03867, 0.24637], [0.0393, 0.0, 0.21558, 0.19393, 0.2108, 0.25563, 0.22642, 0.07725, 0.25188], [0.18915, 0.21558, 0.0, 0.3016, 0.30595, 0.31484, 0.30947, 0.1599, 0.15335], [0.22375, 0.19393, 0.3016, 0.0, 0.02075, 0.07969, 0.04065, 0.2493, 0.2435], [0.23907, 0.2108, 0.30595, 0.02075, 0.0, 0.05928, 0.01996, 0.26284, 0.24048], [0.27909, 0.25563, 0.31484, 0.07969, 0.05928, 0.0, 0.03948, 0.29772, 0.23057], [0.25312, 0.22642, 0.30947, 0.04065, 0.01996, 0.03948, 0.0, 0.2752, 0.23731], [0.03867, 0.07725, 0.1599, 0.2493, 0.26284, 0.29772, 0.2752, 0.0, 0.23775], [0.24637, 0.25188, 0.15335, 0.2435, 0.24048, 0.23057, 0.23731, 0.23775, 0.0]], "features_1": [[-0.13419407463911126, 0.7881045454383859, 0.0, 0.20737614919685893, 0.48769793711709564, 0.13958922441156243, 0.11558798942211582, 0.6652599180962426, 0.4335134993872547, 0.194862355628862, 0.008173410423425675, 0.6333038193061351, 0.6467717562234754, 0.6732777896714901, 0.7836449390283632, 0.704059381094733, 0.5928343546836273], [-0.00805483083061942, 0.8956194578789299, 0.0, 0.1841990657445857, 0.5144346876556694, 0.1383826508543368, 0.08267097505998891, 0.6648512413043739, 0.42618141338396254, 0.21566276450096478, 0.008284682400665488, 0.631818065371937, 0.6488220851344098, 0.673408316132451, 0.7734604746378628, 0.6931116699392862, 0.584202583027759], [0.15349707685771197, 0.9133096405830499, 0.0, 0.2166135094380653, 0.519460330557317, 0.13923574508073716, 0.06426138620104069, 0.6631519910992685, 0.4279967221208971, 0.21902344240500748, 0.008062078829516484, 0.618058892368194, 0.6371848932977173, 0.6568181863460771, 0.774314636643276, 0.7015155142045135, 0.5883368057973669], [-0.10421048095459806, 0.7965565349280777, 0.0, 0.21249843307947336, 0.48890916878899116, 0.14279259272648107, 0.1434590072204017, 0.6625990008520399, 0.4560208312833216, 0.2011658870612445, 0.008507047823598457, 0.6308097534651174, 0.6507475887174871, 0.6824753447558616, 0.7957634505660899, 0.7250983885680525, 0.6170324041674959], [-0.05898362767476595, 0.8822752409119087, 0.0, 0.20497931173730252, 0.5167881379473044, 0.1357451492773683, 0.13747555640914016, 0.6710363583620782, 0.4168632663603533, 0.21249408769259848, 0.008173410423425675, 0.6174581578593175, 0.6312264379869001, 0.6698269867105713, 0.778092048990138, 0.7022120371490201, 0.587025385166588], [0.07768982024413873, 0.8640407559766019, 0.0, 0.2182520321246456, 0.5055967962574833, 0.14169242248658925, 0.08577571140471249, 0.6607298861838329, 0.4445098788498041, 0.21357482131156713, 0.008062078829516484, 0.6221247023737533, 0.6350211116076071, 0.6628725574414651, 0.7831926062497531, 0.6977976004582206, 0.6040488212309587], [-0.13616344584599505, 0.7574039435731742, 0.0, 0.21067541722262784, 0.4695331139462974, 0.14644032388109193, 0.13346238021183013, 0.6570329775037654, 0.47085622506218416, 0.197724443489099, 0.008284682400665488, 0.6251805872939948, 0.6626120812715137, 0.703023228015728, 0.8006882108215706, 0.7433543910660907, 0.6273580523104122], [0.7149091592539834, 0.9155871973510117, 0.0, 0.23819153587139308, 0.5308360062632925, 0.13269361310616395, 0.24719161110771778, 0.6779423796337436, 0.40689028542164474, 0.2106428825084936, 0.008006390651371653, 0.5948281983628434, 0.6458773089240151, 0.6730435370891561, 0.7846661048707778, 0.7307216393147252, 0.5791512553690139], [0.10566733651907612, 0.8660145400017825, 0.0, 0.2409880969630339, 0.5108238755075841, 0.13823169116753783, 0.21124048948567734, 0.6712936734047841, 0.4190972230997174, 0.20888883034819727, 0.007727725548673403, 0.6120372826994052, 0.6719208746679494, 0.7115221563509212, 0.7945605800596393, 0.7248454797490963, 0.6158571616725443]], "features_2": [[0.017734886406774564, 0.6043690205352161, 0.0, 0.28835811853434595, 0.4338469796536959, 0.1456303671623742, 0.17380842291852971, 0.6615640026470531, 0.48093685825822163, 0.15839833912623136, 0.00822905385914674, 0.6217638223578237, 0.6633206086763277, 0.7029591339653415, 0.8045486452318337, 0.7138198406189267, 0.6310374779186844], [-0.01864657485317034, 0.624638026683451, 0.0, 0.2638506018036618, 0.44374356485551125, 0.14256843744083658, 0.19527069384402368, 0.6670442359691795, 0.47278473225100237, 0.16138207802189686, 0.008173410423425675, 0.6291352586815577, 0.6620397851466998, 0.6922652166632922, 0.8033426339031597, 0.6994067790321986, 0.6321308842134586], [0.3059818088118469, 0.7094703042041725, 0.0, 0.3132621388674435, 0.476051476862171, 0.141098504671216, 0.1867346133360293, 0.6678088144532639, 0.44523261556226656, 0.1771539428518163, 0.00822905385914674, 0.5999786267254508, 0.6691045021069182, 0.7050396411651152, 0.7979226604967522, 0.7204097059897275, 0.6184569545058858], [-0.07761694317184809, 0.65614704576895, 0.0, 0.20752825559961477, 0.45943949272295437, 0.1423234565560619, 0.24781186110126824, 0.6689689912011404, 0.46349395841630314, 0.16720458044548536, 0.00822905385914674, 0.6342607431927867, 0.6828933839578093, 0.7111976780433032, 0.8092409422857899, 0.7139452845914794, 0.6347439250269123], [0.04794852348244261, 0.6018323169613632, 0.0, 0.24014289584566684, 0.44207641180308377, 0.1350558528721638, 0.26054663685493723, 0.6767341699846852, 0.42258159164607334, 0.1450953742098593, 0.008062078829516484, 0.6256904822773333, 0.6605152921606277, 0.6792640085992848, 0.795702285320374, 0.7141659551197732, 0.6196779617826094], [-0.06691418030756147, 0.6869870855388408, 0.0, 0.22060521085934698, 0.47508665771620584, 0.13731531317805087, 0.2384525720241129, 0.6738330548844971, 0.4219132266808807, 0.16743728296655713, 0.007894969482732161, 0.63026330827048, 0.6591798241741212, 0.6867613312766284, 0.7978709406529364, 0.7054464266148994, 0.6170420877195018], [-0.22098803174979764, 0.6518751348571258, 0.0, 0.2128248365283905, 0.45900744193455967, 0.13543885297123634, 0.31526366868104744, 0.6773970967439116, 0.41037822757823017, 0.1586880574453602, 0.007894969482732161, 0.6266648086145659, 0.6796511361834157, 0.7060570998628558, 0.8008503001951777, 0.7167106736835296, 0.6211027388120477], [0.14381251899371295, 0.7602415317744345, 0.0, 0.23448652340820583, 0.4960773678125291, 0.12858520295151407, 0.258644009259806, 0.6819415130204859, 0.355701157300802, 0.17160218484869638, 0.00716927026363523, 0.604672320263627, 0.6378990121756732, 0.6573019289588656, 0.7779353509824911, 0.7110338539502413, 0.5755620139500235], [0.7095381991625578, 0.7808488344394133, 0.0, 0.27501672998154714, 0.49639705617575736, 0.13192602422239902, 0.21326500190835276, 0.6778960354948167, 0.3844095913404175, 0.18036190531603857, 0.007783488497544067, 0.5852436913957089, 0.6370330861546409, 0.6718670868619617, 0.7812007889307829, 0.7018309525662818, 0.5884848998519264]]}