{"labels_1": ["1", "2", "3", "4", "5", "6", "7", "8", "9"], "labels_2": ["1", "2", "3", "4", "5", "6", "7", "8", "9"], "adj_matrix_1": [[0.0, 0.01762, 0.28369, 0.16309, 0.26559, 0.281, 0.31042, 0.29261, 0.32909], [0.01762, 0.0, 0.29497, 0.17897, 0.27791, 0.29242, 0.31947, 0.29132, 0.3356], [0.28369, 0.29497, 0.0, 0.15295, 0.02945, 0.00463, 0.05413, 0.24596, 0.11297], [0.16309, 0.17897, 0.15295, 0.0, 0.12639, 0.14887, 0.19796, 0.28864, 0.24063], [0.26559, 0.27791, 0.02945, 0.12639, 0.0, 0.02484, 0.08282, 0.25765, 0.13958], [0.281, 0.29242, 0.00463, 0.14887, 0.02484, 0.0, 0.05868, 0.24796, 0.11723], [0.31042, 0.31947, 0.05413, 0.19796, 0.08282, 0.05868, 0.0, 0.21931, 0.06122], [0.29261, 0.29132, 0.24596, 0.28864, 0.25765, 0.24796, 0.21931, 0.0, 0.18065], [0.32909, 0.3356, 0.11297, 0.24063, 0.13958, 0.11723, 0.06122, 0.18065, 0.0]], "adj_matrix_2": [[0.0, 0.12123, 0.25656, 0.10628, 0.26734, 0.16954, 0.04986, 0.2548, 0.08309], [0.12123, 0.0, 0.18305, 0.01618, 0.23552, 0.19663, 0.0739, 0.32124, 0.19372], [0.25656, 0.18305, 0.0, 0.19449, 0.10404, 0.20437, 0.23112, 0.31588, 0.28762], [0.10628, 0.01618, 0.19449, 0.0, 0.24145, 0.19349, 0.05814, 0.31535, 0.18092], [0.26734, 0.23552, 0.10404, 0.24145, 0.0, 0.16806, 0.25835, 0.25646, 0.27275], [0.16954, 0.19663, 0.20437, 0.19349, 0.16806, 0.0, 0.18111, 0.10696, 0.14934], [0.04986, 0.0739, 0.23112, 0.05814, 0.25835, 0.18111, 0.0, 0.28686, 0.13029], [0.2548, 0.32124, 0.31588, 0.31535, 0.25646, 0.10696, 0.28686, 0.0, 0.18863], [0.08309, 0.19372, 0.28762, 0.18092, 0.27275, 0.14934, 0.13029, 0.18863, 0.0]], "features_1": [[-0.13419407463911126, 0.7881045454383859, 0.0, 0.20737614919685893, 0.48769793711709564, 0.13958922441156243, 0.11558798942211582, 0.6652599180962426, 0.4335134993872547, 0.194862355628862, 0.008173410423425675, 0.6333038193061351, 0.6467717562234754, 0.6732777896714901, 0.7836449390283632, 0.704059381094733, 0.5928343546836273], [-0.00805483083061942, 0.8956194578789299, 0.0, 0.1841990657445857, 0.5144346876556694, 0.1383826508543368, 0.08267097505998891, 0.6648512413043739, 0.42618141338396254, 0.21566276450096478, 0.008284682400665488, 0.631818065371937, 0.6488220851344098, 0.673408316132451, 0.7734604746378628, 0.6931116699392862, 0.584202583027759], [0.15349707685771197, 0.9133096405830499, 0.0, 0.2166135094380653, 0.519460330557317, 0.13923574508073716, 0.06426138620104069, 0.6631519910992685, 0.4279967221208971, 0.21902344240500748, 0.008062078829516484, 0.618058892368194, 0.6371848932977173, 0.6568181863460771, 0.774314636643276, 0.7015155142045135, 0.5883368057973669], [-0.10421048095459806, 0.7965565349280777, 0.0, 0.21249843307947336, 0.48890916878899116, 0.14279259272648107, 0.1434590072204017, 0.6625990008520399, 0.4560208312833216, 0.2011658870612445, 0.008507047823598457, 0.6308097534651174, 0.6507475887174871, 0.6824753447558616, 0.7957634505660899, 0.7250983885680525, 0.6170324041674959], [-0.05898362767476595, 0.8822752409119087, 0.0, 0.20497931173730252, 0.5167881379473044, 0.1357451492773683, 0.13747555640914016, 0.6710363583620782, 0.4168632663603533, 0.21249408769259848, 0.008173410423425675, 0.6174581578593175, 0.6312264379869001, 0.6698269867105713, 0.778092048990138, 0.7022120371490201, 0.587025385166588], [0.07768982024413873, 0.8640407559766019, 0.0, 0.2182520321246456, 0.5055967962574833, 0.14169242248658925, 0.08577571140471249, 0.6607298861838329, 0.4445098788498041, 0.21357482131156713, 0.008062078829516484, 0.6221247023737533, 0.6350211116076071, 0.6628725574414651, 0.7831926062497531, 0.6977976004582206, 0.6040488212309587], [-0.13616344584599505, 0.7574039435731742, 0.0, 0.21067541722262784, 0.4695331139462974, 0.14644032388109193, 0.13346238021183013, 0.6570329775037654, 0.47085622506218416, 0.197724443489099, 0.008284682400665488, 0.6251805872939948, 0.6626120812715137, 0.703023228015728, 0.8006882108215706, 0.7433543910660907, 0.6273580523104122], [0.7149091592539834, 0.9155871973510117, 0.0, 0.23819153587139308, 0.5308360062632925, 0.13269361310616395, 0.24719161110771778, 0.6779423796337436, 0.40689028542164474, 0.2106428825084936, 0.008006390651371653, 0.5948281983628434, 0.6458773089240151, 0.6730435370891561, 0.7846661048707778, 0.7307216393147252, 0.5791512553690139], [0.10566733651907612, 0.8660145400017825, 0.0, 0.2409880969630339, 0.5108238755075841, 0.13823169116753783, 0.21124048948567734, 0.6712936734047841, 0.4190972230997174, 0.20888883034819727, 0.007727725548673403, 0.6120372826994052, 0.6719208746679494, 0.7115221563509212, 0.7945605800596393, 0.7248454797490963, 0.6158571616725443]], "features_2": [[0.4749531600112915, 0.8085625310601599, 0.0, 0.309524004114284, 0.5045448463242933, 0.13763555850079606, 0.28074294770370967, 0.6748028343272712, 0.43509787654890353, 0.1935705757369266, 0.00783923647221818, 0.6087256257278948, 0.6440687002795256, 0.6689370887402261, 0.8003170879754008, 0.7347152389216042, 0.6161006584197238], [0.24230500564162538, 0.7995457650959986, 0.0, 0.261439191637507, 0.4973087682495778, 0.14253032846313154, 0.22565855540610258, 0.6679627110784296, 0.4479117423443111, 0.19729002963000042, 0.00783923647221818, 0.611814940414467, 0.6503468393937752, 0.6809379995845714, 0.8062707627060535, 0.723506510386626, 0.6369101627943143], [0.8114522956327508, 0.9073995463262907, 0.0, 0.3127052023007096, 0.5321297764994798, 0.13914793794767746, 0.26959397531567647, 0.6732796487879353, 0.4460889919301212, 0.21363629773686754, 0.007950687539111767, 0.5950299659882194, 0.6581249364953436, 0.6956099326974381, 0.8020804453654048, 0.7303908228917446, 0.6323231162274987], [0.3900856800492294, 0.882807193841884, 0.0, 0.29602845820150936, 0.5218811260601028, 0.14150559828386705, 0.28395940823809696, 0.6705050716678063, 0.4579981934858375, 0.2143299817461981, 0.008173410423425675, 0.6102553833344908, 0.664883718719279, 0.6988290140273763, 0.8043870121927875, 0.7239726690429039, 0.6276187872330891], [0.3240299750731723, 0.7884240167576029, 0.0, 0.2399344281801691, 0.4967531394715885, 0.14274860797434663, 0.26614916518961207, 0.6698500000834466, 0.4527191674236457, 0.19458188608957938, 0.008284682400665488, 0.6002558023042037, 0.669152062506206, 0.6972714646573176, 0.8102711351107367, 0.7273409842274668, 0.6448205123512641], [1.1645765841621332, 0.891595908697318, 0.0, 0.30003885749048603, 0.5267633026602316, 0.14240436320362082, 0.25593566713041727, 0.6695881421523264, 0.46497686649663295, 0.2130893043020925, 0.008840150818991033, 0.5835982927007886, 0.6528931990853443, 0.6829488602663739, 0.8060367821725954, 0.7276045743662196, 0.6445964572598261], [0.14600303948496673, 0.8663038916652552, 0.0, 0.20312518332482277, 0.5132147906511986, 0.14422035206528874, 0.275397036362002, 0.6659300145794573, 0.46009770066414735, 0.21446916212951006, 0.00783923647221818, 0.6122496373538584, 0.647196889103741, 0.6887818986860915, 0.8020010776462343, 0.7133987816912529, 0.6208648819862007], [-0.3530504609124212, 0.860979497957559, 0.0, 0.21577148429252008, 0.5217863189708831, 0.13339242069840457, 0.23545718614282904, 0.6774983515136481, 0.38209126657282355, 0.20175511991770834, 0.007504523810135222, 0.628213329056748, 0.6520652935834163, 0.6696166831497513, 0.7873935318811313, 0.7099740403763327, 0.6107951052499825], [-0.09441890840345568, 0.9062484575715497, 0.0, 0.2304594722979583, 0.5217479571843132, 0.13831515830597158, 0.16260385393347718, 0.668360347878655, 0.3957845663335535, 0.21597236557678268, 0.007504523810135222, 0.6166754410184077, 0.6404668973439976, 0.6669969129255817, 0.7844080960240603, 0.6901848006941825, 0.605072675113363]]}