{"labels_1": ["1", "2", "3", "4", "5", "6", "7", "8", "9"], "labels_2": ["1", "2", "3", "4", "5", "6", "7", "8", "9"], "adj_matrix_1": [[0.0, 0.11118, 0.01895, 0.05973, 0.16902, 0.17379, 0.05446, 0.10465, 0.06978], [0.11118, 0.0, 0.09359, 0.05402, 0.06832, 0.07447, 0.15905, 0.19991, 0.04385], [0.01895, 0.09359, 0.0, 0.04108, 0.15383, 0.15894, 0.07293, 0.12216, 0.05127], [0.05973, 0.05402, 0.04108, 0.0, 0.11876, 0.12438, 0.11186, 0.15813, 0.01035], [0.16902, 0.06832, 0.15383, 0.11876, 0.0, 0.00643, 0.20862, 0.24038, 0.10948], [0.17379, 0.07447, 0.15894, 0.12438, 0.00643, 0.0, 0.21248, 0.24338, 0.11522], [0.05446, 0.15905, 0.07293, 0.11186, 0.20862, 0.21248, 0.0, 0.05188, 0.12126], [0.10465, 0.19991, 0.12216, 0.15813, 0.24038, 0.24338, 0.05188, 0.0, 0.16664], [0.06978, 0.04385, 0.05127, 0.01035, 0.10948, 0.11522, 0.12126, 0.16664, 0.0]], "adj_matrix_2": [[0.0, 0.23962, 0.12587, 0.22065, 0.25155, 0.26583, 0.25359, 0.02635, 0.04068], [0.23962, 0.0, 0.12854, 0.02432, 0.01615, 0.03658, 0.019, 0.26005, 0.27082], [0.12587, 0.12854, 0.0, 0.10561, 0.14338, 0.16171, 0.14597, 0.15072, 0.16404], [0.22065, 0.02432, 0.10561, 0.0, 0.0404, 0.06065, 0.04323, 0.2421, 0.25345], [0.25155, 0.01615, 0.14338, 0.0404, 0.0, 0.02049, 0.00285, 0.27123, 0.28159], [0.26583, 0.03658, 0.16171, 0.06065, 0.02049, 0.0, 0.01764, 0.28456, 0.29438], [0.25359, 0.019, 0.14597, 0.04323, 0.00285, 0.01764, 0.0, 0.27317, 0.28347], [0.02635, 0.26005, 0.15072, 0.2421, 0.27123, 0.28456, 0.27317, 0.0, 0.01438], [0.04068, 0.27082, 0.16404, 0.25345, 0.28159, 0.29438, 0.28347, 0.01438, 0.0]], "features_1": [[0.3007619283478089, 0.8325116652054682, 0.0, 0.19582365391662732, 0.5057364625368578, 0.14037181956022393, 0.19630207012306897, 0.6688553306523571, 0.4522100214004656, 0.20171509075911764, 0.008117752083540042, 0.6179585228872455, 0.6502915767267073, 0.6726554525129409, 0.7967170394663267, 0.7110702298639516, 0.6179534035571033], [0.5514500945646472, 0.8892340155528995, 0.0, 0.23674294402528076, 0.5198114633924339, 0.14050490003343707, 0.1881302737005491, 0.6684975407477336, 0.44960311313628476, 0.2150014400534992, 0.008562602043175715, 0.6037413037444717, 0.6399488802005566, 0.671976545578304, 0.7958333061854663, 0.7113909059939413, 0.6090133226117705], [0.29975805273918166, 0.98520309316039, 0.0, 0.19822930731990415, 0.5406263636088953, 0.14071599802434565, 0.18819435132706203, 0.6667177082877547, 0.45276590113863535, 0.23331110968840885, 0.008284682400665488, 0.6142431888863555, 0.6434947505032408, 0.6747011630064261, 0.7911295810977138, 0.7076160280157859, 0.6116962026258613], [0.31053719059563756, 0.8982850889589649, 0.0, 0.215884721702808, 0.5199512184945373, 0.14179424448894745, 0.17640854955568486, 0.6662212170180093, 0.46136837408855125, 0.2170081554791703, 0.008562602043175715, 0.6095905811188498, 0.6412728525913991, 0.6397707433570241, 0.7976098305198046, 0.7353832367385189, 0.6191054669940705], [1.0171294883959003, 0.8362035939911012, 0.0, 0.2690533375290508, 0.5121667019450272, 0.13679674922179832, 0.262338032888281, 0.6743555871687561, 0.426810776377301, 0.1964845275285545, 0.008062078829516484, 0.5884936163228038, 0.6378022633632714, 0.6684709563930898, 0.7923978929641269, 0.7267980608743493, 0.5965537683847774], [0.6354095588467072, 0.9514761814138468, 0.0, 0.24847976479994638, 0.5368740999313273, 0.13860925846628233, 0.19664117321877228, 0.6702697028101189, 0.434634131753481, 0.22113317811851219, 0.008173410423425675, 0.5920886167450379, 0.6418758330034323, 0.6684138505282523, 0.7904020017697749, 0.7066443787016654, 0.6099366207522167], [0.11139581826451517, 0.8015349148863609, 0.0, 0.2140359883614536, 0.4925856850734417, 0.1380829872201931, 0.18239157329695885, 0.6693307259413488, 0.4350927262337829, 0.1947781760446523, 0.008284682400665488, 0.6134377520181635, 0.6502450571963122, 0.6805442740231805, 0.7862227198698395, 0.7078656349017718, 0.6101970816394158], [0.5194188713936461, 0.9227961763468026, 0.0, 0.3016226882917737, 0.5504854990247519, 0.12357662833230204, 0.3769060239468935, 0.6867025668632218, 0.3655733796688636, 0.19907461137493287, 0.007950687539111767, 0.5999130515179059, 0.6363863939977983, 0.6534076072770276, 0.7683235700267061, 0.7041551510425849, 0.5660639046457717], [0.3653886945022018, 0.9199540826978515, 0.0, 0.27835722680211195, 0.5395756351237928, 0.1259577009705216, 0.2923705364392326, 0.6834697427587186, 0.3527183003064507, 0.20066881992551844, 0.007281081678807366, 0.5941006416268027, 0.6187793878026024, 0.6513867055720295, 0.7618832919611561, 0.6821638715744668, 0.5714912316093137]], "features_2": [[-0.18824285872308755, 0.6830140306929026, 0.0, 0.20970915611355087, 0.4586929424258296, 0.14047330914335687, 0.26626098042539825, 0.6708497460912204, 0.45206175083533107, 0.17234521410391235, 0.008117752083540042, 0.6382977861729868, 0.6772430775280808, 0.7129615648508022, 0.8042179163783455, 0.7260901669616202, 0.6097436597632209], [0.06345601672517365, 0.7492607406626166, 0.0, 0.19855549648594256, 0.47941855941554823, 0.14326970605579278, 0.21310329543318077, 0.6665031519926059, 0.4613235259837942, 0.18831787218134544, 0.00822905385914674, 0.6262817342546732, 0.6720179044221715, 0.6994167935735407, 0.8032638817602247, 0.7427302775556771, 0.6055937529097429], [-0.11387468155116132, 0.7990210435611051, 0.0, 0.19444521737126141, 0.48952803756468644, 0.1420811882849193, 0.19451248667907706, 0.6667654836283037, 0.45055016311252816, 0.20014835619454607, 0.007894969482732161, 0.6260968969379479, 0.6728141049805587, 0.7218451586194028, 0.8004159954714977, 0.7245836606890018, 0.6097947533561555], [-0.21394998528430342, 0.731328127143882, 0.0, 0.20558824262112696, 0.4674652465955098, 0.14373808759631135, 0.19696812937096694, 0.6645680045220146, 0.46211640342031823, 0.18660427136083269, 0.007560346756364078, 0.6280918552863584, 0.6798162964194682, 0.7104973016951832, 0.80619591820628, 0.7307626718539123, 0.6260595797687379], [0.2677542535787696, 0.7500545140700684, 0.0, 0.19917108991517612, 0.4826381433450949, 0.14101771485680975, 0.20712583900607698, 0.6692401075877805, 0.45124791750269067, 0.18537935675855755, 0.008062078829516484, 0.6134439730609045, 0.664569391944709, 0.6889990667611544, 0.7998856591337236, 0.7232571482479926, 0.6132067831094516], [-0.14002157483980238, 0.7989811509613607, 0.0, 0.1951613979909244, 0.4825664761368548, 0.14494170288903976, 0.13057645615293084, 0.6595944345710634, 0.4547452244366452, 0.20232792934603716, 0.008340296057933516, 0.6257906406159006, 0.6495335613259187, 0.6813806085622034, 0.7962840354901037, 0.7255574351296649, 0.6210073548422184], [-0.1646825447142879, 0.7881515135500902, 0.0, 0.2320789704908785, 0.48489550233550954, 0.14091730926023693, 0.17231550904753518, 0.6669518140437121, 0.425220160674165, 0.19533617266399994, 0.007894969482732161, 0.6260785236970072, 0.6495014305340489, 0.6967970860645464, 0.795950538876722, 0.721252071638301, 0.6021025079799429], [-0.37518165690231253, 0.825024563566094, 0.0, 0.24994593563247944, 0.5132797872254967, 0.1300844855287455, 0.2629960674286359, 0.6807205991018841, 0.3669652057152599, 0.19018902263901305, 0.00716927026363523, 0.6300536399223557, 0.6488180651943148, 0.683366468246212, 0.7819929354999077, 0.6998499847062861, 0.5951978082321016], [-0.29682994771819793, 0.8531513347260102, 0.0, 0.23345229917721025, 0.5039596249041023, 0.13752801053660538, 0.15034703461316284, 0.6683563048387063, 0.418968751245959, 0.2073820092213705, 0.007671947615560004, 0.6401197855037912, 0.6430829263254665, 0.6822838911099418, 0.7790468795862104, 0.6947041369801865, 0.6029640669893366]]}