{"labels_1": ["1", "2", "3", "4", "5", "6", "7", "8", "9"], "labels_2": ["1", "2", "3", "4", "5", "6", "7", "8", "9"], "adj_matrix_1": [[0.0, 0.06221, 0.01317, 0.12374, 0.21727, 0.1051, 0.30168, 0.31238, 0.30391], [0.06221, 0.0, 0.04934, 0.06509, 0.17159, 0.04501, 0.27955, 0.29467, 0.28275], [0.01317, 0.04934, 0.0, 0.11193, 0.20863, 0.09291, 0.29837, 0.31003, 0.30085], [0.12374, 0.06509, 0.11193, 0.0, 0.11436, 0.02046, 0.24235, 0.26163, 0.24644], [0.21727, 0.17159, 0.20863, 0.11436, 0.0, 0.133, 0.1493, 0.17414, 0.15455], [0.1051, 0.04501, 0.09291, 0.02046, 0.133, 0.0, 0.25537, 0.27343, 0.25921], [0.30168, 0.27955, 0.29837, 0.24235, 0.1493, 0.25537, 0.0, 0.02772, 0.00581], [0.31238, 0.29467, 0.31003, 0.26163, 0.17414, 0.27343, 0.02772, 0.0, 0.02192], [0.30391, 0.28275, 0.30085, 0.24644, 0.15455, 0.25921, 0.00581, 0.02192, 0.0]], "adj_matrix_2": [[0.0, 0.23962, 0.12587, 0.22065, 0.25155, 0.26583, 0.25359, 0.02635, 0.04068], [0.23962, 0.0, 0.12854, 0.02432, 0.01615, 0.03658, 0.019, 0.26005, 0.27082], [0.12587, 0.12854, 0.0, 0.10561, 0.14338, 0.16171, 0.14597, 0.15072, 0.16404], [0.22065, 0.02432, 0.10561, 0.0, 0.0404, 0.06065, 0.04323, 0.2421, 0.25345], [0.25155, 0.01615, 0.14338, 0.0404, 0.0, 0.02049, 0.00285, 0.27123, 0.28159], [0.26583, 0.03658, 0.16171, 0.06065, 0.02049, 0.0, 0.01764, 0.28456, 0.29438], [0.25359, 0.019, 0.14597, 0.04323, 0.00285, 0.01764, 0.0, 0.27317, 0.28347], [0.02635, 0.26005, 0.15072, 0.2421, 0.27123, 0.28456, 0.27317, 0.0, 0.01438], [0.04068, 0.27082, 0.16404, 0.25345, 0.28159, 0.29438, 0.28347, 0.01438, 0.0]], "features_1": [[0.39792298121487324, 0.7550156069347317, 0.0, 0.24025230219423313, 0.4860320475683454, 0.13875490011181385, 0.2257096138214969, 0.6714462504337733, 0.41725058623078004, 0.17989693705447407, 0.00783923647221818, 0.6056299431868681, 0.6548469318272319, 0.6712500801239382, 0.793328550872562, 0.7165743421156906, 0.613853354584697], [0.26513038958489554, 0.8254286705543331, 0.0, 0.2304102176035063, 0.5078349145450822, 0.138368608775439, 0.3019497186438699, 0.6746385561343058, 0.4078323852910297, 0.19547291603850048, 0.007504523810135222, 0.6054608206495504, 0.6661528088192853, 0.6898913334433919, 0.8006776662709387, 0.7238664868189633, 0.6227540758328404], [0.34871876162208926, 0.8897169452090956, 0.0, 0.2553689544326547, 0.5225276806362493, 0.13940557432641867, 0.22268455590548797, 0.6706933882806942, 0.4168287345268378, 0.21034348907401923, 0.007950687539111767, 0.6071077031271916, 0.6427006312150109, 0.6733332707631121, 0.7949914928280608, 0.7159864172899406, 0.6166185441034634], [0.47567328487410565, 0.8463425431615236, 0.0, 0.19959381182787903, 0.5126848868259751, 0.14058411592714937, 0.24503797949801437, 0.6704232497399162, 0.4294860765292743, 0.201947245632353, 0.008173410423425675, 0.60877641729211, 0.6360392216493643, 0.6766820967301933, 0.8004428431304105, 0.727045925552389, 0.6248468605417312], [-0.05671923028676762, 0.8205444980685039, 0.0, 0.22222115626536687, 0.5063676287000574, 0.13997301005532856, 0.3253067693679753, 0.6734512408787796, 0.42441491144512966, 0.19994324849328815, 0.00783923647221818, 0.617951062351223, 0.6790169152001456, 0.7101780036446967, 0.8030834742435005, 0.7164232068045032, 0.6276767734454289], [0.39076514559140385, 0.8986164359209908, 0.0, 0.22739237022795783, 0.527091373010613, 0.14062342036142156, 0.2642848858212261, 0.6713158306977951, 0.42341881872941034, 0.21423177072133748, 0.007616154688146137, 0.6096690848609638, 0.6720375830473545, 0.690547750970431, 0.8019287647327871, 0.7198198721051069, 0.6281863557532842], [-0.02163833106775659, 0.9077698604322461, 0.0, 0.17805452418040948, 0.5269686159010672, 0.1408384970358972, 0.25202921392047417, 0.6714540291414264, 0.4208034159468641, 0.21623796551262653, 0.008062078829516484, 0.6273843530739083, 0.6712840823745605, 0.6810127284369066, 0.8043355471666789, 0.7149800718593493, 0.6187774268557692], [-0.3707367921005855, 0.9071459265297552, 0.0, 0.25739872760052834, 0.5386889370614587, 0.1311098479401353, 0.33747126710519526, 0.6809090569764642, 0.378912657715176, 0.21008579925820703, 0.007671947615560004, 0.6274417057874784, 0.6601233715662334, 0.6734438490330782, 0.7852654360950834, 0.7028271151557757, 0.5929028490299477], [-0.12032643940232424, 0.960859020270427, 0.0, 0.2247817366479666, 0.5463392133839794, 0.13218631132458597, 0.2719126136525915, 0.679164664395991, 0.36949017380304916, 0.2184863129361685, 0.007281081678807366, 0.6209598000259291, 0.6541426049957298, 0.6848690433047276, 0.7849268770811721, 0.694632192363666, 0.5904218894591984]], "features_2": [[-0.18824285872308755, 0.6830140306929026, 0.0, 0.20970915611355087, 0.4586929424258296, 0.14047330914335687, 0.26626098042539825, 0.6708497460912204, 0.45206175083533107, 0.17234521410391235, 0.008117752083540042, 0.6382977861729868, 0.6772430775280808, 0.7129615648508022, 0.8042179163783455, 0.7260901669616202, 0.6097436597632209], [0.06345601672517365, 0.7492607406626166, 0.0, 0.19855549648594256, 0.47941855941554823, 0.14326970605579278, 0.21310329543318077, 0.6665031519926059, 0.4613235259837942, 0.18831787218134544, 0.00822905385914674, 0.6262817342546732, 0.6720179044221715, 0.6994167935735407, 0.8032638817602247, 0.7427302775556771, 0.6055937529097429], [-0.11387468155116132, 0.7990210435611051, 0.0, 0.19444521737126141, 0.48952803756468644, 0.1420811882849193, 0.19451248667907706, 0.6667654836283037, 0.45055016311252816, 0.20014835619454607, 0.007894969482732161, 0.6260968969379479, 0.6728141049805587, 0.7218451586194028, 0.8004159954714977, 0.7245836606890018, 0.6097947533561555], [-0.21394998528430342, 0.731328127143882, 0.0, 0.20558824262112696, 0.4674652465955098, 0.14373808759631135, 0.19696812937096694, 0.6645680045220146, 0.46211640342031823, 0.18660427136083269, 0.007560346756364078, 0.6280918552863584, 0.6798162964194682, 0.7104973016951832, 0.80619591820628, 0.7307626718539123, 0.6260595797687379], [0.2677542535787696, 0.7500545140700684, 0.0, 0.19917108991517612, 0.4826381433450949, 0.14101771485680975, 0.20712583900607698, 0.6692401075877805, 0.45124791750269067, 0.18537935675855755, 0.008062078829516484, 0.6134439730609045, 0.664569391944709, 0.6889990667611544, 0.7998856591337236, 0.7232571482479926, 0.6132067831094516], [-0.14002157483980238, 0.7989811509613607, 0.0, 0.1951613979909244, 0.4825664761368548, 0.14494170288903976, 0.13057645615293084, 0.6595944345710634, 0.4547452244366452, 0.20232792934603716, 0.008340296057933516, 0.6257906406159006, 0.6495335613259187, 0.6813806085622034, 0.7962840354901037, 0.7255574351296649, 0.6210073548422184], [-0.1646825447142879, 0.7881515135500902, 0.0, 0.2320789704908785, 0.48489550233550954, 0.14091730926023693, 0.17231550904753518, 0.6669518140437121, 0.425220160674165, 0.19533617266399994, 0.007894969482732161, 0.6260785236970072, 0.6495014305340489, 0.6967970860645464, 0.795950538876722, 0.721252071638301, 0.6021025079799429], [-0.37518165690231253, 0.825024563566094, 0.0, 0.24994593563247944, 0.5132797872254967, 0.1300844855287455, 0.2629960674286359, 0.6807205991018841, 0.3669652057152599, 0.19018902263901305, 0.00716927026363523, 0.6300536399223557, 0.6488180651943148, 0.683366468246212, 0.7819929354999077, 0.6998499847062861, 0.5951978082321016], [-0.29682994771819793, 0.8531513347260102, 0.0, 0.23345229917721025, 0.5039596249041023, 0.13752801053660538, 0.15034703461316284, 0.6683563048387063, 0.418968751245959, 0.2073820092213705, 0.007671947615560004, 0.6401197855037912, 0.6430829263254665, 0.6822838911099418, 0.7790468795862104, 0.6947041369801865, 0.6029640669893366]]}