{"labels_1": ["1", "2", "3", "4", "5", "6", "7", "8", "9"], "labels_2": ["1", "2", "3", "4", "5", "6", "7", "8", "9"], "adj_matrix_1": [[0.0, 0.12926, 0.03405, 0.00585, 0.03104, 0.22451, 0.27997, 0.06538, 0.28098], [0.12926, 0.0, 0.16036, 0.12379, 0.15766, 0.11243, 0.2698, 0.06632, 0.19713], [0.03405, 0.16036, 0.0, 0.03987, 0.00302, 0.24913, 0.27891, 0.09858, 0.29735], [0.00585, 0.12379, 0.03987, 0.0, 0.03686, 0.22009, 0.27994, 0.05962, 0.2779], [0.03104, 0.15766, 0.00302, 0.03686, 0.0, 0.24702, 0.27907, 0.09567, 0.296], [0.22451, 0.11243, 0.24913, 0.22009, 0.24702, 0.0, 0.23555, 0.17195, 0.09926], [0.27997, 0.2698, 0.27891, 0.27994, 0.27907, 0.23555, 0.0, 0.27809, 0.17991], [0.06538, 0.06632, 0.09858, 0.05962, 0.09567, 0.17195, 0.27809, 0.0, 0.24342], [0.28098, 0.19713, 0.29735, 0.2779, 0.296, 0.09926, 0.17991, 0.24342, 0.0]], "adj_matrix_2": [[0.0, 0.03946, 0.04429, 0.11565, 0.01382, 0.14239, 0.33111, 0.15532, 0.201], [0.03946, 0.0, 0.00488, 0.15137, 0.05312, 0.17649, 0.34514, 0.18861, 0.17158], [0.04429, 0.00488, 0.0, 0.15567, 0.0579, 0.18059, 0.34667, 0.19242, 0.16757], [0.11565, 0.15137, 0.15567, 0.0, 0.10264, 0.02901, 0.26217, 0.04329, 0.27006], [0.01382, 0.05312, 0.0579, 0.10264, 0.0, 0.12982, 0.32494, 0.14307, 0.21064], [0.14239, 0.17649, 0.18059, 0.02901, 0.12982, 0.0, 0.24016, 0.01436, 0.28274], [0.33111, 0.34514, 0.34667, 0.26217, 0.32494, 0.24016, 0.0, 0.22853, 0.338], [0.15532, 0.18861, 0.19242, 0.04329, 0.14307, 0.01436, 0.22853, 0.0, 0.28898], [0.201, 0.17158, 0.16757, 0.27006, 0.21064, 0.28274, 0.338, 0.28898, 0.0]], "features_1": [[0.04198444706957316, 0.7452668922365774, 0.0, 0.2262736848019002, 0.480023626569164, 0.13947488144180667, 0.241548925700382, 0.6717262482537778, 0.44038328531609805, 0.18335279046902886, 0.008062078829516484, 0.6297433327988866, 0.6616456349135887, 0.6852932900949394, 0.8042035933546479, 0.7255449771147486, 0.6277466215530121], [0.08884522818346596, 0.7514338574940774, 0.0, 0.23285900649890415, 0.476596514265897, 0.14279602597742416, 0.2050282108323401, 0.666953080449153, 0.44882203316958935, 0.18719432154114046, 0.008062078829516484, 0.6230992852047739, 0.6713330524822925, 0.6950377388375754, 0.8067219020242364, 0.7342356594986603, 0.6311838908577958], [0.16870996589522624, 0.8165552993947365, 0.0, 0.22976497336053098, 0.5008168348124389, 0.13941105849244964, 0.22723046404855224, 0.6712494687297847, 0.4347654526155553, 0.1963850046414295, 0.008062078829516484, 0.6258788284344112, 0.6666109557367333, 0.6733445532637656, 0.8008920444768832, 0.7291174164507139, 0.624879795498946], [0.004398592929067746, 0.823927116363884, 0.0, 0.22140580254013925, 0.5033867460251037, 0.14035820983378242, 0.2652076286805247, 0.6718120865752091, 0.45216294968354376, 0.20273071781179586, 0.00839589484089287, 0.6277264009798718, 0.6646455905028495, 0.6810487078716555, 0.8057309527501729, 0.7184387145899033, 0.6322893269899057], [0.017189211182119468, 0.7944698690234763, 0.0, 0.21609649302248074, 0.48054123003091254, 0.14709074670677047, 0.16496424106934598, 0.659358352117384, 0.47479463624151497, 0.20206276992063676, 0.008618141428105908, 0.632611716146287, 0.6596991265526326, 0.6933606808987984, 0.8086141267714101, 0.7408446211932632, 0.6306338884280193], [0.4026345926849797, 0.8612879484022352, 0.0, 0.233289156994471, 0.5057249152101191, 0.14479046468902, 0.18521439506281823, 0.6636586125845559, 0.46913813497232093, 0.2116610192008972, 0.007950687539111767, 0.6091964615815004, 0.6500234495918444, 0.6615591211767613, 0.8063687509859435, 0.738471619746896, 0.6318213677371285], [0.9268806297988412, 0.854713959282664, 0.0, 0.26763805316170236, 0.507135390924203, 0.14114054657022246, 0.23918976462442174, 0.6699265565908648, 0.4620199024434528, 0.20754527150165103, 0.00839589484089287, 0.5933934959702545, 0.6596781430275905, 0.6735517661569165, 0.8061978205889223, 0.7327315572945947, 0.6255749551079414], [0.0841384030208503, 0.7612862785033947, 0.0, 0.2069799168626325, 0.47205784018794933, 0.14542014375415138, 0.18390764447001615, 0.6617805073199128, 0.48695236427872013, 0.1961732916441392, 0.008507047823598457, 0.6252650335630277, 0.6375637463700756, 0.6834183302390304, 0.8069580912559269, 0.7295938613590045, 0.6143738592133549], [0.3239546947040983, 0.8030373138260577, 0.0, 0.2430597845519142, 0.48603153198077154, 0.14420799668680376, 0.19464945215536958, 0.6637817768954847, 0.48360182710413446, 0.20455410643499405, 0.008618141428105908, 0.6053450928633142, 0.6654721757923787, 0.7023229146138473, 0.8061704418750975, 0.7078852430008519, 0.6155077614288363]], "features_2": [[0.9696349096454435, 0.9444339418140091, 0.0, 0.2620111785679348, 0.5700599391323726, 0.11117422835096671, 0.3307341605600328, 0.6923268624345154, 0.28536940463745397, 0.1797562656851781, 0.006889477554966383, 0.5741266973048886, 0.6289472384176803, 0.6091556719973243, 0.7382404914079739, 0.6728852961878208, 0.5100487605867633], [0.8816333473519071, 0.9119923635035057, 0.0, 0.25837616866364793, 0.5572528553053149, 0.1136309299862675, 0.3572009092617904, 0.6916433658123611, 0.295401976122152, 0.1775557646563366, 0.006889477554966383, 0.580225218079272, 0.6135512015709231, 0.594361028112933, 0.7457931869420898, 0.6756868416063171, 0.5207802259949017], [0.7872898044162588, 1.0780345388217312, 0.0, 0.2497069617075697, 0.5983364092605072, 0.11344888512319727, 0.35216287777731525, 0.6918115487533352, 0.3001876979942686, 0.20720126060130273, 0.007001439975721224, 0.5804783675316671, 0.627696210196547, 0.616777044869283, 0.747212142491629, 0.6777293912324215, 0.5242789619138108], [0.44498118428291544, 1.043313735817516, 0.0, 0.24304759778965054, 0.5884724210731966, 0.11616784899067013, 0.3358682754775778, 0.6907596151896102, 0.3160985707889148, 0.20791607646904464, 0.007392832833969631, 0.590605658366298, 0.631722307410481, 0.6329852980107866, 0.7540154586627111, 0.6885817284759315, 0.5500175480581111], [0.7244730419368413, 0.8558328054236977, 0.0, 0.24718669946577623, 0.5399505907457953, 0.11586292104038304, 0.33491319419128446, 0.6907251842076838, 0.2955436481316651, 0.170183359866382, 0.00683347364535547, 0.5889955479903743, 0.6204688226977376, 0.6128760850229207, 0.751842851234393, 0.6837530224929842, 0.5220938734802443], [0.37448616232086573, 1.0714054558777033, 0.0, 0.23095787540531373, 0.5924729018947129, 0.1186324096294952, 0.38977063789408606, 0.69021294730098, 0.3246727315852189, 0.21505019410746762, 0.007057398507269275, 0.6008498696389173, 0.6315525507800203, 0.614405460746334, 0.7664033360200937, 0.692633273293671, 0.5517317205565389], [0.01367825235094422, 0.9496227109476358, 0.0, 0.22239125430505324, 0.5626916241991965, 0.12036174060477459, 0.320808159913053, 0.6886925042382099, 0.3172244225071177, 0.19638185141293518, 0.0069454663283523566, 0.6193109787902702, 0.6494758206814374, 0.6317335323383798, 0.7646869275913286, 0.6899693165487147, 0.5625588938810009], [0.2829315426186003, 0.7529641104424368, 0.0, 0.214601543412919, 0.5036225467155784, 0.12649346006803738, 0.3677571641040238, 0.6855768609088821, 0.36599863818308, 0.1675459432696924, 0.00711334193318236, 0.6176001406012486, 0.6717346336086796, 0.6791309072024082, 0.7825631536363252, 0.706941603685929, 0.5729870015966955], [0.7587980778373282, 0.828859323873685, 0.0, 0.22598625752604, 0.5245751065017819, 0.12682054221379546, 0.32451949542068304, 0.6847084121830078, 0.36609909624943393, 0.1812537081712866, 0.007336964783822175, 0.5883643326636765, 0.6345707469761779, 0.6532469334092967, 0.7792846087379293, 0.7033601958805462, 0.5862830121673992]]}