{"labels_1": ["1", "2", "3", "4", "5", "6", "7", "8", "9"], "labels_2": ["1", "2", "3", "4", "5", "6", "7", "8", "9"], "adj_matrix_1": [[0.0, 0.19289, 0.00969, 0.13153, 0.06769, 0.15861, 0.05934, 0.30128, 0.07255], [0.19289, 0.0, 0.18496, 0.27963, 0.13368, 0.29145, 0.23713, 0.14581, 0.12908], [0.00969, 0.18496, 0.0, 0.1401, 0.0582, 0.16662, 0.06879, 0.29612, 0.06309], [0.13153, 0.27963, 0.1401, 0.0, 0.18876, 0.03185, 0.07605, 0.34196, 0.19265], [0.06769, 0.13368, 0.0582, 0.18876, 0.0, 0.21139, 0.12423, 0.25945, 0.00498], [0.15861, 0.29145, 0.16662, 0.03185, 0.21139, 0.0, 0.10605, 0.34188, 0.21493], [0.05934, 0.23713, 0.06879, 0.07605, 0.12423, 0.10605, 0.0, 0.32686, 0.12878], [0.30128, 0.14581, 0.29612, 0.34196, 0.25945, 0.34188, 0.32686, 0.0, 0.25595], [0.07255, 0.12908, 0.06309, 0.19265, 0.00498, 0.21493, 0.12878, 0.25595, 0.0]], "adj_matrix_2": [[0.0, 0.28942, 0.16319, 0.13653, 0.26116, 0.29833, 0.00112, 0.11336, 0.20603], [0.28942, 0.0, 0.17337, 0.19912, 0.04828, 0.01724, 0.28896, 0.21918, 0.28241], [0.16319, 0.17337, 0.0, 0.03067, 0.1295, 0.18836, 0.1623, 0.056, 0.27132], [0.13653, 0.19912, 0.03067, 0.0, 0.15725, 0.21331, 0.13558, 0.02556, 0.2644], [0.26116, 0.04828, 0.1295, 0.15725, 0.0, 0.06531, 0.26055, 0.17927, 0.28355], [0.29833, 0.01724, 0.18836, 0.21331, 0.06531, 0.0, 0.29805, 0.23248, 0.28122], [0.00112, 0.28896, 0.1623, 0.13558, 0.26055, 0.29805, 0.0, 0.11231, 0.20663], [0.11336, 0.21918, 0.056, 0.02556, 0.17927, 0.23248, 0.11231, 0.0, 0.2573], [0.20603, 0.28241, 0.27132, 0.2644, 0.28355, 0.28122, 0.20663, 0.2573, 0.0]], "features_1": [[0.12918042146959907, 0.7653920274933007, 0.0, 0.288092833148828, 0.4932149332060416, 0.13128044321327564, 0.19469306701153782, 0.6774056695327968, 0.37708064489260895, 0.17713188841932848, 0.007392832833969631, 0.6067725166270097, 0.6241788987645196, 0.6420480797840353, 0.7735197137382945, 0.6935144748428873, 0.5979912472590427], [0.12574821539953085, 0.7288797532962393, 0.0, 0.3117286086118437, 0.47923575862227397, 0.13386309998547719, 0.2639596424485909, 0.6758778246109909, 0.3892030325129672, 0.17193515432481377, 0.007504523810135222, 0.6152078400789889, 0.6340646444917813, 0.6415416382450055, 0.7832175893942607, 0.7057023599063836, 0.6014182566349695], [0.28222768785253205, 0.8900182735297645, 0.0, 0.2874793631553727, 0.5288770123481298, 0.13121514646466073, 0.18935052617582643, 0.677460026486754, 0.37435042359332127, 0.20181668842632994, 0.007281081678807366, 0.6030295562064074, 0.6167218760246704, 0.6480361180973667, 0.7727740581263437, 0.6921523143140554, 0.6005702720396063], [0.22754700580342346, 0.9078125098890343, 0.0, 0.22969073773957538, 0.5279670529207731, 0.13381773012978526, 0.18123859267995002, 0.6745870031062591, 0.39390573163155973, 0.2097215960120029, 0.007616154688146137, 0.5966582924948347, 0.6486791379671205, 0.6818184297666392, 0.7793266659535286, 0.6809157373089355, 0.6054637579173155], [-0.029638041765176926, 0.7510747830360543, 0.0, 0.2872032293075992, 0.4800912766482265, 0.13625085301555892, 0.21323863878549504, 0.6718082616131207, 0.40072103021391103, 0.18042629053003134, 0.008062078829516484, 0.6143969217210503, 0.6508880387631678, 0.6745037344742094, 0.7858002081915259, 0.6861800849388577, 0.6133920363949954], [0.2614323162153336, 0.9254238373668967, 0.0, 0.2528490837197576, 0.5293208825048431, 0.13656965078514488, 0.17593029541748068, 0.6712203201566005, 0.40452313192178413, 0.21566914807149695, 0.007950687539111767, 0.598721991120057, 0.6405627749602568, 0.6715726109567982, 0.7833536021068955, 0.6993117072041666, 0.6145193156710853], [-0.07571400373540849, 0.8444975192496088, 0.0, 0.19329141569658936, 0.5142105073939638, 0.13150171556477736, 0.19660507131492935, 0.6774443231825249, 0.3771339965679612, 0.19336404653258166, 0.007057398507269275, 0.6102311532936806, 0.6401859567691032, 0.6563156376432185, 0.7760897244026058, 0.7020859938720471, 0.598666082358717], [-0.29582779263153425, 0.710305349118068, 0.0, 0.22029849439468235, 0.4669325279355184, 0.13485291216258624, 0.20641827067373128, 0.6734968216189313, 0.3960612251470814, 0.17052139633890184, 0.007504523810135222, 0.627775994193887, 0.6553158492762097, 0.676713818890029, 0.78583510600201, 0.7018667785969367, 0.6132883018467425], [-0.17940411216089514, 0.7875248453347105, 0.0, 0.1984879863107859, 0.49703957088500705, 0.1304458311052635, 0.22829756586108232, 0.6787838585413629, 0.38055795800450465, 0.18315241969903262, 0.007616154688146137, 0.6191064574701168, 0.6513011912193288, 0.6763879593878772, 0.7792319133938762, 0.6930997395862771, 0.6060874932296628]], "features_2": [[0.3296464392567038, 0.6801630020427921, 0.0, 0.24633105959534077, 0.48556090147142034, 0.12293051377598099, 0.4274057457619861, 0.6881177539444767, 0.3380836373827887, 0.14672078242199604, 0.00677745458930179, 0.5983344899823644, 0.6305944046317871, 0.6628427125020293, 0.7705375522516081, 0.684059334190295, 0.5836095184622717], [-0.059868153319869055, 0.6554068843993619, 0.0, 0.2250230323193485, 0.47798355429127853, 0.1233277040504694, 0.45455815204803046, 0.6887640057050277, 0.3537691955081683, 0.14495699750015878, 0.007225183508792421, 0.6180263375313126, 0.6537694898137144, 0.6791033208682654, 0.7814780478642535, 0.7276937379974291, 0.591797045482277], [0.30164265373915233, 0.7960308747272363, 0.0, 0.23966067515691195, 0.522846236311771, 0.12327829641536, 0.47755408791064297, 0.688561817942797, 0.345773029186913, 0.17159179552914594, 0.006889477554966383, 0.6022240588698342, 0.6382508138193295, 0.6568890824891281, 0.7767776535747792, 0.6982681110955792, 0.5855720108017656], [0.22331886306126636, 0.8042595818496605, 0.0, 0.22519801082252594, 0.5225759636406663, 0.12294763495087575, 0.45567171466141543, 0.6879852622821814, 0.3329149878663369, 0.17186550384593224, 0.007225183508792421, 0.599731276030153, 0.6326652415454813, 0.6541793090027519, 0.7669309339622675, 0.6824999433129655, 0.5741222219692608], [-0.12812531442197184, 0.6452553910907015, 0.0, 0.22036256296386694, 0.476043410070076, 0.12432520593682975, 0.500857259610936, 0.6889256974560332, 0.36843918226367456, 0.144366861998368, 0.007448685839370306, 0.6210242358257925, 0.6601922271497651, 0.6994481530453358, 0.7879088417004547, 0.7331179688864121, 0.5985242837972734], [0.09647890344962429, 0.8381886632530171, 0.0, 0.20476549573761943, 0.5378304005216614, 0.12109860534622653, 0.5269064689354017, 0.6899255758073808, 0.33465441754844205, 0.17735615772168623, 0.00711334193318236, 0.609031759072511, 0.6653914753551535, 0.6841655354440274, 0.7734549382883893, 0.7116676100566002, 0.5796428249662386], [0.23987515518310865, 0.8080092575752817, 0.0, 0.19713429496182014, 0.5267790930012847, 0.12139647392020031, 0.6156357613244218, 0.6893672779608628, 0.3236258327726438, 0.1703668696799827, 0.0066653709969386465, 0.5899320704664692, 0.6374503813089011, 0.6508313033156872, 0.7638394376383778, 0.679984004144436, 0.559234221490018], [0.0028895200055196746, 0.6452422393137984, 0.0, 0.2020020158339223, 0.4770831792908719, 0.12262767622337377, 0.5642130270471426, 0.689375770147958, 0.34209457049294456, 0.1377316150818375, 0.007001439975721224, 0.5990321071046951, 0.6420413067942687, 0.6736431222674124, 0.773278934026456, 0.7060857811883515, 0.5967291500917359], [0.6048252719179184, 0.765093381831547, 0.0, 0.22400152779035987, 0.5148144209295068, 0.1200695979870385, 0.6439619310237269, 0.6898173404646146, 0.3114831967840117, 0.1556755846854827, 0.00677745458930179, 0.5815571007021965, 0.649231516864272, 0.6513888712931202, 0.7529559590123253, 0.6796575885357323, 0.5691312958249596]]}