{"labels_1": ["1", "2", "3", "4", "5", "6", "7", "8", "9"], "labels_2": ["1", "2", "3", "4", "5", "6", "7", "8", "9"], "adj_matrix_1": [[0.0, 0.19289, 0.00969, 0.13153, 0.06769, 0.15861, 0.05934, 0.30128, 0.07255], [0.19289, 0.0, 0.18496, 0.27963, 0.13368, 0.29145, 0.23713, 0.14581, 0.12908], [0.00969, 0.18496, 0.0, 0.1401, 0.0582, 0.16662, 0.06879, 0.29612, 0.06309], [0.13153, 0.27963, 0.1401, 0.0, 0.18876, 0.03185, 0.07605, 0.34196, 0.19265], [0.06769, 0.13368, 0.0582, 0.18876, 0.0, 0.21139, 0.12423, 0.25945, 0.00498], [0.15861, 0.29145, 0.16662, 0.03185, 0.21139, 0.0, 0.10605, 0.34188, 0.21493], [0.05934, 0.23713, 0.06879, 0.07605, 0.12423, 0.10605, 0.0, 0.32686, 0.12878], [0.30128, 0.14581, 0.29612, 0.34196, 0.25945, 0.34188, 0.32686, 0.0, 0.25595], [0.07255, 0.12908, 0.06309, 0.19265, 0.00498, 0.21493, 0.12878, 0.25595, 0.0]], "adj_matrix_2": [[0.0, 0.10153, 0.01408, 0.07047, 0.03399, 0.14797, 0.33148, 0.16248, 0.16696], [0.10153, 0.0, 0.11487, 0.0321, 0.13353, 0.23467, 0.37891, 0.24697, 0.2507], [0.01408, 0.11487, 0.0, 0.0842, 0.01994, 0.13497, 0.32294, 0.14965, 0.15424], [0.07047, 0.0321, 0.0842, 0.0, 0.10343, 0.20968, 0.36745, 0.22273, 0.22676], [0.03399, 0.13353, 0.01994, 0.10343, 0.0, 0.11612, 0.30982, 0.1311, 0.13576], [0.14797, 0.23467, 0.13497, 0.20968, 0.11612, 0.0, 0.2176, 0.01572, 0.02068], [0.33148, 0.37891, 0.32294, 0.36745, 0.30982, 0.2176, 0.0, 0.20367, 0.19926], [0.16248, 0.24697, 0.14965, 0.22273, 0.1311, 0.01572, 0.20367, 0.0, 0.00495], [0.16696, 0.2507, 0.15424, 0.22676, 0.13576, 0.02068, 0.19926, 0.00495, 0.0]], "features_1": [[0.12918042146959907, 0.7653920274933007, 0.0, 0.288092833148828, 0.4932149332060416, 0.13128044321327564, 0.19469306701153782, 0.6774056695327968, 0.37708064489260895, 0.17713188841932848, 0.007392832833969631, 0.6067725166270097, 0.6241788987645196, 0.6420480797840353, 0.7735197137382945, 0.6935144748428873, 0.5979912472590427], [0.12574821539953085, 0.7288797532962393, 0.0, 0.3117286086118437, 0.47923575862227397, 0.13386309998547719, 0.2639596424485909, 0.6758778246109909, 0.3892030325129672, 0.17193515432481377, 0.007504523810135222, 0.6152078400789889, 0.6340646444917813, 0.6415416382450055, 0.7832175893942607, 0.7057023599063836, 0.6014182566349695], [0.28222768785253205, 0.8900182735297645, 0.0, 0.2874793631553727, 0.5288770123481298, 0.13121514646466073, 0.18935052617582643, 0.677460026486754, 0.37435042359332127, 0.20181668842632994, 0.007281081678807366, 0.6030295562064074, 0.6167218760246704, 0.6480361180973667, 0.7727740581263437, 0.6921523143140554, 0.6005702720396063], [0.22754700580342346, 0.9078125098890343, 0.0, 0.22969073773957538, 0.5279670529207731, 0.13381773012978526, 0.18123859267995002, 0.6745870031062591, 0.39390573163155973, 0.2097215960120029, 0.007616154688146137, 0.5966582924948347, 0.6486791379671205, 0.6818184297666392, 0.7793266659535286, 0.6809157373089355, 0.6054637579173155], [-0.029638041765176926, 0.7510747830360543, 0.0, 0.2872032293075992, 0.4800912766482265, 0.13625085301555892, 0.21323863878549504, 0.6718082616131207, 0.40072103021391103, 0.18042629053003134, 0.008062078829516484, 0.6143969217210503, 0.6508880387631678, 0.6745037344742094, 0.7858002081915259, 0.6861800849388577, 0.6133920363949954], [0.2614323162153336, 0.9254238373668967, 0.0, 0.2528490837197576, 0.5293208825048431, 0.13656965078514488, 0.17593029541748068, 0.6712203201566005, 0.40452313192178413, 0.21566914807149695, 0.007950687539111767, 0.598721991120057, 0.6405627749602568, 0.6715726109567982, 0.7833536021068955, 0.6993117072041666, 0.6145193156710853], [-0.07571400373540849, 0.8444975192496088, 0.0, 0.19329141569658936, 0.5142105073939638, 0.13150171556477736, 0.19660507131492935, 0.6774443231825249, 0.3771339965679612, 0.19336404653258166, 0.007057398507269275, 0.6102311532936806, 0.6401859567691032, 0.6563156376432185, 0.7760897244026058, 0.7020859938720471, 0.598666082358717], [-0.29582779263153425, 0.710305349118068, 0.0, 0.22029849439468235, 0.4669325279355184, 0.13485291216258624, 0.20641827067373128, 0.6734968216189313, 0.3960612251470814, 0.17052139633890184, 0.007504523810135222, 0.627775994193887, 0.6553158492762097, 0.676713818890029, 0.78583510600201, 0.7018667785969367, 0.6132883018467425], [-0.17940411216089514, 0.7875248453347105, 0.0, 0.1984879863107859, 0.49703957088500705, 0.1304458311052635, 0.22829756586108232, 0.6787838585413629, 0.38055795800450465, 0.18315241969903262, 0.007616154688146137, 0.6191064574701168, 0.6513011912193288, 0.6763879593878772, 0.7792319133938762, 0.6930997395862771, 0.6060874932296628]], "features_2": [[-0.2773373415665552, 0.7375299794001045, 0.0, 0.1868420091725389, 0.5082909940040171, 0.11641760332793431, 0.38364135245370434, 0.6910416479599311, 0.30553971649440337, 0.15420242356869207, 0.0069454663283523566, 0.6086453873381932, 0.6530937283578588, 0.6755091627575567, 0.7576216473890257, 0.6930327402542665, 0.5245487528708248], [-0.12091043548918545, 0.7405043281916184, 0.0, 0.1867615003796167, 0.5061564805334584, 0.12041423449122747, 0.34194423938464025, 0.6894942785888833, 0.3252578064180194, 0.1577152245039859, 0.00711334193318236, 0.6059249597564673, 0.6605407937082999, 0.6798456391234419, 0.7683500698167528, 0.7035637141817728, 0.5407482668744538], [-0.29848154907763336, 0.8643985833487984, 0.0, 0.19260986481697706, 0.5436603082484626, 0.11775937794251093, 0.3706483658168871, 0.6905217478084843, 0.3183854551695806, 0.18229450411575554, 0.0069454663283523566, 0.6066784314797964, 0.6508412006143109, 0.6761367533913047, 0.7600669943300447, 0.6927679685424518, 0.528021487465648], [-0.2669901317569843, 0.8491313592101281, 0.0, 0.19571129845271454, 0.5382896006076594, 0.11788116935415408, 0.4245963725681975, 0.6903655895894445, 0.3113413517008059, 0.17875430519097324, 0.006721420376576193, 0.608754636169679, 0.6394427718568598, 0.6572558402799518, 0.759241666824217, 0.6972927153340527, 0.5359998774490673], [-0.07845899335980899, 0.7262013216954347, 0.0, 0.17250275553727729, 0.49772339508912444, 0.12338492097075478, 0.3356660637853842, 0.6879497488544639, 0.34084415065632045, 0.15821367695211408, 0.006889477554966383, 0.6063792939119601, 0.6436914383053, 0.6720912308698418, 0.7754573004482253, 0.6888038991930933, 0.5561664686671377], [-0.35057726635098696, 0.8882156724616681, 0.0, 0.19975370396675718, 0.5475068088031787, 0.12006075824935021, 0.40362821158688644, 0.6895249838466404, 0.33154137594431377, 0.19093910315115292, 0.0069454663283523566, 0.6185778206108312, 0.6574214000179163, 0.6743370570671279, 0.7649883791848943, 0.6926664309318337, 0.5401639142439154], [-0.3484878088177328, 0.8351573107092182, 0.0, 0.1943851782102158, 0.5312744611611, 0.12196166760326718, 0.5295210794670588, 0.688834498761884, 0.3280758861130939, 0.18099573838864025, 0.00683347364535547, 0.6300409148432284, 0.6499032208214772, 0.6722949353957496, 0.7678741172554614, 0.7069321752662152, 0.5595523165583041], [-0.1781175527505181, 0.7435012970533941, 0.0, 0.18389400042178108, 0.49604428807789247, 0.12709078195590867, 0.3880754020292699, 0.6845361494577703, 0.3516697909778932, 0.16607673105082532, 0.007281081678807366, 0.6204194023152543, 0.6495912250902616, 0.6586378731585448, 0.7747156697484193, 0.6855756241919851, 0.5816780987596809], [-0.2350378874743826, 0.8233605342684142, 0.0, 0.1805425122987258, 0.5196935688677028, 0.12702549291790416, 0.42717947738693096, 0.6845814964064172, 0.3523085209468291, 0.1830320147675224, 0.007057398507269275, 0.6208733185578121, 0.6398027044648992, 0.6686367626126289, 0.7709232546069092, 0.7082685251861737, 0.5849498198089677]]}