{"labels_1": ["1", "2", "3", "4", "5", "6", "7", "8", "9"], "labels_2": ["1", "2", "3", "4", "5", "6", "7", "8", "9"], "adj_matrix_1": [[0.0, 0.19289, 0.00969, 0.13153, 0.06769, 0.15861, 0.05934, 0.30128, 0.07255], [0.19289, 0.0, 0.18496, 0.27963, 0.13368, 0.29145, 0.23713, 0.14581, 0.12908], [0.00969, 0.18496, 0.0, 0.1401, 0.0582, 0.16662, 0.06879, 0.29612, 0.06309], [0.13153, 0.27963, 0.1401, 0.0, 0.18876, 0.03185, 0.07605, 0.34196, 0.19265], [0.06769, 0.13368, 0.0582, 0.18876, 0.0, 0.21139, 0.12423, 0.25945, 0.00498], [0.15861, 0.29145, 0.16662, 0.03185, 0.21139, 0.0, 0.10605, 0.34188, 0.21493], [0.05934, 0.23713, 0.06879, 0.07605, 0.12423, 0.10605, 0.0, 0.32686, 0.12878], [0.30128, 0.14581, 0.29612, 0.34196, 0.25945, 0.34188, 0.32686, 0.0, 0.25595], [0.07255, 0.12908, 0.06309, 0.19265, 0.00498, 0.21493, 0.12878, 0.25595, 0.0]], "adj_matrix_2": [[0.0, 0.25382, 0.04747, 0.05497, 0.24101, 0.05723, 0.11945, 0.18524, 0.06089], [0.25382, 0.0, 0.22982, 0.22553, 0.03283, 0.22417, 0.29387, 0.30591, 0.27744], [0.04747, 0.22982, 0.0, 0.00761, 0.21245, 0.00992, 0.16232, 0.22292, 0.10679], [0.05497, 0.22553, 0.00761, 0.0, 0.20744, 0.00231, 0.16883, 0.22848, 0.11391], [0.24101, 0.03283, 0.21245, 0.20744, 0.0, 0.20587, 0.29264, 0.31094, 0.27055], [0.05723, 0.22417, 0.00992, 0.00231, 0.20587, 0.0, 0.17079, 0.23013, 0.11605], [0.11945, 0.29387, 0.16232, 0.16883, 0.29264, 0.17079, 0.0, 0.07267, 0.06058], [0.18524, 0.30591, 0.22292, 0.22848, 0.31094, 0.23013, 0.07267, 0.0, 0.13095], [0.06089, 0.27744, 0.10679, 0.11391, 0.27055, 0.11605, 0.06058, 0.13095, 0.0]], "features_1": [[0.12918042146959907, 0.7653920274933007, 0.0, 0.288092833148828, 0.4932149332060416, 0.13128044321327564, 0.19469306701153782, 0.6774056695327968, 0.37708064489260895, 0.17713188841932848, 0.007392832833969631, 0.6067725166270097, 0.6241788987645196, 0.6420480797840353, 0.7735197137382945, 0.6935144748428873, 0.5979912472590427], [0.12574821539953085, 0.7288797532962393, 0.0, 0.3117286086118437, 0.47923575862227397, 0.13386309998547719, 0.2639596424485909, 0.6758778246109909, 0.3892030325129672, 0.17193515432481377, 0.007504523810135222, 0.6152078400789889, 0.6340646444917813, 0.6415416382450055, 0.7832175893942607, 0.7057023599063836, 0.6014182566349695], [0.28222768785253205, 0.8900182735297645, 0.0, 0.2874793631553727, 0.5288770123481298, 0.13121514646466073, 0.18935052617582643, 0.677460026486754, 0.37435042359332127, 0.20181668842632994, 0.007281081678807366, 0.6030295562064074, 0.6167218760246704, 0.6480361180973667, 0.7727740581263437, 0.6921523143140554, 0.6005702720396063], [0.22754700580342346, 0.9078125098890343, 0.0, 0.22969073773957538, 0.5279670529207731, 0.13381773012978526, 0.18123859267995002, 0.6745870031062591, 0.39390573163155973, 0.2097215960120029, 0.007616154688146137, 0.5966582924948347, 0.6486791379671205, 0.6818184297666392, 0.7793266659535286, 0.6809157373089355, 0.6054637579173155], [-0.029638041765176926, 0.7510747830360543, 0.0, 0.2872032293075992, 0.4800912766482265, 0.13625085301555892, 0.21323863878549504, 0.6718082616131207, 0.40072103021391103, 0.18042629053003134, 0.008062078829516484, 0.6143969217210503, 0.6508880387631678, 0.6745037344742094, 0.7858002081915259, 0.6861800849388577, 0.6133920363949954], [0.2614323162153336, 0.9254238373668967, 0.0, 0.2528490837197576, 0.5293208825048431, 0.13656965078514488, 0.17593029541748068, 0.6712203201566005, 0.40452313192178413, 0.21566914807149695, 0.007950687539111767, 0.598721991120057, 0.6405627749602568, 0.6715726109567982, 0.7833536021068955, 0.6993117072041666, 0.6145193156710853], [-0.07571400373540849, 0.8444975192496088, 0.0, 0.19329141569658936, 0.5142105073939638, 0.13150171556477736, 0.19660507131492935, 0.6774443231825249, 0.3771339965679612, 0.19336404653258166, 0.007057398507269275, 0.6102311532936806, 0.6401859567691032, 0.6563156376432185, 0.7760897244026058, 0.7020859938720471, 0.598666082358717], [-0.29582779263153425, 0.710305349118068, 0.0, 0.22029849439468235, 0.4669325279355184, 0.13485291216258624, 0.20641827067373128, 0.6734968216189313, 0.3960612251470814, 0.17052139633890184, 0.007504523810135222, 0.627775994193887, 0.6553158492762097, 0.676713818890029, 0.78583510600201, 0.7018667785969367, 0.6132883018467425], [-0.17940411216089514, 0.7875248453347105, 0.0, 0.1984879863107859, 0.49703957088500705, 0.1304458311052635, 0.22829756586108232, 0.6787838585413629, 0.38055795800450465, 0.18315241969903262, 0.007616154688146137, 0.6191064574701168, 0.6513011912193288, 0.6763879593878772, 0.7792319133938762, 0.6930997395862771, 0.6060874932296628]], "features_2": [[0.3259901918291539, 0.904088807880276, 0.0, 0.31832587238125787, 0.5382215057945745, 0.12222621370935464, 0.365457539264078, 0.6875099130636726, 0.3470451470493052, 0.19436761151020399, 0.007225183508792421, 0.5969367736753433, 0.6388740999591606, 0.6603226349119019, 0.773034065168459, 0.6951458075369111, 0.5644619636636208], [0.8038016080751293, 0.8940374809120132, 0.0, 0.2969496238678294, 0.5411476536454449, 0.11898116304534986, 0.384713725973613, 0.6894626225929035, 0.3333197573834845, 0.18546889847458892, 0.007225183508792421, 0.5798557343148594, 0.6292462672764707, 0.652827554357992, 0.766827753680777, 0.6908866361118784, 0.5604075438724986], [0.40840112998183065, 1.0201388837209373, 0.0, 0.3104127575230456, 0.5697808794490394, 0.11747101000174039, 0.34605640893679424, 0.6896474748518014, 0.31062359474499557, 0.20649504265504626, 0.00677745458930179, 0.5845741446310788, 0.6236584766544235, 0.6431395455355206, 0.7565601966600323, 0.6852779007259633, 0.546381788687531], [0.497510423740791, 1.0308833824444583, 0.0, 0.3213622885321375, 0.5693218429106521, 0.12008363271859224, 0.30435746574632744, 0.6879353869039211, 0.3263905146304049, 0.21359957814973063, 0.007001439975721224, 0.5885834843064015, 0.6259657250264378, 0.6369701648448912, 0.7603499030203387, 0.6822316907875902, 0.553837759043193], [0.5192049673948032, 0.8716553843423664, 0.0, 0.28947036193603193, 0.5360844706806307, 0.11971669771660025, 0.382728447457783, 0.6891538224094402, 0.33274814087811855, 0.18294994751486326, 0.00711334193318236, 0.5808441838035221, 0.6356291775294732, 0.6532330703295735, 0.7695282050890863, 0.6897024684199019, 0.5724708097207338], [0.366812962668404, 1.0604897741908197, 0.0, 0.3059508159233839, 0.5819624265086543, 0.11514352151869237, 0.3048395245744587, 0.6904511941143754, 0.29856220306597847, 0.21107806764853132, 0.00655322669591385, 0.5813310880540445, 0.6193164232116667, 0.642702143400985, 0.7435508915063291, 0.6536495082335398, 0.5419203252116261], [0.018025997219322853, 0.9645283446515625, 0.0, 0.28115202345584267, 0.5589603368349991, 0.11949375280264793, 0.32429295335792857, 0.6886861513340726, 0.323546940084958, 0.2019632521599395, 0.007001439975721224, 0.6033764400572548, 0.646114881467763, 0.6667636263834127, 0.7597913198558262, 0.6857396036720115, 0.5585600337240114], [-0.21100755204828214, 0.8310305109058636, 0.0, 0.21237757018603315, 0.5284231420491021, 0.11718531979939623, 0.26667823498804283, 0.6896584883092587, 0.3059935378337362, 0.17387732285725632, 0.00655322669591385, 0.6086923322797397, 0.6485447582813878, 0.6643034431346445, 0.750271899432806, 0.6858950939160683, 0.5721908642120233], [-0.23782008483674222, 0.9435767837581274, 0.0, 0.22325058951998508, 0.5557900115059441, 0.11683380141206809, 0.1927698054564459, 0.6892697880748858, 0.2924919802861494, 0.19332162050573376, 0.0064410216040902135, 0.6038760677597783, 0.6230017940229492, 0.6457095950778141, 0.7391132232103251, 0.6801581345524241, 0.5581408143030128]]}