{"labels_1": ["1", "2", "3", "4", "5", "6", "7", "8", "9"], "labels_2": ["1", "2", "3", "4", "5", "6", "7", "8", "9"], "adj_matrix_1": [[0.0, 0.12935, 0.00043, 0.09291, 0.14238, 0.01193, 0.15996, 0.29667, 0.30951], [0.12935, 0.0, 0.12896, 0.19546, 0.01695, 0.13885, 0.23183, 0.26087, 0.25369], [0.00043, 0.12896, 0.0, 0.09331, 0.14201, 0.01237, 0.16031, 0.29667, 0.30946], [0.09291, 0.19546, 0.09331, 0.0, 0.2033, 0.08179, 0.07666, 0.27783, 0.30746], [0.14238, 0.01695, 0.14201, 0.2033, 0.0, 0.1513, 0.23509, 0.252, 0.2431], [0.01193, 0.13885, 0.01237, 0.08179, 0.1513, 0.0, 0.15064, 0.29628, 0.3112], [0.15996, 0.23183, 0.16031, 0.07666, 0.23509, 0.15064, 0.0, 0.23791, 0.28043], [0.29667, 0.26087, 0.29667, 0.27783, 0.252, 0.29628, 0.23791, 0.0, 0.06622], [0.30951, 0.25369, 0.30946, 0.30746, 0.2431, 0.3112, 0.28043, 0.06622, 0.0]], "adj_matrix_2": [[0.0, 0.02307, 0.08064, 0.17328, 0.02456, 0.12882, 0.15228, 0.1626, 0.17521], [0.02307, 0.0, 0.09955, 0.17594, 0.04705, 0.14172, 0.16074, 0.14813, 0.16249], [0.08064, 0.09955, 0.0, 0.13801, 0.05852, 0.06162, 0.09783, 0.20544, 0.20675], [0.17328, 0.17594, 0.13801, 0.0, 0.16702, 0.0899, 0.05239, 0.20831, 0.17697], [0.02456, 0.04705, 0.05852, 0.16702, 0.0, 0.11211, 0.13996, 0.17705, 0.18711], [0.12882, 0.14172, 0.06162, 0.0899, 0.11211, 0.0, 0.04041, 0.22053, 0.20947], [0.15228, 0.16074, 0.09783, 0.05239, 0.13996, 0.04041, 0.0, 0.22049, 0.20058], [0.1626, 0.14813, 0.20544, 0.20831, 0.17705, 0.22053, 0.22049, 0.0, 0.05785], [0.17521, 0.16249, 0.20675, 0.17697, 0.18711, 0.20947, 0.20058, 0.05785, 0.0]], "features_1": [[0.7452480104448331, 0.6753963440794916, 0.0, 0.2613070910689273, 0.4630547685530103, 0.13186883308274133, 0.23921978072060454, 0.6778076558436799, 0.39789196230149537, 0.156554119388022, 0.008062078829516484, 0.5915741774682672, 0.6340974263710775, 0.6512596327712553, 0.7846507810999239, 0.7266909931415003, 0.5928421226430305], [0.8204519465269322, 0.6304274606311455, 0.0, 0.2785693478330923, 0.44921248023267457, 0.13444311737601794, 0.31089288098290024, 0.6779791706109943, 0.40974505462566313, 0.15086383867123465, 0.007894969482732161, 0.5852569308518101, 0.6528839926048191, 0.6894471990580898, 0.7990051298152251, 0.7320321525084316, 0.6132281464158996], [0.8821648902789319, 0.7450997784146732, 0.0, 0.23886170108894483, 0.48879210543533425, 0.13082489095310534, 0.2742851234872596, 0.6797815825155806, 0.39442975350103016, 0.1707849367045755, 0.008006390651371653, 0.5865294853897494, 0.632372893291817, 0.6686454791303796, 0.785582047165053, 0.7151206501759234, 0.5986573338879532], [0.634550624491061, 0.7235434288367754, 0.0, 0.23773984467228768, 0.48376323790479253, 0.12873341355550366, 0.27342403123427916, 0.6816020658644784, 0.3646653473472399, 0.16088483268624287, 0.007392832833969631, 0.5934801477127691, 0.6365805555859043, 0.6505681299840657, 0.7802958646672818, 0.6986882796014993, 0.5854860735375249], [1.0970372305553804, 0.6341541395389985, 0.0, 0.2736470749248383, 0.4464133871430217, 0.13562509216369803, 0.2903240942347033, 0.6761164551653447, 0.4129148925099364, 0.15177113853139357, 0.007894969482732161, 0.5789873828252055, 0.6465806116323671, 0.6934701675463777, 0.7987186265987921, 0.749238165740264, 0.6143764874829972], [1.2672232291504928, 0.7314620136565568, 0.0, 0.23339314316833648, 0.48725370939997414, 0.13070859879943925, 0.3457998558918135, 0.681467686090305, 0.3993007180261201, 0.16580405537482346, 0.007783488497544067, 0.5811726722607704, 0.653630386321661, 0.6767047000567068, 0.7922859233196363, 0.7213869145415316, 0.6053939902727814], [0.5704943145779815, 0.7102377078216041, 0.0, 0.24196407789210275, 0.472026948482236, 0.13442454251095876, 0.26763179252296254, 0.6763912476778139, 0.4170138495740874, 0.16845927120295712, 0.00783923647221818, 0.6008830449502325, 0.6468237154667289, 0.6784881624708948, 0.7937257524373902, 0.7243499107261534, 0.6049866115896132], [0.3770785296244519, 0.5769137104464251, 0.0, 0.21580220674190992, 0.43068339539168937, 0.1343669117065499, 0.3122577024811669, 0.6784821851464571, 0.4248457520765878, 0.13630816006612823, 0.007671947615560004, 0.6141974675893118, 0.6572539476180622, 0.6695533579431316, 0.796288186964594, 0.7068720461079875, 0.6227193612441986], [0.15719940516974518, 0.6092771186939456, 0.0, 0.1845510526303993, 0.4490822681473334, 0.13039983711637326, 0.3481461144725813, 0.6824051087050309, 0.38581734694159997, 0.13918112567363106, 0.007225183508792421, 0.6138669403762935, 0.6427116548617895, 0.6598678677195979, 0.7895389836564568, 0.7203317184125883, 0.6025693914601453]], "features_2": [[1.6889627320482807, 0.7632163977412132, 0.0, 0.34429045722997353, 0.4831495809367795, 0.13080123962713183, 0.20502504363428004, 0.6769231326775547, 0.3718996797268759, 0.1719753190340083, 0.007671947615560004, 0.5603495450926737, 0.6324455402172096, 0.6316133999241276, 0.7662990912509805, 0.7007964946631376, 0.5800032571600532], [1.964361455800531, 0.7666944674004519, 0.0, 0.33409595404186637, 0.4876857593650842, 0.130468786444831, 0.26792115406379013, 0.6793193374483627, 0.38167405936067134, 0.17300376227439762, 0.007894969482732161, 0.5567916217865738, 0.6348341698519202, 0.6549686533725795, 0.7759275152994973, 0.6795407313802637, 0.5855761371940708], [1.3174806635769691, 0.8905448830554361, 0.0, 0.3344903900528516, 0.5187467323554703, 0.13042693342952763, 0.16887544932974025, 0.6766790920761753, 0.36553024100430487, 0.1996106369042625, 0.007671947615560004, 0.5668786952112916, 0.609333485938935, 0.6361261037551059, 0.7629447030887144, 0.6693644307162405, 0.5695001686363479], [0.802614255599567, 0.877733763934923, 0.0, 0.31816236400403275, 0.51112620671212, 0.13313661026764761, 0.16729691264468655, 0.6733148056172357, 0.37499748351476514, 0.20168116275531967, 0.007671947615560004, 0.579486692637587, 0.6251562765331562, 0.6550156176568815, 0.7677058761889634, 0.6810687978550766, 0.5765683296274771], [1.630249414030395, 0.7587829971120869, 0.0, 0.32246865487071713, 0.4824652849756558, 0.13322447567292917, 0.22077111055824689, 0.6764320987755372, 0.3979750978681038, 0.17538936690203855, 0.008062078829516484, 0.5664393984654752, 0.6293385972783905, 0.6512146260162875, 0.7833187699484334, 0.6967841741284886, 0.5921580956432527], [1.022946360669752, 0.9023596475831991, 0.0, 0.3205946992415614, 0.5214007581462616, 0.13268887175349448, 0.18560327330076518, 0.6756670192119943, 0.38120226817877056, 0.20609636973235212, 0.007727725548673403, 0.5750091470476781, 0.6316252621964829, 0.6596004127307118, 0.7770661071409142, 0.7060735520692276, 0.5794395646634023], [0.7241294337005115, 0.8785528046713652, 0.0, 0.3346336954999139, 0.5098069613815621, 0.13451456183500862, 0.12301702733769275, 0.671498729160338, 0.38737185402323715, 0.20536922472038066, 0.00783923647221818, 0.5797204276057988, 0.6252214263325164, 0.6557749442237212, 0.771006713781548, 0.6948602067402164, 0.5733728392897763], [0.250027390136474, 0.7064123065520396, 0.0, 0.2798725541018127, 0.4641105674100353, 0.13578325487489187, 0.21679777195148162, 0.6732712994753574, 0.3985051472691461, 0.169847100131699, 0.008173410423425675, 0.6060031284921166, 0.6443953682665863, 0.6643053877680154, 0.7859144118277334, 0.7196471097119931, 0.5956837221751528], [0.25769212062544256, 0.8118934484645787, 0.0, 0.30310054233703226, 0.4952852623703047, 0.13527965300099562, 0.2080305923093711, 0.6726184492572154, 0.38423966572419266, 0.19179274927100343, 0.007616154688146137, 0.5926834479679375, 0.6452772577125777, 0.6711802324524166, 0.7789749772576512, 0.7164893339049319, 0.584240810408855]]}