{"labels_1": ["1", "2", "3", "4", "5", "6", "7", "8", "9"], "labels_2": ["1", "2", "3", "4", "5", "6", "7", "8", "9"], "adj_matrix_1": [[0.0, 0.20413, 0.04336, 0.10454, 0.20618, 0.02431, 0.01388, 0.20093, 0.20931], [0.20413, 0.0, 0.22304, 0.13442, 0.01453, 0.2155, 0.19695, 0.17494, 0.04248], [0.04336, 0.22304, 0.0, 0.13485, 0.22354, 0.0194, 0.05665, 0.19194, 0.22346], [0.10454, 0.13442, 0.13485, 0.0, 0.13829, 0.1223, 0.09351, 0.1791, 0.14574], [0.20618, 0.01453, 0.22354, 0.13829, 0.0, 0.21673, 0.19938, 0.16401, 0.02808], [0.02431, 0.2155, 0.0194, 0.1223, 0.21673, 0.0, 0.03798, 0.19715, 0.21816], [0.01388, 0.19695, 0.05665, 0.09351, 0.19938, 0.03798, 0.0, 0.20164, 0.20337], [0.20093, 0.17494, 0.19194, 0.1791, 0.16401, 0.19715, 0.20164, 0.0, 0.14155], [0.20931, 0.04248, 0.22346, 0.14574, 0.02808, 0.21816, 0.20337, 0.14155, 0.0]], "adj_matrix_2": [[0.0, 0.02307, 0.08064, 0.17328, 0.02456, 0.12882, 0.15228, 0.1626, 0.17521], [0.02307, 0.0, 0.09955, 0.17594, 0.04705, 0.14172, 0.16074, 0.14813, 0.16249], [0.08064, 0.09955, 0.0, 0.13801, 0.05852, 0.06162, 0.09783, 0.20544, 0.20675], [0.17328, 0.17594, 0.13801, 0.0, 0.16702, 0.0899, 0.05239, 0.20831, 0.17697], [0.02456, 0.04705, 0.05852, 0.16702, 0.0, 0.11211, 0.13996, 0.17705, 0.18711], [0.12882, 0.14172, 0.06162, 0.0899, 0.11211, 0.0, 0.04041, 0.22053, 0.20947], [0.15228, 0.16074, 0.09783, 0.05239, 0.13996, 0.04041, 0.0, 0.22049, 0.20058], [0.1626, 0.14813, 0.20544, 0.20831, 0.17705, 0.22053, 0.22049, 0.0, 0.05785], [0.17521, 0.16249, 0.20675, 0.17697, 0.18711, 0.20947, 0.20058, 0.05785, 0.0]], "features_1": [[1.615937035853861, 0.8344416104795456, 0.0, 0.3141223707901889, 0.5424864897296304, 0.11484750866274997, 0.6050442208927826, 0.6917735870701485, 0.3266641639859691, 0.16689414575604222, 0.007392832833969631, 0.555847555935628, 0.6251136154621495, 0.6415442108467282, 0.7486795443460547, 0.676167334316638, 0.551242800279373], [0.4961783408632754, 0.8389627804493717, 0.0, 0.24887545026255023, 0.5478250285585292, 0.11210303727438495, 0.5389120311139891, 0.6924428962875886, 0.30108174279721833, 0.1682472481112658, 0.0069454663283523566, 0.5808916995917472, 0.6301852762769554, 0.6419318228544469, 0.7429067608449408, 0.6544456259211561, 0.544599954509325], [1.5728908448742667, 0.9629200446939125, 0.0, 0.3124499898852409, 0.5761046746163874, 0.1139936888620603, 0.4984688579736705, 0.6917693469349597, 0.32047065428224153, 0.1899348145954982, 0.0069454663283523566, 0.5553544785688458, 0.610615099808829, 0.6305032336621552, 0.7457447022804297, 0.6904528832411684, 0.5586471295966127], [2.349989293012568, 0.968289213499206, 0.0, 0.3240955333183096, 0.574302254641906, 0.11546473910356164, 0.5100578946600607, 0.6912451979759724, 0.32537615867660086, 0.18851501638815193, 0.00716927026363523, 0.5433373333087621, 0.616686442405145, 0.6108063708596865, 0.7475768309366803, 0.6944835299983458, 0.5589833302291204], [0.4478746889675378, 0.7989915541725681, 0.0, 0.25112622431794435, 0.5357304685731574, 0.11364036495680646, 0.5210379229117471, 0.692137834474775, 0.30961225746612553, 0.16262154681856678, 0.00683347364535547, 0.585349126790381, 0.6424794728117251, 0.6538708330357355, 0.751680605217867, 0.6472398330416927, 0.5551531974165026], [1.9041356356154857, 0.9530908652824306, 0.0, 0.3093477427569028, 0.577008344158568, 0.11283729374031463, 0.5501868493824638, 0.6922525533087138, 0.31394331167354084, 0.18463617837919344, 0.00683347364535547, 0.5520918012771339, 0.6088621906168854, 0.6311200913566198, 0.7460934923207772, 0.684264812212707, 0.5575711700104357], [1.6473469704993198, 0.904572570979997, 0.0, 0.3134370860465435, 0.5556526992687975, 0.11809781393623323, 0.5315190977909608, 0.6902393484772826, 0.340959135407674, 0.18523064306088388, 0.00716927026363523, 0.5625525081491243, 0.6173548315742807, 0.6425619224129687, 0.7550722260525919, 0.6825422236058132, 0.5644271012897687], [0.8788430641639748, 0.7141920850719482, 0.0, 0.2528631914326758, 0.5011429551046318, 0.11920691634122488, 0.36606509285920696, 0.6894343850999494, 0.32928044794307687, 0.1487668450193742, 0.00716927026363523, 0.5797917848166154, 0.6306663195669682, 0.6402366974174933, 0.7623489156860691, 0.6926900172157545, 0.5779406257700938], [0.857620918121413, 0.8012427294956, 0.0, 0.25315853987212217, 0.5243650559641037, 0.11875140846207427, 0.29442432281187364, 0.6889759970634344, 0.3190239167400504, 0.16470799539253123, 0.006721420376576193, 0.5774749879773995, 0.6273300272939581, 0.6011720288594345, 0.7540247548501389, 0.7023409642814088, 0.5675623972989282]], "features_2": [[1.6889627320482807, 0.7632163977412132, 0.0, 0.34429045722997353, 0.4831495809367795, 0.13080123962713183, 0.20502504363428004, 0.6769231326775547, 0.3718996797268759, 0.1719753190340083, 0.007671947615560004, 0.5603495450926737, 0.6324455402172096, 0.6316133999241276, 0.7662990912509805, 0.7007964946631376, 0.5800032571600532], [1.964361455800531, 0.7666944674004519, 0.0, 0.33409595404186637, 0.4876857593650842, 0.130468786444831, 0.26792115406379013, 0.6793193374483627, 0.38167405936067134, 0.17300376227439762, 0.007894969482732161, 0.5567916217865738, 0.6348341698519202, 0.6549686533725795, 0.7759275152994973, 0.6795407313802637, 0.5855761371940708], [1.3174806635769691, 0.8905448830554361, 0.0, 0.3344903900528516, 0.5187467323554703, 0.13042693342952763, 0.16887544932974025, 0.6766790920761753, 0.36553024100430487, 0.1996106369042625, 0.007671947615560004, 0.5668786952112916, 0.609333485938935, 0.6361261037551059, 0.7629447030887144, 0.6693644307162405, 0.5695001686363479], [0.802614255599567, 0.877733763934923, 0.0, 0.31816236400403275, 0.51112620671212, 0.13313661026764761, 0.16729691264468655, 0.6733148056172357, 0.37499748351476514, 0.20168116275531967, 0.007671947615560004, 0.579486692637587, 0.6251562765331562, 0.6550156176568815, 0.7677058761889634, 0.6810687978550766, 0.5765683296274771], [1.630249414030395, 0.7587829971120869, 0.0, 0.32246865487071713, 0.4824652849756558, 0.13322447567292917, 0.22077111055824689, 0.6764320987755372, 0.3979750978681038, 0.17538936690203855, 0.008062078829516484, 0.5664393984654752, 0.6293385972783905, 0.6512146260162875, 0.7833187699484334, 0.6967841741284886, 0.5921580956432527], [1.022946360669752, 0.9023596475831991, 0.0, 0.3205946992415614, 0.5214007581462616, 0.13268887175349448, 0.18560327330076518, 0.6756670192119943, 0.38120226817877056, 0.20609636973235212, 0.007727725548673403, 0.5750091470476781, 0.6316252621964829, 0.6596004127307118, 0.7770661071409142, 0.7060735520692276, 0.5794395646634023], [0.7241294337005115, 0.8785528046713652, 0.0, 0.3346336954999139, 0.5098069613815621, 0.13451456183500862, 0.12301702733769275, 0.671498729160338, 0.38737185402323715, 0.20536922472038066, 0.00783923647221818, 0.5797204276057988, 0.6252214263325164, 0.6557749442237212, 0.771006713781548, 0.6948602067402164, 0.5733728392897763], [0.250027390136474, 0.7064123065520396, 0.0, 0.2798725541018127, 0.4641105674100353, 0.13578325487489187, 0.21679777195148162, 0.6732712994753574, 0.3985051472691461, 0.169847100131699, 0.008173410423425675, 0.6060031284921166, 0.6443953682665863, 0.6643053877680154, 0.7859144118277334, 0.7196471097119931, 0.5956837221751528], [0.25769212062544256, 0.8118934484645787, 0.0, 0.30310054233703226, 0.4952852623703047, 0.13527965300099562, 0.2080305923093711, 0.6726184492572154, 0.38423966572419266, 0.19179274927100343, 0.007616154688146137, 0.5926834479679375, 0.6452772577125777, 0.6711802324524166, 0.7789749772576512, 0.7164893339049319, 0.584240810408855]]}