{"labels_1": ["1", "2", "3", "4", "5", "6", "7", "8", "9"], "labels_2": ["1", "2", "3", "4", "5", "6", "7", "8", "9"], "adj_matrix_1": [[0.0, 0.20413, 0.04336, 0.10454, 0.20618, 0.02431, 0.01388, 0.20093, 0.20931], [0.20413, 0.0, 0.22304, 0.13442, 0.01453, 0.2155, 0.19695, 0.17494, 0.04248], [0.04336, 0.22304, 0.0, 0.13485, 0.22354, 0.0194, 0.05665, 0.19194, 0.22346], [0.10454, 0.13442, 0.13485, 0.0, 0.13829, 0.1223, 0.09351, 0.1791, 0.14574], [0.20618, 0.01453, 0.22354, 0.13829, 0.0, 0.21673, 0.19938, 0.16401, 0.02808], [0.02431, 0.2155, 0.0194, 0.1223, 0.21673, 0.0, 0.03798, 0.19715, 0.21816], [0.01388, 0.19695, 0.05665, 0.09351, 0.19938, 0.03798, 0.0, 0.20164, 0.20337], [0.20093, 0.17494, 0.19194, 0.1791, 0.16401, 0.19715, 0.20164, 0.0, 0.14155], [0.20931, 0.04248, 0.22346, 0.14574, 0.02808, 0.21816, 0.20337, 0.14155, 0.0]], "adj_matrix_2": [[0.0, 0.03946, 0.04429, 0.11565, 0.01382, 0.14239, 0.33111, 0.15532, 0.201], [0.03946, 0.0, 0.00488, 0.15137, 0.05312, 0.17649, 0.34514, 0.18861, 0.17158], [0.04429, 0.00488, 0.0, 0.15567, 0.0579, 0.18059, 0.34667, 0.19242, 0.16757], [0.11565, 0.15137, 0.15567, 0.0, 0.10264, 0.02901, 0.26217, 0.04329, 0.27006], [0.01382, 0.05312, 0.0579, 0.10264, 0.0, 0.12982, 0.32494, 0.14307, 0.21064], [0.14239, 0.17649, 0.18059, 0.02901, 0.12982, 0.0, 0.24016, 0.01436, 0.28274], [0.33111, 0.34514, 0.34667, 0.26217, 0.32494, 0.24016, 0.0, 0.22853, 0.338], [0.15532, 0.18861, 0.19242, 0.04329, 0.14307, 0.01436, 0.22853, 0.0, 0.28898], [0.201, 0.17158, 0.16757, 0.27006, 0.21064, 0.28274, 0.338, 0.28898, 0.0]], "features_1": [[1.615937035853861, 0.8344416104795456, 0.0, 0.3141223707901889, 0.5424864897296304, 0.11484750866274997, 0.6050442208927826, 0.6917735870701485, 0.3266641639859691, 0.16689414575604222, 0.007392832833969631, 0.555847555935628, 0.6251136154621495, 0.6415442108467282, 0.7486795443460547, 0.676167334316638, 0.551242800279373], [0.4961783408632754, 0.8389627804493717, 0.0, 0.24887545026255023, 0.5478250285585292, 0.11210303727438495, 0.5389120311139891, 0.6924428962875886, 0.30108174279721833, 0.1682472481112658, 0.0069454663283523566, 0.5808916995917472, 0.6301852762769554, 0.6419318228544469, 0.7429067608449408, 0.6544456259211561, 0.544599954509325], [1.5728908448742667, 0.9629200446939125, 0.0, 0.3124499898852409, 0.5761046746163874, 0.1139936888620603, 0.4984688579736705, 0.6917693469349597, 0.32047065428224153, 0.1899348145954982, 0.0069454663283523566, 0.5553544785688458, 0.610615099808829, 0.6305032336621552, 0.7457447022804297, 0.6904528832411684, 0.5586471295966127], [2.349989293012568, 0.968289213499206, 0.0, 0.3240955333183096, 0.574302254641906, 0.11546473910356164, 0.5100578946600607, 0.6912451979759724, 0.32537615867660086, 0.18851501638815193, 0.00716927026363523, 0.5433373333087621, 0.616686442405145, 0.6108063708596865, 0.7475768309366803, 0.6944835299983458, 0.5589833302291204], [0.4478746889675378, 0.7989915541725681, 0.0, 0.25112622431794435, 0.5357304685731574, 0.11364036495680646, 0.5210379229117471, 0.692137834474775, 0.30961225746612553, 0.16262154681856678, 0.00683347364535547, 0.585349126790381, 0.6424794728117251, 0.6538708330357355, 0.751680605217867, 0.6472398330416927, 0.5551531974165026], [1.9041356356154857, 0.9530908652824306, 0.0, 0.3093477427569028, 0.577008344158568, 0.11283729374031463, 0.5501868493824638, 0.6922525533087138, 0.31394331167354084, 0.18463617837919344, 0.00683347364535547, 0.5520918012771339, 0.6088621906168854, 0.6311200913566198, 0.7460934923207772, 0.684264812212707, 0.5575711700104357], [1.6473469704993198, 0.904572570979997, 0.0, 0.3134370860465435, 0.5556526992687975, 0.11809781393623323, 0.5315190977909608, 0.6902393484772826, 0.340959135407674, 0.18523064306088388, 0.00716927026363523, 0.5625525081491243, 0.6173548315742807, 0.6425619224129687, 0.7550722260525919, 0.6825422236058132, 0.5644271012897687], [0.8788430641639748, 0.7141920850719482, 0.0, 0.2528631914326758, 0.5011429551046318, 0.11920691634122488, 0.36606509285920696, 0.6894343850999494, 0.32928044794307687, 0.1487668450193742, 0.00716927026363523, 0.5797917848166154, 0.6306663195669682, 0.6402366974174933, 0.7623489156860691, 0.6926900172157545, 0.5779406257700938], [0.857620918121413, 0.8012427294956, 0.0, 0.25315853987212217, 0.5243650559641037, 0.11875140846207427, 0.29442432281187364, 0.6889759970634344, 0.3190239167400504, 0.16470799539253123, 0.006721420376576193, 0.5774749879773995, 0.6273300272939581, 0.6011720288594345, 0.7540247548501389, 0.7023409642814088, 0.5675623972989282]], "features_2": [[0.9696349096454435, 0.9444339418140091, 0.0, 0.2620111785679348, 0.5700599391323726, 0.11117422835096671, 0.3307341605600328, 0.6923268624345154, 0.28536940463745397, 0.1797562656851781, 0.006889477554966383, 0.5741266973048886, 0.6289472384176803, 0.6091556719973243, 0.7382404914079739, 0.6728852961878208, 0.5100487605867633], [0.8816333473519071, 0.9119923635035057, 0.0, 0.25837616866364793, 0.5572528553053149, 0.1136309299862675, 0.3572009092617904, 0.6916433658123611, 0.295401976122152, 0.1775557646563366, 0.006889477554966383, 0.580225218079272, 0.6135512015709231, 0.594361028112933, 0.7457931869420898, 0.6756868416063171, 0.5207802259949017], [0.7872898044162588, 1.0780345388217312, 0.0, 0.2497069617075697, 0.5983364092605072, 0.11344888512319727, 0.35216287777731525, 0.6918115487533352, 0.3001876979942686, 0.20720126060130273, 0.007001439975721224, 0.5804783675316671, 0.627696210196547, 0.616777044869283, 0.747212142491629, 0.6777293912324215, 0.5242789619138108], [0.44498118428291544, 1.043313735817516, 0.0, 0.24304759778965054, 0.5884724210731966, 0.11616784899067013, 0.3358682754775778, 0.6907596151896102, 0.3160985707889148, 0.20791607646904464, 0.007392832833969631, 0.590605658366298, 0.631722307410481, 0.6329852980107866, 0.7540154586627111, 0.6885817284759315, 0.5500175480581111], [0.7244730419368413, 0.8558328054236977, 0.0, 0.24718669946577623, 0.5399505907457953, 0.11586292104038304, 0.33491319419128446, 0.6907251842076838, 0.2955436481316651, 0.170183359866382, 0.00683347364535547, 0.5889955479903743, 0.6204688226977376, 0.6128760850229207, 0.751842851234393, 0.6837530224929842, 0.5220938734802443], [0.37448616232086573, 1.0714054558777033, 0.0, 0.23095787540531373, 0.5924729018947129, 0.1186324096294952, 0.38977063789408606, 0.69021294730098, 0.3246727315852189, 0.21505019410746762, 0.007057398507269275, 0.6008498696389173, 0.6315525507800203, 0.614405460746334, 0.7664033360200937, 0.692633273293671, 0.5517317205565389], [0.01367825235094422, 0.9496227109476358, 0.0, 0.22239125430505324, 0.5626916241991965, 0.12036174060477459, 0.320808159913053, 0.6886925042382099, 0.3172244225071177, 0.19638185141293518, 0.0069454663283523566, 0.6193109787902702, 0.6494758206814374, 0.6317335323383798, 0.7646869275913286, 0.6899693165487147, 0.5625588938810009], [0.2829315426186003, 0.7529641104424368, 0.0, 0.214601543412919, 0.5036225467155784, 0.12649346006803738, 0.3677571641040238, 0.6855768609088821, 0.36599863818308, 0.1675459432696924, 0.00711334193318236, 0.6176001406012486, 0.6717346336086796, 0.6791309072024082, 0.7825631536363252, 0.706941603685929, 0.5729870015966955], [0.7587980778373282, 0.828859323873685, 0.0, 0.22598625752604, 0.5245751065017819, 0.12682054221379546, 0.32451949542068304, 0.6847084121830078, 0.36609909624943393, 0.1812537081712866, 0.007336964783822175, 0.5883643326636765, 0.6345707469761779, 0.6532469334092967, 0.7792846087379293, 0.7033601958805462, 0.5862830121673992]]}