{"labels_1": ["1", "2", "3", "4", "5", "6", "7", "8", "9"], "labels_2": ["1", "2", "3", "4", "5", "6", "7", "8", "9"], "adj_matrix_1": [[0.0, 0.1771, 0.01492, 0.15295, 0.21554, 0.01494, 0.29005, 0.05954, 0.01367], [0.1771, 0.0, 0.1901, 0.02722, 0.04639, 0.19008, 0.15565, 0.12259, 0.16492], [0.01492, 0.1901, 0.0, 0.1665, 0.22747, 1e-05, 0.29849, 0.07424, 0.02858], [0.15295, 0.02722, 0.1665, 0.0, 0.07316, 0.1665, 0.17882, 0.09674, 0.14037], [0.21554, 0.04639, 0.22747, 0.07316, 0.0, 0.22745, 0.1138, 0.16474, 0.20427], [0.01494, 0.19008, 1e-05, 0.1665, 0.22745, 0.0, 0.29847, 0.07424, 0.02859], [0.29005, 0.15565, 0.29849, 0.17882, 0.1138, 0.29847, 0.0, 0.25263, 0.28199], [0.05954, 0.12259, 0.07424, 0.09674, 0.16474, 0.07424, 0.25263, 0.0, 0.04599], [0.01367, 0.16492, 0.02858, 0.14037, 0.20427, 0.02859, 0.28199, 0.04599, 0.0]], "adj_matrix_2": [[0.0, 0.12458, 0.03138, 0.13085, 0.28683, 0.01752, 0.06534, 0.25711, 0.27872], [0.12458, 0.0, 0.15202, 0.00696, 0.205, 0.10854, 0.17978, 0.16266, 0.19313], [0.03138, 0.15202, 0.0, 0.15796, 0.29923, 0.04873, 0.03445, 0.27326, 0.29219], [0.13085, 0.00696, 0.15796, 0.0, 0.1994, 0.11501, 0.18516, 0.15652, 0.18736], [0.28683, 0.205, 0.29923, 0.1994, 0.0, 0.27848, 0.30875, 0.04938, 0.01426], [0.01752, 0.10854, 0.04873, 0.11501, 0.27848, 0.0, 0.08217, 0.24669, 0.26974], [0.06534, 0.17978, 0.03445, 0.18516, 0.30875, 0.08217, 0.0, 0.28725, 0.30301], [0.25711, 0.16266, 0.27326, 0.15652, 0.04938, 0.24669, 0.28725, 0.0, 0.03522], [0.27872, 0.19313, 0.29219, 0.18736, 0.01426, 0.26974, 0.30301, 0.03522, 0.0]], "features_1": [[0.0123634820488423, 0.678429986274033, 0.0, 0.2482846465947024, 0.4648713996298633, 0.1301906513937577, 0.2856208616675211, 0.6807779509537826, 0.37113994482912016, 0.15758615170943036, 0.007616154688146137, 0.6235688380927371, 0.6636576003450556, 0.6766029231492975, 0.7823520107957675, 0.696314119788832, 0.6014493222163602], [0.0994671343991782, 0.6712417112655904, 0.0, 0.2500684690529577, 0.46738314434590594, 0.1301673455945501, 0.3397864699933059, 0.6823543300436699, 0.3683985913104322, 0.15413581691273692, 0.007504523810135222, 0.612383134300357, 0.660276843149056, 0.6652124032283913, 0.7920985063263182, 0.7033719270431078, 0.6115368651680425], [-0.051586168455810544, 0.7793649368587388, 0.0, 0.2549040876800668, 0.4983052768708338, 0.12973273947353053, 0.2786824877545797, 0.6812392311068396, 0.3704819965764983, 0.17990011945083006, 0.007616154688146137, 0.622448287383286, 0.6537202271938473, 0.6658996396173522, 0.7832506540414449, 0.7102946223928487, 0.6085747361587454], [0.2350659508484374, 0.8039993370485713, 0.0, 0.2894525394899243, 0.4993693632674253, 0.13174994141135668, 0.24944114967150882, 0.6783999788110082, 0.3824394601946659, 0.18568146634361726, 0.007504523810135222, 0.6160877054145613, 0.6448703243980076, 0.6651551272914419, 0.7827520564780592, 0.7147529627284, 0.6064181172046785], [0.19602556421340944, 0.688358049893854, 0.0, 0.2453225950296643, 0.4671618417726358, 0.13372845438520647, 0.31081746748017663, 0.6787638314914473, 0.3839855631441258, 0.16180004477707888, 0.007616154688146137, 0.6167199545569368, 0.6577199352525107, 0.6810927904966928, 0.7975358799230722, 0.7004917831091406, 0.6107361450583181], [-0.03508438322309004, 0.8228161345799443, 0.0, 0.2635872781105486, 0.5100242813294827, 0.1309623370708337, 0.302437317296269, 0.6808831045469551, 0.3804028847949503, 0.19038320519229535, 0.007616154688146137, 0.6293371962777439, 0.6519810165686043, 0.6596522947489716, 0.7894153532767993, 0.7112510084190482, 0.6105332781036451], [0.2830216078968193, 0.8499441738526166, 0.0, 0.28943109337954886, 0.5069770528611869, 0.13386276111044773, 0.19741439696088606, 0.6750199772062957, 0.38472219441260447, 0.19655836128098358, 0.007950687539111767, 0.6028722720111486, 0.6440066412406971, 0.6512661940859463, 0.7830703699528931, 0.7077500343921488, 0.6022403374401591], [-0.016511947637627866, 0.6982059583264991, 0.0, 0.20941191984625318, 0.46614609257212986, 0.13471535220229033, 0.274003860314707, 0.6767602703360838, 0.3903827258740813, 0.1649784464548687, 0.007616154688146137, 0.6285683024735031, 0.6553761988474451, 0.6626353988798914, 0.7949155484817249, 0.7059273990484586, 0.6040716392949883], [-0.12640520035014813, 0.7781797202408663, 0.0, 0.2645615895099286, 0.4935067572457431, 0.1329318511455826, 0.29016176773935454, 0.6787292192659446, 0.37510595085391185, 0.18050666988328112, 0.007616154688146137, 0.6260843544384378, 0.6527183897262512, 0.6591631723746013, 0.7913450994240635, 0.7078469960260603, 0.6070746535710474]], "features_2": [[1.1203093224537533, 0.9079720966899287, 0.0, 0.3404149614651262, 0.554401133717384, 0.11670824730880627, 0.4030095512474226, 0.690425242262221, 0.32551876794349477, 0.1819109374501855, 0.007001439975721224, 0.5793959487958784, 0.6177278717905665, 0.6189773822681734, 0.7553855690691089, 0.7136829918143884, 0.5641579279364426], [0.7072745277759145, 0.8707687062374023, 0.0, 0.329662123794492, 0.5394547799345729, 0.1195159033081675, 0.3652199184730634, 0.6888254734502492, 0.3316885717000595, 0.18042085078519654, 0.007225183508792421, 0.5880751890304874, 0.6335458909108888, 0.6352143988226545, 0.762386641024989, 0.6969188095376406, 0.5726135216464139], [1.233607518169876, 1.0328527756184933, 0.0, 0.3605008045179736, 0.5839583686406077, 0.1166794453441891, 0.4398893504614506, 0.690380795628255, 0.32166270907756767, 0.2039090801105996, 0.00677745458930179, 0.5757569916194405, 0.6174801240381972, 0.61563295752205, 0.752194972808521, 0.6913834984342876, 0.5618873252216957], [0.9585964827117364, 0.9842316593368835, 0.0, 0.3330173138651156, 0.5750868335701896, 0.11734360243404998, 0.4148219029312088, 0.6903295932673508, 0.3252157331406891, 0.19660103767669246, 0.0066653709969386465, 0.5835986842583742, 0.6216870191034544, 0.59330813951955, 0.7582974596839527, 0.713207468006701, 0.5730166022519565], [0.08870560866356536, 0.8247768466856719, 0.0, 0.3063538875939431, 0.5233258304935685, 0.1232044376960237, 0.3882332324017618, 0.6868617416104283, 0.3502824685038495, 0.1804767962111986, 0.007336964783822175, 0.6136269123725415, 0.6467616817785492, 0.658240344045687, 0.772981243870169, 0.6988523884319595, 0.5772732740907071], [0.9838785520455633, 1.0142529610317736, 0.0, 0.36109124803456655, 0.5784416239808978, 0.11817270933267676, 0.42918909501182156, 0.6896645334709339, 0.33023169504971794, 0.20360616062759496, 0.007001439975721224, 0.583340941617007, 0.6019927178603802, 0.6107136217618017, 0.7555649574544131, 0.6894726027760584, 0.569555407529487], [0.9182509033215402, 0.8788012316244409, 0.0, 0.34397298734607895, 0.5471437412407507, 0.11903633762709045, 0.432678565895732, 0.6896191350443077, 0.339069144814792, 0.18229906225056136, 0.007001439975721224, 0.5860348768881054, 0.6297346671455383, 0.6530265693766198, 0.7630060043805249, 0.6602076887058089, 0.5785680411748562], [-0.136717334599735, 0.7299735253877592, 0.0, 0.2623303757158397, 0.4923369360366894, 0.12613330665610503, 0.3176423071217286, 0.6842956745531297, 0.35232374246382525, 0.16439421871167537, 0.007448685839370306, 0.6154041133681509, 0.653084795933123, 0.6679624205591201, 0.7740508542722162, 0.6959163952144247, 0.5873700802210196], [0.27297175759987624, 0.7686139903493103, 0.0, 0.3041596355154174, 0.5068980846270104, 0.12526607354715827, 0.31183857949099403, 0.6848888347448099, 0.3466348829173249, 0.1674387223214142, 0.007225183508792421, 0.6053154486943868, 0.6399026635243756, 0.6393400963168024, 0.7700443495177167, 0.7031892431441548, 0.5866745882493476]]}