{"labels_1": ["1", "2", "3", "4", "5", "6", "7", "8", "9"], "labels_2": ["1", "2", "3", "4", "5", "6", "7", "8", "9"], "adj_matrix_1": [[0.0, 0.29911, 0.30775, 0.29286, 0.23272, 0.2744, 0.05383, 0.03736, 0.07302], [0.29911, 0.0, 0.02025, 0.01317, 0.11712, 0.0496, 0.3098, 0.3076, 0.31076], [0.30775, 0.02025, 0.0, 0.03339, 0.13611, 0.06961, 0.31566, 0.31416, 0.31541], [0.29286, 0.01317, 0.03339, 0.0, 0.10453, 0.03652, 0.30548, 0.30252, 0.30695], [0.23272, 0.11712, 0.13611, 0.10453, 0.0, 0.06907, 0.26045, 0.25293, 0.26791], [0.2744, 0.0496, 0.06961, 0.03652, 0.06907, 0.0, 0.29224, 0.28768, 0.29569], [0.05383, 0.3098, 0.31566, 0.30548, 0.26045, 0.29224, 0.0, 0.01672, 0.01984], [0.03736, 0.3076, 0.31416, 0.30252, 0.25293, 0.28768, 0.01672, 0.0, 0.03648], [0.07302, 0.31076, 0.31541, 0.30695, 0.26791, 0.29569, 0.01984, 0.03648, 0.0]], "adj_matrix_2": [[0.0, 0.28942, 0.16319, 0.13653, 0.26116, 0.29833, 0.00112, 0.11336, 0.20603], [0.28942, 0.0, 0.17337, 0.19912, 0.04828, 0.01724, 0.28896, 0.21918, 0.28241], [0.16319, 0.17337, 0.0, 0.03067, 0.1295, 0.18836, 0.1623, 0.056, 0.27132], [0.13653, 0.19912, 0.03067, 0.0, 0.15725, 0.21331, 0.13558, 0.02556, 0.2644], [0.26116, 0.04828, 0.1295, 0.15725, 0.0, 0.06531, 0.26055, 0.17927, 0.28355], [0.29833, 0.01724, 0.18836, 0.21331, 0.06531, 0.0, 0.29805, 0.23248, 0.28122], [0.00112, 0.28896, 0.1623, 0.13558, 0.26055, 0.29805, 0.0, 0.11231, 0.20663], [0.11336, 0.21918, 0.056, 0.02556, 0.17927, 0.23248, 0.11231, 0.0, 0.2573], [0.20603, 0.28241, 0.27132, 0.2644, 0.28355, 0.28122, 0.20663, 0.2573, 0.0]], "features_1": [[0.48356003115372914, 0.7499578119793014, 0.0, 0.2479972466870783, 0.49117204715409535, 0.12861754686508403, 0.2600910670807025, 0.6813899596107527, 0.3706208196325156, 0.16930554289255162, 0.007448685839370306, 0.5900956985872932, 0.6493742534652882, 0.6705364982312025, 0.7726778986674275, 0.6929828389813479, 0.5873232808168487], [0.041596552830726274, 0.6990600045729913, 0.0, 0.24901773069974198, 0.476100820980961, 0.12656964930188067, 0.26345542099992014, 0.6829179093947453, 0.3534912315450969, 0.1582491603734184, 0.007504523810135222, 0.6129999898731424, 0.6315763364780533, 0.6592542366252054, 0.7675324573529955, 0.6706062286745192, 0.5709735719974016], [0.0692435189630003, 0.8430325946489731, 0.0, 0.23385821780401136, 0.5190067522091693, 0.12743328451545724, 0.24536352450840865, 0.6820423535519649, 0.36387271493356477, 0.18804116868337695, 0.007448685839370306, 0.6131268343459046, 0.6381148208672516, 0.6612007545315999, 0.7675661092780043, 0.7030358820169815, 0.582789919464518], [0.08179632110310608, 0.8551082392054363, 0.0, 0.2048559913983525, 0.5211813893719065, 0.1294627613018099, 0.2132132857355032, 0.6790699197917915, 0.37068476468338796, 0.1930654424928504, 0.007336964783822175, 0.614634820817634, 0.6226448076000846, 0.6421495977143712, 0.7640709865761278, 0.685951866273506, 0.5797632526481683], [0.12868905823450127, 0.6969616994429852, 0.0, 0.2474958982361513, 0.47218902789086103, 0.1280243642930576, 0.23221506202184514, 0.6809206984329155, 0.35875272323875285, 0.15899273359962462, 0.007392832833969631, 0.606829617614463, 0.6331081909034211, 0.6633095431394819, 0.765689936027202, 0.6703628616961529, 0.5657296314451481], [0.14693579055868522, 0.8464322392485147, 0.0, 0.2385226325822444, 0.5211268583789831, 0.1268111693797818, 0.2449426793032103, 0.6824588645038994, 0.3523237488659301, 0.18645102413850045, 0.007504523810135222, 0.6086268077162327, 0.6367123089965796, 0.6567268132383227, 0.7642853655262125, 0.6789735131532039, 0.5753624004035901], [0.2473607989155746, 0.8559317942211511, 0.0, 0.29727194214123265, 0.5205223594058019, 0.12939248274193624, 0.20145584644094186, 0.6793300716209901, 0.3613515543514134, 0.19247604415040032, 0.007281081678807366, 0.5975262228417315, 0.6286846946395489, 0.6551543483772788, 0.7677188356317354, 0.6933300261015327, 0.5823621051721017], [0.6098789540183844, 0.6484470104966711, 0.0, 0.31483682433785554, 0.461197443882296, 0.12573618549194202, 0.2592298599945956, 0.683427574361394, 0.36163531174520225, 0.14459508028382428, 0.007392832833969631, 0.5858941910458386, 0.6223181851032363, 0.6326566404131999, 0.7628241302738087, 0.6916726218116988, 0.5600862175688003], [0.4785944558489428, 0.6747796820811274, 0.0, 0.3439788729161558, 0.4708030497188046, 0.12644984406377408, 0.2563705479051535, 0.6830116448817863, 0.3529172452960818, 0.15048096049776172, 0.00716927026363523, 0.5907086383436726, 0.625837802034997, 0.6592091642519147, 0.7667267492298885, 0.6774806402656419, 0.5757991085315978]], "features_2": [[0.3296464392567038, 0.6801630020427921, 0.0, 0.24633105959534077, 0.48556090147142034, 0.12293051377598099, 0.4274057457619861, 0.6881177539444767, 0.3380836373827887, 0.14672078242199604, 0.00677745458930179, 0.5983344899823644, 0.6305944046317871, 0.6628427125020293, 0.7705375522516081, 0.684059334190295, 0.5836095184622717], [-0.059868153319869055, 0.6554068843993619, 0.0, 0.2250230323193485, 0.47798355429127853, 0.1233277040504694, 0.45455815204803046, 0.6887640057050277, 0.3537691955081683, 0.14495699750015878, 0.007225183508792421, 0.6180263375313126, 0.6537694898137144, 0.6791033208682654, 0.7814780478642535, 0.7276937379974291, 0.591797045482277], [0.30164265373915233, 0.7960308747272363, 0.0, 0.23966067515691195, 0.522846236311771, 0.12327829641536, 0.47755408791064297, 0.688561817942797, 0.345773029186913, 0.17159179552914594, 0.006889477554966383, 0.6022240588698342, 0.6382508138193295, 0.6568890824891281, 0.7767776535747792, 0.6982681110955792, 0.5855720108017656], [0.22331886306126636, 0.8042595818496605, 0.0, 0.22519801082252594, 0.5225759636406663, 0.12294763495087575, 0.45567171466141543, 0.6879852622821814, 0.3329149878663369, 0.17186550384593224, 0.007225183508792421, 0.599731276030153, 0.6326652415454813, 0.6541793090027519, 0.7669309339622675, 0.6824999433129655, 0.5741222219692608], [-0.12812531442197184, 0.6452553910907015, 0.0, 0.22036256296386694, 0.476043410070076, 0.12432520593682975, 0.500857259610936, 0.6889256974560332, 0.36843918226367456, 0.144366861998368, 0.007448685839370306, 0.6210242358257925, 0.6601922271497651, 0.6994481530453358, 0.7879088417004547, 0.7331179688864121, 0.5985242837972734], [0.09647890344962429, 0.8381886632530171, 0.0, 0.20476549573761943, 0.5378304005216614, 0.12109860534622653, 0.5269064689354017, 0.6899255758073808, 0.33465441754844205, 0.17735615772168623, 0.00711334193318236, 0.609031759072511, 0.6653914753551535, 0.6841655354440274, 0.7734549382883893, 0.7116676100566002, 0.5796428249662386], [0.23987515518310865, 0.8080092575752817, 0.0, 0.19713429496182014, 0.5267790930012847, 0.12139647392020031, 0.6156357613244218, 0.6893672779608628, 0.3236258327726438, 0.1703668696799827, 0.0066653709969386465, 0.5899320704664692, 0.6374503813089011, 0.6508313033156872, 0.7638394376383778, 0.679984004144436, 0.559234221490018], [0.0028895200055196746, 0.6452422393137984, 0.0, 0.2020020158339223, 0.4770831792908719, 0.12262767622337377, 0.5642130270471426, 0.689375770147958, 0.34209457049294456, 0.1377316150818375, 0.007001439975721224, 0.5990321071046951, 0.6420413067942687, 0.6736431222674124, 0.773278934026456, 0.7060857811883515, 0.5967291500917359], [0.6048252719179184, 0.765093381831547, 0.0, 0.22400152779035987, 0.5148144209295068, 0.1200695979870385, 0.6439619310237269, 0.6898173404646146, 0.3114831967840117, 0.1556755846854827, 0.00677745458930179, 0.5815571007021965, 0.649231516864272, 0.6513888712931202, 0.7529559590123253, 0.6796575885357323, 0.5691312958249596]]}