{"labels_1": ["1", "2", "3", "4", "5", "6", "7", "8", "9"], "labels_2": ["1", "2", "3", "4", "5", "6", "7", "8", "9"], "adj_matrix_1": [[0.0, 0.29911, 0.30775, 0.29286, 0.23272, 0.2744, 0.05383, 0.03736, 0.07302], [0.29911, 0.0, 0.02025, 0.01317, 0.11712, 0.0496, 0.3098, 0.3076, 0.31076], [0.30775, 0.02025, 0.0, 0.03339, 0.13611, 0.06961, 0.31566, 0.31416, 0.31541], [0.29286, 0.01317, 0.03339, 0.0, 0.10453, 0.03652, 0.30548, 0.30252, 0.30695], [0.23272, 0.11712, 0.13611, 0.10453, 0.0, 0.06907, 0.26045, 0.25293, 0.26791], [0.2744, 0.0496, 0.06961, 0.03652, 0.06907, 0.0, 0.29224, 0.28768, 0.29569], [0.05383, 0.3098, 0.31566, 0.30548, 0.26045, 0.29224, 0.0, 0.01672, 0.01984], [0.03736, 0.3076, 0.31416, 0.30252, 0.25293, 0.28768, 0.01672, 0.0, 0.03648], [0.07302, 0.31076, 0.31541, 0.30695, 0.26791, 0.29569, 0.01984, 0.03648, 0.0]], "adj_matrix_2": [[0.0, 0.03946, 0.04429, 0.11565, 0.01382, 0.14239, 0.33111, 0.15532, 0.201], [0.03946, 0.0, 0.00488, 0.15137, 0.05312, 0.17649, 0.34514, 0.18861, 0.17158], [0.04429, 0.00488, 0.0, 0.15567, 0.0579, 0.18059, 0.34667, 0.19242, 0.16757], [0.11565, 0.15137, 0.15567, 0.0, 0.10264, 0.02901, 0.26217, 0.04329, 0.27006], [0.01382, 0.05312, 0.0579, 0.10264, 0.0, 0.12982, 0.32494, 0.14307, 0.21064], [0.14239, 0.17649, 0.18059, 0.02901, 0.12982, 0.0, 0.24016, 0.01436, 0.28274], [0.33111, 0.34514, 0.34667, 0.26217, 0.32494, 0.24016, 0.0, 0.22853, 0.338], [0.15532, 0.18861, 0.19242, 0.04329, 0.14307, 0.01436, 0.22853, 0.0, 0.28898], [0.201, 0.17158, 0.16757, 0.27006, 0.21064, 0.28274, 0.338, 0.28898, 0.0]], "features_1": [[0.48356003115372914, 0.7499578119793014, 0.0, 0.2479972466870783, 0.49117204715409535, 0.12861754686508403, 0.2600910670807025, 0.6813899596107527, 0.3706208196325156, 0.16930554289255162, 0.007448685839370306, 0.5900956985872932, 0.6493742534652882, 0.6705364982312025, 0.7726778986674275, 0.6929828389813479, 0.5873232808168487], [0.041596552830726274, 0.6990600045729913, 0.0, 0.24901773069974198, 0.476100820980961, 0.12656964930188067, 0.26345542099992014, 0.6829179093947453, 0.3534912315450969, 0.1582491603734184, 0.007504523810135222, 0.6129999898731424, 0.6315763364780533, 0.6592542366252054, 0.7675324573529955, 0.6706062286745192, 0.5709735719974016], [0.0692435189630003, 0.8430325946489731, 0.0, 0.23385821780401136, 0.5190067522091693, 0.12743328451545724, 0.24536352450840865, 0.6820423535519649, 0.36387271493356477, 0.18804116868337695, 0.007448685839370306, 0.6131268343459046, 0.6381148208672516, 0.6612007545315999, 0.7675661092780043, 0.7030358820169815, 0.582789919464518], [0.08179632110310608, 0.8551082392054363, 0.0, 0.2048559913983525, 0.5211813893719065, 0.1294627613018099, 0.2132132857355032, 0.6790699197917915, 0.37068476468338796, 0.1930654424928504, 0.007336964783822175, 0.614634820817634, 0.6226448076000846, 0.6421495977143712, 0.7640709865761278, 0.685951866273506, 0.5797632526481683], [0.12868905823450127, 0.6969616994429852, 0.0, 0.2474958982361513, 0.47218902789086103, 0.1280243642930576, 0.23221506202184514, 0.6809206984329155, 0.35875272323875285, 0.15899273359962462, 0.007392832833969631, 0.606829617614463, 0.6331081909034211, 0.6633095431394819, 0.765689936027202, 0.6703628616961529, 0.5657296314451481], [0.14693579055868522, 0.8464322392485147, 0.0, 0.2385226325822444, 0.5211268583789831, 0.1268111693797818, 0.2449426793032103, 0.6824588645038994, 0.3523237488659301, 0.18645102413850045, 0.007504523810135222, 0.6086268077162327, 0.6367123089965796, 0.6567268132383227, 0.7642853655262125, 0.6789735131532039, 0.5753624004035901], [0.2473607989155746, 0.8559317942211511, 0.0, 0.29727194214123265, 0.5205223594058019, 0.12939248274193624, 0.20145584644094186, 0.6793300716209901, 0.3613515543514134, 0.19247604415040032, 0.007281081678807366, 0.5975262228417315, 0.6286846946395489, 0.6551543483772788, 0.7677188356317354, 0.6933300261015327, 0.5823621051721017], [0.6098789540183844, 0.6484470104966711, 0.0, 0.31483682433785554, 0.461197443882296, 0.12573618549194202, 0.2592298599945956, 0.683427574361394, 0.36163531174520225, 0.14459508028382428, 0.007392832833969631, 0.5858941910458386, 0.6223181851032363, 0.6326566404131999, 0.7628241302738087, 0.6916726218116988, 0.5600862175688003], [0.4785944558489428, 0.6747796820811274, 0.0, 0.3439788729161558, 0.4708030497188046, 0.12644984406377408, 0.2563705479051535, 0.6830116448817863, 0.3529172452960818, 0.15048096049776172, 0.00716927026363523, 0.5907086383436726, 0.625837802034997, 0.6592091642519147, 0.7667267492298885, 0.6774806402656419, 0.5757991085315978]], "features_2": [[0.9696349096454435, 0.9444339418140091, 0.0, 0.2620111785679348, 0.5700599391323726, 0.11117422835096671, 0.3307341605600328, 0.6923268624345154, 0.28536940463745397, 0.1797562656851781, 0.006889477554966383, 0.5741266973048886, 0.6289472384176803, 0.6091556719973243, 0.7382404914079739, 0.6728852961878208, 0.5100487605867633], [0.8816333473519071, 0.9119923635035057, 0.0, 0.25837616866364793, 0.5572528553053149, 0.1136309299862675, 0.3572009092617904, 0.6916433658123611, 0.295401976122152, 0.1775557646563366, 0.006889477554966383, 0.580225218079272, 0.6135512015709231, 0.594361028112933, 0.7457931869420898, 0.6756868416063171, 0.5207802259949017], [0.7872898044162588, 1.0780345388217312, 0.0, 0.2497069617075697, 0.5983364092605072, 0.11344888512319727, 0.35216287777731525, 0.6918115487533352, 0.3001876979942686, 0.20720126060130273, 0.007001439975721224, 0.5804783675316671, 0.627696210196547, 0.616777044869283, 0.747212142491629, 0.6777293912324215, 0.5242789619138108], [0.44498118428291544, 1.043313735817516, 0.0, 0.24304759778965054, 0.5884724210731966, 0.11616784899067013, 0.3358682754775778, 0.6907596151896102, 0.3160985707889148, 0.20791607646904464, 0.007392832833969631, 0.590605658366298, 0.631722307410481, 0.6329852980107866, 0.7540154586627111, 0.6885817284759315, 0.5500175480581111], [0.7244730419368413, 0.8558328054236977, 0.0, 0.24718669946577623, 0.5399505907457953, 0.11586292104038304, 0.33491319419128446, 0.6907251842076838, 0.2955436481316651, 0.170183359866382, 0.00683347364535547, 0.5889955479903743, 0.6204688226977376, 0.6128760850229207, 0.751842851234393, 0.6837530224929842, 0.5220938734802443], [0.37448616232086573, 1.0714054558777033, 0.0, 0.23095787540531373, 0.5924729018947129, 0.1186324096294952, 0.38977063789408606, 0.69021294730098, 0.3246727315852189, 0.21505019410746762, 0.007057398507269275, 0.6008498696389173, 0.6315525507800203, 0.614405460746334, 0.7664033360200937, 0.692633273293671, 0.5517317205565389], [0.01367825235094422, 0.9496227109476358, 0.0, 0.22239125430505324, 0.5626916241991965, 0.12036174060477459, 0.320808159913053, 0.6886925042382099, 0.3172244225071177, 0.19638185141293518, 0.0069454663283523566, 0.6193109787902702, 0.6494758206814374, 0.6317335323383798, 0.7646869275913286, 0.6899693165487147, 0.5625588938810009], [0.2829315426186003, 0.7529641104424368, 0.0, 0.214601543412919, 0.5036225467155784, 0.12649346006803738, 0.3677571641040238, 0.6855768609088821, 0.36599863818308, 0.1675459432696924, 0.00711334193318236, 0.6176001406012486, 0.6717346336086796, 0.6791309072024082, 0.7825631536363252, 0.706941603685929, 0.5729870015966955], [0.7587980778373282, 0.828859323873685, 0.0, 0.22598625752604, 0.5245751065017819, 0.12682054221379546, 0.32451949542068304, 0.6847084121830078, 0.36609909624943393, 0.1812537081712866, 0.007336964783822175, 0.5883643326636765, 0.6345707469761779, 0.6532469334092967, 0.7792846087379293, 0.7033601958805462, 0.5862830121673992]]}