{"labels_1": ["1", "2", "3", "4", "5", "6", "7", "8", "9"], "labels_2": ["1", "2", "3", "4", "5", "6", "7", "8", "9"], "adj_matrix_1": [[0.0, 0.14475, 0.15978, 0.10445, 0.34911, 0.28049, 0.36028, 0.06781, 0.25183], [0.14475, 0.0, 0.01671, 0.04312, 0.25846, 0.16322, 0.27517, 0.20244, 0.30079], [0.15978, 0.01671, 0.0, 0.05967, 0.24531, 0.14793, 0.26253, 0.2157, 0.30376], [0.10445, 0.04312, 0.05967, 0.0, 0.29012, 0.20128, 0.30547, 0.16624, 0.29072], [0.34911, 0.25846, 0.24531, 0.29012, 0.0, 0.10884, 0.02093, 0.36982, 0.31077], [0.28049, 0.16322, 0.14793, 0.20128, 0.10884, 0.0, 0.1291, 0.31696, 0.31515], [0.36028, 0.27517, 0.26253, 0.30547, 0.02093, 0.1291, 0.0, 0.378, 0.30899], [0.06781, 0.20244, 0.2157, 0.16624, 0.36982, 0.31696, 0.378, 0.0, 0.21441], [0.25183, 0.30079, 0.30376, 0.29072, 0.31077, 0.31515, 0.30899, 0.21441, 0.0]], "adj_matrix_2": [[0.0, 0.10153, 0.01408, 0.07047, 0.03399, 0.14797, 0.33148, 0.16248, 0.16696], [0.10153, 0.0, 0.11487, 0.0321, 0.13353, 0.23467, 0.37891, 0.24697, 0.2507], [0.01408, 0.11487, 0.0, 0.0842, 0.01994, 0.13497, 0.32294, 0.14965, 0.15424], [0.07047, 0.0321, 0.0842, 0.0, 0.10343, 0.20968, 0.36745, 0.22273, 0.22676], [0.03399, 0.13353, 0.01994, 0.10343, 0.0, 0.11612, 0.30982, 0.1311, 0.13576], [0.14797, 0.23467, 0.13497, 0.20968, 0.11612, 0.0, 0.2176, 0.01572, 0.02068], [0.33148, 0.37891, 0.32294, 0.36745, 0.30982, 0.2176, 0.0, 0.20367, 0.19926], [0.16248, 0.24697, 0.14965, 0.22273, 0.1311, 0.01572, 0.20367, 0.0, 0.00495], [0.16696, 0.2507, 0.15424, 0.22676, 0.13576, 0.02068, 0.19926, 0.00495, 0.0]], "features_1": [[-0.11073562935979808, 0.668153817026392, 0.0, 0.2255000188210069, 0.46631236530516984, 0.12796741959913224, 0.23932097653088746, 0.6817225287396942, 0.374237673905911, 0.15348147371390075, 0.007392832833969631, 0.6199860317070116, 0.6507729398818466, 0.6815939471569472, 0.7747486329831144, 0.6872078135883266, 0.605729981544954], [-0.17081224380006743, 0.6591358131601854, 0.0, 0.1919048180681401, 0.4568584127846234, 0.13324668589262528, 0.23041271425426899, 0.6768945853809166, 0.4050065138711534, 0.1566373222291555, 0.007950687539111767, 0.6258980947390902, 0.6482710406998771, 0.6712009268539327, 0.7862303471335029, 0.706492211995465, 0.6219276915498898], [-0.18448799878528677, 0.7716562554577325, 0.0, 0.22328686985285465, 0.5000914013494383, 0.12935074006718036, 0.27066637559970913, 0.6811107200189843, 0.38293124387809296, 0.17804686591822927, 0.007448685839370306, 0.6228838516521127, 0.6571494815812987, 0.6788426886223006, 0.7819205801112854, 0.6889365001943215, 0.6151047105104376], [-0.11292599568680783, 0.783881328802787, 0.0, 0.21951267982376466, 0.5038338514193142, 0.12962503401319161, 0.23057447510218196, 0.6803353770549041, 0.38411212609901013, 0.18095107289980028, 0.007504523810135222, 0.6202578858020962, 0.6572521235957683, 0.6819933996718479, 0.7781098763053081, 0.6986874527118554, 0.6132423222724307], [-0.23808468545832406, 0.7024902485621899, 0.0, 0.1830876725791868, 0.4708881554328048, 0.13388509731753953, 0.2361813608603555, 0.676244112015005, 0.3991705459570398, 0.16563623382202386, 0.007671947615560004, 0.6359605581016801, 0.6605122784470898, 0.6447829107751452, 0.7880918121718525, 0.7272631020854484, 0.6191924993001169], [-0.25937003830434957, 0.8343823665805242, 0.0, 0.20664515685143342, 0.5166085332289466, 0.13202709693466058, 0.3007555623698536, 0.679651598506641, 0.39493669233575135, 0.19409336706877944, 0.007225183508792421, 0.6277935502898, 0.6661155324526041, 0.6741640226018377, 0.7918823374261034, 0.7095927054699808, 0.622925959716346], [-0.6423447325889318, 0.7633903733311136, 0.0, 0.19993344716244882, 0.4926675036396164, 0.13174760552519105, 0.2499284284455811, 0.6779085363367554, 0.39520909469982124, 0.1840249387960402, 0.007560346756364078, 0.6407472467545596, 0.653403209738808, 0.6832393070668209, 0.7814988525145965, 0.678339149097348, 0.6165050282250338], [-0.07625766821055047, 0.7434244529926587, 0.0, 0.21176967028312, 0.48329009083929964, 0.13231721282494888, 0.21577562143561693, 0.676496357496222, 0.39383863755386317, 0.17436017836388906, 0.007671947615560004, 0.6114398043622284, 0.6362736802834607, 0.669629405229557, 0.7795120934507984, 0.6968848286516124, 0.6084087031194768], [0.07053006602646317, 0.7740405020267476, 0.0, 0.23307305367867148, 0.4983024726029214, 0.1297596787928052, 0.23337259496224405, 0.6797043250734619, 0.3827286228101763, 0.17967666227726653, 0.007448685839370306, 0.5958563984166796, 0.6428029064844415, 0.6670558938915769, 0.7763116428139193, 0.6968884155540009, 0.6092232892837567]], "features_2": [[-0.2773373415665552, 0.7375299794001045, 0.0, 0.1868420091725389, 0.5082909940040171, 0.11641760332793431, 0.38364135245370434, 0.6910416479599311, 0.30553971649440337, 0.15420242356869207, 0.0069454663283523566, 0.6086453873381932, 0.6530937283578588, 0.6755091627575567, 0.7576216473890257, 0.6930327402542665, 0.5245487528708248], [-0.12091043548918545, 0.7405043281916184, 0.0, 0.1867615003796167, 0.5061564805334584, 0.12041423449122747, 0.34194423938464025, 0.6894942785888833, 0.3252578064180194, 0.1577152245039859, 0.00711334193318236, 0.6059249597564673, 0.6605407937082999, 0.6798456391234419, 0.7683500698167528, 0.7035637141817728, 0.5407482668744538], [-0.29848154907763336, 0.8643985833487984, 0.0, 0.19260986481697706, 0.5436603082484626, 0.11775937794251093, 0.3706483658168871, 0.6905217478084843, 0.3183854551695806, 0.18229450411575554, 0.0069454663283523566, 0.6066784314797964, 0.6508412006143109, 0.6761367533913047, 0.7600669943300447, 0.6927679685424518, 0.528021487465648], [-0.2669901317569843, 0.8491313592101281, 0.0, 0.19571129845271454, 0.5382896006076594, 0.11788116935415408, 0.4245963725681975, 0.6903655895894445, 0.3113413517008059, 0.17875430519097324, 0.006721420376576193, 0.608754636169679, 0.6394427718568598, 0.6572558402799518, 0.759241666824217, 0.6972927153340527, 0.5359998774490673], [-0.07845899335980899, 0.7262013216954347, 0.0, 0.17250275553727729, 0.49772339508912444, 0.12338492097075478, 0.3356660637853842, 0.6879497488544639, 0.34084415065632045, 0.15821367695211408, 0.006889477554966383, 0.6063792939119601, 0.6436914383053, 0.6720912308698418, 0.7754573004482253, 0.6888038991930933, 0.5561664686671377], [-0.35057726635098696, 0.8882156724616681, 0.0, 0.19975370396675718, 0.5475068088031787, 0.12006075824935021, 0.40362821158688644, 0.6895249838466404, 0.33154137594431377, 0.19093910315115292, 0.0069454663283523566, 0.6185778206108312, 0.6574214000179163, 0.6743370570671279, 0.7649883791848943, 0.6926664309318337, 0.5401639142439154], [-0.3484878088177328, 0.8351573107092182, 0.0, 0.1943851782102158, 0.5312744611611, 0.12196166760326718, 0.5295210794670588, 0.688834498761884, 0.3280758861130939, 0.18099573838864025, 0.00683347364535547, 0.6300409148432284, 0.6499032208214772, 0.6722949353957496, 0.7678741172554614, 0.7069321752662152, 0.5595523165583041], [-0.1781175527505181, 0.7435012970533941, 0.0, 0.18389400042178108, 0.49604428807789247, 0.12709078195590867, 0.3880754020292699, 0.6845361494577703, 0.3516697909778932, 0.16607673105082532, 0.007281081678807366, 0.6204194023152543, 0.6495912250902616, 0.6586378731585448, 0.7747156697484193, 0.6855756241919851, 0.5816780987596809], [-0.2350378874743826, 0.8233605342684142, 0.0, 0.1805425122987258, 0.5196935688677028, 0.12702549291790416, 0.42717947738693096, 0.6845814964064172, 0.3523085209468291, 0.1830320147675224, 0.007057398507269275, 0.6208733185578121, 0.6398027044648992, 0.6686367626126289, 0.7709232546069092, 0.7082685251861737, 0.5849498198089677]]}