{"labels_1": ["1", "2", "3", "4", "5", "6", "7", "8", "9"], "labels_2": ["1", "2", "3", "4", "5", "6", "7", "8", "9"], "adj_matrix_1": [[0.0, 0.14475, 0.15978, 0.10445, 0.34911, 0.28049, 0.36028, 0.06781, 0.25183], [0.14475, 0.0, 0.01671, 0.04312, 0.25846, 0.16322, 0.27517, 0.20244, 0.30079], [0.15978, 0.01671, 0.0, 0.05967, 0.24531, 0.14793, 0.26253, 0.2157, 0.30376], [0.10445, 0.04312, 0.05967, 0.0, 0.29012, 0.20128, 0.30547, 0.16624, 0.29072], [0.34911, 0.25846, 0.24531, 0.29012, 0.0, 0.10884, 0.02093, 0.36982, 0.31077], [0.28049, 0.16322, 0.14793, 0.20128, 0.10884, 0.0, 0.1291, 0.31696, 0.31515], [0.36028, 0.27517, 0.26253, 0.30547, 0.02093, 0.1291, 0.0, 0.378, 0.30899], [0.06781, 0.20244, 0.2157, 0.16624, 0.36982, 0.31696, 0.378, 0.0, 0.21441], [0.25183, 0.30079, 0.30376, 0.29072, 0.31077, 0.31515, 0.30899, 0.21441, 0.0]], "adj_matrix_2": [[0.0, 0.12458, 0.03138, 0.13085, 0.28683, 0.01752, 0.06534, 0.25711, 0.27872], [0.12458, 0.0, 0.15202, 0.00696, 0.205, 0.10854, 0.17978, 0.16266, 0.19313], [0.03138, 0.15202, 0.0, 0.15796, 0.29923, 0.04873, 0.03445, 0.27326, 0.29219], [0.13085, 0.00696, 0.15796, 0.0, 0.1994, 0.11501, 0.18516, 0.15652, 0.18736], [0.28683, 0.205, 0.29923, 0.1994, 0.0, 0.27848, 0.30875, 0.04938, 0.01426], [0.01752, 0.10854, 0.04873, 0.11501, 0.27848, 0.0, 0.08217, 0.24669, 0.26974], [0.06534, 0.17978, 0.03445, 0.18516, 0.30875, 0.08217, 0.0, 0.28725, 0.30301], [0.25711, 0.16266, 0.27326, 0.15652, 0.04938, 0.24669, 0.28725, 0.0, 0.03522], [0.27872, 0.19313, 0.29219, 0.18736, 0.01426, 0.26974, 0.30301, 0.03522, 0.0]], "features_1": [[-0.11073562935979808, 0.668153817026392, 0.0, 0.2255000188210069, 0.46631236530516984, 0.12796741959913224, 0.23932097653088746, 0.6817225287396942, 0.374237673905911, 0.15348147371390075, 0.007392832833969631, 0.6199860317070116, 0.6507729398818466, 0.6815939471569472, 0.7747486329831144, 0.6872078135883266, 0.605729981544954], [-0.17081224380006743, 0.6591358131601854, 0.0, 0.1919048180681401, 0.4568584127846234, 0.13324668589262528, 0.23041271425426899, 0.6768945853809166, 0.4050065138711534, 0.1566373222291555, 0.007950687539111767, 0.6258980947390902, 0.6482710406998771, 0.6712009268539327, 0.7862303471335029, 0.706492211995465, 0.6219276915498898], [-0.18448799878528677, 0.7716562554577325, 0.0, 0.22328686985285465, 0.5000914013494383, 0.12935074006718036, 0.27066637559970913, 0.6811107200189843, 0.38293124387809296, 0.17804686591822927, 0.007448685839370306, 0.6228838516521127, 0.6571494815812987, 0.6788426886223006, 0.7819205801112854, 0.6889365001943215, 0.6151047105104376], [-0.11292599568680783, 0.783881328802787, 0.0, 0.21951267982376466, 0.5038338514193142, 0.12962503401319161, 0.23057447510218196, 0.6803353770549041, 0.38411212609901013, 0.18095107289980028, 0.007504523810135222, 0.6202578858020962, 0.6572521235957683, 0.6819933996718479, 0.7781098763053081, 0.6986874527118554, 0.6132423222724307], [-0.23808468545832406, 0.7024902485621899, 0.0, 0.1830876725791868, 0.4708881554328048, 0.13388509731753953, 0.2361813608603555, 0.676244112015005, 0.3991705459570398, 0.16563623382202386, 0.007671947615560004, 0.6359605581016801, 0.6605122784470898, 0.6447829107751452, 0.7880918121718525, 0.7272631020854484, 0.6191924993001169], [-0.25937003830434957, 0.8343823665805242, 0.0, 0.20664515685143342, 0.5166085332289466, 0.13202709693466058, 0.3007555623698536, 0.679651598506641, 0.39493669233575135, 0.19409336706877944, 0.007225183508792421, 0.6277935502898, 0.6661155324526041, 0.6741640226018377, 0.7918823374261034, 0.7095927054699808, 0.622925959716346], [-0.6423447325889318, 0.7633903733311136, 0.0, 0.19993344716244882, 0.4926675036396164, 0.13174760552519105, 0.2499284284455811, 0.6779085363367554, 0.39520909469982124, 0.1840249387960402, 0.007560346756364078, 0.6407472467545596, 0.653403209738808, 0.6832393070668209, 0.7814988525145965, 0.678339149097348, 0.6165050282250338], [-0.07625766821055047, 0.7434244529926587, 0.0, 0.21176967028312, 0.48329009083929964, 0.13231721282494888, 0.21577562143561693, 0.676496357496222, 0.39383863755386317, 0.17436017836388906, 0.007671947615560004, 0.6114398043622284, 0.6362736802834607, 0.669629405229557, 0.7795120934507984, 0.6968848286516124, 0.6084087031194768], [0.07053006602646317, 0.7740405020267476, 0.0, 0.23307305367867148, 0.4983024726029214, 0.1297596787928052, 0.23337259496224405, 0.6797043250734619, 0.3827286228101763, 0.17967666227726653, 0.007448685839370306, 0.5958563984166796, 0.6428029064844415, 0.6670558938915769, 0.7763116428139193, 0.6968884155540009, 0.6092232892837567]], "features_2": [[1.1203093224537533, 0.9079720966899287, 0.0, 0.3404149614651262, 0.554401133717384, 0.11670824730880627, 0.4030095512474226, 0.690425242262221, 0.32551876794349477, 0.1819109374501855, 0.007001439975721224, 0.5793959487958784, 0.6177278717905665, 0.6189773822681734, 0.7553855690691089, 0.7136829918143884, 0.5641579279364426], [0.7072745277759145, 0.8707687062374023, 0.0, 0.329662123794492, 0.5394547799345729, 0.1195159033081675, 0.3652199184730634, 0.6888254734502492, 0.3316885717000595, 0.18042085078519654, 0.007225183508792421, 0.5880751890304874, 0.6335458909108888, 0.6352143988226545, 0.762386641024989, 0.6969188095376406, 0.5726135216464139], [1.233607518169876, 1.0328527756184933, 0.0, 0.3605008045179736, 0.5839583686406077, 0.1166794453441891, 0.4398893504614506, 0.690380795628255, 0.32166270907756767, 0.2039090801105996, 0.00677745458930179, 0.5757569916194405, 0.6174801240381972, 0.61563295752205, 0.752194972808521, 0.6913834984342876, 0.5618873252216957], [0.9585964827117364, 0.9842316593368835, 0.0, 0.3330173138651156, 0.5750868335701896, 0.11734360243404998, 0.4148219029312088, 0.6903295932673508, 0.3252157331406891, 0.19660103767669246, 0.0066653709969386465, 0.5835986842583742, 0.6216870191034544, 0.59330813951955, 0.7582974596839527, 0.713207468006701, 0.5730166022519565], [0.08870560866356536, 0.8247768466856719, 0.0, 0.3063538875939431, 0.5233258304935685, 0.1232044376960237, 0.3882332324017618, 0.6868617416104283, 0.3502824685038495, 0.1804767962111986, 0.007336964783822175, 0.6136269123725415, 0.6467616817785492, 0.658240344045687, 0.772981243870169, 0.6988523884319595, 0.5772732740907071], [0.9838785520455633, 1.0142529610317736, 0.0, 0.36109124803456655, 0.5784416239808978, 0.11817270933267676, 0.42918909501182156, 0.6896645334709339, 0.33023169504971794, 0.20360616062759496, 0.007001439975721224, 0.583340941617007, 0.6019927178603802, 0.6107136217618017, 0.7555649574544131, 0.6894726027760584, 0.569555407529487], [0.9182509033215402, 0.8788012316244409, 0.0, 0.34397298734607895, 0.5471437412407507, 0.11903633762709045, 0.432678565895732, 0.6896191350443077, 0.339069144814792, 0.18229906225056136, 0.007001439975721224, 0.5860348768881054, 0.6297346671455383, 0.6530265693766198, 0.7630060043805249, 0.6602076887058089, 0.5785680411748562], [-0.136717334599735, 0.7299735253877592, 0.0, 0.2623303757158397, 0.4923369360366894, 0.12613330665610503, 0.3176423071217286, 0.6842956745531297, 0.35232374246382525, 0.16439421871167537, 0.007448685839370306, 0.6154041133681509, 0.653084795933123, 0.6679624205591201, 0.7740508542722162, 0.6959163952144247, 0.5873700802210196], [0.27297175759987624, 0.7686139903493103, 0.0, 0.3041596355154174, 0.5068980846270104, 0.12526607354715827, 0.31183857949099403, 0.6848888347448099, 0.3466348829173249, 0.1674387223214142, 0.007225183508792421, 0.6053154486943868, 0.6399026635243756, 0.6393400963168024, 0.7700443495177167, 0.7031892431441548, 0.5866745882493476]]}