{"labels_1": ["1", "2", "3", "4", "5", "6", "7", "8", "9"], "labels_2": ["1", "2", "3", "4", "5", "6", "7", "8", "9"], "adj_matrix_1": [[0.0, 0.04958, 0.0312, 0.03427, 0.04962, 0.01217, 0.04623, 0.20475, 0.13771], [0.04958, 0.0, 0.08019, 0.01541, 5e-05, 0.03751, 0.00338, 0.16207, 0.09078], [0.0312, 0.08019, 0.0, 0.06516, 0.08022, 0.0433, 0.07691, 0.22923, 0.16561], [0.03427, 0.01541, 0.06516, 0.0, 0.01546, 0.02215, 0.01204, 0.17567, 0.10556], [0.04962, 5e-05, 0.08022, 0.01546, 0.0, 0.03755, 0.00342, 0.16203, 0.09074], [0.01217, 0.03751, 0.0433, 0.02215, 0.03755, 0.0, 0.03415, 0.19463, 0.12644], [0.04623, 0.00338, 0.07691, 0.01204, 0.00342, 0.03415, 0.0, 0.16507, 0.09404], [0.20475, 0.16207, 0.22923, 0.17567, 0.16203, 0.19463, 0.16507, 0.0, 0.0754], [0.13771, 0.09078, 0.16561, 0.10556, 0.09074, 0.12644, 0.09404, 0.0754, 0.0]], "adj_matrix_2": [[0.0, 0.18122, 0.09365, 0.08716, 0.17847, 0.154, 0.17686, 0.11314, 0.09998], [0.18122, 0.0, 0.16829, 0.17133, 0.02996, 0.10802, 0.07998, 0.24535, 0.25756], [0.09365, 0.16829, 0.0, 0.00788, 0.15223, 0.09064, 0.19647, 0.17987, 0.16747], [0.08716, 0.17133, 0.00788, 0.0, 0.15629, 0.09722, 0.19675, 0.17485, 0.16213], [0.17847, 0.02996, 0.15223, 0.15629, 0.0, 0.08182, 0.10677, 0.24675, 0.254], [0.154, 0.10802, 0.09064, 0.09722, 0.08182, 0.0, 0.16718, 0.2295, 0.22488], [0.17686, 0.07998, 0.19647, 0.19675, 0.10677, 0.16718, 0.0, 0.22102, 0.24716], [0.11314, 0.24535, 0.17987, 0.17485, 0.24675, 0.2295, 0.22102, 0.0, 0.05275], [0.09998, 0.25756, 0.16747, 0.16213, 0.254, 0.22488, 0.24716, 0.05275, 0.0]], "features_1": [[-0.016412847281558562, 1.0013415867604027, 0.0, 0.22257479104054273, 0.5831440422989562, 0.11414980215015799, 0.32914375872598783, 0.6914654642220279, 0.29506983104270046, 0.19840358842265982, 0.007001439975721224, 0.5934505823051208, 0.6291170197654576, 0.6218501730118736, 0.7487900120732027, 0.6676939878628646, 0.5607996510900224], [0.0487960994918466, 0.9632016038760649, 0.0, 0.22823827845551756, 0.5747440386810049, 0.11515819814552017, 0.3756948505008573, 0.691335279019615, 0.3067687415817564, 0.1935036524069551, 0.00677745458930179, 0.5990907805821197, 0.6557845153252904, 0.6224064836794332, 0.7566342137389174, 0.6854379115319775, 0.5718878335424853], [0.02470009868306322, 1.1502524595379326, 0.0, 0.21781931641933822, 0.6139321828355887, 0.11494041024831646, 0.3110854268366715, 0.6910916459163088, 0.29538620402384064, 0.2238168548839694, 0.0069454663283523566, 0.5930297739045194, 0.635391897883686, 0.6286762292727327, 0.7491664682800989, 0.6874054587816879, 0.5657592167576334], [-0.15409868587394193, 1.086316246801328, 0.0, 0.2313918183356354, 0.6015752488546167, 0.11564527107886689, 0.3535681582717622, 0.6910710375038114, 0.29718306216128076, 0.2167256890980238, 0.0066653709969386465, 0.5976842639721873, 0.6336214947454709, 0.6389536046366454, 0.7551221864435701, 0.6885029553760746, 0.5653093270584205], [0.11304823382480711, 0.9223541061828548, 0.0, 0.21731048002535353, 0.5565696804042601, 0.1215130859535478, 0.3484862806296512, 0.6882487754294518, 0.34198664607832385, 0.1956482774205297, 0.007281081678807366, 0.6028399322180968, 0.6342703227859673, 0.6242125688533708, 0.7717298847595553, 0.68673035962195, 0.5918500047139089], [0.1114313124520252, 1.117521955017776, 0.0, 0.2182866492791839, 0.6050569178095828, 0.11780392269639582, 0.33837880588917457, 0.6900468598439393, 0.3125878819320491, 0.22333463090983008, 0.006721420376576193, 0.5966408776713483, 0.6355414121899494, 0.6354043386035616, 0.7599964637282072, 0.7058737909164823, 0.5781269217664485], [0.0667264168467625, 0.9968568772947275, 0.0, 0.22083074183758092, 0.5734896854204573, 0.12059546674123567, 0.3052496940316288, 0.6883066960973991, 0.3167694030952197, 0.20712241446987867, 0.006609306440138685, 0.598689304506792, 0.6378673728626375, 0.663460509330806, 0.7634255974474775, 0.6937862952652561, 0.5766288526550879], [-0.23471418241262798, 0.7970616889927886, 0.0, 0.24240624933854746, 0.5122822174460695, 0.1284247529848168, 0.26147060992943877, 0.6822433905974669, 0.3607498033457568, 0.18211840877878127, 0.007504523810135222, 0.6280449738742786, 0.6591628442323638, 0.6749840068511732, 0.779076162139231, 0.6853155663674456, 0.6046352286344795], [-0.11561232363870477, 0.8313601342458092, 0.0, 0.2575414834609624, 0.5209942159543434, 0.12887601016742498, 0.23867949126172688, 0.681395844813241, 0.35310265327326706, 0.1882654538534474, 0.00716927026363523, 0.621171370115452, 0.6477957259641036, 0.6642059457707582, 0.7771411884068035, 0.6819681144264147, 0.6038437029451139]], "features_2": [[2.1878332140680046, 0.8085065553024279, 0.0, 0.3344097286756085, 0.5270246832875055, 0.1201931517397857, 0.5047377639022542, 0.6900868226746595, 0.3410754185731011, 0.1653248990920646, 0.007057398507269275, 0.5572736969206789, 0.6293244232179679, 0.6399386179949459, 0.7732797393640242, 0.7242398904757504, 0.5589966572414805], [1.399306448112167, 0.7891105562838382, 0.0, 0.30484264084590484, 0.5202680895631896, 0.12012754203454751, 0.5221245326478708, 0.6898812928555567, 0.33215920782783215, 0.16105429676993555, 0.00716927026363523, 0.57065333928768, 0.6276499607744056, 0.6424797285544654, 0.7701380659499875, 0.7132507095080542, 0.5637263490604827], [1.982152499682278, 0.9360862586691424, 0.0, 0.32085668691124236, 0.5596075337195232, 0.12081868841291461, 0.4623567585570207, 0.6895699358656397, 0.33621027579896046, 0.18943477618952542, 0.007281081678807366, 0.5628342640667299, 0.6376504376958593, 0.6403766916042959, 0.7712119591195725, 0.7204659924087812, 0.5635085747966344], [1.9570505397875193, 0.9429909494714774, 0.0, 0.3253098108719885, 0.5563883461516417, 0.12417813056569693, 0.4063115803022498, 0.6874923325566669, 0.3594492601271855, 0.19821940867529397, 0.0069454663283523566, 0.5634274697026973, 0.6374517553582885, 0.6647361787271654, 0.7768055541420293, 0.7261619042078908, 0.5686937778711006], [1.5049405141519694, 0.7658875736961571, 0.0, 0.320243575545942, 0.5091805667047894, 0.12201702644933164, 0.4251273341771217, 0.6883992370023257, 0.3424882627724881, 0.1592202544989576, 0.007281081678807366, 0.5729223002841359, 0.6402557160999047, 0.6424731207985503, 0.7738151304489174, 0.7034512627576817, 0.5766510819472961], [1.9925855997965858, 0.9870106885433824, 0.0, 0.3380062927872887, 0.5638675118856088, 0.12650160240256123, 0.3839677420084655, 0.6861133240201458, 0.3724848732210111, 0.20715240983441063, 0.007727725548673403, 0.5643275819086573, 0.6313045764537175, 0.6358679009757914, 0.7797598002005731, 0.7185330475522845, 0.5740774222883556], [0.8992016419151505, 0.8695989830848365, 0.0, 0.2932168548133356, 0.531421890367098, 0.12748091275552095, 0.39247918678467786, 0.6851385623508344, 0.36905050921709415, 0.19168630862454417, 0.007392832833969631, 0.5768894481816493, 0.6431233604003092, 0.6770153438923566, 0.7813246167180932, 0.717134613559193, 0.5841622719072042], [0.3845774329826259, 0.7452802991367562, 0.0, 0.2794857005177177, 0.49204607227692243, 0.12740489216795725, 0.26706500155378876, 0.6831894857238909, 0.35427144055920023, 0.16644824777255152, 0.007057398507269275, 0.5970088419607227, 0.6360853734589862, 0.6610216802998059, 0.7733998905552311, 0.7120592654223017, 0.5831681575873179], [0.03911806500181614, 0.8017858773557044, 0.0, 0.2511387471027263, 0.5060097235180913, 0.12848077035700023, 0.26047671465768046, 0.6820335969212656, 0.3591637279044064, 0.1820648054060583, 0.007281081678807366, 0.6041864937853019, 0.6356390272525431, 0.6707581856664666, 0.7749037968693467, 0.7002898227728771, 0.5769241353753195]]}