{"labels_1": ["1", "2", "3", "4", "5", "6", "7", "8", "9"], "labels_2": ["1", "2", "3", "4", "5", "6", "7", "8", "9"], "adj_matrix_1": [[0.0, 0.00416, 0.08584, 0.03254, 0.05452, 0.03146, 0.02334, 0.25869, 0.23561], [0.00416, 0.0, 0.08986, 0.03667, 0.05041, 0.02732, 0.01919, 0.25669, 0.23303], [0.08584, 0.08986, 0.0, 0.05399, 0.13725, 0.11589, 0.1082, 0.29167, 0.28145], [0.03254, 0.03667, 0.05399, 0.0, 0.08628, 0.0637, 0.05568, 0.27253, 0.25442], [0.05452, 0.05041, 0.13725, 0.08628, 0.0, 0.02324, 0.03137, 0.22984, 0.19893], [0.03146, 0.02732, 0.11589, 0.0637, 0.02324, 0.0, 0.00816, 0.24244, 0.21503], [0.02334, 0.01919, 0.1082, 0.05568, 0.03137, 0.00816, 0.0, 0.24697, 0.22062], [0.25869, 0.25669, 0.29167, 0.27253, 0.22984, 0.24244, 0.24697, 0.0, 0.05163], [0.23561, 0.23303, 0.28145, 0.25442, 0.19893, 0.21503, 0.22062, 0.05163, 0.0]], "adj_matrix_2": [[0.0, 0.02307, 0.08064, 0.17328, 0.02456, 0.12882, 0.15228, 0.1626, 0.17521], [0.02307, 0.0, 0.09955, 0.17594, 0.04705, 0.14172, 0.16074, 0.14813, 0.16249], [0.08064, 0.09955, 0.0, 0.13801, 0.05852, 0.06162, 0.09783, 0.20544, 0.20675], [0.17328, 0.17594, 0.13801, 0.0, 0.16702, 0.0899, 0.05239, 0.20831, 0.17697], [0.02456, 0.04705, 0.05852, 0.16702, 0.0, 0.11211, 0.13996, 0.17705, 0.18711], [0.12882, 0.14172, 0.06162, 0.0899, 0.11211, 0.0, 0.04041, 0.22053, 0.20947], [0.15228, 0.16074, 0.09783, 0.05239, 0.13996, 0.04041, 0.0, 0.22049, 0.20058], [0.1626, 0.14813, 0.20544, 0.20831, 0.17705, 0.22053, 0.22049, 0.0, 0.05785], [0.17521, 0.16249, 0.20675, 0.17697, 0.18711, 0.20947, 0.20058, 0.05785, 0.0]], "features_1": [[0.7854020921645652, 0.9959818399531498, 0.0, 0.2466567973033914, 0.5808826181492542, 0.11609660742972483, 0.43873786361096234, 0.6910882740631052, 0.29891847429378093, 0.19500265907914893, 0.00677745458930179, 0.587913185339294, 0.6276597249535013, 0.6242212233224083, 0.7541385523734022, 0.6887732764931292, 0.549756721275168], [0.8227648984573821, 1.0165734880624577, 0.0, 0.25356330253578213, 0.5812289433544632, 0.11778663817424773, 0.3177477495501108, 0.6898115851305413, 0.308371726078438, 0.20181727303121777, 0.00655322669591385, 0.5893101579275972, 0.6268911173962713, 0.6351071891381382, 0.7540502300890846, 0.6677368172970939, 0.5570724725321241], [0.7710175348107593, 1.1649455315609185, 0.0, 0.2379551966152064, 0.616782966309627, 0.11657838488442926, 0.44135189120380075, 0.6909719236397084, 0.3038753552773745, 0.22439162589930262, 0.0066653709969386465, 0.5901907522648573, 0.6294947131222233, 0.6303132542218366, 0.7559620170416059, 0.6840592281365572, 0.5521030731168709], [0.6662504965918039, 1.1756685399638134, 0.0, 0.24252147024178944, 0.6177986902424594, 0.1184430394430269, 0.5100190660226523, 0.6904483852825924, 0.30945295983422105, 0.22950001795532216, 0.00655322669591385, 0.5887648643348378, 0.6452643464368805, 0.6371364578875459, 0.7615992846920588, 0.6956046122710337, 0.563005971874952], [0.692248850298752, 0.9870139709116121, 0.0, 0.22991526755292993, 0.5717160768462006, 0.1204995127352661, 0.329393362465904, 0.6884646649262056, 0.32174620528532905, 0.2002921816752783, 0.007001439975721224, 0.5863783607828177, 0.6214740933095808, 0.6258036084947655, 0.7608969417789551, 0.6733657057004844, 0.56969032638707], [0.804220547459606, 1.2113277547915662, 0.0, 0.24521187730809804, 0.6234156120954015, 0.12165737584479916, 0.5267744756629469, 0.6895632325855873, 0.33387453726142646, 0.24071440942326294, 0.007001439975721224, 0.5901743195653271, 0.6489141009320065, 0.645196940018676, 0.77556868026737, 0.7084181251556297, 0.5698073593330485], [0.7298505609380372, 1.104275092668683, 0.0, 0.27872350162042037, 0.605699042315823, 0.11844954846797937, 0.6050563110179048, 0.690771431939684, 0.3190826043501602, 0.21849267949463824, 0.0066653709969386465, 0.5877361501063372, 0.6264037501050743, 0.6377349257569669, 0.7626784841068, 0.6779527073127168, 0.560595732470065], [0.7588718191178598, 0.9076076304985747, 0.0, 0.28188989664337355, 0.5536613767891438, 0.12431776392306916, 0.43904149280261534, 0.687319611176199, 0.3537046166614364, 0.19405119370819235, 0.00677745458930179, 0.5828767677997866, 0.6408135925007677, 0.6614130324617998, 0.7751292647279211, 0.7036770392587695, 0.5823091513314314], [0.6050703167949827, 1.039455532190344, 0.0, 0.3047300191465379, 0.5902550072750528, 0.11922876887534348, 0.4747121553691592, 0.6900818695514956, 0.31938611160348107, 0.2113540303719048, 0.00655322669591385, 0.5755906190915203, 0.621203258361496, 0.6318861646441625, 0.7637938009071894, 0.686245779950957, 0.565193955602766]], "features_2": [[1.6889627320482807, 0.7632163977412132, 0.0, 0.34429045722997353, 0.4831495809367795, 0.13080123962713183, 0.20502504363428004, 0.6769231326775547, 0.3718996797268759, 0.1719753190340083, 0.007671947615560004, 0.5603495450926737, 0.6324455402172096, 0.6316133999241276, 0.7662990912509805, 0.7007964946631376, 0.5800032571600532], [1.964361455800531, 0.7666944674004519, 0.0, 0.33409595404186637, 0.4876857593650842, 0.130468786444831, 0.26792115406379013, 0.6793193374483627, 0.38167405936067134, 0.17300376227439762, 0.007894969482732161, 0.5567916217865738, 0.6348341698519202, 0.6549686533725795, 0.7759275152994973, 0.6795407313802637, 0.5855761371940708], [1.3174806635769691, 0.8905448830554361, 0.0, 0.3344903900528516, 0.5187467323554703, 0.13042693342952763, 0.16887544932974025, 0.6766790920761753, 0.36553024100430487, 0.1996106369042625, 0.007671947615560004, 0.5668786952112916, 0.609333485938935, 0.6361261037551059, 0.7629447030887144, 0.6693644307162405, 0.5695001686363479], [0.802614255599567, 0.877733763934923, 0.0, 0.31816236400403275, 0.51112620671212, 0.13313661026764761, 0.16729691264468655, 0.6733148056172357, 0.37499748351476514, 0.20168116275531967, 0.007671947615560004, 0.579486692637587, 0.6251562765331562, 0.6550156176568815, 0.7677058761889634, 0.6810687978550766, 0.5765683296274771], [1.630249414030395, 0.7587829971120869, 0.0, 0.32246865487071713, 0.4824652849756558, 0.13322447567292917, 0.22077111055824689, 0.6764320987755372, 0.3979750978681038, 0.17538936690203855, 0.008062078829516484, 0.5664393984654752, 0.6293385972783905, 0.6512146260162875, 0.7833187699484334, 0.6967841741284886, 0.5921580956432527], [1.022946360669752, 0.9023596475831991, 0.0, 0.3205946992415614, 0.5214007581462616, 0.13268887175349448, 0.18560327330076518, 0.6756670192119943, 0.38120226817877056, 0.20609636973235212, 0.007727725548673403, 0.5750091470476781, 0.6316252621964829, 0.6596004127307118, 0.7770661071409142, 0.7060735520692276, 0.5794395646634023], [0.7241294337005115, 0.8785528046713652, 0.0, 0.3346336954999139, 0.5098069613815621, 0.13451456183500862, 0.12301702733769275, 0.671498729160338, 0.38737185402323715, 0.20536922472038066, 0.00783923647221818, 0.5797204276057988, 0.6252214263325164, 0.6557749442237212, 0.771006713781548, 0.6948602067402164, 0.5733728392897763], [0.250027390136474, 0.7064123065520396, 0.0, 0.2798725541018127, 0.4641105674100353, 0.13578325487489187, 0.21679777195148162, 0.6732712994753574, 0.3985051472691461, 0.169847100131699, 0.008173410423425675, 0.6060031284921166, 0.6443953682665863, 0.6643053877680154, 0.7859144118277334, 0.7196471097119931, 0.5956837221751528], [0.25769212062544256, 0.8118934484645787, 0.0, 0.30310054233703226, 0.4952852623703047, 0.13527965300099562, 0.2080305923093711, 0.6726184492572154, 0.38423966572419266, 0.19179274927100343, 0.007616154688146137, 0.5926834479679375, 0.6452772577125777, 0.6711802324524166, 0.7789749772576512, 0.7164893339049319, 0.584240810408855]]}