{"labels_1": ["1", "2", "3", "4", "5", "6", "7", "8", "9"], "labels_2": ["1", "2", "3", "4", "5", "6", "7", "8", "9"], "adj_matrix_1": [[0.0, 0.01239, 0.09466, 0.05022, 0.22441, 0.05794, 0.05247, 0.14844, 0.13353], [0.01239, 0.0, 0.1063, 0.06237, 0.23306, 0.04575, 0.06459, 0.15915, 0.14453], [0.09466, 0.1063, 0.0, 0.04566, 0.14572, 0.14773, 0.0434, 0.058, 0.04159], [0.05022, 0.06237, 0.04566, 0.0, 0.18541, 0.10628, 0.00228, 0.10231, 0.08644], [0.22441, 0.23306, 0.14572, 0.18541, 0.0, 0.26147, 0.18352, 0.09113, 0.10704], [0.05794, 0.04575, 0.14773, 0.10628, 0.26147, 0.0, 0.1084, 0.19615, 0.18291], [0.05247, 0.06459, 0.0434, 0.00228, 0.18352, 0.1084, 0.0, 0.10016, 0.08425], [0.14844, 0.15915, 0.058, 0.10231, 0.09113, 0.19615, 0.10016, 0.0, 0.0166], [0.13353, 0.14453, 0.04159, 0.08644, 0.10704, 0.18291, 0.08425, 0.0166, 0.0]], "adj_matrix_2": [[0.0, 0.10511, 0.09769, 0.05957, 0.03335, 0.12417, 0.19251, 0.18298, 0.22803], [0.10511, 0.0, 0.17011, 0.14792, 0.13039, 0.183, 0.20298, 0.20199, 0.19466], [0.09769, 0.17011, 0.0, 0.04154, 0.06745, 0.03182, 0.13091, 0.11475, 0.20848], [0.05957, 0.14792, 0.04154, 0.0, 0.02697, 0.07217, 0.16119, 0.14736, 0.22246], [0.03335, 0.13039, 0.06745, 0.02697, 0.0, 0.09655, 0.17706, 0.16522, 0.22699], [0.12417, 0.183, 0.03182, 0.07217, 0.09655, 0.0, 0.10414, 0.08662, 0.19264], [0.19251, 0.20298, 0.13091, 0.16119, 0.17706, 0.10414, 0.0, 0.01929, 0.11218], [0.18298, 0.20199, 0.11475, 0.14736, 0.16522, 0.08662, 0.01929, 0.0, 0.1289], [0.22803, 0.19466, 0.20848, 0.22246, 0.22699, 0.19264, 0.11218, 0.1289, 0.0]], "features_1": [[0.4609193305923811, 0.9240700560763155, 0.0, 0.2764679602576635, 0.5556755991771333, 0.11855044559279422, 0.2397433619729874, 0.6887072495858182, 0.3214075125459106, 0.1897138745795126, 0.007504523810135222, 0.5943187137129449, 0.6162689825041215, 0.6193635588182627, 0.7505443004621357, 0.6749006011825746, 0.5634498629510668], [0.09037742301218898, 0.8816227917745639, 0.0, 0.31003388341198457, 0.5468105920205363, 0.11828968644459412, 0.26336947107634, 0.6890289264355429, 0.3241210278676603, 0.18464300563309743, 0.007057398507269275, 0.5946096235353346, 0.6185873100480458, 0.6376463957433798, 0.7531492774584663, 0.680384333414982, 0.5590224868883518], [0.49527383069003106, 1.0731836915272872, 0.0, 0.27799547994791757, 0.5912948207174465, 0.11763037464298925, 0.23795465491553003, 0.6892583701289364, 0.31960598618225045, 0.21505492050728647, 0.007281081678807366, 0.5943155942096472, 0.627420126793955, 0.6175386829408636, 0.7476679881428996, 0.6507220433283079, 0.5601300531412134], [0.6090707947377862, 1.0424231571157403, 0.0, 0.27269471368879905, 0.584407384503657, 0.1186536645081007, 0.27505111427307155, 0.6890320598572353, 0.33316312491728883, 0.21303819260026824, 0.007504523810135222, 0.5923351444489251, 0.6312588635568736, 0.6459460171647852, 0.7546448603723136, 0.658385592125337, 0.5621649143679162], [0.23324500605152476, 0.8515963408435142, 0.0, 0.26950319174206194, 0.5378336437573906, 0.11903192593390696, 0.25584638227636775, 0.6885301250223621, 0.3269764318446322, 0.17698036571267095, 0.007281081678807366, 0.6051981047852517, 0.6319486680195314, 0.6324403098616376, 0.7547042101511202, 0.6760546223256724, 0.560829515206116], [0.6519246847743201, 1.0884853935582997, 0.0, 0.2694768826156614, 0.5957065178028419, 0.11711481392650416, 0.23792854305205396, 0.6895887740769415, 0.32005815515911307, 0.21720526327669099, 0.007504523810135222, 0.5852159560239232, 0.599209151608725, 0.6037150344716264, 0.7467223507520794, 0.6619164804420576, 0.5580388151993382], [0.9108525999215926, 1.0278438825920362, 0.0, 0.27736380033204405, 0.5812554753178168, 0.118482638447652, 0.2458328202107211, 0.6890043293632875, 0.3303426295028533, 0.20639335813253457, 0.007392832833969631, 0.588284556199248, 0.6234320955110308, 0.6213154994657702, 0.7515054248660259, 0.6724597089374514, 0.5571596156204897], [0.6417703255830611, 0.8471109951566986, 0.0, 0.2343215830322995, 0.5359802420224952, 0.11967017311361466, 0.24100769107570058, 0.6881528808249411, 0.3266065363701096, 0.17451226972934997, 0.00711334193318236, 0.5921194059560833, 0.6329189140061254, 0.6282627782867416, 0.7522033093729376, 0.6867671454048593, 0.5514438805215492], [0.34290752694810056, 0.9241487407822914, 0.0, 0.2961240218004851, 0.5585896221167465, 0.11811181842748275, 0.25609017231694364, 0.6893467155406265, 0.32902069894233077, 0.19256109404522448, 0.007448685839370306, 0.597608547641147, 0.6231552052244504, 0.6306250857221009, 0.7505246185411757, 0.6748260286639588, 0.5494626245366941]], "features_2": [[2.8037120399559585, 1.0070565125024165, 0.0, 0.2989480570649457, 0.5842451563140836, 0.11335409243343211, 0.4397270851258234, 0.6919212921103857, 0.31651167032796645, 0.18620279290647956, 0.007001439975721224, 0.5501939783726821, 0.5948576556494156, 0.5877034831234177, 0.7468499852684894, 0.7028209581086848, 0.4892283428295521], [2.873303869485646, 0.9781477381140604, 0.0, 0.2893763927383487, 0.5724776850149418, 0.11613789078763247, 0.441447299953856, 0.6910283125695683, 0.33046736208526806, 0.18697691086871582, 0.007336964783822175, 0.5478292058064509, 0.5886438116016965, 0.6074923491095666, 0.7573391520200766, 0.7234875966072882, 0.5126102046210724], [2.558868951563035, 1.1443255732792674, 0.0, 0.2906831479290379, 0.612695234043974, 0.11377333848781436, 0.4533904898590933, 0.6918001572839863, 0.32574949275298426, 0.21156878190190298, 0.007560346756364078, 0.5540313379032478, 0.5979323735706934, 0.5944478052689012, 0.7482765188603385, 0.7267727218387569, 0.4932392117838836], [2.574495971835675, 1.1328665665879516, 0.0, 0.2802148155286, 0.6069397683896894, 0.11617473918147472, 0.43938053532926774, 0.6908343344811727, 0.3257389000056703, 0.21171298070475664, 0.007225183508792421, 0.5546585924041911, 0.5946180589798545, 0.6019167649408752, 0.7513315234766917, 0.7024723259645443, 0.4861200731895693], [2.1701207377715477, 0.8963295970994112, 0.0, 0.28203898716490255, 0.5409327418738457, 0.12261615201844728, 0.3731657253935531, 0.6871524936825837, 0.35900788793551053, 0.1852881986467434, 0.007671947615560004, 0.5700147903553423, 0.612702414414105, 0.6351212893206977, 0.769326866353842, 0.7283883899841198, 0.5474085981025351], [2.440451582216209, 1.1134809901267901, 0.0, 0.2742543996564518, 0.601454013167712, 0.11681799762256502, 0.4383828301756047, 0.6907436702322103, 0.3437435585571442, 0.2123260169916532, 0.007671947615560004, 0.5655589974288673, 0.6134787422658045, 0.6057393288303065, 0.7579732704947238, 0.7128336814231807, 0.5053220126495838], [1.806202826776179, 1.0564257247272841, 0.0, 0.27330322463352485, 0.5854445827340542, 0.11871210967457518, 0.33779842584030817, 0.6894281926875161, 0.32655349043017456, 0.2051381901527145, 0.007225183508792421, 0.5669377380601612, 0.6117528667772656, 0.6025603414725204, 0.759285441102298, 0.7088827457042919, 0.5185760780721232], [1.7834944793138554, 0.8731265779396886, 0.0, 0.2743049044654587, 0.5268228632957822, 0.1236898684717254, 0.20811596305509922, 0.6847287783010906, 0.37022074537069494, 0.18291585791461995, 0.007894969482732161, 0.5738235410957304, 0.6079777383221693, 0.6143110672102774, 0.7580678150590361, 0.6889355262007244, 0.551516787037625], [1.5449721654431832, 0.9772726426975697, 0.0, 0.274202280089878, 0.5619008686631038, 0.11830855074161029, 0.23927628081860206, 0.6889089950290233, 0.3374698608912883, 0.19592930376685702, 0.007392832833969631, 0.5735086724830625, 0.5913932640802808, 0.5977658923215028, 0.7487780855812742, 0.6959543464004063, 0.5167541939170005]]}