{"labels_1": ["1", "2", "3", "4", "5", "6", "7", "8", "9"], "labels_2": ["1", "2", "3", "4", "5", "6", "7", "8", "9"], "adj_matrix_1": [[0.0, 0.01239, 0.09466, 0.05022, 0.22441, 0.05794, 0.05247, 0.14844, 0.13353], [0.01239, 0.0, 0.1063, 0.06237, 0.23306, 0.04575, 0.06459, 0.15915, 0.14453], [0.09466, 0.1063, 0.0, 0.04566, 0.14572, 0.14773, 0.0434, 0.058, 0.04159], [0.05022, 0.06237, 0.04566, 0.0, 0.18541, 0.10628, 0.00228, 0.10231, 0.08644], [0.22441, 0.23306, 0.14572, 0.18541, 0.0, 0.26147, 0.18352, 0.09113, 0.10704], [0.05794, 0.04575, 0.14773, 0.10628, 0.26147, 0.0, 0.1084, 0.19615, 0.18291], [0.05247, 0.06459, 0.0434, 0.00228, 0.18352, 0.1084, 0.0, 0.10016, 0.08425], [0.14844, 0.15915, 0.058, 0.10231, 0.09113, 0.19615, 0.10016, 0.0, 0.0166], [0.13353, 0.14453, 0.04159, 0.08644, 0.10704, 0.18291, 0.08425, 0.0166, 0.0]], "adj_matrix_2": [[0.0, 0.18122, 0.09365, 0.08716, 0.17847, 0.154, 0.17686, 0.11314, 0.09998], [0.18122, 0.0, 0.16829, 0.17133, 0.02996, 0.10802, 0.07998, 0.24535, 0.25756], [0.09365, 0.16829, 0.0, 0.00788, 0.15223, 0.09064, 0.19647, 0.17987, 0.16747], [0.08716, 0.17133, 0.00788, 0.0, 0.15629, 0.09722, 0.19675, 0.17485, 0.16213], [0.17847, 0.02996, 0.15223, 0.15629, 0.0, 0.08182, 0.10677, 0.24675, 0.254], [0.154, 0.10802, 0.09064, 0.09722, 0.08182, 0.0, 0.16718, 0.2295, 0.22488], [0.17686, 0.07998, 0.19647, 0.19675, 0.10677, 0.16718, 0.0, 0.22102, 0.24716], [0.11314, 0.24535, 0.17987, 0.17485, 0.24675, 0.2295, 0.22102, 0.0, 0.05275], [0.09998, 0.25756, 0.16747, 0.16213, 0.254, 0.22488, 0.24716, 0.05275, 0.0]], "features_1": [[0.4609193305923811, 0.9240700560763155, 0.0, 0.2764679602576635, 0.5556755991771333, 0.11855044559279422, 0.2397433619729874, 0.6887072495858182, 0.3214075125459106, 0.1897138745795126, 0.007504523810135222, 0.5943187137129449, 0.6162689825041215, 0.6193635588182627, 0.7505443004621357, 0.6749006011825746, 0.5634498629510668], [0.09037742301218898, 0.8816227917745639, 0.0, 0.31003388341198457, 0.5468105920205363, 0.11828968644459412, 0.26336947107634, 0.6890289264355429, 0.3241210278676603, 0.18464300563309743, 0.007057398507269275, 0.5946096235353346, 0.6185873100480458, 0.6376463957433798, 0.7531492774584663, 0.680384333414982, 0.5590224868883518], [0.49527383069003106, 1.0731836915272872, 0.0, 0.27799547994791757, 0.5912948207174465, 0.11763037464298925, 0.23795465491553003, 0.6892583701289364, 0.31960598618225045, 0.21505492050728647, 0.007281081678807366, 0.5943155942096472, 0.627420126793955, 0.6175386829408636, 0.7476679881428996, 0.6507220433283079, 0.5601300531412134], [0.6090707947377862, 1.0424231571157403, 0.0, 0.27269471368879905, 0.584407384503657, 0.1186536645081007, 0.27505111427307155, 0.6890320598572353, 0.33316312491728883, 0.21303819260026824, 0.007504523810135222, 0.5923351444489251, 0.6312588635568736, 0.6459460171647852, 0.7546448603723136, 0.658385592125337, 0.5621649143679162], [0.23324500605152476, 0.8515963408435142, 0.0, 0.26950319174206194, 0.5378336437573906, 0.11903192593390696, 0.25584638227636775, 0.6885301250223621, 0.3269764318446322, 0.17698036571267095, 0.007281081678807366, 0.6051981047852517, 0.6319486680195314, 0.6324403098616376, 0.7547042101511202, 0.6760546223256724, 0.560829515206116], [0.6519246847743201, 1.0884853935582997, 0.0, 0.2694768826156614, 0.5957065178028419, 0.11711481392650416, 0.23792854305205396, 0.6895887740769415, 0.32005815515911307, 0.21720526327669099, 0.007504523810135222, 0.5852159560239232, 0.599209151608725, 0.6037150344716264, 0.7467223507520794, 0.6619164804420576, 0.5580388151993382], [0.9108525999215926, 1.0278438825920362, 0.0, 0.27736380033204405, 0.5812554753178168, 0.118482638447652, 0.2458328202107211, 0.6890043293632875, 0.3303426295028533, 0.20639335813253457, 0.007392832833969631, 0.588284556199248, 0.6234320955110308, 0.6213154994657702, 0.7515054248660259, 0.6724597089374514, 0.5571596156204897], [0.6417703255830611, 0.8471109951566986, 0.0, 0.2343215830322995, 0.5359802420224952, 0.11967017311361466, 0.24100769107570058, 0.6881528808249411, 0.3266065363701096, 0.17451226972934997, 0.00711334193318236, 0.5921194059560833, 0.6329189140061254, 0.6282627782867416, 0.7522033093729376, 0.6867671454048593, 0.5514438805215492], [0.34290752694810056, 0.9241487407822914, 0.0, 0.2961240218004851, 0.5585896221167465, 0.11811181842748275, 0.25609017231694364, 0.6893467155406265, 0.32902069894233077, 0.19256109404522448, 0.007448685839370306, 0.597608547641147, 0.6231552052244504, 0.6306250857221009, 0.7505246185411757, 0.6748260286639588, 0.5494626245366941]], "features_2": [[2.1878332140680046, 0.8085065553024279, 0.0, 0.3344097286756085, 0.5270246832875055, 0.1201931517397857, 0.5047377639022542, 0.6900868226746595, 0.3410754185731011, 0.1653248990920646, 0.007057398507269275, 0.5572736969206789, 0.6293244232179679, 0.6399386179949459, 0.7732797393640242, 0.7242398904757504, 0.5589966572414805], [1.399306448112167, 0.7891105562838382, 0.0, 0.30484264084590484, 0.5202680895631896, 0.12012754203454751, 0.5221245326478708, 0.6898812928555567, 0.33215920782783215, 0.16105429676993555, 0.00716927026363523, 0.57065333928768, 0.6276499607744056, 0.6424797285544654, 0.7701380659499875, 0.7132507095080542, 0.5637263490604827], [1.982152499682278, 0.9360862586691424, 0.0, 0.32085668691124236, 0.5596075337195232, 0.12081868841291461, 0.4623567585570207, 0.6895699358656397, 0.33621027579896046, 0.18943477618952542, 0.007281081678807366, 0.5628342640667299, 0.6376504376958593, 0.6403766916042959, 0.7712119591195725, 0.7204659924087812, 0.5635085747966344], [1.9570505397875193, 0.9429909494714774, 0.0, 0.3253098108719885, 0.5563883461516417, 0.12417813056569693, 0.4063115803022498, 0.6874923325566669, 0.3594492601271855, 0.19821940867529397, 0.0069454663283523566, 0.5634274697026973, 0.6374517553582885, 0.6647361787271654, 0.7768055541420293, 0.7261619042078908, 0.5686937778711006], [1.5049405141519694, 0.7658875736961571, 0.0, 0.320243575545942, 0.5091805667047894, 0.12201702644933164, 0.4251273341771217, 0.6883992370023257, 0.3424882627724881, 0.1592202544989576, 0.007281081678807366, 0.5729223002841359, 0.6402557160999047, 0.6424731207985503, 0.7738151304489174, 0.7034512627576817, 0.5766510819472961], [1.9925855997965858, 0.9870106885433824, 0.0, 0.3380062927872887, 0.5638675118856088, 0.12650160240256123, 0.3839677420084655, 0.6861133240201458, 0.3724848732210111, 0.20715240983441063, 0.007727725548673403, 0.5643275819086573, 0.6313045764537175, 0.6358679009757914, 0.7797598002005731, 0.7185330475522845, 0.5740774222883556], [0.8992016419151505, 0.8695989830848365, 0.0, 0.2932168548133356, 0.531421890367098, 0.12748091275552095, 0.39247918678467786, 0.6851385623508344, 0.36905050921709415, 0.19168630862454417, 0.007392832833969631, 0.5768894481816493, 0.6431233604003092, 0.6770153438923566, 0.7813246167180932, 0.717134613559193, 0.5841622719072042], [0.3845774329826259, 0.7452802991367562, 0.0, 0.2794857005177177, 0.49204607227692243, 0.12740489216795725, 0.26706500155378876, 0.6831894857238909, 0.35427144055920023, 0.16644824777255152, 0.007057398507269275, 0.5970088419607227, 0.6360853734589862, 0.6610216802998059, 0.7733998905552311, 0.7120592654223017, 0.5831681575873179], [0.03911806500181614, 0.8017858773557044, 0.0, 0.2511387471027263, 0.5060097235180913, 0.12848077035700023, 0.26047671465768046, 0.6820335969212656, 0.3591637279044064, 0.1820648054060583, 0.007281081678807366, 0.6041864937853019, 0.6356390272525431, 0.6707581856664666, 0.7749037968693467, 0.7002898227728771, 0.5769241353753195]]}