{"labels_1": ["1", "2", "3", "4", "5", "6", "7", "8", "9"], "labels_2": ["1", "2", "3", "4", "5", "6", "7", "8", "9"], "adj_matrix_1": [[0.0, 0.18832, 0.04302, 0.03489, 0.27694, 0.21735, 0.10625, 0.24036, 0.26499], [0.18832, 0.0, 0.15961, 0.16559, 0.29259, 0.05054, 0.10377, 0.09949, 0.17285], [0.04302, 0.15961, 0.0, 0.00827, 0.29423, 0.19552, 0.0665, 0.22549, 0.26165], [0.03489, 0.16559, 0.00827, 0.0, 0.29143, 0.20028, 0.07435, 0.22895, 0.26294], [0.27694, 0.29259, 0.29423, 0.29143, 0.0, 0.27062, 0.30762, 0.24036, 0.17621], [0.21735, 0.05054, 0.19552, 0.20028, 0.27062, 0.0, 0.14798, 0.05067, 0.13004], [0.10625, 0.10377, 0.0665, 0.07435, 0.30762, 0.14798, 0.0, 0.18745, 0.24045], [0.24036, 0.09949, 0.22549, 0.22895, 0.24036, 0.05067, 0.18745, 0.0, 0.08267], [0.26499, 0.17285, 0.26165, 0.26294, 0.17621, 0.13004, 0.24045, 0.08267, 0.0]], "adj_matrix_2": [[0.0, 0.06508, 0.04546, 0.00588, 0.17671, 0.08706, 0.13486, 0.12182, 0.21617], [0.06508, 0.0, 0.10879, 0.0708, 0.12088, 0.14765, 0.19103, 0.17936, 0.26165], [0.04546, 0.10879, 0.0, 0.03964, 0.21113, 0.04243, 0.09211, 0.07841, 0.17896], [0.00588, 0.0708, 0.03964, 0.0, 0.18131, 0.08141, 0.12952, 0.11634, 0.21163], [0.17671, 0.12088, 0.21113, 0.18131, 0.0, 0.23976, 0.26955, 0.26189, 0.31267], [0.08706, 0.14765, 0.04243, 0.08141, 0.23976, 0.0, 0.05055, 0.03652, 0.14111], [0.13486, 0.19103, 0.09211, 0.12952, 0.26955, 0.05055, 0.0, 0.01413, 0.09318], [0.12182, 0.17936, 0.07841, 0.11634, 0.26189, 0.03652, 0.01413, 0.0, 0.10676], [0.21617, 0.26165, 0.17896, 0.21163, 0.31267, 0.14111, 0.09318, 0.10676, 0.0]], "features_1": [[0.738805030211128, 0.7132169975280983, 0.0, 0.25327193797449554, 0.5110301113176436, 0.11829375430301811, 0.5357172333082871, 0.6911639457468685, 0.3114473383243761, 0.14461461356671035, 0.006609306440138685, 0.5753918265536102, 0.6545252597364457, 0.6539427191791234, 0.7699971343179353, 0.7109573737995151, 0.5818517523932775], [0.662352759112836, 0.6767029628194623, 0.0, 0.2515661720130447, 0.4977027282214521, 0.11755823401191581, 0.4865284540114665, 0.6911384406823966, 0.3264644345750698, 0.13885712829564278, 0.00683347364535547, 0.5852944610566726, 0.635171669990253, 0.6358780695901437, 0.7687139679337334, 0.6934610135280156, 0.5794571117316677], [0.6795142471807356, 0.8368664267491828, 0.0, 0.24775260328264764, 0.5464203015777341, 0.11915996943827503, 0.4849007171481482, 0.6904653346534801, 0.3171813383502382, 0.1715100535771661, 0.00683347364535547, 0.586454446428673, 0.6353664741637651, 0.6565301909196325, 0.7696024766685671, 0.6926562741950928, 0.5823706940908637], [0.8442578222396038, 0.8328120653897523, 0.0, 0.25878831939587404, 0.5385174229120326, 0.122051110938384, 0.4626677909125149, 0.6889587765549514, 0.32439168245970706, 0.17238468359162673, 0.006497131753992358, 0.5720714882670188, 0.6244379779805331, 0.6571048734507017, 0.773941317733668, 0.6945838484485746, 0.5967826895972068], [0.368823440295746, 0.6576176336406961, 0.0, 0.2350764324634194, 0.4907987323991472, 0.11791280384667228, 0.5592817386745764, 0.6910980079486247, 0.33186173733956137, 0.1368157900571343, 0.007057398507269275, 0.5995494336160792, 0.6539348503132303, 0.656430817136234, 0.7706288381198013, 0.7021236527928213, 0.5805699131838229], [0.2126393776227098, 0.8759559769514165, 0.0, 0.24869500735713113, 0.5554967175965004, 0.11807410921360582, 0.5108155856258854, 0.6907484668905048, 0.304228058635057, 0.17911865453735243, 0.006609306440138685, 0.5935829159241133, 0.6449096666143389, 0.6511317686537254, 0.7668764755518053, 0.6908371373688532, 0.5776355305600398], [0.8199611224283991, 0.8106213053329104, 0.0, 0.27133975689892925, 0.5278186113586052, 0.12189274897610855, 0.32988190903643116, 0.6878326750632486, 0.31529504513718565, 0.1692724882347154, 0.00683347364535547, 0.5732870347611996, 0.6252797015652674, 0.6596853915673254, 0.7678768775612881, 0.6883804570311272, 0.581622659933938], [-0.039612692145788664, 0.7306115627073242, 0.0, 0.23831369018230475, 0.5049124473721793, 0.11940682441585523, 0.4115400081601862, 0.6890556471151731, 0.31238039569996645, 0.15378175110403736, 0.0066653709969386465, 0.5976413974264405, 0.6541746363715869, 0.6491274317786319, 0.7579006950424351, 0.6814618969714991, 0.5710819083640156], [-0.09475334895850418, 0.8075170152708103, 0.0, 0.24002453932943368, 0.5279597182125394, 0.11865926384546985, 0.32013798770621305, 0.6890737157944883, 0.3106782898439644, 0.17005279215625846, 0.007057398507269275, 0.6074161424229614, 0.6312873868044764, 0.6614331387512611, 0.7545059299660591, 0.6825409074385836, 0.5717021955880522]], "features_2": [[0.310034886556422, 0.823095593561284, 0.0, 0.2873418460983921, 0.5211230295053756, 0.12078665345101422, 0.29683687321485197, 0.6875839189921324, 0.34485496425708284, 0.17547545980641988, 0.00683347364535547, 0.5949082503785446, 0.6334863879654268, 0.6497327490965213, 0.7636618102046183, 0.6942581366306164, 0.583764261701826], [0.7131562966992715, 0.8343530608630677, 0.0, 0.27178068047175896, 0.5176293889593743, 0.12300681284256312, 0.2646465779461735, 0.6852925650198409, 0.3588778608137779, 0.17953915457300784, 0.00711334193318236, 0.5906465035140971, 0.6106706441831412, 0.6332058335695523, 0.7654543949363126, 0.7015673435798354, 0.5921398918626661], [0.21202894039055797, 0.919903358687751, 0.0, 0.25136741467568985, 0.5490502857491301, 0.12023602816330775, 0.29429544715352945, 0.6880137791331347, 0.34083510686585705, 0.19381364015065627, 0.00683347364535547, 0.5940982398225372, 0.6351963281753468, 0.6537114910298704, 0.759946411047482, 0.6826435582678394, 0.5902987513004686], [0.22618141448885964, 0.926093176138667, 0.0, 0.25744829990347334, 0.552853318819543, 0.11884378254215323, 0.27942765429116107, 0.6887641967064746, 0.3255186601103188, 0.19264891971822773, 0.00683347364535547, 0.5925374123093983, 0.628018801485586, 0.6431556819982083, 0.7569453133956612, 0.6738445727954122, 0.5837508203400821], [0.7248214973074436, 0.8268689314828988, 0.0, 0.24239838021079838, 0.512373292473399, 0.12392119004749168, 0.212083013812088, 0.683824594884543, 0.35692103061006497, 0.1776983835905015, 0.00711334193318236, 0.5900599383985807, 0.6126177884335965, 0.6296839170079733, 0.758633077895329, 0.6915016993271752, 0.5739688390993554], [0.3068814941791529, 0.9626624481651715, 0.0, 0.2399267218887676, 0.5594734528794839, 0.11958728090487322, 0.254569708185916, 0.6881603258401254, 0.33253480782777456, 0.1998193074895489, 0.007001439975721224, 0.5943338226387849, 0.6192903242571819, 0.6364991210347347, 0.7558281343800073, 0.6883363195881568, 0.5870677407980597], [0.2996394062051042, 0.9495259787478937, 0.0, 0.2105914228374469, 0.5548067578380764, 0.11931639084839024, 0.2614962374447174, 0.6881645917637822, 0.3225844811422163, 0.19440112981526547, 0.006889477554966383, 0.596904864903232, 0.6296131403548538, 0.6153777122575447, 0.7516821521763392, 0.7057835593047314, 0.5841970066519284], [0.11477651410235445, 0.7705667241710502, 0.0, 0.21344073678272907, 0.5034818668716993, 0.12251820958869436, 0.2568487658961601, 0.6861027520679288, 0.32845234693558845, 0.16622779251221265, 0.00711334193318236, 0.6046752421318542, 0.6329705637874044, 0.6471548944864607, 0.7546601042466123, 0.6980192305639105, 0.5580576200304921], [0.12123469089630268, 0.8684588295489786, 0.0, 0.23154086058583456, 0.5345284795306184, 0.118980285110516, 0.24694202760509754, 0.6886757141773476, 0.31436584881177354, 0.1806583342860104, 0.007225183508792421, 0.6029605057063188, 0.6307967254568554, 0.6371915618132665, 0.7490542519024647, 0.693435094674583, 0.5628737225245497]]}