{"labels_1": ["1", "2", "3", "4", "5", "6", "7", "8", "9"], "labels_2": ["1", "2", "3", "4", "5", "6", "7", "8", "9"], "adj_matrix_1": [[0.0, 0.069, 0.05055, 0.21687, 0.08871, 0.04674, 0.20057, 0.2729, 0.15905], [0.069, 0.0, 0.11817, 0.27301, 0.15465, 0.1145, 0.25827, 0.22438, 0.09404], [0.05055, 0.11817, 0.0, 0.1716, 0.03866, 0.00384, 0.15445, 0.30346, 0.20356], [0.21687, 0.27301, 0.1716, 0.0, 0.1352, 0.17513, 0.01831, 0.3812, 0.33472], [0.08871, 0.15465, 0.03866, 0.1352, 0.0, 0.04248, 0.11757, 0.32452, 0.23573], [0.04674, 0.1145, 0.00384, 0.17513, 0.04248, 0.0, 0.15804, 0.30127, 0.20028], [0.20057, 0.25827, 0.15445, 0.01831, 0.11757, 0.15804, 0.0, 0.37495, 0.32281], [0.2729, 0.22438, 0.30346, 0.3812, 0.32452, 0.30127, 0.37495, 0.0, 0.14593], [0.15905, 0.09404, 0.20356, 0.33472, 0.23573, 0.20028, 0.32281, 0.14593, 0.0]], "adj_matrix_2": [[0.0, 0.14695, 0.02922, 0.07324, 0.0119, 0.06954, 0.10965, 0.06911, 0.05069], [0.14695, 0.0, 0.12063, 0.20613, 0.15724, 0.20339, 0.23148, 0.20305, 0.10039], [0.02922, 0.12063, 0.0, 0.10108, 0.04102, 0.0975, 0.13593, 0.09702, 0.02166], [0.07324, 0.20613, 0.10108, 0.0, 0.06168, 0.00383, 0.03861, 0.00427, 0.12107], [0.0119, 0.15724, 0.04102, 0.06168, 0.0, 0.05794, 0.09862, 0.05753, 0.06237], [0.06954, 0.20339, 0.0975, 0.00383, 0.05794, 0.0, 0.04239, 0.00044, 0.11761], [0.10965, 0.23148, 0.13593, 0.03861, 0.09862, 0.04239, 0.0, 0.04281, 0.15458], [0.06911, 0.20305, 0.09702, 0.00427, 0.05753, 0.00044, 0.04281, 0.0, 0.11718], [0.05069, 0.10039, 0.02166, 0.12107, 0.06237, 0.11761, 0.15458, 0.11718, 0.0]], "features_1": [[-0.2574994852429908, 0.8757250153269879, 0.0, 0.1976931161595002, 0.526815310486409, 0.12852317065377566, 0.23909922080743443, 0.681145944934616, 0.36425158456106943, 0.19881035264678126, 0.007560346756364078, 0.623741592913089, 0.6457990188249804, 0.6726632188459719, 0.7727805165526621, 0.6783606261401588, 0.5842927829726934], [0.02336073535336647, 0.8329726287167253, 0.0, 0.2046444800941224, 0.5132348567310585, 0.12925217860934232, 0.2006806808569465, 0.6796813401347874, 0.3665442239545784, 0.18884024585313353, 0.007336964783822175, 0.6178781409266874, 0.6447995371280301, 0.6582695795538291, 0.769937469543549, 0.6934943644077879, 0.578047383300448], [-0.19158816179770088, 0.9749870726584047, 0.0, 0.20143437576201656, 0.5540361341273242, 0.12735401980055852, 0.2120566885349433, 0.6820060035862494, 0.3545948011692748, 0.21638335301193345, 0.007448685839370306, 0.6195805445758111, 0.6390462462448319, 0.651658358389922, 0.7688877991568267, 0.6722345033233699, 0.5854431086323704], [-0.3090559207425545, 0.9760816570256284, 0.0, 0.20910051195903004, 0.5531441420703731, 0.12813718950439265, 0.22489121220110278, 0.6816906512019101, 0.3580793435458429, 0.21815215956983303, 0.007225183508792421, 0.6327530867688411, 0.6666660399605876, 0.6830184325929703, 0.7723933781815706, 0.6918847982215998, 0.5860781496992814], [0.04096818200912322, 0.7982886335057862, 0.0, 0.194137730095324, 0.49705024852049984, 0.13401015658870732, 0.17534755703078844, 0.6743281770042784, 0.3977096739236876, 0.18798966786098026, 0.007894969482732161, 0.6272624199821655, 0.6357293439462802, 0.6406677022501384, 0.7791067722908298, 0.7146039521328766, 0.596292751635062], [-0.12748655778426699, 0.9751205353152936, 0.0, 0.21059253053958005, 0.5502548639378253, 0.13121232787931264, 0.2187690756184537, 0.6789382522128464, 0.37862758394237206, 0.2213294198815774, 0.007504523810135222, 0.6235756679958873, 0.6519600627261802, 0.6678060410699557, 0.7802735169804035, 0.6988873668069991, 0.6048844041775004], [-0.2362669010191154, 0.9949195321737271, 0.0, 0.23701592787803605, 0.5581185342209407, 0.1288725879502652, 0.2360767961688822, 0.6814540914310434, 0.3634250836973889, 0.22146756474347562, 0.007504523810135222, 0.6314741793940577, 0.659179443698335, 0.6596813690778365, 0.7774177901226744, 0.7068321675573087, 0.600732757210282], [0.04185978036805915, 0.815046820613405, 0.0, 0.2291149968102697, 0.5064011339034782, 0.13249636287312686, 0.1915524399961271, 0.6770084967290697, 0.38657413521308115, 0.19146380033987676, 0.007950687539111767, 0.6035211987352511, 0.6641701724894358, 0.687443610810133, 0.7799748994056774, 0.7090432306781957, 0.6100130431580034], [0.11706260485181419, 0.8668222136417408, 0.0, 0.24369136573305616, 0.5256524869103502, 0.12992476389287816, 0.21410518374329968, 0.6801446895474306, 0.38705496950941054, 0.19962913762719636, 0.007671947615560004, 0.6090091633277572, 0.6528426566589295, 0.6768802601455189, 0.777053608824586, 0.705259318448723, 0.6101557735163002]], "features_2": [[0.5301047000150207, 0.9092923471081797, 0.0, 0.248555302226024, 0.550243826975302, 0.11981759803015488, 0.3677594130380257, 0.688737523318242, 0.3143476699103416, 0.1878747315084035, 0.006721420376576193, 0.583049642855962, 0.6242375181152862, 0.6424204930457185, 0.7520714589071149, 0.6937258121526114, 0.5599955008110091], [0.1858957645976278, 0.8616552748212867, 0.0, 0.2048005865454013, 0.5311933615194439, 0.12377669649691944, 0.28384372768792404, 0.6857920502708807, 0.3391023072952579, 0.18661390508561038, 0.007001439975721224, 0.6031377465245193, 0.6227280042106023, 0.6438917022468928, 0.7639425966465715, 0.6989784057920692, 0.5802518102448032], [0.548402160007543, 1.0367299450712857, 0.0, 0.235706326235548, 0.5787699949727062, 0.12119400815749576, 0.3770394100884367, 0.688033804103161, 0.32197251553195017, 0.21296137310223107, 0.00683347364535547, 0.5844939337413824, 0.6197115344029962, 0.6250218109772179, 0.7566319570041171, 0.7089759748284618, 0.5690468916585222], [0.777036678804834, 1.06664007303788, 0.0, 0.2652544315792721, 0.5845243107373046, 0.12152636164803235, 0.36414494124816843, 0.6876218065530417, 0.32569346754231776, 0.21585884323725724, 0.006609306440138685, 0.5791955668701734, 0.6255681328419858, 0.6313960212412802, 0.7529152000505244, 0.701780425136114, 0.5659438999826963], [0.3775145838870584, 0.8573994570575295, 0.0, 0.23131111276518518, 0.5260999693790573, 0.12761039070969016, 0.27724225347502907, 0.6827530510792769, 0.36370619565141404, 0.1908568698688562, 0.007281081678807366, 0.5955984812731745, 0.6349801453401973, 0.6558389364931725, 0.7710802661169087, 0.7037969365341359, 0.5939818194774135], [0.7932133043888063, 1.073906438158078, 0.0, 0.2585101012617747, 0.5886353399489513, 0.12182884528709156, 0.4223973614986683, 0.6882883170690299, 0.33023118252570094, 0.21968237772376265, 0.007057398507269275, 0.5782101572962368, 0.6291101564940549, 0.6412525139322006, 0.7644613128558778, 0.7024752888645388, 0.5743682885518688], [0.791631534533884, 1.0393398561467164, 0.0, 0.2696941903714299, 0.5838405481462273, 0.11816415851798044, 0.3808369364007852, 0.6896824144375132, 0.3140785324662938, 0.2068711486187762, 0.0069454663283523566, 0.5782233797455121, 0.6206492081773229, 0.62665285985507, 0.7490630681491569, 0.6902461672726085, 0.5707832946327664], [0.9766283641169573, 0.8233214804849696, 0.0, 0.28761668070853574, 0.5242989617056619, 0.12478835271699049, 0.3066426816780051, 0.6854280377570194, 0.35666772090500287, 0.17555209308451403, 0.007504523810135222, 0.5833977645653698, 0.6045298009753456, 0.6073389389443083, 0.7673674144675343, 0.7048380117820898, 0.5895218879690015], [0.7547394287836218, 0.9402002967521403, 0.0, 0.28605214089743025, 0.560067897620771, 0.11883963469824924, 0.2977804066884019, 0.6889687924436985, 0.31834192649914583, 0.1912188650810296, 0.00683347364535547, 0.5835969341035578, 0.6159877632899562, 0.6217741283539296, 0.749512295589036, 0.6712704971400791, 0.5706262613253813]]}