{"labels_1": ["1", "2", "3", "4", "5", "6", "7", "8", "9"], "labels_2": ["1", "2", "3", "4", "5", "6", "7", "8", "9"], "adj_matrix_1": [[0.0, 0.29266, 0.15556, 0.02074, 0.24341, 0.24846, 0.32462, 0.20233, 0.20884], [0.29266, 0.0, 0.17272, 0.30534, 0.07571, 0.06894, 0.07412, 0.12511, 0.11781], [0.15556, 0.17272, 0.0, 0.17449, 0.10369, 0.11028, 0.22998, 0.0531, 0.06084], [0.02074, 0.30534, 0.17449, 0.0, 0.25919, 0.2641, 0.33391, 0.21984, 0.22617], [0.24341, 0.07571, 0.10369, 0.25919, 0.0, 0.00693, 0.14512, 0.05184, 0.04408], [0.24846, 0.06894, 0.11028, 0.2641, 0.00693, 0.0, 0.139, 0.05866, 0.05095], [0.32462, 0.07412, 0.22998, 0.33391, 0.14512, 0.139, 0.0, 0.18917, 0.18282], [0.20233, 0.12511, 0.0531, 0.21984, 0.05184, 0.05866, 0.18917, 0.0, 0.00783], [0.20884, 0.11781, 0.06084, 0.22617, 0.04408, 0.05095, 0.18282, 0.00783, 0.0]], "adj_matrix_2": [[0.0, 0.14695, 0.02922, 0.07324, 0.0119, 0.06954, 0.10965, 0.06911, 0.05069], [0.14695, 0.0, 0.12063, 0.20613, 0.15724, 0.20339, 0.23148, 0.20305, 0.10039], [0.02922, 0.12063, 0.0, 0.10108, 0.04102, 0.0975, 0.13593, 0.09702, 0.02166], [0.07324, 0.20613, 0.10108, 0.0, 0.06168, 0.00383, 0.03861, 0.00427, 0.12107], [0.0119, 0.15724, 0.04102, 0.06168, 0.0, 0.05794, 0.09862, 0.05753, 0.06237], [0.06954, 0.20339, 0.0975, 0.00383, 0.05794, 0.0, 0.04239, 0.00044, 0.11761], [0.10965, 0.23148, 0.13593, 0.03861, 0.09862, 0.04239, 0.0, 0.04281, 0.15458], [0.06911, 0.20305, 0.09702, 0.00427, 0.05753, 0.00044, 0.04281, 0.0, 0.11718], [0.05069, 0.10039, 0.02166, 0.12107, 0.06237, 0.11761, 0.15458, 0.11718, 0.0]], "features_1": [[-0.19945885514803763, 0.6289793155632978, 0.0, 0.23319865789184216, 0.45211232643024785, 0.12918081161028544, 0.22283678396207876, 0.681281869176612, 0.3658623286028184, 0.14386856148376914, 0.007281081678807366, 0.6222720710898733, 0.6468139440480395, 0.6640606586498502, 0.776722847956699, 0.6812597616625962, 0.5992040442022222], [0.016013730897282752, 0.6380495451734474, 0.0, 0.2277969163695719, 0.45527455652271026, 0.128836966210045, 0.2516976997579704, 0.681942383266607, 0.3671574449836301, 0.14619369899100887, 0.007560346756364078, 0.6038509373310195, 0.6543657534049728, 0.6847426662166557, 0.7782379668009849, 0.6975964311556602, 0.5943474437092132], [-0.1676624244598508, 0.7547359081320172, 0.0, 0.21466863352336718, 0.4930264378355341, 0.129299424204522, 0.22235108502067008, 0.6810350423537556, 0.3608103026464453, 0.17208564034979634, 0.00716927026363523, 0.613434078365992, 0.6495981612567638, 0.6707690779304784, 0.7757953511429642, 0.6908287910396386, 0.5919012338412896], [-0.32566576299831906, 0.7715427599575383, 0.0, 0.2117525928515815, 0.4950273015276375, 0.13224257133910775, 0.21870861707239442, 0.6781588657502781, 0.3852360678233837, 0.18217554624437504, 0.007727725548673403, 0.6298881013484887, 0.6669448536134485, 0.6876182446151864, 0.7816746399062328, 0.696511708544954, 0.6014930191044426], [0.016229080304821508, 0.6335604323141371, 0.0, 0.22234404397199423, 0.45240712897875995, 0.12944017166569086, 0.2326282915873037, 0.6808962941846696, 0.3766615606003172, 0.14670254336351074, 0.007448685839370306, 0.6099099028622073, 0.6456089729973166, 0.6800647343112806, 0.7773962295578005, 0.6961459942172187, 0.5888341733405379], [-0.1537249426885845, 0.8159908639152567, 0.0, 0.23291055685713088, 0.508018387122283, 0.13214858880201855, 0.25121389445564263, 0.6792129178241529, 0.3849414272283731, 0.19015019565438207, 0.007504523810135222, 0.6099570766815783, 0.6621499657971143, 0.6926629692960315, 0.7849508155712974, 0.6895372308432911, 0.5898407849760718], [0.1869561141841145, 0.8277465358033699, 0.0, 0.24989823982778497, 0.5129751812900266, 0.1270920234780905, 0.17320010903014663, 0.6813768263585736, 0.35895420381857757, 0.1853664141464766, 0.007225183508792421, 0.6080264394975639, 0.6314263868612872, 0.6625713913525844, 0.761642832975084, 0.6951265413359423, 0.5742642113832758], [0.03417330401916674, 0.6423588455673025, 0.0, 0.2537874597101372, 0.4507363025470593, 0.13143645637182996, 0.20657972493571036, 0.6772981641353447, 0.4052840221544858, 0.15233426931204241, 0.007783488497544067, 0.6141914081549189, 0.6457028227529716, 0.6774560946269957, 0.7772651205865583, 0.7000405056521244, 0.589557492528255], [0.09117452854108743, 0.7609961295210808, 0.0, 0.24780105350850415, 0.4936779584507117, 0.12785354662019596, 0.18067049997755974, 0.6804123557020911, 0.37190178503505456, 0.17362973358496392, 0.007448685839370306, 0.6086692920778587, 0.6285403580560808, 0.6561861746064102, 0.7643148843747896, 0.7015631778322926, 0.5802142172042121]], "features_2": [[0.5301047000150207, 0.9092923471081797, 0.0, 0.248555302226024, 0.550243826975302, 0.11981759803015488, 0.3677594130380257, 0.688737523318242, 0.3143476699103416, 0.1878747315084035, 0.006721420376576193, 0.583049642855962, 0.6242375181152862, 0.6424204930457185, 0.7520714589071149, 0.6937258121526114, 0.5599955008110091], [0.1858957645976278, 0.8616552748212867, 0.0, 0.2048005865454013, 0.5311933615194439, 0.12377669649691944, 0.28384372768792404, 0.6857920502708807, 0.3391023072952579, 0.18661390508561038, 0.007001439975721224, 0.6031377465245193, 0.6227280042106023, 0.6438917022468928, 0.7639425966465715, 0.6989784057920692, 0.5802518102448032], [0.548402160007543, 1.0367299450712857, 0.0, 0.235706326235548, 0.5787699949727062, 0.12119400815749576, 0.3770394100884367, 0.688033804103161, 0.32197251553195017, 0.21296137310223107, 0.00683347364535547, 0.5844939337413824, 0.6197115344029962, 0.6250218109772179, 0.7566319570041171, 0.7089759748284618, 0.5690468916585222], [0.777036678804834, 1.06664007303788, 0.0, 0.2652544315792721, 0.5845243107373046, 0.12152636164803235, 0.36414494124816843, 0.6876218065530417, 0.32569346754231776, 0.21585884323725724, 0.006609306440138685, 0.5791955668701734, 0.6255681328419858, 0.6313960212412802, 0.7529152000505244, 0.701780425136114, 0.5659438999826963], [0.3775145838870584, 0.8573994570575295, 0.0, 0.23131111276518518, 0.5260999693790573, 0.12761039070969016, 0.27724225347502907, 0.6827530510792769, 0.36370619565141404, 0.1908568698688562, 0.007281081678807366, 0.5955984812731745, 0.6349801453401973, 0.6558389364931725, 0.7710802661169087, 0.7037969365341359, 0.5939818194774135], [0.7932133043888063, 1.073906438158078, 0.0, 0.2585101012617747, 0.5886353399489513, 0.12182884528709156, 0.4223973614986683, 0.6882883170690299, 0.33023118252570094, 0.21968237772376265, 0.007057398507269275, 0.5782101572962368, 0.6291101564940549, 0.6412525139322006, 0.7644613128558778, 0.7024752888645388, 0.5743682885518688], [0.791631534533884, 1.0393398561467164, 0.0, 0.2696941903714299, 0.5838405481462273, 0.11816415851798044, 0.3808369364007852, 0.6896824144375132, 0.3140785324662938, 0.2068711486187762, 0.0069454663283523566, 0.5782233797455121, 0.6206492081773229, 0.62665285985507, 0.7490630681491569, 0.6902461672726085, 0.5707832946327664], [0.9766283641169573, 0.8233214804849696, 0.0, 0.28761668070853574, 0.5242989617056619, 0.12478835271699049, 0.3066426816780051, 0.6854280377570194, 0.35666772090500287, 0.17555209308451403, 0.007504523810135222, 0.5833977645653698, 0.6045298009753456, 0.6073389389443083, 0.7673674144675343, 0.7048380117820898, 0.5895218879690015], [0.7547394287836218, 0.9402002967521403, 0.0, 0.28605214089743025, 0.560067897620771, 0.11883963469824924, 0.2977804066884019, 0.6889687924436985, 0.31834192649914583, 0.1912188650810296, 0.00683347364535547, 0.5835969341035578, 0.6159877632899562, 0.6217741283539296, 0.749512295589036, 0.6712704971400791, 0.5706262613253813]]}