{"labels_1": ["1", "2", "3", "4", "5", "6", "7", "8", "9"], "labels_2": ["1", "2", "3", "4", "5", "6", "7", "8", "9"], "adj_matrix_1": [[0.0, 0.12926, 0.03405, 0.00585, 0.03104, 0.22451, 0.27997, 0.06538, 0.28098], [0.12926, 0.0, 0.16036, 0.12379, 0.15766, 0.11243, 0.2698, 0.06632, 0.19713], [0.03405, 0.16036, 0.0, 0.03987, 0.00302, 0.24913, 0.27891, 0.09858, 0.29735], [0.00585, 0.12379, 0.03987, 0.0, 0.03686, 0.22009, 0.27994, 0.05962, 0.2779], [0.03104, 0.15766, 0.00302, 0.03686, 0.0, 0.24702, 0.27907, 0.09567, 0.296], [0.22451, 0.11243, 0.24913, 0.22009, 0.24702, 0.0, 0.23555, 0.17195, 0.09926], [0.27997, 0.2698, 0.27891, 0.27994, 0.27907, 0.23555, 0.0, 0.27809, 0.17991], [0.06538, 0.06632, 0.09858, 0.05962, 0.09567, 0.17195, 0.27809, 0.0, 0.24342], [0.28098, 0.19713, 0.29735, 0.2779, 0.296, 0.09926, 0.17991, 0.24342, 0.0]], "adj_matrix_2": [[0.0, 0.08626, 0.16869, 0.08525, 0.06705, 0.10933, 0.20573, 0.045, 0.26324], [0.08626, 0.0, 0.23379, 0.16497, 0.01974, 0.18581, 0.26011, 0.1287, 0.19675], [0.16869, 0.23379, 0.0, 0.09204, 0.22024, 0.06759, 0.0502, 0.12997, 0.33432], [0.08525, 0.16497, 0.09204, 0.0, 0.14771, 0.02552, 0.13749, 0.04114, 0.3105], [0.06705, 0.01974, 0.22024, 0.14771, 0.0, 0.1694, 0.2491, 0.11034, 0.2131], [0.10933, 0.18581, 0.06759, 0.02552, 0.1694, 0.0, 0.11486, 0.06622, 0.32005], [0.20573, 0.26011, 0.0502, 0.13749, 0.2491, 0.11486, 0.0, 0.17178, 0.33382], [0.045, 0.1287, 0.12997, 0.04114, 0.11034, 0.06622, 0.17178, 0.0, 0.29056], [0.26324, 0.19675, 0.33432, 0.3105, 0.2131, 0.32005, 0.33382, 0.29056, 0.0]], "features_1": [[0.04198444706957316, 0.7452668922365774, 0.0, 0.2262736848019002, 0.480023626569164, 0.13947488144180667, 0.241548925700382, 0.6717262482537778, 0.44038328531609805, 0.18335279046902886, 0.008062078829516484, 0.6297433327988866, 0.6616456349135887, 0.6852932900949394, 0.8042035933546479, 0.7255449771147486, 0.6277466215530121], [0.08884522818346596, 0.7514338574940774, 0.0, 0.23285900649890415, 0.476596514265897, 0.14279602597742416, 0.2050282108323401, 0.666953080449153, 0.44882203316958935, 0.18719432154114046, 0.008062078829516484, 0.6230992852047739, 0.6713330524822925, 0.6950377388375754, 0.8067219020242364, 0.7342356594986603, 0.6311838908577958], [0.16870996589522624, 0.8165552993947365, 0.0, 0.22976497336053098, 0.5008168348124389, 0.13941105849244964, 0.22723046404855224, 0.6712494687297847, 0.4347654526155553, 0.1963850046414295, 0.008062078829516484, 0.6258788284344112, 0.6666109557367333, 0.6733445532637656, 0.8008920444768832, 0.7291174164507139, 0.624879795498946], [0.004398592929067746, 0.823927116363884, 0.0, 0.22140580254013925, 0.5033867460251037, 0.14035820983378242, 0.2652076286805247, 0.6718120865752091, 0.45216294968354376, 0.20273071781179586, 0.00839589484089287, 0.6277264009798718, 0.6646455905028495, 0.6810487078716555, 0.8057309527501729, 0.7184387145899033, 0.6322893269899057], [0.017189211182119468, 0.7944698690234763, 0.0, 0.21609649302248074, 0.48054123003091254, 0.14709074670677047, 0.16496424106934598, 0.659358352117384, 0.47479463624151497, 0.20206276992063676, 0.008618141428105908, 0.632611716146287, 0.6596991265526326, 0.6933606808987984, 0.8086141267714101, 0.7408446211932632, 0.6306338884280193], [0.4026345926849797, 0.8612879484022352, 0.0, 0.233289156994471, 0.5057249152101191, 0.14479046468902, 0.18521439506281823, 0.6636586125845559, 0.46913813497232093, 0.2116610192008972, 0.007950687539111767, 0.6091964615815004, 0.6500234495918444, 0.6615591211767613, 0.8063687509859435, 0.738471619746896, 0.6318213677371285], [0.9268806297988412, 0.854713959282664, 0.0, 0.26763805316170236, 0.507135390924203, 0.14114054657022246, 0.23918976462442174, 0.6699265565908648, 0.4620199024434528, 0.20754527150165103, 0.00839589484089287, 0.5933934959702545, 0.6596781430275905, 0.6735517661569165, 0.8061978205889223, 0.7327315572945947, 0.6255749551079414], [0.0841384030208503, 0.7612862785033947, 0.0, 0.2069799168626325, 0.47205784018794933, 0.14542014375415138, 0.18390764447001615, 0.6617805073199128, 0.48695236427872013, 0.1961732916441392, 0.008507047823598457, 0.6252650335630277, 0.6375637463700756, 0.6834183302390304, 0.8069580912559269, 0.7295938613590045, 0.6143738592133549], [0.3239546947040983, 0.8030373138260577, 0.0, 0.2430597845519142, 0.48603153198077154, 0.14420799668680376, 0.19464945215536958, 0.6637817768954847, 0.48360182710413446, 0.20455410643499405, 0.008618141428105908, 0.6053450928633142, 0.6654721757923787, 0.7023229146138473, 0.8061704418750975, 0.7078852430008519, 0.6155077614288363]], "features_2": [[-0.10086864500798942, 0.7070979840059745, 0.0, 0.2285095773037663, 0.4566452197821486, 0.141893260915044, 0.14172084744545188, 0.664141573676817, 0.4365049373882277, 0.17779674129354528, 0.008006390651371653, 0.6164269392490653, 0.6565528860384633, 0.6882943843056165, 0.792820033339441, 0.6996970311827697, 0.6262592844565189], [-0.09392314784556177, 0.6473559079029393, 0.0, 0.23109370834003806, 0.44118780346314873, 0.14068357478240046, 0.17561866989325167, 0.6676178897387341, 0.4245193647806953, 0.1609008932351348, 0.007392832833969631, 0.6257597335109155, 0.6673547296453906, 0.6913437535607946, 0.7953677679711452, 0.694409757942542, 0.6280137395340841], [0.14387343899492722, 0.7845621611550203, 0.0, 0.2513608854914495, 0.48133162131476676, 0.1427576103837912, 0.14130380772164983, 0.6639814502684864, 0.4424275035677052, 0.19419247679106588, 0.00783923647221818, 0.6117236685830372, 0.6588204355661463, 0.6868154319457375, 0.7953535665573427, 0.7172350619528103, 0.6298581848521655], [-0.024793842799330168, 0.8580945745106111, 0.0, 0.23070375027375864, 0.4963291369828059, 0.14340242446414636, 0.08868071659840737, 0.6596321101881146, 0.44372756209342, 0.21302720446539003, 0.007894969482732161, 0.6137330918530979, 0.6369768936013439, 0.6783043401555268, 0.7879151607292612, 0.7167077789717474, 0.6190253212938974], [-0.023112722921537543, 0.6229028422945548, 0.0, 0.2024473021563786, 0.4267606324123428, 0.1446279363120254, 0.15796969795046678, 0.6618234934847833, 0.4511203107815034, 0.15874878867181152, 0.008173410423425675, 0.6230662971977563, 0.6619400298980751, 0.7061241897650418, 0.8002883797947195, 0.715392701769162, 0.6284916960768206], [0.46399222631866044, 0.898628555205002, 0.0, 0.22739059484438162, 0.49773628305293804, 0.1521407578212234, 0.03940723189182478, 0.6440446015210262, 0.4986599016846578, 0.22711147995661962, 0.008284682400665488, 0.611909885327911, 0.6480104471384079, 0.6904097393579373, 0.7968984263114626, 0.7285156988604741, 0.6228563451317245], [0.05617505295222802, 0.7979872071754784, 0.0, 0.24697020533848676, 0.4804008488886976, 0.1437545177868728, 0.10998420982569783, 0.6599062357828254, 0.4633340001377, 0.2037255152998636, 0.008451478759474051, 0.6158710351966761, 0.6545623487190618, 0.6955373818771572, 0.792745282955816, 0.7073855789673622, 0.6153946898885527], [0.07985002401109265, 0.6720193481987674, 0.0, 0.20492177721948596, 0.4476718820497396, 0.1455054450444077, 0.1468816427218272, 0.6617109448097294, 0.4727192639395563, 0.17245663964150548, 0.008618141428105908, 0.6240538341821513, 0.6663457635074264, 0.6938302873560969, 0.8018949730566063, 0.7183524649290384, 0.6345671991336483], [-0.16487251410086623, 0.7383112872876317, 0.0, 0.21968818547152785, 0.4739531687411976, 0.14169882023939107, 0.17488847930986964, 0.6679566936156139, 0.4436866218120912, 0.18561458745566473, 0.008451478759474051, 0.6349267117335078, 0.6752677723596422, 0.7103293663599165, 0.7988942081047422, 0.7193547351309904, 0.6262256131518624]]}