{"labels_1": ["1", "2", "3", "4", "5", "6", "7", "8", "9"], "labels_2": ["1", "2", "3", "4", "5", "6", "7", "8", "9"], "adj_matrix_1": [[0.0, 0.18292, 0.01676, 0.09202, 0.14837, 0.13126, 0.17899, 0.05061, 0.22501], [0.18292, 0.0, 0.19509, 0.23951, 0.25932, 0.25486, 0.26199, 0.14173, 0.05818], [0.01676, 0.19509, 0.0, 0.07628, 0.13487, 0.11687, 0.16767, 0.06694, 0.23485], [0.09202, 0.23951, 0.07628, 0.0, 0.06525, 0.0444, 0.10594, 0.13718, 0.26664], [0.14837, 0.25932, 0.13487, 0.06525, 0.0, 0.0215, 0.04416, 0.18573, 0.27499], [0.13126, 0.25486, 0.11687, 0.0444, 0.0215, 0.0, 0.06491, 0.17139, 0.27413], [0.17899, 0.26199, 0.16767, 0.10594, 0.04416, 0.06491, 0.0, 0.20963, 0.27022], [0.05061, 0.14173, 0.06694, 0.13718, 0.18573, 0.17139, 0.20963, 0.0, 0.19042], [0.22501, 0.05818, 0.23485, 0.26664, 0.27499, 0.27413, 0.27022, 0.19042, 0.0]], "adj_matrix_2": [[0.0, 0.14797, 0.07186, 0.17952, 0.03116, 0.25022, 0.14815, 0.12593, 0.0277], [0.14797, 0.0, 0.20985, 0.03667, 0.11923, 0.13196, 0.2695, 0.02416, 0.17192], [0.07186, 0.20985, 0.0, 0.23685, 0.10213, 0.29179, 0.07951, 0.19038, 0.04429], [0.17952, 0.03667, 0.23685, 0.0, 0.15223, 0.09827, 0.29031, 0.06048, 0.20141], [0.03116, 0.11923, 0.10213, 0.15223, 0.0, 0.229, 0.17654, 0.09654, 0.05874], [0.25022, 0.13196, 0.29179, 0.09827, 0.229, 0.0, 0.32646, 0.15294, 0.26581], [0.14815, 0.2695, 0.07951, 0.29031, 0.17654, 0.32646, 0.0, 0.25403, 0.12256], [0.12593, 0.02416, 0.19038, 0.06048, 0.09654, 0.15294, 0.25403, 0.0, 0.15129], [0.0277, 0.17192, 0.04429, 0.20141, 0.05874, 0.26581, 0.12256, 0.15129, 0.0]], "features_1": [[0.4790373330798805, 1.1986301003744704, 0.0, 0.32898390323010995, 0.6119663860297505, 0.12817630236265376, 0.32877756909737527, 0.6840783393393213, 0.3875277032952704, 0.2554065333085582, 0.007336964783822175, 0.5894513884165336, 0.6511619947783781, 0.6701137617700198, 0.7851947196809057, 0.7121692637368878, 0.609243790971337], [0.07065238406952679, 1.2327243933845866, 0.0, 0.24340192749594786, 0.6090674229206668, 0.13314095909679102, 0.2449224771545019, 0.6782236936861608, 0.4237219259929812, 0.27291947826746554, 0.00783923647221818, 0.6173355166825418, 0.6476786420784965, 0.6631028618950535, 0.7868336466513438, 0.7066990016149918, 0.6074416441562168], [0.7230001254952287, 1.292478328184832, 0.0, 0.3195214866391157, 0.6359677797393879, 0.12367844294380312, 0.32941339485162613, 0.6869445766737547, 0.3717895106192526, 0.2624316178609736, 0.00716927026363523, 0.5849531737887936, 0.6452988681072891, 0.6555336499560961, 0.773303699863903, 0.6939584647147016, 0.5865369109390837], [1.0596411174674651, 1.2973197446764608, 0.0, 0.3196802115173058, 0.6345998099511317, 0.1249012423511412, 0.347262325203198, 0.6863532929269955, 0.378766925173305, 0.2624113216619466, 0.007448685839370306, 0.573122910791972, 0.63546758759536, 0.6296288533476876, 0.7764404630475675, 0.7185569026427385, 0.5931245418626837], [0.5785921497077462, 1.507690848929343, 0.0, 0.27409586191112423, 0.6677375580598442, 0.12386063624027237, 0.35170011300712717, 0.6876595358141038, 0.3593602575875132, 0.29366061862604287, 0.007057398507269275, 0.5979791323696997, 0.6410108436189713, 0.6543891702605416, 0.777943345487674, 0.7028357039515034, 0.5655722799022357], [1.0419331100064113, 1.3282453218413672, 0.0, 0.2916383413106386, 0.6498209052905358, 0.11967189280440499, 0.35960118957660187, 0.6895388367811002, 0.3570279069543747, 0.26102131899750236, 0.00711334193318236, 0.5753240036318894, 0.6405536474623644, 0.656971704179595, 0.7664874061414509, 0.6816484646088327, 0.5645991277744913], [0.8032382774937625, 1.6938380061856508, 0.0, 0.3324775423643264, 0.7050597359650635, 0.1179707778783047, 0.5162075806553517, 0.691189668926713, 0.31618060869339204, 0.30571202183969604, 0.00655322669591385, 0.5675218393161368, 0.632892374189354, 0.6581102686008299, 0.772641753737739, 0.6850079524027507, 0.5398814766165887], [0.281915799598333, 1.3881245501608332, 0.0, 0.2555119342187261, 0.673615207705056, 0.10854990197335318, 0.4263222144218034, 0.6930464986304188, 0.2617635245455068, 0.24602820262145753, 0.005822803276368971, 0.5703428713569325, 0.6387177752050123, 0.6308857754006336, 0.7400974616854944, 0.6702618877146828, 0.5129297089484692], [0.15016913670035237, 1.408230028393376, 0.0, 0.23744700086427062, 0.6773417391019608, 0.10789792908013922, 0.44123409325009105, 0.693108598861768, 0.2525156030837783, 0.24859639944947554, 0.005766509824583821, 0.5846992576807775, 0.6318250359511135, 0.6450926209153145, 0.7417912944386299, 0.6727969893443891, 0.5118035648814986]], "features_2": [[0.20758514365486658, 1.0661331110383858, 0.0, 0.2317677202377754, 0.5833792707620977, 0.1352090065308968, 0.339421910521461, 0.6782350709718078, 0.429263159125979, 0.23987928035741524, 0.007392832833969631, 0.6155491009351699, 0.6523832712594291, 0.6865153490862798, 0.7908939785628711, 0.7005204349321075, 0.6159135328114209], [-0.019145844030993064, 1.2029884115692573, 0.0, 0.25366668198761766, 0.6111174498744775, 0.13411184815938637, 0.2570262756185066, 0.6784676468278663, 0.42410428867299577, 0.2686499587966811, 0.007616154688146137, 0.6125197146660248, 0.6434393150318474, 0.6793584973242942, 0.7875834582633783, 0.7031568514571435, 0.606468575499791], [0.27590685676773585, 1.1442603785941061, 0.0, 0.24798616068598406, 0.5967651767530249, 0.13526530158478195, 0.26640451191475945, 0.6773302703683906, 0.44621445476698907, 0.2553628937828374, 0.00783923647221818, 0.620570003316836, 0.6488366493599441, 0.6660062180141403, 0.7889956735987713, 0.6938814210438448, 0.6143182468726376], [0.3319914538350681, 1.0988836477009616, 0.0, 0.24421979361300633, 0.58452922140442, 0.13453059455691288, 0.24403915824848993, 0.6770545582181281, 0.42420540235057924, 0.2430104033962608, 0.007616154688146137, 0.6067398768550418, 0.6389742450496998, 0.6600445143841144, 0.7860264871364578, 0.7107440820926139, 0.6116441996459918], [0.003420470535890896, 1.4322078234628697, 0.0, 0.22481993776262274, 0.6616149510638198, 0.12576707996606704, 0.3789071025515973, 0.6870162756151451, 0.3745880445776506, 0.29032056259436945, 0.0069454663283523566, 0.6109035730041068, 0.6580344492090981, 0.6637273210899266, 0.7823980400894099, 0.7086955796535032, 0.5643464704920703], [0.31088394987261214, 1.1773589889933662, 0.0, 0.2744107764942135, 0.6042098959209273, 0.1333563211291825, 0.26376858906836986, 0.6791801755161189, 0.4382722013279514, 0.2599770531492631, 0.007950687539111767, 0.6034813723379662, 0.6345068754029715, 0.659120683547686, 0.7895989315830034, 0.6931838797260169, 0.6207668999789752], [-0.0022021047686138218, 1.5564796262077798, 0.0, 0.18292909442825953, 0.6867475217897226, 0.11781535658974832, 0.4193751383579297, 0.6910114158606098, 0.31055867256613867, 0.28962931851576146, 0.006104040759826512, 0.6036536599655369, 0.6463535564384888, 0.6502079554484409, 0.7666477507310259, 0.6869532461280663, 0.526254140179325], [0.02883651550940769, 1.449031831466572, 0.0, 0.24485844126408424, 0.6895382852502527, 0.10959867801076653, 0.5480441764792374, 0.6930470608173729, 0.28853733776021384, 0.26326810415631985, 0.005991591679928909, 0.5903253874009349, 0.654421753519097, 0.6692078352494563, 0.7500503958269109, 0.6458825489560173, 0.5596644292493684], [0.047703893511147566, 1.7273505498119075, 0.0, 0.19737540767048573, 0.7323960281275191, 0.10650418363402032, 0.4981614715199008, 0.6931388404344121, 0.27130289496618887, 0.2920148452314757, 0.005766509824583821, 0.5911838059616028, 0.634512009123366, 0.635304133233245, 0.741677687425568, 0.6454022593283186, 0.5357480651743383]]}