{"labels_1": ["1", "2", "3", "4", "5", "6", "7", "8", "9"], "labels_2": ["1", "2", "3", "4", "5", "6", "7", "8", "9"], "adj_matrix_1": [[0.0, 0.12142, 0.09387, 0.11086, 0.25271, 0.21503, 0.11806, 0.06233, 0.131], [0.12142, 0.0, 0.2052, 0.21963, 0.16107, 0.30282, 0.22523, 0.06109, 0.01033], [0.09387, 0.2052, 0.0, 0.01763, 0.30443, 0.12995, 0.02526, 0.15263, 0.21347], [0.11086, 0.21963, 0.01763, 0.0, 0.31242, 0.11309, 0.00765, 0.16854, 0.22757], [0.25271, 0.16107, 0.30443, 0.31242, 0.0, 0.35253, 0.31507, 0.20954, 0.1523], [0.21503, 0.30282, 0.12995, 0.11309, 0.35253, 0.0, 0.10566, 0.2636, 0.3086], [0.11806, 0.22523, 0.02526, 0.00765, 0.31507, 0.10566, 0.0, 0.17541, 0.23325], [0.06233, 0.06109, 0.15263, 0.16854, 0.20954, 0.2636, 0.17541, 0.0, 0.07127], [0.131, 0.01033, 0.21347, 0.22757, 0.1523, 0.3086, 0.23325, 0.07127, 0.0]], "adj_matrix_2": [[0.0, 0.10904, 0.01609, 0.16531, 0.26747, 0.12181, 0.01529, 0.08966, 0.34263], [0.10904, 0.0, 0.12362, 0.23522, 0.1946, 0.01395, 0.09472, 0.02043, 0.3141], [0.01609, 0.12362, 0.0, 0.15289, 0.27488, 0.13605, 0.03131, 0.10467, 0.34314], [0.16531, 0.23522, 0.15289, 0.0, 0.29366, 0.24188, 0.17616, 0.22377, 0.29421], [0.26747, 0.1946, 0.27488, 0.29366, 0.0, 0.18335, 0.26003, 0.21064, 0.16751], [0.12181, 0.01395, 0.13605, 0.24188, 0.18335, 0.0, 0.1078, 0.03431, 0.3077], [0.01529, 0.09472, 0.03131, 0.17616, 0.26003, 0.1078, 0.0, 0.07524, 0.34216], [0.08966, 0.02043, 0.10467, 0.22377, 0.21064, 0.03431, 0.07524, 0.0, 0.32328], [0.34263, 0.3141, 0.34314, 0.29421, 0.16751, 0.3077, 0.34216, 0.32328, 0.0]], "features_1": [[-0.09297212109120023, 1.3627708922646744, 0.0, 0.23537320420354746, 0.630713649035235, 0.13041183006545126, 0.1814892541949483, 0.6786832243777321, 0.39420542416505966, 0.28962910273055287, 0.007336964783822175, 0.6194290688913151, 0.6360863999169485, 0.6598399825421766, 0.7697219192918251, 0.6872609349065212, 0.6119602238456546], [0.15684988229750285, 1.2251027535156356, 0.0, 0.23659921304426285, 0.5984541117132784, 0.13825081576440582, 0.1457884482093732, 0.6693217540104914, 0.447778799528358, 0.27825711323888624, 0.008507047823598457, 0.6260589313408282, 0.6391626281541792, 0.6691591262596649, 0.7837238934075511, 0.6843387408828275, 0.6174076280492621], [-0.16442737010422404, 1.3588518148837552, 0.0, 0.247328865829449, 0.6355658049345086, 0.1309290293020033, 0.22658987733682281, 0.6797215052848676, 0.4023066551561545, 0.29092220469429897, 0.007448685839370306, 0.6293162438344797, 0.6493372932797341, 0.6688060173735101, 0.7771825938867033, 0.6749283040606867, 0.6172556484053351], [-0.06526184598104567, 1.2977720511970463, 0.0, 0.243899570517309, 0.6241100780905757, 0.1296414378434457, 0.22361374696518155, 0.6803843187426055, 0.383237514737087, 0.273449788394025, 0.007336964783822175, 0.6245422795221967, 0.6507938123733829, 0.6717057202276268, 0.7742086270593138, 0.6693661852269601, 0.616617371869085], [0.22920350481855367, 1.4518685752894303, 0.0, 0.25478733782299384, 0.6619072734028858, 0.12603135996850956, 0.3903022408268889, 0.686727243928946, 0.37626208044593645, 0.2902319704631078, 0.00716927026363523, 0.6037333583795337, 0.6538769571523714, 0.6518596179981451, 0.7858320099310738, 0.7003333588725228, 0.586398757680424], [-0.2280478727663482, 1.2866659096050164, 0.0, 0.2110631262646623, 0.6358569159375311, 0.12819454158503796, 0.33333192460163585, 0.6844662759582132, 0.3779933071359449, 0.26735199445748314, 0.007057398507269275, 0.6331850008834601, 0.6479414398652781, 0.664660895926228, 0.7838781242136343, 0.6840029460618827, 0.6196376611689667], [-0.22336199585233096, 1.626983124513211, 0.0, 0.22202391424679832, 0.6942611169359564, 0.119076729010315, 0.3994636128196305, 0.6902009710491321, 0.3168474326558839, 0.30391915361289046, 0.006328755639155359, 0.6153488913783147, 0.6491507080034582, 0.6532126899766035, 0.7676834691392488, 0.6877230132979776, 0.5409624169033999], [0.4796067512226916, 1.662084672278517, 0.0, 0.29945253120308957, 0.717318302636354, 0.10564999335205558, 0.5176689038823021, 0.6931380503005156, 0.2738302185272521, 0.2798348411221805, 0.006160242374180447, 0.5783316217202179, 0.6307766891558871, 0.6192340845093182, 0.7301206564769037, 0.6750666061514043, 0.5099403007255175], [0.4916664851279795, 1.4185886206984424, 0.0, 0.2492711948497766, 0.6682988201004684, 0.11512082011040535, 0.4380768334440098, 0.6915618200401541, 0.3204817100865722, 0.26221178686208235, 0.006272599803500922, 0.5907332087714856, 0.6317609803703661, 0.6365194324356385, 0.7563794175544584, 0.6818290107307236, 0.5734136200531906]], "features_2": [[0.24687750130943442, 1.237355234646951, 0.0, 0.2468005416398746, 0.6248029014343175, 0.12598992959583394, 0.419339123711125, 0.6859072490925483, 0.380033009321713, 0.26114078942659225, 0.007783488497544067, 0.597816327854283, 0.6331048109370481, 0.6611684376236266, 0.772974663581769, 0.680266686993968, 0.6071231659223514], [0.2149983752070086, 1.2225176248795215, 0.0, 0.2540570136226284, 0.6147996909936317, 0.1298835387869796, 0.3863334137881466, 0.6827450449933984, 0.402967660538635, 0.2634839351282794, 0.007783488497544067, 0.6074523302763515, 0.6432378866440038, 0.6687956929713942, 0.7774959243833908, 0.697391153746934, 0.6044165814555339], [0.2164425510648944, 1.2607961356758546, 0.0, 0.24756210066862697, 0.6282719951374045, 0.12709566042118728, 0.4811461441196343, 0.685245252030795, 0.38273904630781574, 0.2672299999167629, 0.007894969482732161, 0.6005730657423811, 0.6214907286450816, 0.6569182422634867, 0.768201366878192, 0.6740124837478952, 0.6018981297530799], [0.5231237159405522, 1.243243961122889, 0.0, 0.250799288167571, 0.627915651490955, 0.12450659395505673, 0.4757958953773745, 0.6869226480993621, 0.36241718913105325, 0.2565231641819268, 0.007616154688146137, 0.5854421153372389, 0.6139050625069042, 0.6395400322161913, 0.767691921304562, 0.6760539200521847, 0.6018753529114436], [0.12872409272116014, 1.4343846545293475, 0.0, 0.19901788205226195, 0.6630481376011025, 0.12017270218464536, 0.5246433741371135, 0.6903247334876319, 0.3282461535085055, 0.27507577506793, 0.006889477554966383, 0.6061727612148231, 0.642531434173684, 0.6452415085795986, 0.7666321370957221, 0.6711526400747572, 0.5471887957864469], [0.11215796670982359, 1.2502953256636407, 0.0, 0.2291937555689092, 0.6274576813616152, 0.12615905435387498, 0.6173181572090783, 0.6867346775125591, 0.36644154567114917, 0.25866370100348024, 0.007560346756364078, 0.6031950808637441, 0.6437867348237322, 0.6710332573014389, 0.7653869429816765, 0.6805990290001528, 0.5931573384223967], [0.5477520227337807, 1.565716579999606, 0.0, 0.23378746164795766, 0.6840878286914289, 0.12097128289608337, 0.5320951534114599, 0.689541426985919, 0.3462104798713921, 0.29493115336945763, 0.00716927026363523, 0.5897496672389608, 0.6334626189414595, 0.6448833033958165, 0.767529905464159, 0.690425014660721, 0.5594868090592393], [0.5984550095271794, 1.6386096249976, 0.0, 0.27075032019678674, 0.706776882344444, 0.11068991480980225, 0.6211022459892881, 0.6929773894206248, 0.2900852997943948, 0.28581884822610504, 0.0064410216040902135, 0.5777705854582269, 0.6215021519594442, 0.6470659978273902, 0.7386347417135424, 0.6472655475447384, 0.5412580706434812], [-0.17503851044572372, 1.5322943526345045, 0.0, 0.21453815806177168, 0.6830698217721899, 0.11702457789111206, 0.5675656799386403, 0.6911387832256836, 0.3034461614755519, 0.28546790564923663, 0.006497131753992358, 0.607285770570714, 0.6127553192522609, 0.6370265609095368, 0.7498675438845636, 0.6709922625835452, 0.5462372533679964]]}