{"labels_1": ["1", "2", "3", "4", "5", "6", "7", "8", "9"], "labels_2": ["1", "2", "3", "4", "5", "6", "7", "8", "9"], "adj_matrix_1": [[0.0, 0.12142, 0.09387, 0.11086, 0.25271, 0.21503, 0.11806, 0.06233, 0.131], [0.12142, 0.0, 0.2052, 0.21963, 0.16107, 0.30282, 0.22523, 0.06109, 0.01033], [0.09387, 0.2052, 0.0, 0.01763, 0.30443, 0.12995, 0.02526, 0.15263, 0.21347], [0.11086, 0.21963, 0.01763, 0.0, 0.31242, 0.11309, 0.00765, 0.16854, 0.22757], [0.25271, 0.16107, 0.30443, 0.31242, 0.0, 0.35253, 0.31507, 0.20954, 0.1523], [0.21503, 0.30282, 0.12995, 0.11309, 0.35253, 0.0, 0.10566, 0.2636, 0.3086], [0.11806, 0.22523, 0.02526, 0.00765, 0.31507, 0.10566, 0.0, 0.17541, 0.23325], [0.06233, 0.06109, 0.15263, 0.16854, 0.20954, 0.2636, 0.17541, 0.0, 0.07127], [0.131, 0.01033, 0.21347, 0.22757, 0.1523, 0.3086, 0.23325, 0.07127, 0.0]], "adj_matrix_2": [[0.0, 0.01954, 0.03192, 0.15574, 0.23, 0.02967, 0.3019, 0.00036, 0.03455], [0.01954, 0.0, 0.05137, 0.13771, 0.21455, 0.01016, 0.29155, 0.01916, 0.01513], [0.03192, 0.05137, 0.0, 0.18438, 0.2545, 0.06142, 0.31803, 0.03225, 0.06621], [0.15574, 0.13771, 0.18438, 0.0, 0.08845, 0.12812, 0.1966, 0.15503, 0.12287], [0.23, 0.21455, 0.2545, 0.08845, 0.0, 0.20638, 0.12017, 0.2299, 0.20192], [0.02967, 0.01016, 0.06142, 0.12812, 0.20638, 0.0, 0.28598, 0.02932, 0.00501], [0.3019, 0.29155, 0.31803, 0.1966, 0.12017, 0.28598, 0.0, 0.30192, 0.28255], [0.00036, 0.01916, 0.03225, 0.15503, 0.2299, 0.02932, 0.30192, 0.0, 0.03432], [0.03455, 0.01513, 0.06621, 0.12287, 0.20192, 0.00501, 0.28255, 0.03432, 0.0]], "features_1": [[-0.09297212109120023, 1.3627708922646744, 0.0, 0.23537320420354746, 0.630713649035235, 0.13041183006545126, 0.1814892541949483, 0.6786832243777321, 0.39420542416505966, 0.28962910273055287, 0.007336964783822175, 0.6194290688913151, 0.6360863999169485, 0.6598399825421766, 0.7697219192918251, 0.6872609349065212, 0.6119602238456546], [0.15684988229750285, 1.2251027535156356, 0.0, 0.23659921304426285, 0.5984541117132784, 0.13825081576440582, 0.1457884482093732, 0.6693217540104914, 0.447778799528358, 0.27825711323888624, 0.008507047823598457, 0.6260589313408282, 0.6391626281541792, 0.6691591262596649, 0.7837238934075511, 0.6843387408828275, 0.6174076280492621], [-0.16442737010422404, 1.3588518148837552, 0.0, 0.247328865829449, 0.6355658049345086, 0.1309290293020033, 0.22658987733682281, 0.6797215052848676, 0.4023066551561545, 0.29092220469429897, 0.007448685839370306, 0.6293162438344797, 0.6493372932797341, 0.6688060173735101, 0.7771825938867033, 0.6749283040606867, 0.6172556484053351], [-0.06526184598104567, 1.2977720511970463, 0.0, 0.243899570517309, 0.6241100780905757, 0.1296414378434457, 0.22361374696518155, 0.6803843187426055, 0.383237514737087, 0.273449788394025, 0.007336964783822175, 0.6245422795221967, 0.6507938123733829, 0.6717057202276268, 0.7742086270593138, 0.6693661852269601, 0.616617371869085], [0.22920350481855367, 1.4518685752894303, 0.0, 0.25478733782299384, 0.6619072734028858, 0.12603135996850956, 0.3903022408268889, 0.686727243928946, 0.37626208044593645, 0.2902319704631078, 0.00716927026363523, 0.6037333583795337, 0.6538769571523714, 0.6518596179981451, 0.7858320099310738, 0.7003333588725228, 0.586398757680424], [-0.2280478727663482, 1.2866659096050164, 0.0, 0.2110631262646623, 0.6358569159375311, 0.12819454158503796, 0.33333192460163585, 0.6844662759582132, 0.3779933071359449, 0.26735199445748314, 0.007057398507269275, 0.6331850008834601, 0.6479414398652781, 0.664660895926228, 0.7838781242136343, 0.6840029460618827, 0.6196376611689667], [-0.22336199585233096, 1.626983124513211, 0.0, 0.22202391424679832, 0.6942611169359564, 0.119076729010315, 0.3994636128196305, 0.6902009710491321, 0.3168474326558839, 0.30391915361289046, 0.006328755639155359, 0.6153488913783147, 0.6491507080034582, 0.6532126899766035, 0.7676834691392488, 0.6877230132979776, 0.5409624169033999], [0.4796067512226916, 1.662084672278517, 0.0, 0.29945253120308957, 0.717318302636354, 0.10564999335205558, 0.5176689038823021, 0.6931380503005156, 0.2738302185272521, 0.2798348411221805, 0.006160242374180447, 0.5783316217202179, 0.6307766891558871, 0.6192340845093182, 0.7301206564769037, 0.6750666061514043, 0.5099403007255175], [0.4916664851279795, 1.4185886206984424, 0.0, 0.2492711948497766, 0.6682988201004684, 0.11512082011040535, 0.4380768334440098, 0.6915618200401541, 0.3204817100865722, 0.26221178686208235, 0.006272599803500922, 0.5907332087714856, 0.6317609803703661, 0.6365194324356385, 0.7563794175544584, 0.6818290107307236, 0.5734136200531906]], "features_2": [[-0.37625138398146873, 0.946128615535562, 0.0, 0.2364426421717438, 0.5701970137063975, 0.1237562311792461, 0.449676338185688, 0.6885767597622598, 0.37761865661036054, 0.20778179650057949, 0.00683347364535547, 0.6211929147457074, 0.6646603926936283, 0.6796880271859406, 0.7864760462038892, 0.6745962353980317, 0.5955268425609105], [0.057756387835381506, 1.0552306294948899, 0.0, 0.24271987145144663, 0.5998540755048755, 0.1175854215347505, 0.5090176285728681, 0.6916144041087384, 0.3366498930198558, 0.21264990128413808, 0.006609306440138685, 0.6051808255605764, 0.6471959293211437, 0.663861170870376, 0.7752984812533871, 0.674189862362007, 0.5850575405422802], [-0.4013886699470146, 1.0663720845316529, 0.0, 0.2564190798287781, 0.6080140184276462, 0.11671696493034941, 0.5248294960841186, 0.6919136873246792, 0.33718498078810244, 0.2196281470249548, 0.006272599803500922, 0.6159945752319238, 0.6641301161759975, 0.6770167901848372, 0.7739500580109187, 0.6818862075963578, 0.5808424570114228], [-0.22087788443164458, 1.0160373503688342, 0.0, 0.32226441131093453, 0.6014891055980466, 0.11360497835198527, 0.5982593801945676, 0.692759447134436, 0.3241059649097555, 0.20594713507521067, 0.00683347364535547, 0.5946459469835601, 0.6693179641817956, 0.6774826430143395, 0.7718754180655761, 0.6741413395299072, 0.570496281626656], [-0.07959390144338929, 1.4664227021965788, 0.0, 0.2335777370519712, 0.6821644812972836, 0.10926807552311825, 0.5649035305484112, 0.6931093582418774, 0.2605427228679953, 0.2603667379067014, 0.005822803276368971, 0.5913533607462551, 0.6467952978637788, 0.6501556996204505, 0.7492883794827054, 0.657538840748314, 0.5050500882590692], [-0.31642102679172357, 1.2595821140532821, 0.0, 0.28508804456136716, 0.6585034821392928, 0.10794352385822824, 0.618274515431662, 0.693137378462195, 0.2949041817723268, 0.2373547380776313, 0.006272599803500922, 0.6059825956031879, 0.6599369239292034, 0.6748959036132146, 0.754146930267086, 0.6712611914491722, 0.5416473108918669], [0.29492781589538897, 1.5358898149696927, 0.0, 0.26466490735754555, 0.7024732306431611, 0.10456797578840141, 0.5567470990849209, 0.6929800382865692, 0.255328124016204, 0.2632044598225911, 0.006104040759826512, 0.5738443626924958, 0.6224459581783686, 0.6322239201068374, 0.7398194697107672, 0.675761767771657, 0.4739615361923022], [-0.13116800664254402, 1.478670023317006, 0.0, 0.2643175865255502, 0.7069735027745166, 0.09846893071606946, 0.5402796388486373, 0.6915698945419416, 0.23190075817006073, 0.24933420486094282, 0.005710201030130202, 0.5961583346424222, 0.6437423705237268, 0.6426639307691393, 0.7192467421661746, 0.6401729446452638, 0.5055770559834495], [0.03464868022441481, 1.7251432326970677, 0.0, 0.26496782965423454, 0.741512078415881, 0.09777256401822207, 0.5432214164145336, 0.6914031352848629, 0.22080969507390025, 0.2761437060120402, 0.005428426552106513, 0.5849362005802676, 0.6214767412318428, 0.622211429114639, 0.7154558697855903, 0.6334629764082803, 0.4913460431321534]]}