{"labels_1": ["1", "2", "3", "4", "5", "6", "7", "8", "9"], "labels_2": ["1", "2", "3", "4", "5", "6", "7", "8", "9"], "adj_matrix_1": [[0.0, 0.19483, 0.16026, 0.04013, 0.07326, 0.02905, 0.00148, 0.08586, 0.15883], [0.19483, 0.0, 0.32477, 0.15863, 0.12735, 0.21993, 0.19593, 0.11515, 0.32342], [0.16026, 0.32477, 0.0, 0.19728, 0.22683, 0.13267, 0.1589, 0.23778, 0.0014], [0.04013, 0.15863, 0.19728, 0.0, 0.03341, 0.06897, 0.04159, 0.04618, 0.19587], [0.07326, 0.12735, 0.22683, 0.03341, 0.0, 0.10175, 0.07473, 0.01284, 0.22554], [0.02905, 0.21993, 0.13267, 0.06897, 0.10175, 0.0, 0.02758, 0.11416, 0.13129], [0.00148, 0.19593, 0.1589, 0.04159, 0.07473, 0.02758, 0.0, 0.08733, 0.15757], [0.08586, 0.11515, 0.23778, 0.04618, 0.01284, 0.11416, 0.08733, 0.0, 0.2365], [0.15883, 0.32342, 0.0014, 0.19587, 0.22554, 0.13129, 0.15757, 0.2365, 0.0]], "adj_matrix_2": [[0.0, 0.01954, 0.03192, 0.15574, 0.23, 0.02967, 0.3019, 0.00036, 0.03455], [0.01954, 0.0, 0.05137, 0.13771, 0.21455, 0.01016, 0.29155, 0.01916, 0.01513], [0.03192, 0.05137, 0.0, 0.18438, 0.2545, 0.06142, 0.31803, 0.03225, 0.06621], [0.15574, 0.13771, 0.18438, 0.0, 0.08845, 0.12812, 0.1966, 0.15503, 0.12287], [0.23, 0.21455, 0.2545, 0.08845, 0.0, 0.20638, 0.12017, 0.2299, 0.20192], [0.02967, 0.01016, 0.06142, 0.12812, 0.20638, 0.0, 0.28598, 0.02932, 0.00501], [0.3019, 0.29155, 0.31803, 0.1966, 0.12017, 0.28598, 0.0, 0.30192, 0.28255], [0.00036, 0.01916, 0.03225, 0.15503, 0.2299, 0.02932, 0.30192, 0.0, 0.03432], [0.03455, 0.01513, 0.06621, 0.12287, 0.20192, 0.00501, 0.28255, 0.03432, 0.0]], "features_1": [[-0.3831938779490134, 1.231540128695244, 0.0, 0.1511270424378707, 0.6091477351005455, 0.13330496967365993, 0.2521320333230605, 0.6770939618295699, 0.3993167651547047, 0.2701222229309581, 0.007336964783822175, 0.630949579277774, 0.6538076763446158, 0.6728804084422512, 0.7781774889453713, 0.6910947579726713, 0.5967557905781903], [-0.2949937213817577, 1.250692385107975, 0.0, 0.18694044313415523, 0.6088785699682687, 0.1366464141273775, 0.2817362096596369, 0.6737966376841125, 0.4345792114114835, 0.2816326863779244, 0.007671947615560004, 0.623880443424264, 0.6548079288536811, 0.6888762992626075, 0.7860992510772271, 0.7084880938617585, 0.6046401615593044], [-0.35597399432458277, 1.3185183186521512, 0.0, 0.17254627828459343, 0.6256327509099892, 0.1326960137379058, 0.2591787186618951, 0.6780514087177432, 0.4070899609490082, 0.2855190104339307, 0.007336964783822175, 0.6408645773954018, 0.6496649918807208, 0.6723890329996859, 0.7781031322109163, 0.6913811837610371, 0.6033049868806322], [-0.1804197470527198, 1.2676259517075465, 0.0, 0.19571854404375488, 0.6226786111395558, 0.12858254113705478, 0.2538864367501802, 0.6820692525603933, 0.3820694427715865, 0.26971936909545424, 0.007783488497544067, 0.6272779902281791, 0.634401444027847, 0.6573732890157785, 0.7704177569447228, 0.6722018924172269, 0.6090350997312692], [-0.290727911461369, 1.476640618872936, 0.0, 0.2322171365521521, 0.6591611174238805, 0.12777987274257768, 0.34730734341528874, 0.6839953467219584, 0.37008519613653856, 0.3019035810324655, 0.007001439975721224, 0.6237251195140359, 0.6522705283529634, 0.6731537250883801, 0.7822383177696817, 0.6738769631749678, 0.6092956287407701], [-0.13666971746917467, 1.3829171613365756, 0.0, 0.19955550532517277, 0.648234000874865, 0.1271399620083154, 0.3257418603821769, 0.6842914914493459, 0.38450620764666343, 0.2869689482247122, 0.007336964783822175, 0.6245400492485806, 0.6513497119573735, 0.6827311064278566, 0.7747288202995875, 0.69182462749141, 0.6110217923254908], [-0.4270060543249605, 1.5001478469544038, 0.0, 0.18023568449195712, 0.6719981295597923, 0.12257640893462851, 0.333176545801679, 0.6880811415669872, 0.3454324944144289, 0.29755505547534367, 0.00655322669591385, 0.6265264709916987, 0.6490272018504912, 0.673365171607907, 0.7723521676591849, 0.6945458440000299, 0.5798902489323602], [-0.2392067504565003, 1.4834781687726486, 0.0, 0.28961065503410344, 0.680736096617073, 0.11542340028127158, 0.35948169659924717, 0.6912955437517412, 0.31281764500306775, 0.2826386776354932, 0.006609306440138685, 0.607641438843487, 0.6380151644954174, 0.660523161827958, 0.7526491116328815, 0.6749554921416496, 0.5656340555963397], [-0.40323311230998726, 1.5076078787501295, 0.0, 0.22783942082083136, 0.6897075655509478, 0.11287163826091001, 0.40895392532002434, 0.6923625216510267, 0.2980333713344323, 0.28068767761079383, 0.00655322669591385, 0.6191144192729592, 0.6520806124564249, 0.6593564361549173, 0.7519265964839308, 0.6832675234031562, 0.5621283211290913]], "features_2": [[-0.37625138398146873, 0.946128615535562, 0.0, 0.2364426421717438, 0.5701970137063975, 0.1237562311792461, 0.449676338185688, 0.6885767597622598, 0.37761865661036054, 0.20778179650057949, 0.00683347364535547, 0.6211929147457074, 0.6646603926936283, 0.6796880271859406, 0.7864760462038892, 0.6745962353980317, 0.5955268425609105], [0.057756387835381506, 1.0552306294948899, 0.0, 0.24271987145144663, 0.5998540755048755, 0.1175854215347505, 0.5090176285728681, 0.6916144041087384, 0.3366498930198558, 0.21264990128413808, 0.006609306440138685, 0.6051808255605764, 0.6471959293211437, 0.663861170870376, 0.7752984812533871, 0.674189862362007, 0.5850575405422802], [-0.4013886699470146, 1.0663720845316529, 0.0, 0.2564190798287781, 0.6080140184276462, 0.11671696493034941, 0.5248294960841186, 0.6919136873246792, 0.33718498078810244, 0.2196281470249548, 0.006272599803500922, 0.6159945752319238, 0.6641301161759975, 0.6770167901848372, 0.7739500580109187, 0.6818862075963578, 0.5808424570114228], [-0.22087788443164458, 1.0160373503688342, 0.0, 0.32226441131093453, 0.6014891055980466, 0.11360497835198527, 0.5982593801945676, 0.692759447134436, 0.3241059649097555, 0.20594713507521067, 0.00683347364535547, 0.5946459469835601, 0.6693179641817956, 0.6774826430143395, 0.7718754180655761, 0.6741413395299072, 0.570496281626656], [-0.07959390144338929, 1.4664227021965788, 0.0, 0.2335777370519712, 0.6821644812972836, 0.10926807552311825, 0.5649035305484112, 0.6931093582418774, 0.2605427228679953, 0.2603667379067014, 0.005822803276368971, 0.5913533607462551, 0.6467952978637788, 0.6501556996204505, 0.7492883794827054, 0.657538840748314, 0.5050500882590692], [-0.31642102679172357, 1.2595821140532821, 0.0, 0.28508804456136716, 0.6585034821392928, 0.10794352385822824, 0.618274515431662, 0.693137378462195, 0.2949041817723268, 0.2373547380776313, 0.006272599803500922, 0.6059825956031879, 0.6599369239292034, 0.6748959036132146, 0.754146930267086, 0.6712611914491722, 0.5416473108918669], [0.29492781589538897, 1.5358898149696927, 0.0, 0.26466490735754555, 0.7024732306431611, 0.10456797578840141, 0.5567470990849209, 0.6929800382865692, 0.255328124016204, 0.2632044598225911, 0.006104040759826512, 0.5738443626924958, 0.6224459581783686, 0.6322239201068374, 0.7398194697107672, 0.675761767771657, 0.4739615361923022], [-0.13116800664254402, 1.478670023317006, 0.0, 0.2643175865255502, 0.7069735027745166, 0.09846893071606946, 0.5402796388486373, 0.6915698945419416, 0.23190075817006073, 0.24933420486094282, 0.005710201030130202, 0.5961583346424222, 0.6437423705237268, 0.6426639307691393, 0.7192467421661746, 0.6401729446452638, 0.5055770559834495], [0.03464868022441481, 1.7251432326970677, 0.0, 0.26496782965423454, 0.741512078415881, 0.09777256401822207, 0.5432214164145336, 0.6914031352848629, 0.22080969507390025, 0.2761437060120402, 0.005428426552106513, 0.5849362005802676, 0.6214767412318428, 0.622211429114639, 0.7154558697855903, 0.6334629764082803, 0.4913460431321534]]}