{"labels_1": ["1", "2", "3", "4", "5", "6", "7", "8", "9"], "labels_2": ["1", "2", "3", "4", "5", "6", "7", "8", "9"], "adj_matrix_1": [[0.0, 0.30678, 0.16143, 0.04573, 0.31445, 0.25258, 0.024, 0.10162, 0.24344], [0.30678, 0.0, 0.27331, 0.30178, 0.10402, 0.21902, 0.30653, 0.2907, 0.29524], [0.16143, 0.27331, 0.0, 0.11915, 0.23237, 0.11418, 0.18238, 0.06399, 0.35282], [0.04573, 0.30178, 0.11915, 0.0, 0.29696, 0.21859, 0.06941, 0.05688, 0.27933], [0.31445, 0.10402, 0.23237, 0.29696, 0.0, 0.14418, 0.32188, 0.27, 0.35893], [0.25258, 0.21902, 0.11418, 0.21859, 0.14418, 0.0, 0.26847, 0.17178, 0.3848], [0.024, 0.30653, 0.18238, 0.06941, 0.32188, 0.26847, 0.0, 0.12458, 0.22392], [0.10162, 0.2907, 0.06399, 0.05688, 0.27, 0.17178, 0.12458, 0.0, 0.31888], [0.24344, 0.29524, 0.35282, 0.27933, 0.35893, 0.3848, 0.22392, 0.31888, 0.0]], "adj_matrix_2": [[0.0, 0.14797, 0.07186, 0.17952, 0.03116, 0.25022, 0.14815, 0.12593, 0.0277], [0.14797, 0.0, 0.20985, 0.03667, 0.11923, 0.13196, 0.2695, 0.02416, 0.17192], [0.07186, 0.20985, 0.0, 0.23685, 0.10213, 0.29179, 0.07951, 0.19038, 0.04429], [0.17952, 0.03667, 0.23685, 0.0, 0.15223, 0.09827, 0.29031, 0.06048, 0.20141], [0.03116, 0.11923, 0.10213, 0.15223, 0.0, 0.229, 0.17654, 0.09654, 0.05874], [0.25022, 0.13196, 0.29179, 0.09827, 0.229, 0.0, 0.32646, 0.15294, 0.26581], [0.14815, 0.2695, 0.07951, 0.29031, 0.17654, 0.32646, 0.0, 0.25403, 0.12256], [0.12593, 0.02416, 0.19038, 0.06048, 0.09654, 0.15294, 0.25403, 0.0, 0.15129], [0.0277, 0.17192, 0.04429, 0.20141, 0.05874, 0.26581, 0.12256, 0.15129, 0.0]], "features_1": [[-0.12490546131282709, 1.3037020174739706, 0.0, 0.2502487125843729, 0.6227181604999189, 0.12900261630375737, 0.2473540752552516, 0.6822228006602977, 0.3760032750711757, 0.27611496803190216, 0.00677745458930179, 0.6225003047917119, 0.6443734442693594, 0.6557650803040994, 0.7748302667946911, 0.6685296332092246, 0.6043503622336834], [0.2300895986750393, 1.3544680769231, 0.0, 0.26137863341647527, 0.6368190238780314, 0.1292409790348806, 0.30986944997166715, 0.683821701200019, 0.38575417367466347, 0.28153689886388267, 0.007448685839370306, 0.5924533624265125, 0.6432888387772989, 0.6629848422351541, 0.783662196713636, 0.6892300261266591, 0.5957777260029102], [0.35837659360153795, 1.383633003075073, 0.0, 0.27194456844534554, 0.6398237577142094, 0.12829555692496378, 0.27659563280124927, 0.6834230031144809, 0.38063032911623895, 0.28417966137399797, 0.007001439975721224, 0.6007153465359876, 0.6579623056192753, 0.6650106932625957, 0.7757959524696507, 0.6791038887502816, 0.6011980812487943], [0.03296782195798276, 1.3637593467222584, 0.0, 0.23300570252750094, 0.634576020448789, 0.1278580495154356, 0.23780707055578104, 0.6828054159833303, 0.37584283902614835, 0.28497699204138405, 0.007225183508792421, 0.6169657148139105, 0.6395121674613446, 0.660661725415457, 0.7714412047454045, 0.6824882283001469, 0.602213570738219], [0.2738023740177158, 1.7651042221638173, 0.0, 0.27659024889511435, 0.7172831079680467, 0.11785010859738707, 0.507694543046771, 0.6915398415108485, 0.30030475525443423, 0.3155525654141751, 0.006104040759826512, 0.5930303587773595, 0.6421550739468551, 0.6487831820608664, 0.7737328012854865, 0.6797607023971368, 0.5424186434771163], [0.22277541448713833, 1.4528462973980651, 0.0, 0.2627198807478237, 0.6659526774333356, 0.1210257539233868, 0.37544515333413175, 0.6892936850254754, 0.3440931691435225, 0.28396229546074303, 0.0066653709969386465, 0.5905706263824064, 0.6562852628436743, 0.6726130771412752, 0.7704217507334185, 0.6869829822503065, 0.5858341868339247], [-0.35809809724681907, 1.7466925691279578, 0.0, 0.20518181902485913, 0.7066388133218382, 0.11816265553330843, 0.354242737768039, 0.6902472558097814, 0.32588253308314186, 0.32837188218704405, 0.006889477554966383, 0.6116497242049139, 0.6343451553948403, 0.6537409787982242, 0.760693022446025, 0.6695885263240196, 0.5553764512642179], [0.04575512267573778, 1.6299142806989328, 0.0, 0.2685998655698948, 0.7231817555042054, 0.10030323944716533, 0.470858703956975, 0.6923624238586439, 0.2266953232269724, 0.26676551955915495, 0.005484812216699497, 0.5865721387388467, 0.6314011014243982, 0.6225848871586555, 0.718661748475523, 0.637783400348467, 0.46826799386559903], [-0.4382727282113894, 1.819919886489817, 0.0, 0.20652778526549964, 0.7419774564426983, 0.1036286235610591, 0.4265235669949156, 0.6930222115246087, 0.2456199625053226, 0.3030008045821275, 0.005428426552106513, 0.6069418554913146, 0.6479063111798645, 0.651600794485644, 0.7253329561337282, 0.6382114273695575, 0.513695640233129]], "features_2": [[0.20758514365486658, 1.0661331110383858, 0.0, 0.2317677202377754, 0.5833792707620977, 0.1352090065308968, 0.339421910521461, 0.6782350709718078, 0.429263159125979, 0.23987928035741524, 0.007392832833969631, 0.6155491009351699, 0.6523832712594291, 0.6865153490862798, 0.7908939785628711, 0.7005204349321075, 0.6159135328114209], [-0.019145844030993064, 1.2029884115692573, 0.0, 0.25366668198761766, 0.6111174498744775, 0.13411184815938637, 0.2570262756185066, 0.6784676468278663, 0.42410428867299577, 0.2686499587966811, 0.007616154688146137, 0.6125197146660248, 0.6434393150318474, 0.6793584973242942, 0.7875834582633783, 0.7031568514571435, 0.606468575499791], [0.27590685676773585, 1.1442603785941061, 0.0, 0.24798616068598406, 0.5967651767530249, 0.13526530158478195, 0.26640451191475945, 0.6773302703683906, 0.44621445476698907, 0.2553628937828374, 0.00783923647221818, 0.620570003316836, 0.6488366493599441, 0.6660062180141403, 0.7889956735987713, 0.6938814210438448, 0.6143182468726376], [0.3319914538350681, 1.0988836477009616, 0.0, 0.24421979361300633, 0.58452922140442, 0.13453059455691288, 0.24403915824848993, 0.6770545582181281, 0.42420540235057924, 0.2430104033962608, 0.007616154688146137, 0.6067398768550418, 0.6389742450496998, 0.6600445143841144, 0.7860264871364578, 0.7107440820926139, 0.6116441996459918], [0.003420470535890896, 1.4322078234628697, 0.0, 0.22481993776262274, 0.6616149510638198, 0.12576707996606704, 0.3789071025515973, 0.6870162756151451, 0.3745880445776506, 0.29032056259436945, 0.0069454663283523566, 0.6109035730041068, 0.6580344492090981, 0.6637273210899266, 0.7823980400894099, 0.7086955796535032, 0.5643464704920703], [0.31088394987261214, 1.1773589889933662, 0.0, 0.2744107764942135, 0.6042098959209273, 0.1333563211291825, 0.26376858906836986, 0.6791801755161189, 0.4382722013279514, 0.2599770531492631, 0.007950687539111767, 0.6034813723379662, 0.6345068754029715, 0.659120683547686, 0.7895989315830034, 0.6931838797260169, 0.6207668999789752], [-0.0022021047686138218, 1.5564796262077798, 0.0, 0.18292909442825953, 0.6867475217897226, 0.11781535658974832, 0.4193751383579297, 0.6910114158606098, 0.31055867256613867, 0.28962931851576146, 0.006104040759826512, 0.6036536599655369, 0.6463535564384888, 0.6502079554484409, 0.7666477507310259, 0.6869532461280663, 0.526254140179325], [0.02883651550940769, 1.449031831466572, 0.0, 0.24485844126408424, 0.6895382852502527, 0.10959867801076653, 0.5480441764792374, 0.6930470608173729, 0.28853733776021384, 0.26326810415631985, 0.005991591679928909, 0.5903253874009349, 0.654421753519097, 0.6692078352494563, 0.7500503958269109, 0.6458825489560173, 0.5596644292493684], [0.047703893511147566, 1.7273505498119075, 0.0, 0.19737540767048573, 0.7323960281275191, 0.10650418363402032, 0.4981614715199008, 0.6931388404344121, 0.27130289496618887, 0.2920148452314757, 0.005766509824583821, 0.5911838059616028, 0.634512009123366, 0.635304133233245, 0.741677687425568, 0.6454022593283186, 0.5357480651743383]]}