{"labels_1": ["1", "2", "3", "4", "5", "6", "7", "8", "9"], "labels_2": ["1", "2", "3", "4", "5", "6", "7", "8", "9"], "adj_matrix_1": [[0.0, 0.30678, 0.16143, 0.04573, 0.31445, 0.25258, 0.024, 0.10162, 0.24344], [0.30678, 0.0, 0.27331, 0.30178, 0.10402, 0.21902, 0.30653, 0.2907, 0.29524], [0.16143, 0.27331, 0.0, 0.11915, 0.23237, 0.11418, 0.18238, 0.06399, 0.35282], [0.04573, 0.30178, 0.11915, 0.0, 0.29696, 0.21859, 0.06941, 0.05688, 0.27933], [0.31445, 0.10402, 0.23237, 0.29696, 0.0, 0.14418, 0.32188, 0.27, 0.35893], [0.25258, 0.21902, 0.11418, 0.21859, 0.14418, 0.0, 0.26847, 0.17178, 0.3848], [0.024, 0.30653, 0.18238, 0.06941, 0.32188, 0.26847, 0.0, 0.12458, 0.22392], [0.10162, 0.2907, 0.06399, 0.05688, 0.27, 0.17178, 0.12458, 0.0, 0.31888], [0.24344, 0.29524, 0.35282, 0.27933, 0.35893, 0.3848, 0.22392, 0.31888, 0.0]], "adj_matrix_2": [[0.0, 0.24813, 0.07327, 0.22317, 0.09242, 0.1033, 0.22475, 0.0272, 0.22879], [0.24813, 0.0, 0.19239, 0.03634, 0.30486, 0.16644, 0.03351, 0.2647, 0.02744], [0.07327, 0.19239, 0.0, 0.16244, 0.16154, 0.03098, 0.1645, 0.09941, 0.16941], [0.22317, 0.03634, 0.16244, 0.0, 0.28744, 0.13472, 0.00273, 0.24215, 0.00876], [0.09242, 0.30486, 0.16154, 0.28744, 0.0, 0.18892, 0.29011, 0.06594, 0.29343], [0.1033, 0.16644, 0.03098, 0.13472, 0.18892, 0.0, 0.1371, 0.12882, 0.14236], [0.22475, 0.03351, 0.1645, 0.00273, 0.29011, 0.1371, 0.0, 0.24527, 0.00607], [0.0272, 0.2647, 0.09941, 0.24215, 0.06594, 0.12882, 0.24527, 0.0, 0.24947], [0.22879, 0.02744, 0.16941, 0.00876, 0.29343, 0.14236, 0.00607, 0.24947, 0.0]], "features_1": [[-0.12490546131282709, 1.3037020174739706, 0.0, 0.2502487125843729, 0.6227181604999189, 0.12900261630375737, 0.2473540752552516, 0.6822228006602977, 0.3760032750711757, 0.27611496803190216, 0.00677745458930179, 0.6225003047917119, 0.6443734442693594, 0.6557650803040994, 0.7748302667946911, 0.6685296332092246, 0.6043503622336834], [0.2300895986750393, 1.3544680769231, 0.0, 0.26137863341647527, 0.6368190238780314, 0.1292409790348806, 0.30986944997166715, 0.683821701200019, 0.38575417367466347, 0.28153689886388267, 0.007448685839370306, 0.5924533624265125, 0.6432888387772989, 0.6629848422351541, 0.783662196713636, 0.6892300261266591, 0.5957777260029102], [0.35837659360153795, 1.383633003075073, 0.0, 0.27194456844534554, 0.6398237577142094, 0.12829555692496378, 0.27659563280124927, 0.6834230031144809, 0.38063032911623895, 0.28417966137399797, 0.007001439975721224, 0.6007153465359876, 0.6579623056192753, 0.6650106932625957, 0.7757959524696507, 0.6791038887502816, 0.6011980812487943], [0.03296782195798276, 1.3637593467222584, 0.0, 0.23300570252750094, 0.634576020448789, 0.1278580495154356, 0.23780707055578104, 0.6828054159833303, 0.37584283902614835, 0.28497699204138405, 0.007225183508792421, 0.6169657148139105, 0.6395121674613446, 0.660661725415457, 0.7714412047454045, 0.6824882283001469, 0.602213570738219], [0.2738023740177158, 1.7651042221638173, 0.0, 0.27659024889511435, 0.7172831079680467, 0.11785010859738707, 0.507694543046771, 0.6915398415108485, 0.30030475525443423, 0.3155525654141751, 0.006104040759826512, 0.5930303587773595, 0.6421550739468551, 0.6487831820608664, 0.7737328012854865, 0.6797607023971368, 0.5424186434771163], [0.22277541448713833, 1.4528462973980651, 0.0, 0.2627198807478237, 0.6659526774333356, 0.1210257539233868, 0.37544515333413175, 0.6892936850254754, 0.3440931691435225, 0.28396229546074303, 0.0066653709969386465, 0.5905706263824064, 0.6562852628436743, 0.6726130771412752, 0.7704217507334185, 0.6869829822503065, 0.5858341868339247], [-0.35809809724681907, 1.7466925691279578, 0.0, 0.20518181902485913, 0.7066388133218382, 0.11816265553330843, 0.354242737768039, 0.6902472558097814, 0.32588253308314186, 0.32837188218704405, 0.006889477554966383, 0.6116497242049139, 0.6343451553948403, 0.6537409787982242, 0.760693022446025, 0.6695885263240196, 0.5553764512642179], [0.04575512267573778, 1.6299142806989328, 0.0, 0.2685998655698948, 0.7231817555042054, 0.10030323944716533, 0.470858703956975, 0.6923624238586439, 0.2266953232269724, 0.26676551955915495, 0.005484812216699497, 0.5865721387388467, 0.6314011014243982, 0.6225848871586555, 0.718661748475523, 0.637783400348467, 0.46826799386559903], [-0.4382727282113894, 1.819919886489817, 0.0, 0.20652778526549964, 0.7419774564426983, 0.1036286235610591, 0.4265235669949156, 0.6930222115246087, 0.2456199625053226, 0.3030008045821275, 0.005428426552106513, 0.6069418554913146, 0.6479063111798645, 0.651600794485644, 0.7253329561337282, 0.6382114273695575, 0.513695640233129]], "features_2": [[-0.07321255342351929, 1.1139179472307286, 0.0, 0.2014207864250826, 0.5877774081630918, 0.13520832698243385, 0.2339936988970507, 0.6761494497716667, 0.4201128615216503, 0.2513991536958575, 0.007504523810135222, 0.6249891193809165, 0.6739347602975219, 0.6921987352615594, 0.7876598577725912, 0.6909917319294155, 0.6179035827108278], [0.11917876055431442, 1.1901257144959332, 0.0, 0.22241706270134928, 0.615722696229519, 0.12736299415392152, 0.35880717244690385, 0.6855006098281787, 0.37341579223688126, 0.24936306229449112, 0.00711334193318236, 0.6066042980881945, 0.6379675784342627, 0.6394155952094921, 0.7848242937109335, 0.7132338637634998, 0.5956228467653342], [-0.04548542588466287, 1.1844542411885741, 0.0, 0.2068570379574716, 0.6056575979108509, 0.13370551774349793, 0.2370012024821598, 0.6779686777522309, 0.41753489795738186, 0.2615686049227226, 0.007894969482732161, 0.6197724662304209, 0.6490243703975085, 0.667709320076878, 0.7841065215798586, 0.7035575195466461, 0.6136537180558469], [0.1877331392200028, 1.2104338837013489, 0.0, 0.2504735921236531, 0.6134163994983256, 0.13180945860437426, 0.26953226139209435, 0.6806675722484263, 0.41250607857535737, 0.2632029545171497, 0.007727725548673403, 0.6044091758363876, 0.6380089123929238, 0.6667216119848066, 0.7849359561507653, 0.7052280651358382, 0.6156811184605825], [-0.18411466682027156, 1.7190818912461998, 0.0, 0.18472349802355428, 0.7146533857807813, 0.11486704152035848, 0.5170274750332403, 0.6922892120907742, 0.28501574574923394, 0.30503070942242916, 0.005991591679928909, 0.6011441352932745, 0.646820764526031, 0.6469421255575775, 0.7661564596347483, 0.6896500096191123, 0.5030275404377826], [0.08435452035248803, 1.3210835981375217, 0.0, 0.22915469650411918, 0.641435511145356, 0.128052838793935, 0.3372519216829346, 0.684775520515631, 0.39864236829082067, 0.27555708272550894, 0.007783488497544067, 0.6158639352355162, 0.6545498505294849, 0.661845170062682, 0.782743175546132, 0.7083620527780339, 0.6039001673884021], [0.2174625147590672, 1.7511111153541132, 0.0, 0.26845470677794064, 0.7145083407459973, 0.11898697871996407, 0.449802255879051, 0.6908577210134231, 0.3333737657158622, 0.31995700657836434, 0.006272599803500922, 0.5971529816685399, 0.6398155764086884, 0.6683514008045093, 0.7730612838780214, 0.6954948389221672, 0.5485201058101948], [-0.10312322692491271, 1.8669947582704323, 0.0, 0.251519929735885, 0.742909837049949, 0.11054507775329021, 0.4667576169574879, 0.6929078370236144, 0.2843122002653644, 0.3200732048181001, 0.005766509824583821, 0.6012959922595145, 0.6400104663966827, 0.6480545651734837, 0.7478667553440526, 0.6747438515926892, 0.5346281773424703], [-0.03196192261314712, 1.9084218477774764, 0.0, 0.28433991104028933, 0.7441894247936499, 0.11380077962702338, 0.4945909142853999, 0.6922792773085696, 0.3051494840516662, 0.33299209405979924, 0.006328755639155359, 0.5867316993373128, 0.648054763151649, 0.660656274943699, 0.7523917371308446, 0.6689395026247703, 0.5495166084709747]]}