{"labels_1": ["1", "2", "3", "4", "5", "6", "7", "8", "9"], "labels_2": ["1", "2", "3", "4", "5", "6", "7", "8", "9"], "adj_matrix_1": [[0.0, 0.35149, 0.07983, 0.13612, 0.15399, 0.03516, 0.12516, 0.0235, 0.20885], [0.35149, 0.0, 0.3432, 0.32081, 0.29943, 0.35096, 0.32702, 0.35206, 0.25426], [0.07983, 0.3432, 0.0, 0.062, 0.21412, 0.04564, 0.04955, 0.05684, 0.2561], [0.13612, 0.32081, 0.062, 0.0, 0.24642, 0.10509, 0.01271, 0.11501, 0.27646], [0.15399, 0.29943, 0.21412, 0.24642, 0.0, 0.18235, 0.24171, 0.17363, 0.06785], [0.03516, 0.35096, 0.04564, 0.10509, 0.18235, 0.0, 0.09341, 0.01162, 0.23208], [0.12516, 0.32702, 0.04955, 0.01271, 0.24171, 0.09341, 0.0, 0.10413, 0.27433], [0.0235, 0.35206, 0.05684, 0.11501, 0.17363, 0.01162, 0.10413, 0.0, 0.22524], [0.20885, 0.25426, 0.2561, 0.27646, 0.06785, 0.23208, 0.27433, 0.22524, 0.0]], "adj_matrix_2": [[0.0, 0.14797, 0.07186, 0.17952, 0.03116, 0.25022, 0.14815, 0.12593, 0.0277], [0.14797, 0.0, 0.20985, 0.03667, 0.11923, 0.13196, 0.2695, 0.02416, 0.17192], [0.07186, 0.20985, 0.0, 0.23685, 0.10213, 0.29179, 0.07951, 0.19038, 0.04429], [0.17952, 0.03667, 0.23685, 0.0, 0.15223, 0.09827, 0.29031, 0.06048, 0.20141], [0.03116, 0.11923, 0.10213, 0.15223, 0.0, 0.229, 0.17654, 0.09654, 0.05874], [0.25022, 0.13196, 0.29179, 0.09827, 0.229, 0.0, 0.32646, 0.15294, 0.26581], [0.14815, 0.2695, 0.07951, 0.29031, 0.17654, 0.32646, 0.0, 0.25403, 0.12256], [0.12593, 0.02416, 0.19038, 0.06048, 0.09654, 0.15294, 0.25403, 0.0, 0.15129], [0.0277, 0.17192, 0.04429, 0.20141, 0.05874, 0.26581, 0.12256, 0.15129, 0.0]], "features_1": [[-0.02609737974953452, 1.1883583102173707, 0.0, 0.23792448627284923, 0.6126556002118058, 0.12922206668997221, 0.4075614046016177, 0.6834749804835126, 0.39425284322344756, 0.25940506635435434, 0.007727725548673403, 0.6105820851458288, 0.6673214441790034, 0.6906561838835876, 0.779797512885884, 0.6858263913346702, 0.6080686738118631], [-0.1378490583434031, 1.2987557170402007, 0.0, 0.20637657533800285, 0.632191790850552, 0.1308486932570674, 0.47365946322787167, 0.682662167162944, 0.3835983313458735, 0.27614020557826446, 0.00716927026363523, 0.6250846840905511, 0.6553810371493316, 0.6613863808599578, 0.7817964540297612, 0.6993338729206846, 0.6154982353256926], [0.16727704286070777, 1.2483051271428038, 0.0, 0.2757897532560582, 0.6291092796114826, 0.1264135800359163, 0.413438661639934, 0.6857918207529414, 0.3772536787195657, 0.26372899618938095, 0.007504523810135222, 0.6022767261354216, 0.6475680684393902, 0.6540814003258618, 0.775870085922948, 0.6827984988928933, 0.604405900528393], [0.3679677251762721, 1.2109653551629709, 0.0, 0.27382376508613265, 0.6230878706508658, 0.12512141039318792, 0.427401924325104, 0.6866111087293003, 0.37338662267389044, 0.2541554477318464, 0.007392832833969631, 0.5979126689595855, 0.6413328588873723, 0.6750839353306192, 0.7738030236682252, 0.7063122596579524, 0.6009559238105552], [0.2813726170735369, 1.5653887784937346, 0.0, 0.22910107887558712, 0.6828604137824884, 0.12403277987767733, 0.5459305662327167, 0.6884092832513415, 0.341967715313249, 0.3015295743639481, 0.00716927026363523, 0.595079379944691, 0.6511002424020049, 0.6600686925068282, 0.7767536423167674, 0.6866074888642492, 0.5826295294135325], [0.4388334740302047, 1.2852638101545495, 0.0, 0.2960278114459989, 0.6428706659582325, 0.12520162871889512, 0.562071309636923, 0.688100714745155, 0.3757403450740777, 0.2632392462656543, 0.007281081678807366, 0.603535274450004, 0.6563168385622938, 0.6626587678942356, 0.7809162474630592, 0.6973160756384807, 0.6048132748305033], [0.4878864483629024, 1.613833936645695, 0.0, 0.30062118171066027, 0.6975792861507006, 0.1189097326441635, 0.5300374631444711, 0.6908707751395708, 0.339233202993545, 0.30480339049540817, 0.006721420376576193, 0.5820788494685611, 0.6484246693545295, 0.6712742483479386, 0.7687514795398331, 0.6829360202538253, 0.541768099868876], [0.8796769192269775, 1.779212867966012, 0.0, 0.2349595257884346, 0.7334488135290604, 0.1121609916992114, 0.8388597848847155, 0.6929843383391563, 0.2960652308290861, 0.29892110819608364, 0.005991591679928909, 0.5633954433441, 0.6116145738021254, 0.6237816566996545, 0.7506807375940481, 0.6675775703225556, 0.5526899498693592], [0.07307583829095732, 1.521244253792173, 0.0, 0.2520146651273649, 0.6941711290117223, 0.1160174158664393, 0.8193497737445903, 0.692369501578245, 0.334285904765667, 0.28009836862057624, 0.00655322669591385, 0.6032826035550662, 0.6645785601012352, 0.6617138446997785, 0.7610992673514876, 0.6830204177676475, 0.5720019723640343]], "features_2": [[0.20758514365486658, 1.0661331110383858, 0.0, 0.2317677202377754, 0.5833792707620977, 0.1352090065308968, 0.339421910521461, 0.6782350709718078, 0.429263159125979, 0.23987928035741524, 0.007392832833969631, 0.6155491009351699, 0.6523832712594291, 0.6865153490862798, 0.7908939785628711, 0.7005204349321075, 0.6159135328114209], [-0.019145844030993064, 1.2029884115692573, 0.0, 0.25366668198761766, 0.6111174498744775, 0.13411184815938637, 0.2570262756185066, 0.6784676468278663, 0.42410428867299577, 0.2686499587966811, 0.007616154688146137, 0.6125197146660248, 0.6434393150318474, 0.6793584973242942, 0.7875834582633783, 0.7031568514571435, 0.606468575499791], [0.27590685676773585, 1.1442603785941061, 0.0, 0.24798616068598406, 0.5967651767530249, 0.13526530158478195, 0.26640451191475945, 0.6773302703683906, 0.44621445476698907, 0.2553628937828374, 0.00783923647221818, 0.620570003316836, 0.6488366493599441, 0.6660062180141403, 0.7889956735987713, 0.6938814210438448, 0.6143182468726376], [0.3319914538350681, 1.0988836477009616, 0.0, 0.24421979361300633, 0.58452922140442, 0.13453059455691288, 0.24403915824848993, 0.6770545582181281, 0.42420540235057924, 0.2430104033962608, 0.007616154688146137, 0.6067398768550418, 0.6389742450496998, 0.6600445143841144, 0.7860264871364578, 0.7107440820926139, 0.6116441996459918], [0.003420470535890896, 1.4322078234628697, 0.0, 0.22481993776262274, 0.6616149510638198, 0.12576707996606704, 0.3789071025515973, 0.6870162756151451, 0.3745880445776506, 0.29032056259436945, 0.0069454663283523566, 0.6109035730041068, 0.6580344492090981, 0.6637273210899266, 0.7823980400894099, 0.7086955796535032, 0.5643464704920703], [0.31088394987261214, 1.1773589889933662, 0.0, 0.2744107764942135, 0.6042098959209273, 0.1333563211291825, 0.26376858906836986, 0.6791801755161189, 0.4382722013279514, 0.2599770531492631, 0.007950687539111767, 0.6034813723379662, 0.6345068754029715, 0.659120683547686, 0.7895989315830034, 0.6931838797260169, 0.6207668999789752], [-0.0022021047686138218, 1.5564796262077798, 0.0, 0.18292909442825953, 0.6867475217897226, 0.11781535658974832, 0.4193751383579297, 0.6910114158606098, 0.31055867256613867, 0.28962931851576146, 0.006104040759826512, 0.6036536599655369, 0.6463535564384888, 0.6502079554484409, 0.7666477507310259, 0.6869532461280663, 0.526254140179325], [0.02883651550940769, 1.449031831466572, 0.0, 0.24485844126408424, 0.6895382852502527, 0.10959867801076653, 0.5480441764792374, 0.6930470608173729, 0.28853733776021384, 0.26326810415631985, 0.005991591679928909, 0.5903253874009349, 0.654421753519097, 0.6692078352494563, 0.7500503958269109, 0.6458825489560173, 0.5596644292493684], [0.047703893511147566, 1.7273505498119075, 0.0, 0.19737540767048573, 0.7323960281275191, 0.10650418363402032, 0.4981614715199008, 0.6931388404344121, 0.27130289496618887, 0.2920148452314757, 0.005766509824583821, 0.5911838059616028, 0.634512009123366, 0.635304133233245, 0.741677687425568, 0.6454022593283186, 0.5357480651743383]]}