{"labels_1": ["1", "2", "3", "4", "5", "6", "7", "8", "9"], "labels_2": ["1", "2", "3", "4", "5", "6", "7", "8", "9"], "adj_matrix_1": [[0.0, 0.25778, 0.16131, 0.0334, 0.14439, 0.14924, 0.21097, 0.2153, 0.05654], [0.25778, 0.0, 0.12852, 0.27763, 0.14521, 0.33332, 0.35493, 0.35669, 0.29001], [0.16131, 0.12852, 0.0, 0.19017, 0.01902, 0.28101, 0.32375, 0.3268, 0.20933], [0.0334, 0.27763, 0.19017, 0.0, 0.17421, 0.11792, 0.18211, 0.18659, 0.02333], [0.14439, 0.14521, 0.01902, 0.17421, 0.0, 0.26928, 0.31498, 0.31812, 0.19423], [0.14924, 0.33332, 0.28101, 0.11792, 0.26928, 0.0, 0.06885, 0.07367, 0.09549], [0.21097, 0.35493, 0.32375, 0.18211, 0.31498, 0.06885, 0.0, 0.00486, 0.16119], [0.2153, 0.35669, 0.3268, 0.18659, 0.31812, 0.07367, 0.00486, 0.0, 0.16573], [0.05654, 0.29001, 0.20933, 0.02333, 0.19423, 0.09549, 0.16119, 0.16573, 0.0]], "adj_matrix_2": [[0.0, 0.24424, 0.02748, 0.1793, 0.33402, 0.35419, 0.30981, 0.23348, 0.06671], [0.24424, 0.0, 0.26132, 0.08281, 0.14845, 0.1884, 0.10424, 0.28855, 0.19436], [0.02748, 0.26132, 0.0, 0.201, 0.34168, 0.35915, 0.32038, 0.21972, 0.09316], [0.1793, 0.08281, 0.201, 0.0, 0.22159, 0.25722, 0.18134, 0.28485, 0.12019], [0.33402, 0.14845, 0.34168, 0.22159, 0.0, 0.0433, 0.04636, 0.27746, 0.30597], [0.35419, 0.1884, 0.35915, 0.25722, 0.0433, 0.0, 0.08918, 0.27251, 0.33209], [0.30981, 0.10424, 0.32038, 0.18134, 0.04636, 0.08918, 0.0, 0.28202, 0.2752], [0.23348, 0.28855, 0.21972, 0.28485, 0.27746, 0.27251, 0.28202, 0.0, 0.25971], [0.06671, 0.19436, 0.09316, 0.12019, 0.30597, 0.33209, 0.2752, 0.25971, 0.0]], "features_1": [[0.17103818742630006, 1.1861588789569943, 0.0, 0.2380230277038516, 0.6009752198810578, 0.13162439266844977, 0.226333983566645, 0.6796469203865475, 0.4108580590142188, 0.2612048420138908, 0.007671947615560004, 0.6134928786732627, 0.6471524159875519, 0.6628295670698652, 0.7814201267103945, 0.689426097145447, 0.5981047869289947], [0.19056811739350987, 1.217609996252682, 0.0, 0.2404689643592103, 0.6151691440384481, 0.1272516823064187, 0.3212811142881236, 0.685121942453357, 0.39217201607175034, 0.2581905262108657, 0.007392832833969631, 0.600088798135666, 0.6472650662668208, 0.6829157602688628, 0.7792652155065584, 0.710670641050673, 0.5906536221929211], [-0.0036551554007147047, 1.3103452104669144, 0.0, 0.22313156991147348, 0.6308830081352731, 0.12704917340767866, 0.2458144485293218, 0.6838843534130209, 0.37989970754675007, 0.2742949341962133, 0.007057398507269275, 0.6064077453331969, 0.6426954221314002, 0.6720535197087708, 0.7713835207566574, 0.685994244318495, 0.5949503047768079], [0.0677057797227909, 1.2552946506531726, 0.0, 0.24530001548053068, 0.618421475920095, 0.1278143243087504, 0.22540850821630443, 0.6826545382627272, 0.38663702904820507, 0.2663897219098592, 0.00716927026363523, 0.6136518781821065, 0.6425520205449723, 0.6669121524389203, 0.7714933429974744, 0.6771913478553564, 0.5971369703183421], [-0.0019382696441740954, 1.514827902007452, 0.0, 0.2132340770236331, 0.6797039563968047, 0.11584981828456944, 0.4666656517374072, 0.6919093255091607, 0.3116365869148514, 0.28172420389831054, 0.006384896235913207, 0.6028702656941891, 0.6332857078738696, 0.6479966706442537, 0.7635274468047014, 0.6885519704074975, 0.5358185347854049], [-0.44594333881173887, 1.3911310845401708, 0.0, 0.20013049986634157, 0.659914826340866, 0.118918623556028, 0.3719911780880608, 0.6903006096184722, 0.3295153144187193, 0.2749313885293585, 0.006497131753992358, 0.6169227289948895, 0.6373169702154753, 0.6529668895472589, 0.7644832478238942, 0.6817234555245953, 0.5709523617774052], [-0.28486494602428625, 1.6052946631736569, 0.0, 0.20401942429350267, 0.6907556077685911, 0.11723208869137647, 0.3872641612044113, 0.6908919911659874, 0.30679945795393015, 0.300326058787838, 0.0064410216040902135, 0.6173884566885248, 0.6413686413544526, 0.6474750883487062, 0.7623605905561807, 0.672265767872245, 0.5313188401395088], [-0.5045462681264907, 1.5164469436834416, 0.0, 0.18864535658884243, 0.7054949145200101, 0.10217071508749101, 0.6079973899333361, 0.6925943602853408, 0.22199994532083966, 0.25788687222440543, 0.005259177083500877, 0.5948926529462129, 0.6280726858606359, 0.6249347046962205, 0.7240268478917052, 0.6344944364459459, 0.48315690283714946], [-0.33435674063633947, 1.437265148614566, 0.0, 0.18778871664176025, 0.6873280478805394, 0.10524130831757453, 0.5421536974846113, 0.6930760380312482, 0.245041663909219, 0.2547890233620522, 0.005653876882570019, 0.5929210204835385, 0.6399585332791342, 0.6512035430614922, 0.7339975261928822, 0.6527391746409943, 0.4830477303756967]], "features_2": [[0.4274253695022674, 1.1211046084007465, 0.0, 0.2893494590950195, 0.6169968789452706, 0.12087880224725417, 0.4328386510481835, 0.6899201497941698, 0.36544394518425216, 0.23443872923956954, 0.007336964783822175, 0.5926553877473739, 0.6455588214261113, 0.6626406816893537, 0.7775199982295002, 0.682974032790813, 0.6048412345801102], [0.004001962846819307, 1.153321106300137, 0.0, 0.25510832773417597, 0.6136120355178434, 0.12628698059309712, 0.3619921614287797, 0.6863529047721815, 0.38840547532623715, 0.24794329947058258, 0.006889477554966383, 0.6178234482611984, 0.6740228337834723, 0.694836040980853, 0.7839386095708356, 0.7038767283072712, 0.6044378971260698], [0.3924660278772172, 1.1770149410026354, 0.0, 0.2732133342321961, 0.6356744717345182, 0.11929734920684967, 0.4843348676813008, 0.6910002241257817, 0.36091930155914564, 0.2417450908727894, 0.007281081678807366, 0.5937175083710571, 0.6517197696356541, 0.6783143008955428, 0.7766532763607258, 0.6927932293120089, 0.5932274835361873], [0.311247216270929, 1.211161032062761, 0.0, 0.29544969780987373, 0.6406505678568255, 0.11777399013028506, 0.4643204437928553, 0.6913429927618162, 0.3445484133292287, 0.24290502153189686, 0.00711334193318236, 0.6023562564669733, 0.6567828707347726, 0.6676080034650631, 0.7715698106872634, 0.6812813091039904, 0.5899181224682251], [-0.2504814783528606, 1.4709530136424849, 0.0, 0.28429075728332553, 0.6757216066922991, 0.11906314255793018, 0.4607400561778675, 0.690788900965998, 0.318059052129541, 0.28214882702228494, 0.006160242374180447, 0.6179740137777214, 0.655361272188159, 0.6531810163177821, 0.7714971525493308, 0.6957961442536884, 0.5495109952564967], [0.013870471228878856, 1.2825801549310452, 0.0, 0.2789250174634322, 0.6638359268047881, 0.11452659863613121, 0.5854651201561396, 0.6927017783012062, 0.336716499381295, 0.2517921296126313, 0.00711334193318236, 0.6144260758386553, 0.6799015761529489, 0.6770219937096528, 0.772941710024936, 0.6880865283567486, 0.5719911511936092], [-0.149783606983795, 1.5665648761444373, 0.0, 0.26208001364452477, 0.6976545828355316, 0.11277948044258466, 0.49627073108257064, 0.6926632543351652, 0.3035612986430467, 0.28777999249199215, 0.006104040759826512, 0.6062434389677931, 0.6577655636429905, 0.6654709954938303, 0.7611906046701999, 0.686287860656746, 0.5266275291592363], [0.720114284038265, 1.4597686290053393, 0.0, 0.2766878651350771, 0.6921842812385421, 0.1094070145951612, 0.5334095371234845, 0.6931000298569839, 0.29822056803706487, 0.2621187948208499, 0.006721420376576193, 0.5713998304919023, 0.6356176419918486, 0.6472074806330748, 0.7459429549906121, 0.6885434347961726, 0.5097332414081864], [0.5240410549203318, 1.4833452388979842, 0.0, 0.24968560115739633, 0.6866156360688033, 0.11228409535922772, 0.43868127711253846, 0.6925234042655414, 0.3075960697479043, 0.27012773725704187, 0.0064410216040902135, 0.5847685212966667, 0.6245775928880093, 0.6468761415591494, 0.7473699739672856, 0.6727067591857067, 0.548827621850253]]}