{"labels_1": ["1", "2", "3", "4", "5", "6", "7", "8", "9"], "labels_2": ["1", "2", "3", "4", "5", "6", "7", "8", "9"], "adj_matrix_1": [[0.0, 0.25778, 0.16131, 0.0334, 0.14439, 0.14924, 0.21097, 0.2153, 0.05654], [0.25778, 0.0, 0.12852, 0.27763, 0.14521, 0.33332, 0.35493, 0.35669, 0.29001], [0.16131, 0.12852, 0.0, 0.19017, 0.01902, 0.28101, 0.32375, 0.3268, 0.20933], [0.0334, 0.27763, 0.19017, 0.0, 0.17421, 0.11792, 0.18211, 0.18659, 0.02333], [0.14439, 0.14521, 0.01902, 0.17421, 0.0, 0.26928, 0.31498, 0.31812, 0.19423], [0.14924, 0.33332, 0.28101, 0.11792, 0.26928, 0.0, 0.06885, 0.07367, 0.09549], [0.21097, 0.35493, 0.32375, 0.18211, 0.31498, 0.06885, 0.0, 0.00486, 0.16119], [0.2153, 0.35669, 0.3268, 0.18659, 0.31812, 0.07367, 0.00486, 0.0, 0.16573], [0.05654, 0.29001, 0.20933, 0.02333, 0.19423, 0.09549, 0.16119, 0.16573, 0.0]], "adj_matrix_2": [[0.0, 0.07274, 0.05925, 0.04283, 0.01644, 0.0363, 0.26085, 0.25803, 0.28237], [0.07274, 0.0, 0.1291, 0.11372, 0.05663, 0.10755, 0.30396, 0.30206, 0.32104], [0.05925, 0.1291, 0.0, 0.01662, 0.07536, 0.02319, 0.21639, 0.21285, 0.24092], [0.04283, 0.11372, 0.01662, 0.0, 0.05908, 0.00658, 0.22958, 0.2262, 0.25334], [0.01644, 0.05663, 0.07536, 0.05908, 0.0, 0.0526, 0.27205, 0.26926, 0.29267], [0.0363, 0.10755, 0.02319, 0.00658, 0.0526, 0.0, 0.23464, 0.23133, 0.25808], [0.26085, 0.30396, 0.21639, 0.22958, 0.27205, 0.23464, 0.0, 0.00448, 0.02992], [0.25803, 0.30206, 0.21285, 0.2262, 0.26926, 0.23133, 0.00448, 0.0, 0.03437], [0.28237, 0.32104, 0.24092, 0.25334, 0.29267, 0.25808, 0.02992, 0.03437, 0.0]], "features_1": [[0.17103818742630006, 1.1861588789569943, 0.0, 0.2380230277038516, 0.6009752198810578, 0.13162439266844977, 0.226333983566645, 0.6796469203865475, 0.4108580590142188, 0.2612048420138908, 0.007671947615560004, 0.6134928786732627, 0.6471524159875519, 0.6628295670698652, 0.7814201267103945, 0.689426097145447, 0.5981047869289947], [0.19056811739350987, 1.217609996252682, 0.0, 0.2404689643592103, 0.6151691440384481, 0.1272516823064187, 0.3212811142881236, 0.685121942453357, 0.39217201607175034, 0.2581905262108657, 0.007392832833969631, 0.600088798135666, 0.6472650662668208, 0.6829157602688628, 0.7792652155065584, 0.710670641050673, 0.5906536221929211], [-0.0036551554007147047, 1.3103452104669144, 0.0, 0.22313156991147348, 0.6308830081352731, 0.12704917340767866, 0.2458144485293218, 0.6838843534130209, 0.37989970754675007, 0.2742949341962133, 0.007057398507269275, 0.6064077453331969, 0.6426954221314002, 0.6720535197087708, 0.7713835207566574, 0.685994244318495, 0.5949503047768079], [0.0677057797227909, 1.2552946506531726, 0.0, 0.24530001548053068, 0.618421475920095, 0.1278143243087504, 0.22540850821630443, 0.6826545382627272, 0.38663702904820507, 0.2663897219098592, 0.00716927026363523, 0.6136518781821065, 0.6425520205449723, 0.6669121524389203, 0.7714933429974744, 0.6771913478553564, 0.5971369703183421], [-0.0019382696441740954, 1.514827902007452, 0.0, 0.2132340770236331, 0.6797039563968047, 0.11584981828456944, 0.4666656517374072, 0.6919093255091607, 0.3116365869148514, 0.28172420389831054, 0.006384896235913207, 0.6028702656941891, 0.6332857078738696, 0.6479966706442537, 0.7635274468047014, 0.6885519704074975, 0.5358185347854049], [-0.44594333881173887, 1.3911310845401708, 0.0, 0.20013049986634157, 0.659914826340866, 0.118918623556028, 0.3719911780880608, 0.6903006096184722, 0.3295153144187193, 0.2749313885293585, 0.006497131753992358, 0.6169227289948895, 0.6373169702154753, 0.6529668895472589, 0.7644832478238942, 0.6817234555245953, 0.5709523617774052], [-0.28486494602428625, 1.6052946631736569, 0.0, 0.20401942429350267, 0.6907556077685911, 0.11723208869137647, 0.3872641612044113, 0.6908919911659874, 0.30679945795393015, 0.300326058787838, 0.0064410216040902135, 0.6173884566885248, 0.6413686413544526, 0.6474750883487062, 0.7623605905561807, 0.672265767872245, 0.5313188401395088], [-0.5045462681264907, 1.5164469436834416, 0.0, 0.18864535658884243, 0.7054949145200101, 0.10217071508749101, 0.6079973899333361, 0.6925943602853408, 0.22199994532083966, 0.25788687222440543, 0.005259177083500877, 0.5948926529462129, 0.6280726858606359, 0.6249347046962205, 0.7240268478917052, 0.6344944364459459, 0.48315690283714946], [-0.33435674063633947, 1.437265148614566, 0.0, 0.18778871664176025, 0.6873280478805394, 0.10524130831757453, 0.5421536974846113, 0.6930760380312482, 0.245041663909219, 0.2547890233620522, 0.005653876882570019, 0.5929210204835385, 0.6399585332791342, 0.6512035430614922, 0.7339975261928822, 0.6527391746409943, 0.4830477303756967]], "features_2": [[0.33902376142875745, 1.2346976533641825, 0.0, 0.22381884355068635, 0.6211325466559631, 0.12606015751663302, 0.3566400692896906, 0.6847756533667027, 0.3648843134918205, 0.2574606648657376, 0.007225183508792421, 0.5995185203732158, 0.6166473908870685, 0.6215130526563968, 0.7686205262796058, 0.6843461372678519, 0.5768872851174435], [0.08162139308144223, 1.1728162578074175, 0.0, 0.20220668058052324, 0.6086357842043942, 0.1279613131813952, 0.4553328149687452, 0.6843548769756966, 0.37309734401472294, 0.2504070687031099, 0.007504523810135222, 0.6067609267830845, 0.6194630720508635, 0.6459721167211122, 0.772972198469848, 0.6913400976994087, 0.5740473166242104], [0.5287006560272909, 1.3846305848671039, 0.0, 0.2220958266780926, 0.6485627157497312, 0.12543991398738336, 0.34335680869676466, 0.6852974514137391, 0.37113496021410275, 0.27996192995853164, 0.00716927026363523, 0.6014601759267533, 0.618173320576576, 0.626353532296231, 0.766133376551754, 0.6883464436066917, 0.576059129154161], [0.47180713849678835, 1.3635075291656167, 0.0, 0.22280964987242088, 0.6493589243835765, 0.12272313407301493, 0.38895422004824665, 0.6875150857856187, 0.3505794763119974, 0.2703648497020221, 0.007001439975721224, 0.595097933972911, 0.615493051730739, 0.6186270633408811, 0.7631401961479379, 0.6816892649886974, 0.5621689565972987], [0.19174931499545167, 1.3541337190884462, 0.0, 0.19680090020135554, 0.6488599056016485, 0.12170631023426645, 0.5704149012218614, 0.6892694689452719, 0.33209153370247346, 0.2672968395108555, 0.0069454663283523566, 0.6035088808464248, 0.6475522712658897, 0.657954560600145, 0.7668909618688998, 0.6777661319711047, 0.5525945342778528], [0.38001243094948656, 1.3538262340659801, 0.0, 0.21547418454575717, 0.6486766238346686, 0.12178772077358985, 0.38677328490517837, 0.6882191911902923, 0.3459652648225493, 0.2677328083242181, 0.007225183508792421, 0.6024269994237381, 0.624814194937649, 0.6342491171933332, 0.7639168812327476, 0.6875228093507971, 0.5716702178127109], [0.08735495361244716, 1.6082304795848248, 0.0, 0.19161885698268524, 0.7021981628945875, 0.11328445279095517, 0.5368980325465976, 0.6924311322404466, 0.3011243449174408, 0.29146903514712497, 0.0066653709969386465, 0.6046306711005291, 0.6334883714357665, 0.6389185257595748, 0.75437829823986, 0.6615382333417648, 0.519497164472542], [-0.2436355705268234, 1.341099854299697, 0.0, 0.20844877635071538, 0.6609486756783581, 0.11122758475276995, 0.5682069703892857, 0.6925860942512242, 0.2834993245238031, 0.25230891659655574, 0.006609306440138685, 0.607854217072777, 0.6298789595718703, 0.6347229437661668, 0.734864519293519, 0.6813903586075305, 0.5434854070616952], [-0.2895132919609438, 1.6148000599558863, 0.0, 0.2068656255927966, 0.708022060368448, 0.10726082106390498, 0.4455865483333916, 0.6930905464466353, 0.2603786434634958, 0.2826301661289947, 0.005991591679928909, 0.603655427853641, 0.6470758061987445, 0.6613126097087807, 0.7280869765615668, 0.65170356132218, 0.5148397698472594]]}