{"labels_1": ["1", "2", "3", "4", "5", "6", "7", "8", "9"], "labels_2": ["1", "2", "3", "4", "5", "6", "7", "8", "9"], "adj_matrix_1": [[0.0, 0.09746, 0.17476, 0.22897, 0.24092, 0.07424, 0.32034, 0.02315, 0.06526], [0.09746, 0.0, 0.14638, 0.05151, 0.16872, 0.11588, 0.03617, 0.10204, 0.11252], [0.17476, 0.14638, 0.0, 0.3134, 0.21342, 0.11063, 0.34436, 0.15564, 0.11865], [0.22897, 0.05151, 0.3134, 0.0, 0.20461, 0.27629, 0.13469, 0.24522, 0.27132], [0.24092, 0.16872, 0.21342, 0.20461, 0.0, 0.23863, 0.1756, 0.2401, 0.23829], [0.07424, 0.11588, 0.11063, 0.27629, 0.23863, 0.0, 0.34516, 0.05153, 0.00912], [0.32034, 0.03617, 0.34436, 0.13469, 0.1756, 0.34516, 0.0, 0.33053, 0.34362], [0.02315, 0.10204, 0.15564, 0.24522, 0.2401, 0.05153, 0.33053, 0.0, 0.04258], [0.06526, 0.11252, 0.11865, 0.27132, 0.23829, 0.00912, 0.34362, 0.04258, 0.0]], "adj_matrix_2": [[0.0, 0.34685, 0.2795, 0.33099, 0.22817, 0.33569, 0.03809, 0.23693, 0.33695], [0.34685, 0.0, 0.20578, 0.12235, 0.20136, 0.05507, 0.33698, 0.19536, 0.0506], [0.2795, 0.20578, 0.0, 0.10031, 0.26174, 0.23896, 0.25101, 0.26461, 0.23642], [0.33099, 0.12235, 0.10031, 0.0, 0.24885, 0.16853, 0.3102, 0.24808, 0.1648], [0.22817, 0.20136, 0.26174, 0.24885, 0.0, 0.16743, 0.23406, 0.01146, 0.16956], [0.33569, 0.05507, 0.23896, 0.16853, 0.16743, 0.0, 0.33079, 0.15964, 0.00437], [0.03809, 0.33698, 0.25101, 0.3102, 0.23406, 0.33079, 0.0, 0.24317, 0.33257], [0.23693, 0.19536, 0.26461, 0.24808, 0.01146, 0.15964, 0.24317, 0.0, 0.16288], [0.33695, 0.0506, 0.23642, 0.1648, 0.16956, 0.00437, 0.33257, 0.16288, 0.0]], "features_1": [[0.5513322054737384, 1.1743463493208979, 0.0, 0.2429036749398343, 0.6130302546691051, 0.12540171380292692, 0.3193884922257396, 0.6856977823356352, 0.36028462831835584, 0.24421794805104602, 0.00711334193318236, 0.5957175822952476, 0.6472841793476891, 0.6677488028581878, 0.7725611624591162, 0.6891451274856262, 0.5873446757602878], [1.654309397074444, 1.1321561373821478, 0.0, 0.333436100882787, 0.585294014210278, 0.13657079063379396, 0.18042716091009298, 0.6733158612080886, 0.4164924723244765, 0.2512261124406634, 0.007560346756364078, 0.5721584122960865, 0.6260740702936307, 0.6658521747789441, 0.78230966041773, 0.7011548057253334, 0.6072550636920683], [0.5090825502782228, 1.3054533437685774, 0.0, 0.24740981442907728, 0.6377903931774522, 0.1237273604343323, 0.2741399996794819, 0.6862016513609168, 0.34799493278450977, 0.2630620028462254, 0.006889477554966383, 0.5888609397985634, 0.6416106159327033, 0.6681104453185331, 0.7631025908035007, 0.6681674174765089, 0.5782693853033302], [-0.07255437669617981, 1.2213036593981508, 0.0, 0.20348894441782234, 0.6285627227904513, 0.12138399437829575, 0.3741803351517767, 0.6887145498482531, 0.33248163805178765, 0.2485505879178025, 0.00683347364535547, 0.6068347696650689, 0.6226130779983452, 0.647428005850781, 0.7671793596055753, 0.6913575847131666, 0.5774635274963524], [1.3443221878425682, 1.2772440237246205, 0.0, 0.29915792963693344, 0.6166614963865138, 0.13095449868813547, 0.2484842988891316, 0.6800048064090545, 0.3871550937591606, 0.26399359518400844, 0.007281081678807366, 0.5720491070996412, 0.6253034569626511, 0.6508347272227761, 0.7796870013259141, 0.683136723891187, 0.6076424465896179], [0.15145980858993102, 1.3305750014350881, 0.0, 0.2426696181584499, 0.6476276768645494, 0.12174029222199584, 0.30019330229098673, 0.6880855422768501, 0.34295829199342087, 0.26660141684966243, 0.006889477554966383, 0.6026825180135649, 0.6398244620393371, 0.6566673489496312, 0.7652126809468613, 0.672377857494859, 0.5774519260419319], [-0.3357759992635958, 1.4204028214734457, 0.0, 0.20301937694211292, 0.6720133706639172, 0.11395944516906714, 0.5162164580825788, 0.6925057748072685, 0.29122632594225606, 0.2670910874453991, 0.006160242374180447, 0.6098277895168598, 0.6369639469434623, 0.6531979107571821, 0.7626617035221548, 0.6529941700775072, 0.5314809604574314], [0.5522493566858291, 1.6024267511663601, 0.0, 0.39791029569492653, 0.7076083237418317, 0.1093053174069733, 0.37039923096046723, 0.6929218383236951, 0.28710000336046315, 0.2804845709856496, 0.006272599803500922, 0.5852249728625543, 0.6270293485961433, 0.6135594664485162, 0.73615697587888, 0.6465891952158102, 0.5555021395259541], [0.18616185074433078, 1.6618920864146902, 0.0, 0.35057240320930705, 0.7204320268589222, 0.10523425266977529, 0.44812409398415837, 0.6931137397138283, 0.2585961713931024, 0.2842227093994536, 0.005822803276368971, 0.573775230660049, 0.6252741336082233, 0.6312375729481686, 0.7281416386985826, 0.6386234227919737, 0.5229406686928875]], "features_2": [[-0.36503974516357784, 1.1930688175761932, 0.0, 0.25966231249269967, 0.6264899644213896, 0.12365001053564272, 0.38313536140511883, 0.6882471523788309, 0.373856304941681, 0.25242848676514495, 0.007225183508792421, 0.6281845165280158, 0.6650227090075402, 0.6981552519470873, 0.7776935889148865, 0.6885252221757262, 0.6109490093072171], [0.4603116194541341, 1.2302788817945352, 0.0, 0.293079197735011, 0.626047327859909, 0.12419450937168718, 0.3396348043919474, 0.6882465314574288, 0.3849925228527469, 0.2541225946462238, 0.007783488497544067, 0.5939134719787367, 0.6389494031894999, 0.6566632099770273, 0.7771190344437852, 0.6793491926429824, 0.609839589665509], [-0.17840308984141195, 1.2801841171453028, 0.0, 0.2706116186573085, 0.6427342405562152, 0.12206008310547764, 0.367723428336528, 0.6888740473411277, 0.3767238023652728, 0.2643288561834307, 0.007336964783822175, 0.6089420044723475, 0.6500113965743893, 0.6618367192412036, 0.7715330517868314, 0.6585401036193724, 0.6057775693482732], [-0.14540210809920007, 1.2749464383959281, 0.0, 0.2574645708768986, 0.6397121681636297, 0.12226082171936986, 0.37226983601828395, 0.6886144666964891, 0.3619784000438373, 0.26101639711329994, 0.006889477554966383, 0.6098811113639155, 0.66180208615646, 0.680093683416987, 0.773848158612816, 0.6815953549899346, 0.6078208863919973], [1.1544872933724672, 1.38404241525108, 0.0, 0.2929041156316073, 0.6600366421769637, 0.11309043732449729, 0.4636670687379315, 0.6926832432285406, 0.3150062316357438, 0.25624590146118553, 0.0064410216040902135, 0.5686570603649064, 0.6243091084080153, 0.6361965391920789, 0.7558767773607666, 0.6686197301997175, 0.5700314923513985], [0.4998188305012823, 1.3911263062688384, 0.0, 0.25731343386127686, 0.6677733633982017, 0.11515248172798645, 0.4540467456415186, 0.6921233982001546, 0.3507677232651869, 0.26804296746807377, 0.0069454663283523566, 0.5876899004696163, 0.6424649671500956, 0.6482659074159349, 0.7624283171063146, 0.6729744142863313, 0.5954716393114973], [-0.13996863539977822, 1.5353369246981843, 0.0, 0.22197659791092064, 0.6870505146268111, 0.11801093977317001, 0.4686721423521639, 0.69124474791398, 0.3241667622771298, 0.28989576493301383, 0.0066653709969386465, 0.6145066431347606, 0.6543777864804079, 0.662885665720302, 0.7718491504923369, 0.6694859728630184, 0.5307641758935915], [1.511821801544059, 1.83562336978032, 0.0, 0.2610326759366738, 0.7458060755424666, 0.09840259009272181, 0.44377716046762006, 0.6916811230093887, 0.24029587993391677, 0.2850502927134224, 0.005653876882570019, 0.5393291866368486, 0.5992862157187212, 0.6022339054929287, 0.7052750735078428, 0.6318795315338263, 0.4694773538679655], [0.7963233985513773, 1.856596529823375, 0.0, 0.26067530156292745, 0.7507468009588002, 0.1010993520348666, 0.7103188317668809, 0.692103064159928, 0.2564914193270784, 0.2990930270057839, 0.005766509824583821, 0.5520623488073044, 0.6136195181608357, 0.6280667051463952, 0.7271438500527725, 0.6427897000764725, 0.4860671178175676]]}