{"labels_1": ["1", "2", "3", "4", "5", "6", "7", "8", "9"], "labels_2": ["1", "2", "3", "4", "5", "6", "7", "8", "9"], "adj_matrix_1": [[0.0, 0.18631, 0.03134, 0.24486, 0.15126, 0.20099, 0.17724, 0.24037, 0.00375], [0.18631, 0.0, 0.1584, 0.33748, 0.29845, 0.32397, 0.31281, 0.33684, 0.18915], [0.03134, 0.1584, 0.0, 0.26404, 0.1786, 0.2249, 0.20308, 0.26041, 0.035], [0.24486, 0.33748, 0.26404, 0.0, 0.12197, 0.06504, 0.09357, 0.00742, 0.24065], [0.15126, 0.29845, 0.1786, 0.12197, 0.0, 0.0601, 0.03055, 0.11527, 0.14734], [0.20099, 0.32397, 0.2249, 0.06504, 0.0601, 0.0, 0.02985, 0.05775, 0.19692], [0.17724, 0.31281, 0.20308, 0.09357, 0.03055, 0.02985, 0.0, 0.08671, 0.17376], [0.24037, 0.33684, 0.26041, 0.00742, 0.11527, 0.05775, 0.08671, 0.0, 0.23752], [0.00375, 0.18915, 0.035, 0.24065, 0.14734, 0.19692, 0.17376, 0.23752, 0.0]], "adj_matrix_2": [[0.0, 0.01859, 0.08517, 0.23392, 0.02564, 0.07068, 0.22562, 0.34042, 0.28731], [0.01859, 0.0, 0.10258, 0.23552, 0.00709, 0.08844, 0.22515, 0.33709, 0.27879], [0.08517, 0.10258, 0.0, 0.21611, 0.10902, 0.01519, 0.21909, 0.33975, 0.31137], [0.23392, 0.23552, 0.21611, 0.0, 0.23543, 0.22049, 0.03828, 0.16817, 0.19267], [0.02564, 0.00709, 0.10902, 0.23543, 0.0, 0.09508, 0.2247, 0.3364, 0.27602], [0.07068, 0.08844, 0.01519, 0.22049, 0.09508, 0.0, 0.22143, 0.34212, 0.30942], [0.22562, 0.22515, 0.21909, 0.03828, 0.2247, 0.22143, 0.0, 0.14019, 0.16507], [0.34042, 0.33709, 0.33975, 0.16817, 0.3364, 0.34212, 0.14019, 0.0, 0.11563], [0.28731, 0.27879, 0.31137, 0.19267, 0.27602, 0.30942, 0.16507, 0.11563, 0.0]], "features_1": [[0.2524907609802005, 1.4530014843127435, 0.0, 0.2904494842415224, 0.6809139240881298, 0.11737425549160863, 0.449629154106497, 0.6908886939697537, 0.3294185517495729, 0.2774716421992758, 0.007057398507269275, 0.5995324578408536, 0.6395734815874244, 0.6497167657349474, 0.7594882442978093, 0.6756884345663138, 0.5885470727583332], [-0.2196592822057486, 1.4301361855432988, 0.0, 0.2850723691484907, 0.6660996697396472, 0.12207453735554427, 0.35240442317080467, 0.6877267498235604, 0.35368402270766475, 0.28824656318309105, 0.007504523810135222, 0.6198990727558793, 0.6350687485962854, 0.6520166463152823, 0.7640836862781356, 0.67428350468867, 0.6001240753882366], [0.23086958515163225, 1.5716502065368458, 0.0, 0.31415011297567763, 0.6981995346142703, 0.11841670602958045, 0.4359322044830286, 0.6904239686236897, 0.3332906121562733, 0.2971736720086666, 0.006721420376576193, 0.6012291631536244, 0.6387000882422925, 0.6567387278911032, 0.7606155482376955, 0.6728483644309674, 0.5898225358043284], [0.5822584867391769, 1.5473295705218304, 0.0, 0.33456098066615747, 0.6986008884474411, 0.11582170904273463, 0.4380180448886577, 0.6915605010179056, 0.316354275278389, 0.286635410806793, 0.006272599803500922, 0.576199807548673, 0.6287805519389017, 0.658069138756974, 0.7596775098897532, 0.6804889528307253, 0.5857537769928578], [-0.08642682925589629, 1.662297625887411, 0.0, 0.23309916047860743, 0.6988490860066661, 0.12146082287507091, 0.35805051608066235, 0.68855988656572, 0.34887045906863046, 0.320559518905406, 0.007504523810135222, 0.6089602673266918, 0.6581871425933661, 0.6729827857061136, 0.7675046884969356, 0.6909533597163899, 0.5898113829619254], [0.39441356864286936, 1.5968425646188031, 0.0, 0.34437752799048305, 0.7079276991653911, 0.11654381305865136, 0.5960355797095573, 0.6918588928467888, 0.32480168966974543, 0.29672989950384276, 0.0069454663283523566, 0.5877741523032507, 0.6468159650884101, 0.6675237448556209, 0.7644244388793789, 0.6705170919832546, 0.5887567430136449], [0.6149151881891326, 1.8595437845014275, 0.0, 0.34889741053067636, 0.7422599277416237, 0.11061699558772883, 0.47078058553854946, 0.6928816280555417, 0.2910270164592148, 0.3158159388137094, 0.006889477554966383, 0.5724471935650404, 0.62669030258724, 0.6160155609146447, 0.7509718601339358, 0.6843307495055222, 0.5399062401717193], [0.46930475754949397, 1.9704597525682555, 0.0, 0.23937989220858374, 0.7568401261282623, 0.11056874252245091, 0.37012291530339925, 0.6927370082739142, 0.28928981644057794, 0.3340745320469132, 0.006328755639155359, 0.588110727313782, 0.6192083337240818, 0.6452088676743144, 0.7422871666359345, 0.6468484544418234, 0.5563723198817859], [-0.03698167757031712, 2.1696459362495686, 0.0, 0.2627294965023605, 0.7867184947016559, 0.10377735573110379, 0.40259943338266313, 0.6930548249023694, 0.2558578785764405, 0.34593150452916865, 0.006216428718621936, 0.5906361467303771, 0.6284499886550601, 0.641537327749968, 0.7246278482416127, 0.6259313676627162, 0.5008834464765741]], "features_2": [[0.2318205668740636, 1.0214850772060875, 0.0, 0.20455260368648534, 0.5796022524079676, 0.12580489170024295, 0.3159737087380144, 0.6860077612493387, 0.37555612489040424, 0.21966969701148686, 0.007225183508792421, 0.594260427090223, 0.6426254056059201, 0.668707745197929, 0.7770691384655324, 0.7025984941854804, 0.6022092593776768], [-0.035499370502846794, 1.025360919003552, 0.0, 0.2571679172441507, 0.5807679350516863, 0.12939327433130593, 0.35788206394053435, 0.6844902914345827, 0.4041934649674097, 0.2283761089946874, 0.007336964783822175, 0.6004115523185729, 0.6742861774166061, 0.700530259939318, 0.7892537339661527, 0.712056289201092, 0.6044141882714626], [0.14560933436541168, 1.1102950022020504, 0.0, 0.20205531732971072, 0.5987335279290731, 0.12596504902900638, 0.2720961015866166, 0.6854536799637887, 0.374892921429792, 0.2373793900340393, 0.007281081678807366, 0.5948554033807056, 0.6381111050033276, 0.669941372852561, 0.7733179375206236, 0.7035988359385408, 0.600687560742579], [0.9088293788834743, 1.1290411764104378, 0.0, 0.251791836272543, 0.6073008360508617, 0.12241316942873454, 0.2917491031412183, 0.6878874575058277, 0.34502526428313796, 0.22786908880201562, 0.006721420376576193, 0.5647627964347413, 0.6352761600617665, 0.6371744725866154, 0.7671645991931382, 0.6963352749375781, 0.5889041892592958], [0.4459985441102523, 1.3102975521527203, 0.0, 0.3025865894705965, 0.6548097724800631, 0.1167637213398627, 0.5101642782568646, 0.6918962288969972, 0.3361954786210186, 0.2555485077013262, 0.006889477554966383, 0.5939041143369721, 0.6429494484401896, 0.6562092025676767, 0.7717647539897384, 0.6865601279151387, 0.5417672576835867], [0.27357637569888515, 1.1639199227022985, 0.0, 0.25579311762268503, 0.6241087004984907, 0.11896052292961264, 0.43027020857523796, 0.6907506697263146, 0.3318108225649177, 0.23108770471696416, 0.006721420376576193, 0.5783825575988863, 0.6391194934268554, 0.6562242584582055, 0.7701664467318108, 0.6854557237162288, 0.5873858475553392], [0.8519340250487941, 1.3817998199415724, 0.0, 0.2881794388314941, 0.6672944309422578, 0.11493783611434784, 0.5261955926187418, 0.6921818077601201, 0.3007255887082916, 0.2533581372765985, 0.006216428718621936, 0.5606789927187363, 0.6352390732198927, 0.6441712375120332, 0.7581355767897597, 0.6857822486509721, 0.5533737855237377], [-0.11565294349075783, 1.5019911489351803, 0.0, 0.26388719016479273, 0.6979021467265469, 0.10531861940576857, 0.5123457080619218, 0.6931079672483118, 0.27193887570713016, 0.26441154009343526, 0.006104040759826512, 0.5986366117929203, 0.6384470348639152, 0.6479102729857892, 0.7319328764170989, 0.6670796178859704, 0.5185258150683781], [-0.13026363776262118, 1.5589014345037118, 0.0, 0.2647046149050208, 0.7047298502877086, 0.10735348221171927, 0.5420743785656441, 0.6931427275411329, 0.28075597501258276, 0.27661696970139316, 0.006104040759826512, 0.5940309341933754, 0.6369025959847431, 0.6441307464495095, 0.7387086389051586, 0.6667664078458082, 0.5368578226628965]]}