{"labels_1": ["1", "2", "3", "4", "5", "6", "7", "8", "9"], "labels_2": ["1", "2", "3", "4", "5", "6", "7", "8", "9"], "adj_matrix_1": [[0.0, 0.18631, 0.03134, 0.24486, 0.15126, 0.20099, 0.17724, 0.24037, 0.00375], [0.18631, 0.0, 0.1584, 0.33748, 0.29845, 0.32397, 0.31281, 0.33684, 0.18915], [0.03134, 0.1584, 0.0, 0.26404, 0.1786, 0.2249, 0.20308, 0.26041, 0.035], [0.24486, 0.33748, 0.26404, 0.0, 0.12197, 0.06504, 0.09357, 0.00742, 0.24065], [0.15126, 0.29845, 0.1786, 0.12197, 0.0, 0.0601, 0.03055, 0.11527, 0.14734], [0.20099, 0.32397, 0.2249, 0.06504, 0.0601, 0.0, 0.02985, 0.05775, 0.19692], [0.17724, 0.31281, 0.20308, 0.09357, 0.03055, 0.02985, 0.0, 0.08671, 0.17376], [0.24037, 0.33684, 0.26041, 0.00742, 0.11527, 0.05775, 0.08671, 0.0, 0.23752], [0.00375, 0.18915, 0.035, 0.24065, 0.14734, 0.19692, 0.17376, 0.23752, 0.0]], "adj_matrix_2": [[0.0, 0.00964, 0.03259, 0.10976, 0.02116, 0.18746, 0.31822, 0.22685, 0.21911], [0.00964, 0.0, 0.023, 0.11859, 0.01153, 0.18072, 0.32087, 0.22684, 0.21416], [0.03259, 0.023, 0.0, 0.13909, 0.01149, 0.16378, 0.3262, 0.22632, 0.20172], [0.10976, 0.11859, 0.13909, 0.0, 0.12899, 0.25038, 0.26435, 0.2169, 0.2603], [0.02116, 0.01153, 0.01149, 0.12899, 0.0, 0.17236, 0.32412, 0.22688, 0.20842], [0.18746, 0.18072, 0.16378, 0.25038, 0.17236, 0.0, 0.29989, 0.17828, 0.06109], [0.31822, 0.32087, 0.3262, 0.26435, 0.32412, 0.29989, 0.0, 0.15474, 0.26724], [0.22685, 0.22684, 0.22632, 0.2169, 0.22688, 0.17828, 0.15474, 0.0, 0.13958], [0.21911, 0.21416, 0.20172, 0.2603, 0.20842, 0.06109, 0.26724, 0.13958, 0.0]], "features_1": [[0.2524907609802005, 1.4530014843127435, 0.0, 0.2904494842415224, 0.6809139240881298, 0.11737425549160863, 0.449629154106497, 0.6908886939697537, 0.3294185517495729, 0.2774716421992758, 0.007057398507269275, 0.5995324578408536, 0.6395734815874244, 0.6497167657349474, 0.7594882442978093, 0.6756884345663138, 0.5885470727583332], [-0.2196592822057486, 1.4301361855432988, 0.0, 0.2850723691484907, 0.6660996697396472, 0.12207453735554427, 0.35240442317080467, 0.6877267498235604, 0.35368402270766475, 0.28824656318309105, 0.007504523810135222, 0.6198990727558793, 0.6350687485962854, 0.6520166463152823, 0.7640836862781356, 0.67428350468867, 0.6001240753882366], [0.23086958515163225, 1.5716502065368458, 0.0, 0.31415011297567763, 0.6981995346142703, 0.11841670602958045, 0.4359322044830286, 0.6904239686236897, 0.3332906121562733, 0.2971736720086666, 0.006721420376576193, 0.6012291631536244, 0.6387000882422925, 0.6567387278911032, 0.7606155482376955, 0.6728483644309674, 0.5898225358043284], [0.5822584867391769, 1.5473295705218304, 0.0, 0.33456098066615747, 0.6986008884474411, 0.11582170904273463, 0.4380180448886577, 0.6915605010179056, 0.316354275278389, 0.286635410806793, 0.006272599803500922, 0.576199807548673, 0.6287805519389017, 0.658069138756974, 0.7596775098897532, 0.6804889528307253, 0.5857537769928578], [-0.08642682925589629, 1.662297625887411, 0.0, 0.23309916047860743, 0.6988490860066661, 0.12146082287507091, 0.35805051608066235, 0.68855988656572, 0.34887045906863046, 0.320559518905406, 0.007504523810135222, 0.6089602673266918, 0.6581871425933661, 0.6729827857061136, 0.7675046884969356, 0.6909533597163899, 0.5898113829619254], [0.39441356864286936, 1.5968425646188031, 0.0, 0.34437752799048305, 0.7079276991653911, 0.11654381305865136, 0.5960355797095573, 0.6918588928467888, 0.32480168966974543, 0.29672989950384276, 0.0069454663283523566, 0.5877741523032507, 0.6468159650884101, 0.6675237448556209, 0.7644244388793789, 0.6705170919832546, 0.5887567430136449], [0.6149151881891326, 1.8595437845014275, 0.0, 0.34889741053067636, 0.7422599277416237, 0.11061699558772883, 0.47078058553854946, 0.6928816280555417, 0.2910270164592148, 0.3158159388137094, 0.006889477554966383, 0.5724471935650404, 0.62669030258724, 0.6160155609146447, 0.7509718601339358, 0.6843307495055222, 0.5399062401717193], [0.46930475754949397, 1.9704597525682555, 0.0, 0.23937989220858374, 0.7568401261282623, 0.11056874252245091, 0.37012291530339925, 0.6927370082739142, 0.28928981644057794, 0.3340745320469132, 0.006328755639155359, 0.588110727313782, 0.6192083337240818, 0.6452088676743144, 0.7422871666359345, 0.6468484544418234, 0.5563723198817859], [-0.03698167757031712, 2.1696459362495686, 0.0, 0.2627294965023605, 0.7867184947016559, 0.10377735573110379, 0.40259943338266313, 0.6930548249023694, 0.2558578785764405, 0.34593150452916865, 0.006216428718621936, 0.5906361467303771, 0.6284499886550601, 0.641537327749968, 0.7246278482416127, 0.6259313676627162, 0.5008834464765741]], "features_2": [[0.6537541715534858, 1.064418330600385, 0.0, 0.2160980556107317, 0.580842878063432, 0.12940441091892013, 0.2800854999048738, 0.6822510999989105, 0.38015531303960803, 0.23109077122984734, 0.007560346756364078, 0.5894157112966125, 0.6584568059691042, 0.694710150520444, 0.7830687891202436, 0.7075527327828801, 0.6072403213131174], [0.9081781062207823, 1.047183973089639, 0.0, 0.25589080766329614, 0.569573724390123, 0.13458908589390323, 0.21639063360237926, 0.6759511965830578, 0.41842314214664866, 0.23426986202442213, 0.007671947615560004, 0.5938346984904292, 0.6474152481905048, 0.6761196039118238, 0.7852784890526023, 0.7099568970814244, 0.615749181669026], [0.7812946450871068, 1.1014843043814382, 0.0, 0.22634157244857728, 0.5914676731397691, 0.12997660446976295, 0.2885361695213128, 0.682064013276729, 0.39730265582519864, 0.23950670276750685, 0.007448685839370306, 0.5889900314077354, 0.6390019181487733, 0.6809645904291934, 0.7842631248023262, 0.7091793427563041, 0.6121452154553968], [0.34417893178493664, 1.1251559815602672, 0.0, 0.21482909024293448, 0.6027309087263839, 0.12427297623135342, 0.3538897596089072, 0.6870533239975734, 0.35330901399169234, 0.2359555547959833, 0.007001439975721224, 0.6026266503564384, 0.6398341546934333, 0.6704404339338115, 0.7779966536261185, 0.7012710997375589, 0.5945393667773621], [1.0282555031704206, 1.178545580121438, 0.0, 0.29025666660045774, 0.6087903193285383, 0.12945587655166885, 0.41309658574198876, 0.6834551280673102, 0.3737171090081828, 0.24603690235805487, 0.007392832833969631, 0.5848151415700438, 0.6500122854949604, 0.6590775457291979, 0.7819869231827831, 0.7025743672965865, 0.594021462086984], [1.2699972091866014, 1.2001382085160606, 0.0, 0.2531192991923103, 0.6199264416737008, 0.1257461033273208, 0.3639241438644142, 0.686064409764735, 0.378526488539652, 0.2460508602377487, 0.007336964783822175, 0.5810492402873089, 0.630941783714806, 0.6473614394410696, 0.7787441887922736, 0.7047878638040677, 0.6095351215606019], [-0.07457647346052854, 1.493169857758531, 0.0, 0.16124094503035927, 0.6781712743374102, 0.1175785133981185, 0.47053694924901424, 0.6912491146099453, 0.3116983196210772, 0.28310351334080974, 0.006497131753992358, 0.6141059897541967, 0.6432959171493167, 0.6585307246299551, 0.7696933368412238, 0.7059589544945383, 0.536922176145966], [2.019835155812422, 1.6573151982237107, 0.0, 0.3172475137108558, 0.7209103176227837, 0.10937873389134031, 0.6599845008215709, 0.6930751088586335, 0.28090719795266805, 0.27674744503981397, 0.006160242374180447, 0.5454357011806579, 0.6092970148719061, 0.5814811459848033, 0.7406679717137653, 0.6630564928112971, 0.5591783476043718], [2.0495418231867832, 1.877205396529165, 0.0, 0.28185396145807906, 0.7528721418353833, 0.10635436737640697, 0.643622546350791, 0.6931193614252686, 0.2700094302969953, 0.297873041181145, 0.005935344193631176, 0.5405621506506013, 0.6182977094312422, 0.6156201165543723, 0.7353632530779077, 0.6697545059525456, 0.5280864250917161]]}