{"labels_1": ["1", "2", "3", "4", "5", "6", "7", "8", "9"], "labels_2": ["1", "2", "3", "4", "5", "6", "7", "8", "9"], "adj_matrix_1": [[0.0, 0.09746, 0.17476, 0.22897, 0.24092, 0.07424, 0.32034, 0.02315, 0.06526], [0.09746, 0.0, 0.14638, 0.05151, 0.16872, 0.11588, 0.03617, 0.10204, 0.11252], [0.17476, 0.14638, 0.0, 0.3134, 0.21342, 0.11063, 0.34436, 0.15564, 0.11865], [0.22897, 0.05151, 0.3134, 0.0, 0.20461, 0.27629, 0.13469, 0.24522, 0.27132], [0.24092, 0.16872, 0.21342, 0.20461, 0.0, 0.23863, 0.1756, 0.2401, 0.23829], [0.07424, 0.11588, 0.11063, 0.27629, 0.23863, 0.0, 0.34516, 0.05153, 0.00912], [0.32034, 0.03617, 0.34436, 0.13469, 0.1756, 0.34516, 0.0, 0.33053, 0.34362], [0.02315, 0.10204, 0.15564, 0.24522, 0.2401, 0.05153, 0.33053, 0.0, 0.04258], [0.06526, 0.11252, 0.11865, 0.27132, 0.23829, 0.00912, 0.34362, 0.04258, 0.0]], "adj_matrix_2": [[0.0, 0.01306, 0.07071, 0.03866, 0.1849, 0.16344, 0.1695, 0.11329, 0.1149], [0.01306, 0.0, 0.08221, 0.05115, 0.17831, 0.16792, 0.17317, 0.10485, 0.10641], [0.07071, 0.08221, 0.0, 0.03381, 0.21193, 0.1219, 0.13221, 0.16382, 0.16549], [0.03866, 0.05115, 0.03381, 0.0, 0.20144, 0.14442, 0.15282, 0.13967, 0.14137], [0.1849, 0.17831, 0.21193, 0.20144, 0.0, 0.19916, 0.19297, 0.25244, 0.24856], [0.16344, 0.16792, 0.1219, 0.14442, 0.19916, 0.0, 0.014, 0.24758, 0.24824], [0.1695, 0.17317, 0.13221, 0.15282, 0.19297, 0.014, 0.0, 0.25416, 0.25461], [0.11329, 0.10485, 0.16382, 0.13967, 0.25244, 0.24758, 0.25416, 0.0, 0.00677], [0.1149, 0.10641, 0.16549, 0.14137, 0.24856, 0.24824, 0.25461, 0.00677, 0.0]], "features_1": [[0.5513322054737384, 1.1743463493208979, 0.0, 0.2429036749398343, 0.6130302546691051, 0.12540171380292692, 0.3193884922257396, 0.6856977823356352, 0.36028462831835584, 0.24421794805104602, 0.00711334193318236, 0.5957175822952476, 0.6472841793476891, 0.6677488028581878, 0.7725611624591162, 0.6891451274856262, 0.5873446757602878], [1.654309397074444, 1.1321561373821478, 0.0, 0.333436100882787, 0.585294014210278, 0.13657079063379396, 0.18042716091009298, 0.6733158612080886, 0.4164924723244765, 0.2512261124406634, 0.007560346756364078, 0.5721584122960865, 0.6260740702936307, 0.6658521747789441, 0.78230966041773, 0.7011548057253334, 0.6072550636920683], [0.5090825502782228, 1.3054533437685774, 0.0, 0.24740981442907728, 0.6377903931774522, 0.1237273604343323, 0.2741399996794819, 0.6862016513609168, 0.34799493278450977, 0.2630620028462254, 0.006889477554966383, 0.5888609397985634, 0.6416106159327033, 0.6681104453185331, 0.7631025908035007, 0.6681674174765089, 0.5782693853033302], [-0.07255437669617981, 1.2213036593981508, 0.0, 0.20348894441782234, 0.6285627227904513, 0.12138399437829575, 0.3741803351517767, 0.6887145498482531, 0.33248163805178765, 0.2485505879178025, 0.00683347364535547, 0.6068347696650689, 0.6226130779983452, 0.647428005850781, 0.7671793596055753, 0.6913575847131666, 0.5774635274963524], [1.3443221878425682, 1.2772440237246205, 0.0, 0.29915792963693344, 0.6166614963865138, 0.13095449868813547, 0.2484842988891316, 0.6800048064090545, 0.3871550937591606, 0.26399359518400844, 0.007281081678807366, 0.5720491070996412, 0.6253034569626511, 0.6508347272227761, 0.7796870013259141, 0.683136723891187, 0.6076424465896179], [0.15145980858993102, 1.3305750014350881, 0.0, 0.2426696181584499, 0.6476276768645494, 0.12174029222199584, 0.30019330229098673, 0.6880855422768501, 0.34295829199342087, 0.26660141684966243, 0.006889477554966383, 0.6026825180135649, 0.6398244620393371, 0.6566673489496312, 0.7652126809468613, 0.672377857494859, 0.5774519260419319], [-0.3357759992635958, 1.4204028214734457, 0.0, 0.20301937694211292, 0.6720133706639172, 0.11395944516906714, 0.5162164580825788, 0.6925057748072685, 0.29122632594225606, 0.2670910874453991, 0.006160242374180447, 0.6098277895168598, 0.6369639469434623, 0.6531979107571821, 0.7626617035221548, 0.6529941700775072, 0.5314809604574314], [0.5522493566858291, 1.6024267511663601, 0.0, 0.39791029569492653, 0.7076083237418317, 0.1093053174069733, 0.37039923096046723, 0.6929218383236951, 0.28710000336046315, 0.2804845709856496, 0.006272599803500922, 0.5852249728625543, 0.6270293485961433, 0.6135594664485162, 0.73615697587888, 0.6465891952158102, 0.5555021395259541], [0.18616185074433078, 1.6618920864146902, 0.0, 0.35057240320930705, 0.7204320268589222, 0.10523425266977529, 0.44812409398415837, 0.6931137397138283, 0.2585961713931024, 0.2842227093994536, 0.005822803276368971, 0.573775230660049, 0.6252741336082233, 0.6312375729481686, 0.7281416386985826, 0.6386234227919737, 0.5229406686928875]], "features_2": [[2.975766440203892, 1.5675670564599267, 0.0, 0.226176180557533, 0.6535949521405965, 0.1462279240661708, 0.34581939466823075, 0.6709068285257618, 0.45891776341565005, 0.31751022135904083, 0.007671947615560004, 0.5675823517612946, 0.640933509555129, 0.6435148336456044, 0.8320167857000286, 0.7332101836293934, 0.6479354922086167], [3.2355086739846417, 1.6724386115874332, 0.0, 0.2344930940331566, 0.6608402108328897, 0.14908049462215456, 0.2841941963825668, 0.66488463995259, 0.46634593674017544, 0.3352985353678839, 0.007894969482732161, 0.5628307097682974, 0.6373231879784886, 0.6431971908131552, 0.829967614543499, 0.7141173340481956, 0.6418749782242416], [1.5722731556100058, 1.4716895945686679, 0.0, 0.24809241004555221, 0.6543488103390287, 0.13541239594897117, 0.3577130551414349, 0.6795212028836847, 0.41446192149640804, 0.29851777505677823, 0.007560346756364078, 0.574409590386104, 0.6392371123117168, 0.6589110232414847, 0.8091096280503387, 0.6994299232308646, 0.6284098490037079], [1.8779776649001256, 1.3595509351883677, 0.0, 0.2556059028019629, 0.6315491997017044, 0.13863335118752898, 0.3613082767284169, 0.6771818746999794, 0.4347749468656401, 0.282645674090785, 0.007616154688146137, 0.5711531336580449, 0.6370781206095286, 0.6435005794362678, 0.8178874204006379, 0.7093505040906057, 0.6391375311399627], [0.7688015662400174, 1.6706199352528575, 0.0, 0.2073263824029872, 0.6781063384293409, 0.14069820906332667, 0.4201071619253732, 0.6784383919680366, 0.42535617692497185, 0.33831284500587255, 0.007281081678807366, 0.5882561298639271, 0.6675934756954244, 0.6932587192360968, 0.8267753724296242, 0.7129674407533326, 0.6453074713528859], [0.8051344076542044, 1.4240226165789538, 0.0, 0.23915823194995786, 0.6582124163514326, 0.1288866116072599, 0.4500344116011469, 0.686038164257658, 0.39006823585315953, 0.28490105896946893, 0.0069454663283523566, 0.5815356221084871, 0.6549366106797649, 0.6685548774379229, 0.8019697983726313, 0.7096372490415848, 0.6114383168575068], [1.5061702239114245, 1.467341987343806, 0.0, 0.21324729807645562, 0.6511361328585414, 0.14029393108904661, 0.431810027554328, 0.6789513947490075, 0.43814394840798143, 0.3047251656803307, 0.008062078829516484, 0.5737147388503339, 0.6674793191276783, 0.6457376170531994, 0.8277523477808225, 0.7273078741472678, 0.6211298911801338], [-0.09563401873443711, 1.4244359300209122, 0.0, 0.22175834203927375, 0.6741252786394951, 0.11396572261412538, 0.5459190476316585, 0.6925282003158195, 0.2875402146508106, 0.2641397531542502, 0.005879081395912644, 0.6009589994727855, 0.6491402515529602, 0.6597846326513607, 0.7679186270350535, 0.6932723685019917, 0.5494264458215672], [-0.09447430491625441, 1.3955185587703867, 0.0, 0.19799285942133998, 0.67345698055931, 0.11282418820223228, 0.5860777560173147, 0.6928385055422326, 0.28386363962478733, 0.25733697688397594, 0.00655322669591385, 0.596353113897184, 0.6638377732288291, 0.6771549198583396, 0.7690928027196012, 0.6781702238779704, 0.5415376966515401]]}