{"labels_1": ["1", "2", "3", "4", "5", "6", "7", "8", "9"], "labels_2": ["1", "2", "3", "4", "5", "6", "7", "8", "9"], "adj_matrix_1": [[0.0, 0.22747, 0.24181, 0.19667, 0.24732, 0.17699, 0.14437, 0.00744, 0.03499], [0.22747, 0.0, 0.33178, 0.31945, 0.0392, 0.3127, 0.10924, 0.23017, 0.24703], [0.24181, 0.33178, 0.0, 0.05552, 0.32449, 0.07797, 0.3221, 0.23606, 0.21462], [0.19667, 0.31945, 0.05552, 0.0, 0.31729, 0.02276, 0.29411, 0.19011, 0.16642], [0.24732, 0.0392, 0.32449, 0.31729, 0.0, 0.31292, 0.14345, 0.24966, 0.2635], [0.17699, 0.3127, 0.07797, 0.02276, 0.31292, 0.0, 0.28122, 0.17047, 0.14592], [0.14437, 0.10924, 0.3221, 0.29411, 0.14345, 0.28122, 0.0, 0.15065, 0.17432], [0.00744, 0.23017, 0.23606, 0.19011, 0.24966, 0.17047, 0.15065, 0.0, 0.02767], [0.03499, 0.24703, 0.21462, 0.16642, 0.2635, 0.14592, 0.17432, 0.02767, 0.0]], "adj_matrix_2": [[0.0, 0.03164, 0.0263, 0.06401, 0.18179, 0.0907, 0.08277, 0.00078, 0.22187], [0.03164, 0.0, 0.00537, 0.09465, 0.20722, 0.06006, 0.11284, 0.03238, 0.24462], [0.0263, 0.00537, 0.0, 0.08952, 0.20308, 0.06531, 0.10783, 0.02705, 0.24096], [0.06401, 0.09465, 0.08952, 0.0, 0.12494, 0.14981, 0.01938, 0.06319, 0.16924], [0.18179, 0.20722, 0.20308, 0.12494, 0.0, 0.24913, 0.10696, 0.18165, 0.04811], [0.0907, 0.06006, 0.06531, 0.14981, 0.24913, 0.0, 0.16633, 0.09134, 0.28056], [0.08277, 0.11284, 0.10783, 0.01938, 0.10696, 0.16633, 0.0, 0.08217, 0.15208], [0.00078, 0.03238, 0.02705, 0.06319, 0.18165, 0.09134, 0.08217, 0.0, 0.2215], [0.22187, 0.24462, 0.24096, 0.16924, 0.04811, 0.28056, 0.15208, 0.2215, 0.0]], "features_1": [[-0.0823273680349983, 1.133106344543372, 0.0, 0.22544926489614153, 0.6205499645533532, 0.12164883325726414, 0.424278145966538, 0.6897486126114422, 0.36181205162619823, 0.23536736073455233, 0.007392832833969631, 0.6128271655283148, 0.6750585547537232, 0.6791957833691189, 0.7792825228748378, 0.697485854424777, 0.6074397811907136], [0.37161856725913545, 1.1493634749212405, 0.0, 0.267260588775127, 0.6203375054351552, 0.12257163309362298, 0.4430257716797719, 0.6894103416147391, 0.3613307910090253, 0.2371732019791275, 0.007001439975721224, 0.5973202561820297, 0.6626115964919338, 0.6734245222497494, 0.7815965928850039, 0.6921500592278393, 0.6088029727519811], [-0.09764988295934796, 1.2492300357969852, 0.0, 0.22939303836659805, 0.6442484417816846, 0.11950171855912761, 0.405600862812647, 0.6903029110028163, 0.33994284675208664, 0.2504288699514403, 0.007001439975721224, 0.6171645852919372, 0.6504802163353242, 0.6429557886859762, 0.769260065976437, 0.6880393966379138, 0.5999857256437503], [-0.07437534900379106, 1.2070030033211496, 0.0, 0.22296708265179477, 0.6371768858209612, 0.11995596967364387, 0.44757991893252014, 0.6904880552241104, 0.35481106161614684, 0.24492331992746785, 0.00655322669591385, 0.6103881910647173, 0.6560263563080913, 0.667159363852496, 0.7745012951771538, 0.6890679092571049, 0.5932849857901068], [0.7879750821254379, 1.3513829978553038, 0.0, 0.22875748492670453, 0.656740717510999, 0.1199387202072141, 0.5284780125338535, 0.6907753516646575, 0.34383804978579846, 0.2587630773928302, 0.00677745458930179, 0.5829678124224187, 0.6330349376375966, 0.6215827299547249, 0.7740366727335588, 0.7012847548282226, 0.5685155438172316], [-0.019330476492511295, 1.3457157302247376, 0.0, 0.22859523556094793, 0.6671152867818125, 0.115303216249796, 0.5496012409693393, 0.6921964507296036, 0.322679024300637, 0.25977171993688675, 0.006384896235913207, 0.6030901062863014, 0.6470630027201222, 0.644568976520491, 0.7625287297618828, 0.6739207636009847, 0.5804905710364163], [0.3793883145307251, 1.5013217568105424, 0.0, 0.26767636400058725, 0.6887123192736964, 0.11401616848677505, 0.526844008531102, 0.6924697474755102, 0.3095666457199968, 0.2773643638242296, 0.00655322669591385, 0.5863621656466782, 0.6343421143853328, 0.6466514451970898, 0.766586871874085, 0.6744740813208308, 0.5338952237849959], [0.10041516052434885, 1.8773404905716728, 0.0, 0.22035289201975292, 0.7556148320329725, 0.10063492251293, 0.6141923501510689, 0.6922684761903162, 0.21728906962200156, 0.29560344251336623, 0.005428426552106513, 0.5720973478149656, 0.628885540266133, 0.6381845262031965, 0.7158416885164579, 0.6392387053342797, 0.4781515731907501], [0.45124978963088713, 1.7671195046159591, 0.0, 0.26600338722769934, 0.7398198947826979, 0.10274014244077227, 0.5164232006666672, 0.6927799814193887, 0.24243147387062325, 0.2861121140909748, 0.005597537371453631, 0.571605083381816, 0.6116905488031402, 0.604654102306494, 0.7277723895317972, 0.6628886951097349, 0.5008035129639554]], "features_2": [[0.22594661993712162, 1.1617787377375943, 0.0, 0.2771749492381219, 0.6162868024475135, 0.12277711752970198, 0.44064586473467104, 0.6886214070541321, 0.3623659957132157, 0.24172977495411518, 0.00711334193318236, 0.6041107455935597, 0.6336027671020656, 0.6457548789116511, 0.7785616183722027, 0.688954068334811, 0.6001627525181186], [0.4877718068241297, 1.2269073813896154, 0.0, 0.24632521418577108, 0.6235876705277222, 0.12194816219384375, 0.384907070179824, 0.6885855162698225, 0.33975138264933036, 0.24552785272249822, 0.007057398507269275, 0.5877265125468654, 0.6190959013753512, 0.6194203130913247, 0.7735125612669005, 0.7116166183598895, 0.5598087734253313], [0.2508072472355902, 1.2282612401194994, 0.0, 0.2636310596825237, 0.6326442414114366, 0.11959061042415389, 0.41421295256346297, 0.6899868792271026, 0.3392485618208665, 0.24696815877460088, 0.007225183508792421, 0.5993231019292509, 0.6304913512089223, 0.633208763007918, 0.7686647713820787, 0.6794267015487176, 0.6002318074185211], [0.1258293132577033, 1.1750081792613856, 0.0, 0.2770965332652217, 0.6248808565949753, 0.11936243548527431, 0.46233450941573795, 0.6905739953082173, 0.34610896983325445, 0.23908300034719998, 0.007225183508792421, 0.6050499523282009, 0.6533307330730718, 0.647473986714322, 0.7746962045449951, 0.7000156383023816, 0.6010803916444692], [-0.30800162234745754, 1.654576231447277, 0.0, 0.17401870301692526, 0.7004765375775559, 0.11419343916119473, 0.4923458938559648, 0.6922056595697204, 0.2807867358377252, 0.3006594097578654, 0.006160242374180447, 0.6068154557731185, 0.6419116125362039, 0.6491533895647145, 0.7586920827553566, 0.6434216376807332, 0.47003932245729935], [0.14364518216317057, 1.2778114158291307, 0.0, 0.24561856310747826, 0.6468114624641376, 0.11625427254941348, 0.44723825801877765, 0.6916380697465102, 0.3204059372501753, 0.2493941865863587, 0.00683347364535547, 0.5898979987360791, 0.6430152612425452, 0.6564271219460422, 0.7663016644119824, 0.7048143520323413, 0.5967402865464406], [-0.10444183886771174, 1.5577676053307492, 0.0, 0.29427829429558555, 0.6925077922800884, 0.11308599086844578, 0.5092781022933593, 0.692625363180125, 0.3034859735847786, 0.288526888821508, 0.006328755639155359, 0.5949576989446985, 0.6530792166683562, 0.6681458783545281, 0.7618029809404105, 0.68000665006254, 0.48364945556671646], [0.20614581076278693, 1.550421264534977, 0.0, 0.27923172925094736, 0.7108015399737511, 0.10102182536935046, 0.8760088870093738, 0.6919892539446615, 0.23205488915431527, 0.2512550894755412, 0.005597537371453631, 0.5786465252627497, 0.6156104011682639, 0.6046707905498001, 0.7250914732320923, 0.6699952769657302, 0.5397527709236836], [-0.06617555056793645, 1.3571444651410731, 0.0, 0.2880253114397531, 0.6698909862717146, 0.10957655574142139, 0.5679967901321114, 0.6931011293180468, 0.276729646925276, 0.24792463070143178, 0.006104040759826512, 0.5967998774527294, 0.633574968943999, 0.6454553141395759, 0.7520275936872833, 0.6677826763487801, 0.5082748382872305]]}