{"labels_1": ["1", "2", "3", "4", "5", "6", "7", "8", "9"], "labels_2": ["1", "2", "3", "4", "5", "6", "7", "8", "9"], "adj_matrix_1": [[0.0, 0.22747, 0.24181, 0.19667, 0.24732, 0.17699, 0.14437, 0.00744, 0.03499], [0.22747, 0.0, 0.33178, 0.31945, 0.0392, 0.3127, 0.10924, 0.23017, 0.24703], [0.24181, 0.33178, 0.0, 0.05552, 0.32449, 0.07797, 0.3221, 0.23606, 0.21462], [0.19667, 0.31945, 0.05552, 0.0, 0.31729, 0.02276, 0.29411, 0.19011, 0.16642], [0.24732, 0.0392, 0.32449, 0.31729, 0.0, 0.31292, 0.14345, 0.24966, 0.2635], [0.17699, 0.3127, 0.07797, 0.02276, 0.31292, 0.0, 0.28122, 0.17047, 0.14592], [0.14437, 0.10924, 0.3221, 0.29411, 0.14345, 0.28122, 0.0, 0.15065, 0.17432], [0.00744, 0.23017, 0.23606, 0.19011, 0.24966, 0.17047, 0.15065, 0.0, 0.02767], [0.03499, 0.24703, 0.21462, 0.16642, 0.2635, 0.14592, 0.17432, 0.02767, 0.0]], "adj_matrix_2": [[0.0, 0.34685, 0.2795, 0.33099, 0.22817, 0.33569, 0.03809, 0.23693, 0.33695], [0.34685, 0.0, 0.20578, 0.12235, 0.20136, 0.05507, 0.33698, 0.19536, 0.0506], [0.2795, 0.20578, 0.0, 0.10031, 0.26174, 0.23896, 0.25101, 0.26461, 0.23642], [0.33099, 0.12235, 0.10031, 0.0, 0.24885, 0.16853, 0.3102, 0.24808, 0.1648], [0.22817, 0.20136, 0.26174, 0.24885, 0.0, 0.16743, 0.23406, 0.01146, 0.16956], [0.33569, 0.05507, 0.23896, 0.16853, 0.16743, 0.0, 0.33079, 0.15964, 0.00437], [0.03809, 0.33698, 0.25101, 0.3102, 0.23406, 0.33079, 0.0, 0.24317, 0.33257], [0.23693, 0.19536, 0.26461, 0.24808, 0.01146, 0.15964, 0.24317, 0.0, 0.16288], [0.33695, 0.0506, 0.23642, 0.1648, 0.16956, 0.00437, 0.33257, 0.16288, 0.0]], "features_1": [[-0.0823273680349983, 1.133106344543372, 0.0, 0.22544926489614153, 0.6205499645533532, 0.12164883325726414, 0.424278145966538, 0.6897486126114422, 0.36181205162619823, 0.23536736073455233, 0.007392832833969631, 0.6128271655283148, 0.6750585547537232, 0.6791957833691189, 0.7792825228748378, 0.697485854424777, 0.6074397811907136], [0.37161856725913545, 1.1493634749212405, 0.0, 0.267260588775127, 0.6203375054351552, 0.12257163309362298, 0.4430257716797719, 0.6894103416147391, 0.3613307910090253, 0.2371732019791275, 0.007001439975721224, 0.5973202561820297, 0.6626115964919338, 0.6734245222497494, 0.7815965928850039, 0.6921500592278393, 0.6088029727519811], [-0.09764988295934796, 1.2492300357969852, 0.0, 0.22939303836659805, 0.6442484417816846, 0.11950171855912761, 0.405600862812647, 0.6903029110028163, 0.33994284675208664, 0.2504288699514403, 0.007001439975721224, 0.6171645852919372, 0.6504802163353242, 0.6429557886859762, 0.769260065976437, 0.6880393966379138, 0.5999857256437503], [-0.07437534900379106, 1.2070030033211496, 0.0, 0.22296708265179477, 0.6371768858209612, 0.11995596967364387, 0.44757991893252014, 0.6904880552241104, 0.35481106161614684, 0.24492331992746785, 0.00655322669591385, 0.6103881910647173, 0.6560263563080913, 0.667159363852496, 0.7745012951771538, 0.6890679092571049, 0.5932849857901068], [0.7879750821254379, 1.3513829978553038, 0.0, 0.22875748492670453, 0.656740717510999, 0.1199387202072141, 0.5284780125338535, 0.6907753516646575, 0.34383804978579846, 0.2587630773928302, 0.00677745458930179, 0.5829678124224187, 0.6330349376375966, 0.6215827299547249, 0.7740366727335588, 0.7012847548282226, 0.5685155438172316], [-0.019330476492511295, 1.3457157302247376, 0.0, 0.22859523556094793, 0.6671152867818125, 0.115303216249796, 0.5496012409693393, 0.6921964507296036, 0.322679024300637, 0.25977171993688675, 0.006384896235913207, 0.6030901062863014, 0.6470630027201222, 0.644568976520491, 0.7625287297618828, 0.6739207636009847, 0.5804905710364163], [0.3793883145307251, 1.5013217568105424, 0.0, 0.26767636400058725, 0.6887123192736964, 0.11401616848677505, 0.526844008531102, 0.6924697474755102, 0.3095666457199968, 0.2773643638242296, 0.00655322669591385, 0.5863621656466782, 0.6343421143853328, 0.6466514451970898, 0.766586871874085, 0.6744740813208308, 0.5338952237849959], [0.10041516052434885, 1.8773404905716728, 0.0, 0.22035289201975292, 0.7556148320329725, 0.10063492251293, 0.6141923501510689, 0.6922684761903162, 0.21728906962200156, 0.29560344251336623, 0.005428426552106513, 0.5720973478149656, 0.628885540266133, 0.6381845262031965, 0.7158416885164579, 0.6392387053342797, 0.4781515731907501], [0.45124978963088713, 1.7671195046159591, 0.0, 0.26600338722769934, 0.7398198947826979, 0.10274014244077227, 0.5164232006666672, 0.6927799814193887, 0.24243147387062325, 0.2861121140909748, 0.005597537371453631, 0.571605083381816, 0.6116905488031402, 0.604654102306494, 0.7277723895317972, 0.6628886951097349, 0.5008035129639554]], "features_2": [[-0.36503974516357784, 1.1930688175761932, 0.0, 0.25966231249269967, 0.6264899644213896, 0.12365001053564272, 0.38313536140511883, 0.6882471523788309, 0.373856304941681, 0.25242848676514495, 0.007225183508792421, 0.6281845165280158, 0.6650227090075402, 0.6981552519470873, 0.7776935889148865, 0.6885252221757262, 0.6109490093072171], [0.4603116194541341, 1.2302788817945352, 0.0, 0.293079197735011, 0.626047327859909, 0.12419450937168718, 0.3396348043919474, 0.6882465314574288, 0.3849925228527469, 0.2541225946462238, 0.007783488497544067, 0.5939134719787367, 0.6389494031894999, 0.6566632099770273, 0.7771190344437852, 0.6793491926429824, 0.609839589665509], [-0.17840308984141195, 1.2801841171453028, 0.0, 0.2706116186573085, 0.6427342405562152, 0.12206008310547764, 0.367723428336528, 0.6888740473411277, 0.3767238023652728, 0.2643288561834307, 0.007336964783822175, 0.6089420044723475, 0.6500113965743893, 0.6618367192412036, 0.7715330517868314, 0.6585401036193724, 0.6057775693482732], [-0.14540210809920007, 1.2749464383959281, 0.0, 0.2574645708768986, 0.6397121681636297, 0.12226082171936986, 0.37226983601828395, 0.6886144666964891, 0.3619784000438373, 0.26101639711329994, 0.006889477554966383, 0.6098811113639155, 0.66180208615646, 0.680093683416987, 0.773848158612816, 0.6815953549899346, 0.6078208863919973], [1.1544872933724672, 1.38404241525108, 0.0, 0.2929041156316073, 0.6600366421769637, 0.11309043732449729, 0.4636670687379315, 0.6926832432285406, 0.3150062316357438, 0.25624590146118553, 0.0064410216040902135, 0.5686570603649064, 0.6243091084080153, 0.6361965391920789, 0.7558767773607666, 0.6686197301997175, 0.5700314923513985], [0.4998188305012823, 1.3911263062688384, 0.0, 0.25731343386127686, 0.6677733633982017, 0.11515248172798645, 0.4540467456415186, 0.6921233982001546, 0.3507677232651869, 0.26804296746807377, 0.0069454663283523566, 0.5876899004696163, 0.6424649671500956, 0.6482659074159349, 0.7624283171063146, 0.6729744142863313, 0.5954716393114973], [-0.13996863539977822, 1.5353369246981843, 0.0, 0.22197659791092064, 0.6870505146268111, 0.11801093977317001, 0.4686721423521639, 0.69124474791398, 0.3241667622771298, 0.28989576493301383, 0.0066653709969386465, 0.6145066431347606, 0.6543777864804079, 0.662885665720302, 0.7718491504923369, 0.6694859728630184, 0.5307641758935915], [1.511821801544059, 1.83562336978032, 0.0, 0.2610326759366738, 0.7458060755424666, 0.09840259009272181, 0.44377716046762006, 0.6916811230093887, 0.24029587993391677, 0.2850502927134224, 0.005653876882570019, 0.5393291866368486, 0.5992862157187212, 0.6022339054929287, 0.7052750735078428, 0.6318795315338263, 0.4694773538679655], [0.7963233985513773, 1.856596529823375, 0.0, 0.26067530156292745, 0.7507468009588002, 0.1010993520348666, 0.7103188317668809, 0.692103064159928, 0.2564914193270784, 0.2990930270057839, 0.005766509824583821, 0.5520623488073044, 0.6136195181608357, 0.6280667051463952, 0.7271438500527725, 0.6427897000764725, 0.4860671178175676]]}