{"labels_1": ["1", "2", "3", "4", "5", "6", "7", "8", "9"], "labels_2": ["1", "2", "3", "4", "5", "6", "7", "8", "9"], "adj_matrix_1": [[0.0, 0.17158, 0.09603, 0.20598, 0.22746, 0.22906, 0.22855, 0.23876, 0.09813], [0.17158, 0.0, 0.16802, 0.12875, 0.10996, 0.10953, 0.05212, 0.0647, 0.16754], [0.09603, 0.16802, 0.0, 0.15182, 0.19631, 0.19901, 0.27554, 0.26925, 0.00242], [0.20598, 0.12875, 0.15182, 0.0, 0.06523, 0.06895, 0.27152, 0.22971, 0.15005], [0.22746, 0.10996, 0.19631, 0.06523, 0.0, 0.00375, 0.24037, 0.18573, 0.19517], [0.22906, 0.10953, 0.19901, 0.06895, 0.00375, 0.0, 0.23802, 0.18293, 0.1978], [0.22855, 0.05212, 0.27554, 0.27152, 0.24037, 0.23802, 0.0, 0.07484, 0.27643], [0.23876, 0.0647, 0.26925, 0.22971, 0.18573, 0.18293, 0.07484, 0.0, 0.26959], [0.09813, 0.16754, 0.00242, 0.15005, 0.19517, 0.1978, 0.27643, 0.26959, 0.0]], "adj_matrix_2": [[0.0, 0.01954, 0.03192, 0.15574, 0.23, 0.02967, 0.3019, 0.00036, 0.03455], [0.01954, 0.0, 0.05137, 0.13771, 0.21455, 0.01016, 0.29155, 0.01916, 0.01513], [0.03192, 0.05137, 0.0, 0.18438, 0.2545, 0.06142, 0.31803, 0.03225, 0.06621], [0.15574, 0.13771, 0.18438, 0.0, 0.08845, 0.12812, 0.1966, 0.15503, 0.12287], [0.23, 0.21455, 0.2545, 0.08845, 0.0, 0.20638, 0.12017, 0.2299, 0.20192], [0.02967, 0.01016, 0.06142, 0.12812, 0.20638, 0.0, 0.28598, 0.02932, 0.00501], [0.3019, 0.29155, 0.31803, 0.1966, 0.12017, 0.28598, 0.0, 0.30192, 0.28255], [0.00036, 0.01916, 0.03225, 0.15503, 0.2299, 0.02932, 0.30192, 0.0, 0.03432], [0.03455, 0.01513, 0.06621, 0.12287, 0.20192, 0.00501, 0.28255, 0.03432, 0.0]], "features_1": [[1.4012965437101723, 1.1472478902377943, 0.0, 0.30740060994907686, 0.5903025096750694, 0.13834174475125974, 0.20589017182361288, 0.6724754574357483, 0.4400376256345018, 0.2571031006261717, 0.00822905385914674, 0.5800683332459218, 0.6435409667774653, 0.6802866519570333, 0.7943704289569977, 0.709518177636111, 0.619713080363203], [1.4067548297653065, 1.1560194027782653, 0.0, 0.2945315384517035, 0.5912427728421097, 0.1349916715121342, 0.19777239579168865, 0.6753546203040519, 0.42382069292796376, 0.2559611033364071, 0.007950687539111767, 0.5827436878290946, 0.636114852597093, 0.6528270389055113, 0.7866230842632883, 0.6933937879492007, 0.6031391266319125], [0.9520951046953723, 1.1349890096822315, 0.0, 0.3319335272734042, 0.5995869078176054, 0.1333102528611631, 0.2780432016369147, 0.6800567031063998, 0.42580607595483855, 0.25105363183492235, 0.008006390651371653, 0.5921347549457621, 0.6445345299438981, 0.6717212285248823, 0.7925127731134258, 0.7028291277616041, 0.6174128320586734], [0.5994644133018165, 1.1440360580316868, 0.0, 0.27975508899536816, 0.6043068385053582, 0.13103263792335287, 0.3160062729294758, 0.6827692493663888, 0.4067722535381957, 0.24999049580234245, 0.007560346756364078, 0.5959840999565358, 0.6556066838557897, 0.6931471805599453, 0.7922355283359882, 0.7134731069334386, 0.6121858558934801], [0.20542209728328364, 1.4693152071767561, 0.0, 0.22324393156072886, 0.6638400878702512, 0.12362322567416612, 0.3741897373205106, 0.687952434257282, 0.3482957163471181, 0.28872199491052575, 0.006721420376576193, 0.604567601683003, 0.6469068241510489, 0.6640423676186948, 0.7792585027536926, 0.7035547758588153, 0.5447472706383287], [0.4676334753581619, 1.209348164587168, 0.0, 0.3015289231748305, 0.621547433159157, 0.12775321255936173, 0.3537172928217117, 0.6857603969219301, 0.39531036511516215, 0.25676650183062044, 0.007392832833969631, 0.5989855461273728, 0.6571084133381491, 0.6794004308627242, 0.7877701613845534, 0.7180277846674968, 0.5977958585647832], [-0.22130771913812763, 1.2701148963618232, 0.0, 0.20848400113468069, 0.6355717554903784, 0.12388697312064603, 0.4471478519877664, 0.6892732771823902, 0.35831945948820687, 0.26014865312494173, 0.006721420376576193, 0.6092152048304227, 0.6543994520463565, 0.6709288577975191, 0.7890638208421115, 0.7097459760446173, 0.5722508678330457], [0.2325655620366205, 1.140308429334379, 0.0, 0.20571103982673666, 0.6153853986666966, 0.12076417364959617, 0.4238641210770361, 0.6897780640529279, 0.3301843883602995, 0.2295672778419946, 0.006721420376576193, 0.5933232826760879, 0.6415636102220662, 0.6575188659077761, 0.7724568336209274, 0.7054828833251472, 0.5796378996908577], [0.5393269307314146, 1.20807297604973, 0.0, 0.21665300304273843, 0.6208372087118831, 0.12465641044706578, 0.31870004730133134, 0.6868526492431535, 0.3490116944516979, 0.24613153665406684, 0.006609306440138685, 0.5766833967140812, 0.6359417006126177, 0.6625609750204453, 0.775852891629096, 0.6868290565592379, 0.5870501649974762]], "features_2": [[-0.37625138398146873, 0.946128615535562, 0.0, 0.2364426421717438, 0.5701970137063975, 0.1237562311792461, 0.449676338185688, 0.6885767597622598, 0.37761865661036054, 0.20778179650057949, 0.00683347364535547, 0.6211929147457074, 0.6646603926936283, 0.6796880271859406, 0.7864760462038892, 0.6745962353980317, 0.5955268425609105], [0.057756387835381506, 1.0552306294948899, 0.0, 0.24271987145144663, 0.5998540755048755, 0.1175854215347505, 0.5090176285728681, 0.6916144041087384, 0.3366498930198558, 0.21264990128413808, 0.006609306440138685, 0.6051808255605764, 0.6471959293211437, 0.663861170870376, 0.7752984812533871, 0.674189862362007, 0.5850575405422802], [-0.4013886699470146, 1.0663720845316529, 0.0, 0.2564190798287781, 0.6080140184276462, 0.11671696493034941, 0.5248294960841186, 0.6919136873246792, 0.33718498078810244, 0.2196281470249548, 0.006272599803500922, 0.6159945752319238, 0.6641301161759975, 0.6770167901848372, 0.7739500580109187, 0.6818862075963578, 0.5808424570114228], [-0.22087788443164458, 1.0160373503688342, 0.0, 0.32226441131093453, 0.6014891055980466, 0.11360497835198527, 0.5982593801945676, 0.692759447134436, 0.3241059649097555, 0.20594713507521067, 0.00683347364535547, 0.5946459469835601, 0.6693179641817956, 0.6774826430143395, 0.7718754180655761, 0.6741413395299072, 0.570496281626656], [-0.07959390144338929, 1.4664227021965788, 0.0, 0.2335777370519712, 0.6821644812972836, 0.10926807552311825, 0.5649035305484112, 0.6931093582418774, 0.2605427228679953, 0.2603667379067014, 0.005822803276368971, 0.5913533607462551, 0.6467952978637788, 0.6501556996204505, 0.7492883794827054, 0.657538840748314, 0.5050500882590692], [-0.31642102679172357, 1.2595821140532821, 0.0, 0.28508804456136716, 0.6585034821392928, 0.10794352385822824, 0.618274515431662, 0.693137378462195, 0.2949041817723268, 0.2373547380776313, 0.006272599803500922, 0.6059825956031879, 0.6599369239292034, 0.6748959036132146, 0.754146930267086, 0.6712611914491722, 0.5416473108918669], [0.29492781589538897, 1.5358898149696927, 0.0, 0.26466490735754555, 0.7024732306431611, 0.10456797578840141, 0.5567470990849209, 0.6929800382865692, 0.255328124016204, 0.2632044598225911, 0.006104040759826512, 0.5738443626924958, 0.6224459581783686, 0.6322239201068374, 0.7398194697107672, 0.675761767771657, 0.4739615361923022], [-0.13116800664254402, 1.478670023317006, 0.0, 0.2643175865255502, 0.7069735027745166, 0.09846893071606946, 0.5402796388486373, 0.6915698945419416, 0.23190075817006073, 0.24933420486094282, 0.005710201030130202, 0.5961583346424222, 0.6437423705237268, 0.6426639307691393, 0.7192467421661746, 0.6401729446452638, 0.5055770559834495], [0.03464868022441481, 1.7251432326970677, 0.0, 0.26496782965423454, 0.741512078415881, 0.09777256401822207, 0.5432214164145336, 0.6914031352848629, 0.22080969507390025, 0.2761437060120402, 0.005428426552106513, 0.5849362005802676, 0.6214767412318428, 0.622211429114639, 0.7154558697855903, 0.6334629764082803, 0.4913460431321534]]}