{"labels_1": ["1", "2", "3", "4", "5", "6", "7", "8", "9"], "labels_2": ["1", "2", "3", "4", "5", "6", "7", "8", "9"], "adj_matrix_1": [[0.0, 0.21731, 0.09375, 0.18908, 0.01347, 0.01168, 0.21356, 0.1344, 0.2282], [0.21731, 0.0, 0.25649, 0.05193, 0.22371, 0.21101, 0.16882, 0.119, 0.14622], [0.09375, 0.25649, 0.0, 0.24399, 0.0809, 0.1047, 0.19843, 0.20811, 0.22068], [0.18908, 0.05193, 0.24399, 0.0, 0.19781, 0.18092, 0.19272, 0.07171, 0.17827], [0.01347, 0.22371, 0.0809, 0.19781, 0.0, 0.02512, 0.21161, 0.1457, 0.22731], [0.01168, 0.21101, 0.1047, 0.18092, 0.02512, 0.0, 0.21473, 0.12422, 0.22817], [0.21356, 0.16882, 0.19843, 0.19272, 0.21161, 0.21473, 0.0, 0.21195, 0.03939], [0.1344, 0.119, 0.20811, 0.07171, 0.1457, 0.12422, 0.21195, 0.0, 0.20881], [0.2282, 0.14622, 0.22068, 0.17827, 0.22731, 0.22817, 0.03939, 0.20881, 0.0]], "adj_matrix_2": [[0.0, 0.00457, 0.10185, 0.10208, 0.1213, 0.02785, 0.06217, 0.04562, 0.01167], [0.00457, 0.0, 0.10464, 0.10487, 0.11965, 0.02932, 0.06468, 0.04768, 0.01242], [0.10185, 0.10464, 0.0, 0.00082, 0.16593, 0.2187, 0.1243, 0.17519, 0.22617], [0.10208, 0.10487, 0.00082, 0.0, 0.16586, 0.21879, 0.12495, 0.17561, 0.22586], [0.1213, 0.11965, 0.16593, 0.16586, 0.0, 0.10445, 0.15363, 0.13521, 0.06093], [0.02785, 0.02932, 0.2187, 0.21879, 0.10445, 0.0, 0.16557, 0.10588, 0.17132], [0.06217, 0.06468, 0.1243, 0.12495, 0.15363, 0.16557, 0.0, 0.07354, 0.25533], [0.04562, 0.04768, 0.17519, 0.17561, 0.13521, 0.10588, 0.07354, 0.0, 0.23657], [0.01167, 0.01242, 0.22617, 0.22586, 0.06093, 0.17132, 0.25533, 0.23657, 0.0]], "features_1": [[0.3358539316184732, 1.5128374764974832, 0.0, 0.2161533503086022, 0.6674851387473187, 0.1318522121924336, 0.35198823207513286, 0.6830092590207264, 0.4076485041380171, 0.30765706998902, 0.007392832833969631, 0.596921491701059, 0.650233393322918, 0.6846154441092471, 0.7956249979410324, 0.7109448722368733, 0.562248898432407], [0.9601689248534493, 1.4391462653012292, 0.0, 0.24626120262199724, 0.6494165018555786, 0.1346100754004183, 0.31343231119176096, 0.6793269977719892, 0.4248805935489941, 0.29781987450423353, 0.007727725548673403, 0.5793728768993156, 0.6541178971550049, 0.6687750666159988, 0.7960835220596667, 0.7152621793224136, 0.5707555633539223], [0.17236638357960965, 1.5279941564764152, 0.0, 0.1899532052932609, 0.6739972927794997, 0.12929513700895476, 0.37740720126795324, 0.6850678048268743, 0.3905929766113658, 0.30557007777416256, 0.007392832833969631, 0.6013371869812769, 0.6515353306224337, 0.6754779367131656, 0.7914016908046746, 0.7068376868435406, 0.5588660621225449], [0.6399729633865654, 1.4841000698375895, 0.0, 0.21413594714613893, 0.6662417593394911, 0.12793253329737977, 0.3797358905450764, 0.6857689483501768, 0.38267534796220115, 0.29538173621278374, 0.007057398507269275, 0.579081955219195, 0.6738660483561972, 0.6856625933878775, 0.7886264234063997, 0.714562856366608, 0.5651210133962284], [0.4447630682461585, 1.7113330247976228, 0.0, 0.25137777507270265, 0.7030353529492277, 0.1213056334668103, 0.501716023725556, 0.6899305332107646, 0.33352999576150655, 0.31729109269478273, 0.006497131753992358, 0.5950988490022193, 0.6296927267930968, 0.6501871336687344, 0.7789282423786588, 0.6832505074341477, 0.49602374894303164], [0.3698234736821524, 1.5239973536507734, 0.0, 0.2226242442827758, 0.6749685821745652, 0.1250751942817993, 0.40683467981320687, 0.6876757571772218, 0.3731621539513046, 0.29926851146978106, 0.007057398507269275, 0.5877059777281084, 0.6593796184138537, 0.677868858853104, 0.7849374027693196, 0.6920295431222115, 0.5592896791453864], [1.8517319735149282, 1.7178142955113813, 0.0, 0.25173873276683845, 0.6988591965027884, 0.12502516822801435, 0.3801822856184387, 0.6871700430871419, 0.36148143346739503, 0.31539659906588646, 0.00711334193318236, 0.5520164595250321, 0.6351048489969718, 0.6442596406662043, 0.7808833635821484, 0.7057119545536847, 0.5665834734897645], [0.7492398673241638, 1.5067548174420924, 0.0, 0.2624491209814129, 0.6836853613468583, 0.11308886285451902, 0.4283207109417944, 0.6923876534170109, 0.29523615565893735, 0.2741341038069305, 0.00711334193318236, 0.5691848002626583, 0.6271333281188017, 0.6271425984648734, 0.7550397563266403, 0.6820541211530587, 0.5155411769626691], [1.1123321105170243, 1.4913271881454626, 0.0, 0.25151641262902247, 0.6847878744450616, 0.11206783997979002, 0.532431806806106, 0.6928257872331739, 0.2742984320041768, 0.26131930989620655, 0.005879081395912644, 0.5478421604496133, 0.6323402659820015, 0.6310289666653521, 0.760285871067884, 0.6831880998911899, 0.5023038626429728]], "features_2": [[3.856140089373601, 1.7596013960406534, 0.0, 0.3215809685541881, 0.6740436283580058, 0.14212436994284786, 0.1396559041555804, 0.664062131080992, 0.428546456982849, 0.34059173599947035, 0.007950687539111767, 0.5403862256220817, 0.6074926443767, 0.6268941155518258, 0.7949293787435409, 0.6990448807012549, 0.6169877452956783], [4.795081970340912, 1.8252753392115835, 0.0, 0.3550370365814593, 0.6831740311092035, 0.140052203484053, 0.13354839845363103, 0.6663046397369563, 0.42378659808819363, 0.3422724001046977, 0.007950687539111767, 0.5328505044095431, 0.6037051772772873, 0.614921264850297, 0.789790586007048, 0.7063518481647578, 0.6048298585922639], [1.6614461982106912, 1.6473689703524943, 0.0, 0.2887498255116406, 0.6709672698712168, 0.13614540278949533, 0.18713553614142242, 0.673285676060912, 0.40103448102181893, 0.32387565037945154, 0.007448685839370306, 0.5615168022521391, 0.6158536266980646, 0.6295023318926302, 0.787611196787644, 0.7070784866119578, 0.6102768007758205], [1.5829922862259354, 1.6677646299829252, 0.0, 0.25648350918506163, 0.6756858349009717, 0.13618321962930435, 0.23464111726371967, 0.6746306806502098, 0.39627169570700516, 0.32536670778178967, 0.007616154688146137, 0.5630672759135384, 0.6272200514393136, 0.6369613402259537, 0.7923399869870231, 0.6831486426912716, 0.6158640817121589], [3.6374047754897925, 1.9162455851919702, 0.0, 0.33394768297361205, 0.7091113505555201, 0.13296549675104005, 0.23665689458889716, 0.6780358811795322, 0.39091208488048634, 0.3435452055148702, 0.007336964783822175, 0.5408306830988412, 0.6078232352262302, 0.5856241422262124, 0.788042952980207, 0.7009408871173872, 0.6027415203388895], [0.7708128363039575, 1.6407945807112136, 0.0, 0.22749229125738743, 0.6895218849326139, 0.1271624580867718, 0.37264329227510373, 0.6851060428492782, 0.35913342100701495, 0.3104900815596754, 0.00711334193318236, 0.5812725082264258, 0.6415869609392446, 0.6450647439677777, 0.7833237991176459, 0.7009063911481664, 0.5987856424978252], [1.1352042123783548, 1.941089521580901, 0.0, 0.18287997798637712, 0.7233978629601604, 0.12873733815508545, 0.4039053639006994, 0.6842751960971396, 0.34249450917985413, 0.3441019613619998, 0.00711334193318236, 0.5616862967542531, 0.6264005721074539, 0.5945067639126871, 0.7865242400141096, 0.666718246213249, 0.5912271635938057], [0.6455824569236608, 1.6124301663570726, 0.0, 0.23547515989451104, 0.7056513356579951, 0.11496610047149905, 0.6600431383006253, 0.6924423099823901, 0.2996569653411194, 0.28746473554168217, 0.006328755639155359, 0.5834127148094213, 0.6445689298764743, 0.6443068395170238, 0.7682851298160587, 0.6815411914397068, 0.5689217131977253], [0.03619653585040705, 1.9452745512742207, 0.0, 0.2636819841578567, 0.7518565939070313, 0.11323300976620544, 0.896300248619346, 0.6929416125538169, 0.2863380276739471, 0.3298043344051984, 0.006328755639155359, 0.5916432746031126, 0.6426072659777485, 0.6259981787305269, 0.7611365874340051, 0.6732182027792494, 0.5365226157561354]]}