{"labels_1": ["1", "2", "3", "4", "5", "6", "7", "8", "9"], "labels_2": ["1", "2", "3", "4", "5", "6", "7", "8", "9"], "adj_matrix_1": [[0.0, 0.00164, 0.03547, 0.04822, 0.00726, 0.22268, 0.07187, 0.20418, 0.2199], [0.00164, 0.0, 0.0371, 0.04984, 0.00563, 0.22156, 0.07033, 0.20576, 0.21889], [0.03547, 0.0371, 0.0, 0.01284, 0.04264, 0.24567, 0.10604, 0.17431, 0.24333], [0.04822, 0.04984, 0.01284, 0.0, 0.05533, 0.25339, 0.11811, 0.16298, 0.25119], [0.00726, 0.00563, 0.04264, 0.05533, 0.0, 0.21719, 0.06487, 0.21083, 0.21488], [0.22268, 0.22156, 0.24567, 0.25339, 0.21719, 0.0, 0.16814, 0.32606, 0.00414], [0.07187, 0.07033, 0.10604, 0.11811, 0.06487, 0.16814, 0.0, 0.25874, 0.16508], [0.20418, 0.20576, 0.17431, 0.16298, 0.21083, 0.32606, 0.25874, 0.0, 0.32658], [0.2199, 0.21889, 0.24333, 0.25119, 0.21488, 0.00414, 0.16508, 0.32658, 0.0]], "adj_matrix_2": [[0.0, 0.00964, 0.03259, 0.10976, 0.02116, 0.18746, 0.31822, 0.22685, 0.21911], [0.00964, 0.0, 0.023, 0.11859, 0.01153, 0.18072, 0.32087, 0.22684, 0.21416], [0.03259, 0.023, 0.0, 0.13909, 0.01149, 0.16378, 0.3262, 0.22632, 0.20172], [0.10976, 0.11859, 0.13909, 0.0, 0.12899, 0.25038, 0.26435, 0.2169, 0.2603], [0.02116, 0.01153, 0.01149, 0.12899, 0.0, 0.17236, 0.32412, 0.22688, 0.20842], [0.18746, 0.18072, 0.16378, 0.25038, 0.17236, 0.0, 0.29989, 0.17828, 0.06109], [0.31822, 0.32087, 0.3262, 0.26435, 0.32412, 0.29989, 0.0, 0.15474, 0.26724], [0.22685, 0.22684, 0.22632, 0.2169, 0.22688, 0.17828, 0.15474, 0.0, 0.13958], [0.21911, 0.21416, 0.20172, 0.2603, 0.20842, 0.06109, 0.26724, 0.13958, 0.0]], "features_1": [[0.356633032492776, 1.0178593658275292, 0.0, 0.25084802242644655, 0.5780866417249985, 0.13221557400525402, 0.38581296033560475, 0.6820276169902335, 0.4076887354985095, 0.2260532256517338, 0.007560346756364078, 0.6102393155989334, 0.6720136757849624, 0.6844911852545827, 0.7956157935375866, 0.708027894589253, 0.6256872930161456], [0.1661665932721026, 1.137246097069384, 0.0, 0.24391215889937348, 0.6070153936566514, 0.12893615003288927, 0.5401573535134375, 0.6861105590765588, 0.3803887088674296, 0.24349918376898017, 0.00677745458930179, 0.6067741064999512, 0.6644426867635184, 0.6928964283018612, 0.7915810944336015, 0.7156882531452498, 0.5920885287758373], [0.30076092159323853, 1.0753303571823314, 0.0, 0.25767963035847397, 0.5941685673391013, 0.13099272220985608, 0.4581823799283917, 0.6834496189597927, 0.3927978610062348, 0.23204974695884362, 0.007448685839370306, 0.603724851669273, 0.6515869459895276, 0.6630880301001935, 0.7906866569549648, 0.7079278078162458, 0.6127191566263301], [0.1361965262949245, 1.0734563742154837, 0.0, 0.22421506065589583, 0.5914534545588879, 0.1295267011244777, 0.341664618627464, 0.6827937953656695, 0.3915864797832689, 0.23406457119217605, 0.007336964783822175, 0.6120035003767956, 0.6457588258026252, 0.6708533619460285, 0.7875659796996434, 0.7211598807478322, 0.622544299547731], [-0.06222335283141733, 1.5190037141533197, 0.0, 0.2200915018187708, 0.6875411712369897, 0.11592789572712271, 0.744917406491691, 0.6924248641329438, 0.30226343274474554, 0.2809144472588938, 0.006104040759826512, 0.6015100591946152, 0.6452980772429607, 0.6558958228580568, 0.7689302090357356, 0.6820615866719223, 0.517179777273419], [0.6904983746428837, 1.2131714749351432, 0.0, 0.29627107377820083, 0.6357336403164278, 0.12046979603494387, 0.4981602488493529, 0.6902523319615552, 0.34946232258493026, 0.24138116914697805, 0.00711334193318236, 0.5794952810864633, 0.635629329645356, 0.6525935027466325, 0.7769287624383485, 0.72822528650273, 0.586377891570607], [0.2632538540362166, 1.4847300080335881, 0.0, 0.21844561380639527, 0.6656101649619894, 0.1226475377851312, 0.5094062174653992, 0.6879304855349944, 0.36593208563374446, 0.28981006549026667, 0.006721420376576193, 0.5918427109626938, 0.646230149657596, 0.6662124256931072, 0.7776308984894932, 0.6779463075344576, 0.5719961980939131], [-0.0205144277788456, 1.6030118361098165, 0.0, 0.2420062196618756, 0.726080566159389, 0.0982003136520098, 0.599150557490816, 0.6916063939983452, 0.23553806014711554, 0.25838149131880783, 0.005935344193631176, 0.585076069210541, 0.6400147266966995, 0.6370010743348161, 0.7219068841456185, 0.646382719394687, 0.4956351043816341], [0.24772206680480302, 1.461803368935464, 0.0, 0.2549518787768987, 0.688272395728391, 0.10813698397153845, 0.6284813598526398, 0.693009435023412, 0.30776650035314046, 0.26356668677300243, 0.006497131753992358, 0.5802772859139402, 0.6327754835460235, 0.6546468147210297, 0.7508891463615686, 0.6805772767949901, 0.5569896392693866]], "features_2": [[0.6537541715534858, 1.064418330600385, 0.0, 0.2160980556107317, 0.580842878063432, 0.12940441091892013, 0.2800854999048738, 0.6822510999989105, 0.38015531303960803, 0.23109077122984734, 0.007560346756364078, 0.5894157112966125, 0.6584568059691042, 0.694710150520444, 0.7830687891202436, 0.7075527327828801, 0.6072403213131174], [0.9081781062207823, 1.047183973089639, 0.0, 0.25589080766329614, 0.569573724390123, 0.13458908589390323, 0.21639063360237926, 0.6759511965830578, 0.41842314214664866, 0.23426986202442213, 0.007671947615560004, 0.5938346984904292, 0.6474152481905048, 0.6761196039118238, 0.7852784890526023, 0.7099568970814244, 0.615749181669026], [0.7812946450871068, 1.1014843043814382, 0.0, 0.22634157244857728, 0.5914676731397691, 0.12997660446976295, 0.2885361695213128, 0.682064013276729, 0.39730265582519864, 0.23950670276750685, 0.007448685839370306, 0.5889900314077354, 0.6390019181487733, 0.6809645904291934, 0.7842631248023262, 0.7091793427563041, 0.6121452154553968], [0.34417893178493664, 1.1251559815602672, 0.0, 0.21482909024293448, 0.6027309087263839, 0.12427297623135342, 0.3538897596089072, 0.6870533239975734, 0.35330901399169234, 0.2359555547959833, 0.007001439975721224, 0.6026266503564384, 0.6398341546934333, 0.6704404339338115, 0.7779966536261185, 0.7012710997375589, 0.5945393667773621], [1.0282555031704206, 1.178545580121438, 0.0, 0.29025666660045774, 0.6087903193285383, 0.12945587655166885, 0.41309658574198876, 0.6834551280673102, 0.3737171090081828, 0.24603690235805487, 0.007392832833969631, 0.5848151415700438, 0.6500122854949604, 0.6590775457291979, 0.7819869231827831, 0.7025743672965865, 0.594021462086984], [1.2699972091866014, 1.2001382085160606, 0.0, 0.2531192991923103, 0.6199264416737008, 0.1257461033273208, 0.3639241438644142, 0.686064409764735, 0.378526488539652, 0.2460508602377487, 0.007336964783822175, 0.5810492402873089, 0.630941783714806, 0.6473614394410696, 0.7787441887922736, 0.7047878638040677, 0.6095351215606019], [-0.07457647346052854, 1.493169857758531, 0.0, 0.16124094503035927, 0.6781712743374102, 0.1175785133981185, 0.47053694924901424, 0.6912491146099453, 0.3116983196210772, 0.28310351334080974, 0.006497131753992358, 0.6141059897541967, 0.6432959171493167, 0.6585307246299551, 0.7696933368412238, 0.7059589544945383, 0.536922176145966], [2.019835155812422, 1.6573151982237107, 0.0, 0.3172475137108558, 0.7209103176227837, 0.10937873389134031, 0.6599845008215709, 0.6930751088586335, 0.28090719795266805, 0.27674744503981397, 0.006160242374180447, 0.5454357011806579, 0.6092970148719061, 0.5814811459848033, 0.7406679717137653, 0.6630564928112971, 0.5591783476043718], [2.0495418231867832, 1.877205396529165, 0.0, 0.28185396145807906, 0.7528721418353833, 0.10635436737640697, 0.643622546350791, 0.6931193614252686, 0.2700094302969953, 0.297873041181145, 0.005935344193631176, 0.5405621506506013, 0.6182977094312422, 0.6156201165543723, 0.7353632530779077, 0.6697545059525456, 0.5280864250917161]]}