{"labels_1": ["1", "2", "3", "4", "5", "6", "7", "8", "9"], "labels_2": ["1", "2", "3", "4", "5", "6", "7", "8", "9"], "adj_matrix_1": [[0.0, 0.15336, 0.07511, 0.10678, 0.22398, 0.16106, 0.29609, 0.19728, 0.09344], [0.15336, 0.0, 0.20401, 0.22176, 0.26807, 0.24711, 0.27465, 0.25873, 0.21283], [0.07511, 0.20401, 0.0, 0.0337, 0.17067, 0.09454, 0.27025, 0.13824, 0.01988], [0.10678, 0.22176, 0.0337, 0.0, 0.14238, 0.06217, 0.25237, 0.10809, 0.01376], [0.22398, 0.26807, 0.17067, 0.14238, 0.0, 0.08474, 0.13843, 0.03724, 0.15425], [0.16106, 0.24711, 0.09454, 0.06217, 0.08474, 0.0, 0.21042, 0.04819, 0.07546], [0.29609, 0.27465, 0.27025, 0.25237, 0.13843, 0.21042, 0.0, 0.1716, 0.26103], [0.19728, 0.25873, 0.13824, 0.10809, 0.03724, 0.04819, 0.1716, 0.0, 0.12116], [0.09344, 0.21283, 0.01988, 0.01376, 0.15425, 0.07546, 0.26103, 0.12116, 0.0]], "adj_matrix_2": [[0.0, 0.10904, 0.01609, 0.16531, 0.26747, 0.12181, 0.01529, 0.08966, 0.34263], [0.10904, 0.0, 0.12362, 0.23522, 0.1946, 0.01395, 0.09472, 0.02043, 0.3141], [0.01609, 0.12362, 0.0, 0.15289, 0.27488, 0.13605, 0.03131, 0.10467, 0.34314], [0.16531, 0.23522, 0.15289, 0.0, 0.29366, 0.24188, 0.17616, 0.22377, 0.29421], [0.26747, 0.1946, 0.27488, 0.29366, 0.0, 0.18335, 0.26003, 0.21064, 0.16751], [0.12181, 0.01395, 0.13605, 0.24188, 0.18335, 0.0, 0.1078, 0.03431, 0.3077], [0.01529, 0.09472, 0.03131, 0.17616, 0.26003, 0.1078, 0.0, 0.07524, 0.34216], [0.08966, 0.02043, 0.10467, 0.22377, 0.21064, 0.03431, 0.07524, 0.0, 0.32328], [0.34263, 0.3141, 0.34314, 0.29421, 0.16751, 0.3077, 0.34216, 0.32328, 0.0]], "features_1": [[0.812432469999596, 1.2863037702273066, 0.0, 0.3348840741535546, 0.6475833319890613, 0.11984257692075836, 0.46236232582477044, 0.6905415216514275, 0.3359121521582489, 0.250156553493152, 0.006889477554966383, 0.5810963392614563, 0.6312177913201505, 0.6209314101961219, 0.7777713237997218, 0.689796451076626, 0.6012316992528874], [0.9999780447809745, 1.2319646919437728, 0.0, 0.31302869574686853, 0.6354074019402889, 0.1198717160814576, 0.4876802628876028, 0.6907892532569507, 0.35321892109277053, 0.2438382837062898, 0.0069454663283523566, 0.5699442725124044, 0.6520181682322688, 0.6578779885942753, 0.7784222139888469, 0.7072112317857835, 0.6084960409437145], [0.7175781148088691, 1.3510136839760893, 0.0, 0.32585431932218684, 0.6619466204366719, 0.11653242764741305, 0.4736155057792836, 0.6917064070794494, 0.324636186961216, 0.25675254637044476, 0.006721420376576193, 0.5831011958423338, 0.6462213928494722, 0.6402891391729303, 0.7681486160097997, 0.6785318272085319, 0.6035418858946517], [0.6958249911784526, 1.3875821389845246, 0.0, 0.32357741604752494, 0.6654648898952265, 0.11666346366371648, 0.421808200182786, 0.6913447449347049, 0.31750415969581436, 0.2612059913233735, 0.00655322669591385, 0.5852110573691185, 0.6285751784465836, 0.6265055013463603, 0.7652329212879523, 0.6697022596862063, 0.5894641301980234], [0.40786523067250524, 1.5474883783828806, 0.0, 0.27018448044677185, 0.6879831989129623, 0.11300240111657012, 0.4481512729100487, 0.6923538127210229, 0.2883287401811272, 0.2790066943752352, 0.006272599803500922, 0.581241762750281, 0.6243952137389928, 0.6264357577448298, 0.7527947818152149, 0.6670044848522488, 0.5399390382235122], [1.0530456484302135, 1.5062202856425357, 0.0, 0.33472206955350164, 0.6872213214537553, 0.11334623388214025, 0.4627814655514875, 0.6923515340609712, 0.317604820996507, 0.27340255275513337, 0.006721420376576193, 0.5774401197227266, 0.6414088588279334, 0.6315258562019512, 0.7546198170862212, 0.674723916627346, 0.5965696880524103], [0.2970620517552778, 1.7567380024042383, 0.0, 0.2931179238652562, 0.7229092743511512, 0.11046040694140309, 0.4697532668380113, 0.6929101732770879, 0.27069593549388804, 0.300629743155562, 0.006160242374180447, 0.5871878560469121, 0.6243271875738043, 0.6385895941240279, 0.7512465788731628, 0.6566074838351985, 0.5372337548887524], [0.2847227079766532, 1.9293200715516576, 0.0, 0.2955740316858675, 0.7457424426366153, 0.10880107228078044, 0.3778060053525465, 0.6929625306084113, 0.26003015898686543, 0.32194538290317865, 0.005822803276368971, 0.5753580615238727, 0.6319110988685829, 0.6377737598824492, 0.733834956701515, 0.6553976362882084, 0.5165521570653905], [0.2854238395679225, 1.9581323908253114, 0.0, 0.3255285603034118, 0.7480845850629706, 0.10977333123932259, 0.3815393300544251, 0.6928434529973211, 0.2779967476779872, 0.3307912773956918, 0.006384896235913207, 0.5754951136778663, 0.6422054464006325, 0.6542988694253632, 0.7383232877756031, 0.6467690822483253, 0.533392636077019]], "features_2": [[0.24687750130943442, 1.237355234646951, 0.0, 0.2468005416398746, 0.6248029014343175, 0.12598992959583394, 0.419339123711125, 0.6859072490925483, 0.380033009321713, 0.26114078942659225, 0.007783488497544067, 0.597816327854283, 0.6331048109370481, 0.6611684376236266, 0.772974663581769, 0.680266686993968, 0.6071231659223514], [0.2149983752070086, 1.2225176248795215, 0.0, 0.2540570136226284, 0.6147996909936317, 0.1298835387869796, 0.3863334137881466, 0.6827450449933984, 0.402967660538635, 0.2634839351282794, 0.007783488497544067, 0.6074523302763515, 0.6432378866440038, 0.6687956929713942, 0.7774959243833908, 0.697391153746934, 0.6044165814555339], [0.2164425510648944, 1.2607961356758546, 0.0, 0.24756210066862697, 0.6282719951374045, 0.12709566042118728, 0.4811461441196343, 0.685245252030795, 0.38273904630781574, 0.2672299999167629, 0.007894969482732161, 0.6005730657423811, 0.6214907286450816, 0.6569182422634867, 0.768201366878192, 0.6740124837478952, 0.6018981297530799], [0.5231237159405522, 1.243243961122889, 0.0, 0.250799288167571, 0.627915651490955, 0.12450659395505673, 0.4757958953773745, 0.6869226480993621, 0.36241718913105325, 0.2565231641819268, 0.007616154688146137, 0.5854421153372389, 0.6139050625069042, 0.6395400322161913, 0.767691921304562, 0.6760539200521847, 0.6018753529114436], [0.12872409272116014, 1.4343846545293475, 0.0, 0.19901788205226195, 0.6630481376011025, 0.12017270218464536, 0.5246433741371135, 0.6903247334876319, 0.3282461535085055, 0.27507577506793, 0.006889477554966383, 0.6061727612148231, 0.642531434173684, 0.6452415085795986, 0.7666321370957221, 0.6711526400747572, 0.5471887957864469], [0.11215796670982359, 1.2502953256636407, 0.0, 0.2291937555689092, 0.6274576813616152, 0.12615905435387498, 0.6173181572090783, 0.6867346775125591, 0.36644154567114917, 0.25866370100348024, 0.007560346756364078, 0.6031950808637441, 0.6437867348237322, 0.6710332573014389, 0.7653869429816765, 0.6805990290001528, 0.5931573384223967], [0.5477520227337807, 1.565716579999606, 0.0, 0.23378746164795766, 0.6840878286914289, 0.12097128289608337, 0.5320951534114599, 0.689541426985919, 0.3462104798713921, 0.29493115336945763, 0.00716927026363523, 0.5897496672389608, 0.6334626189414595, 0.6448833033958165, 0.767529905464159, 0.690425014660721, 0.5594868090592393], [0.5984550095271794, 1.6386096249976, 0.0, 0.27075032019678674, 0.706776882344444, 0.11068991480980225, 0.6211022459892881, 0.6929773894206248, 0.2900852997943948, 0.28581884822610504, 0.0064410216040902135, 0.5777705854582269, 0.6215021519594442, 0.6470659978273902, 0.7386347417135424, 0.6472655475447384, 0.5412580706434812], [-0.17503851044572372, 1.5322943526345045, 0.0, 0.21453815806177168, 0.6830698217721899, 0.11702457789111206, 0.5675656799386403, 0.6911387832256836, 0.3034461614755519, 0.28546790564923663, 0.006497131753992358, 0.607285770570714, 0.6127553192522609, 0.6370265609095368, 0.7498675438845636, 0.6709922625835452, 0.5462372533679964]]}