{"labels_1": ["1", "2", "3", "4", "5", "6", "7", "8", "9"], "labels_2": ["1", "2", "3", "4", "5", "6", "7", "8", "9"], "adj_matrix_1": [[0.0, 0.15336, 0.07511, 0.10678, 0.22398, 0.16106, 0.29609, 0.19728, 0.09344], [0.15336, 0.0, 0.20401, 0.22176, 0.26807, 0.24711, 0.27465, 0.25873, 0.21283], [0.07511, 0.20401, 0.0, 0.0337, 0.17067, 0.09454, 0.27025, 0.13824, 0.01988], [0.10678, 0.22176, 0.0337, 0.0, 0.14238, 0.06217, 0.25237, 0.10809, 0.01376], [0.22398, 0.26807, 0.17067, 0.14238, 0.0, 0.08474, 0.13843, 0.03724, 0.15425], [0.16106, 0.24711, 0.09454, 0.06217, 0.08474, 0.0, 0.21042, 0.04819, 0.07546], [0.29609, 0.27465, 0.27025, 0.25237, 0.13843, 0.21042, 0.0, 0.1716, 0.26103], [0.19728, 0.25873, 0.13824, 0.10809, 0.03724, 0.04819, 0.1716, 0.0, 0.12116], [0.09344, 0.21283, 0.01988, 0.01376, 0.15425, 0.07546, 0.26103, 0.12116, 0.0]], "adj_matrix_2": [[0.0, 0.14797, 0.07186, 0.17952, 0.03116, 0.25022, 0.14815, 0.12593, 0.0277], [0.14797, 0.0, 0.20985, 0.03667, 0.11923, 0.13196, 0.2695, 0.02416, 0.17192], [0.07186, 0.20985, 0.0, 0.23685, 0.10213, 0.29179, 0.07951, 0.19038, 0.04429], [0.17952, 0.03667, 0.23685, 0.0, 0.15223, 0.09827, 0.29031, 0.06048, 0.20141], [0.03116, 0.11923, 0.10213, 0.15223, 0.0, 0.229, 0.17654, 0.09654, 0.05874], [0.25022, 0.13196, 0.29179, 0.09827, 0.229, 0.0, 0.32646, 0.15294, 0.26581], [0.14815, 0.2695, 0.07951, 0.29031, 0.17654, 0.32646, 0.0, 0.25403, 0.12256], [0.12593, 0.02416, 0.19038, 0.06048, 0.09654, 0.15294, 0.25403, 0.0, 0.15129], [0.0277, 0.17192, 0.04429, 0.20141, 0.05874, 0.26581, 0.12256, 0.15129, 0.0]], "features_1": [[0.812432469999596, 1.2863037702273066, 0.0, 0.3348840741535546, 0.6475833319890613, 0.11984257692075836, 0.46236232582477044, 0.6905415216514275, 0.3359121521582489, 0.250156553493152, 0.006889477554966383, 0.5810963392614563, 0.6312177913201505, 0.6209314101961219, 0.7777713237997218, 0.689796451076626, 0.6012316992528874], [0.9999780447809745, 1.2319646919437728, 0.0, 0.31302869574686853, 0.6354074019402889, 0.1198717160814576, 0.4876802628876028, 0.6907892532569507, 0.35321892109277053, 0.2438382837062898, 0.0069454663283523566, 0.5699442725124044, 0.6520181682322688, 0.6578779885942753, 0.7784222139888469, 0.7072112317857835, 0.6084960409437145], [0.7175781148088691, 1.3510136839760893, 0.0, 0.32585431932218684, 0.6619466204366719, 0.11653242764741305, 0.4736155057792836, 0.6917064070794494, 0.324636186961216, 0.25675254637044476, 0.006721420376576193, 0.5831011958423338, 0.6462213928494722, 0.6402891391729303, 0.7681486160097997, 0.6785318272085319, 0.6035418858946517], [0.6958249911784526, 1.3875821389845246, 0.0, 0.32357741604752494, 0.6654648898952265, 0.11666346366371648, 0.421808200182786, 0.6913447449347049, 0.31750415969581436, 0.2612059913233735, 0.00655322669591385, 0.5852110573691185, 0.6285751784465836, 0.6265055013463603, 0.7652329212879523, 0.6697022596862063, 0.5894641301980234], [0.40786523067250524, 1.5474883783828806, 0.0, 0.27018448044677185, 0.6879831989129623, 0.11300240111657012, 0.4481512729100487, 0.6923538127210229, 0.2883287401811272, 0.2790066943752352, 0.006272599803500922, 0.581241762750281, 0.6243952137389928, 0.6264357577448298, 0.7527947818152149, 0.6670044848522488, 0.5399390382235122], [1.0530456484302135, 1.5062202856425357, 0.0, 0.33472206955350164, 0.6872213214537553, 0.11334623388214025, 0.4627814655514875, 0.6923515340609712, 0.317604820996507, 0.27340255275513337, 0.006721420376576193, 0.5774401197227266, 0.6414088588279334, 0.6315258562019512, 0.7546198170862212, 0.674723916627346, 0.5965696880524103], [0.2970620517552778, 1.7567380024042383, 0.0, 0.2931179238652562, 0.7229092743511512, 0.11046040694140309, 0.4697532668380113, 0.6929101732770879, 0.27069593549388804, 0.300629743155562, 0.006160242374180447, 0.5871878560469121, 0.6243271875738043, 0.6385895941240279, 0.7512465788731628, 0.6566074838351985, 0.5372337548887524], [0.2847227079766532, 1.9293200715516576, 0.0, 0.2955740316858675, 0.7457424426366153, 0.10880107228078044, 0.3778060053525465, 0.6929625306084113, 0.26003015898686543, 0.32194538290317865, 0.005822803276368971, 0.5753580615238727, 0.6319110988685829, 0.6377737598824492, 0.733834956701515, 0.6553976362882084, 0.5165521570653905], [0.2854238395679225, 1.9581323908253114, 0.0, 0.3255285603034118, 0.7480845850629706, 0.10977333123932259, 0.3815393300544251, 0.6928434529973211, 0.2779967476779872, 0.3307912773956918, 0.006384896235913207, 0.5754951136778663, 0.6422054464006325, 0.6542988694253632, 0.7383232877756031, 0.6467690822483253, 0.533392636077019]], "features_2": [[0.20758514365486658, 1.0661331110383858, 0.0, 0.2317677202377754, 0.5833792707620977, 0.1352090065308968, 0.339421910521461, 0.6782350709718078, 0.429263159125979, 0.23987928035741524, 0.007392832833969631, 0.6155491009351699, 0.6523832712594291, 0.6865153490862798, 0.7908939785628711, 0.7005204349321075, 0.6159135328114209], [-0.019145844030993064, 1.2029884115692573, 0.0, 0.25366668198761766, 0.6111174498744775, 0.13411184815938637, 0.2570262756185066, 0.6784676468278663, 0.42410428867299577, 0.2686499587966811, 0.007616154688146137, 0.6125197146660248, 0.6434393150318474, 0.6793584973242942, 0.7875834582633783, 0.7031568514571435, 0.606468575499791], [0.27590685676773585, 1.1442603785941061, 0.0, 0.24798616068598406, 0.5967651767530249, 0.13526530158478195, 0.26640451191475945, 0.6773302703683906, 0.44621445476698907, 0.2553628937828374, 0.00783923647221818, 0.620570003316836, 0.6488366493599441, 0.6660062180141403, 0.7889956735987713, 0.6938814210438448, 0.6143182468726376], [0.3319914538350681, 1.0988836477009616, 0.0, 0.24421979361300633, 0.58452922140442, 0.13453059455691288, 0.24403915824848993, 0.6770545582181281, 0.42420540235057924, 0.2430104033962608, 0.007616154688146137, 0.6067398768550418, 0.6389742450496998, 0.6600445143841144, 0.7860264871364578, 0.7107440820926139, 0.6116441996459918], [0.003420470535890896, 1.4322078234628697, 0.0, 0.22481993776262274, 0.6616149510638198, 0.12576707996606704, 0.3789071025515973, 0.6870162756151451, 0.3745880445776506, 0.29032056259436945, 0.0069454663283523566, 0.6109035730041068, 0.6580344492090981, 0.6637273210899266, 0.7823980400894099, 0.7086955796535032, 0.5643464704920703], [0.31088394987261214, 1.1773589889933662, 0.0, 0.2744107764942135, 0.6042098959209273, 0.1333563211291825, 0.26376858906836986, 0.6791801755161189, 0.4382722013279514, 0.2599770531492631, 0.007950687539111767, 0.6034813723379662, 0.6345068754029715, 0.659120683547686, 0.7895989315830034, 0.6931838797260169, 0.6207668999789752], [-0.0022021047686138218, 1.5564796262077798, 0.0, 0.18292909442825953, 0.6867475217897226, 0.11781535658974832, 0.4193751383579297, 0.6910114158606098, 0.31055867256613867, 0.28962931851576146, 0.006104040759826512, 0.6036536599655369, 0.6463535564384888, 0.6502079554484409, 0.7666477507310259, 0.6869532461280663, 0.526254140179325], [0.02883651550940769, 1.449031831466572, 0.0, 0.24485844126408424, 0.6895382852502527, 0.10959867801076653, 0.5480441764792374, 0.6930470608173729, 0.28853733776021384, 0.26326810415631985, 0.005991591679928909, 0.5903253874009349, 0.654421753519097, 0.6692078352494563, 0.7500503958269109, 0.6458825489560173, 0.5596644292493684], [0.047703893511147566, 1.7273505498119075, 0.0, 0.19737540767048573, 0.7323960281275191, 0.10650418363402032, 0.4981614715199008, 0.6931388404344121, 0.27130289496618887, 0.2920148452314757, 0.005766509824583821, 0.5911838059616028, 0.634512009123366, 0.635304133233245, 0.741677687425568, 0.6454022593283186, 0.5357480651743383]]}