{"labels_1": ["1", "2", "3", "4", "5", "6", "7", "8", "9"], "labels_2": ["1", "2", "3", "4", "5", "6", "7", "8", "9"], "adj_matrix_1": [[0.0, 0.12425, 0.14788, 0.06784, 0.01791, 0.07681, 0.08282, 0.14378, 0.17878], [0.12425, 0.0, 0.24102, 0.18136, 0.14005, 0.18846, 0.19282, 0.0226, 0.06677], [0.14788, 0.24102, 0.0, 0.0847, 0.13193, 0.07577, 0.06959, 0.25248, 0.26923], [0.06784, 0.18136, 0.0847, 0.0, 0.05027, 0.00923, 0.01554, 0.19772, 0.22517], [0.01791, 0.14005, 0.13193, 0.05027, 0.0, 0.05935, 0.06544, 0.15871, 0.19172], [0.07681, 0.18846, 0.07577, 0.00923, 0.05935, 0.0, 0.00631, 0.20433, 0.23066], [0.08282, 0.19282, 0.06959, 0.01554, 0.06544, 0.00631, 0.0, 0.20854, 0.23428], [0.14378, 0.0226, 0.25248, 0.19772, 0.15871, 0.20433, 0.20854, 0.0, 0.04488], [0.17878, 0.06677, 0.26923, 0.22517, 0.19172, 0.23066, 0.23428, 0.04488, 0.0]], "adj_matrix_2": [[0.0, 0.08624, 0.12014, 0.04092, 0.00602, 0.14759, 0.23906, 0.07779, 0.22349], [0.08624, 0.0, 0.18199, 0.04703, 0.08071, 0.1978, 0.19438, 0.00879, 0.17084], [0.12014, 0.18199, 0.0, 0.15159, 0.12504, 0.03707, 0.24436, 0.17583, 0.24101], [0.04092, 0.04703, 0.15159, 0.0, 0.03497, 0.17388, 0.22213, 0.03822, 0.20271], [0.00602, 0.08071, 0.12504, 0.03497, 0.0, 0.15178, 0.23674, 0.07194, 0.2203], [0.14759, 0.1978, 0.03707, 0.17388, 0.15178, 0.0, 0.23274, 0.19275, 0.23254], [0.23906, 0.19438, 0.24436, 0.22213, 0.23674, 0.23274, 0.0, 0.20034, 0.03078], [0.07779, 0.00879, 0.17583, 0.03822, 0.07194, 0.19275, 0.20034, 0.0, 0.17839], [0.22349, 0.17084, 0.24101, 0.20271, 0.2203, 0.23254, 0.03078, 0.17839, 0.0]], "features_1": [[0.11217689989127555, 1.0474268084534877, 0.0, 0.24786169483154885, 0.5825238897157494, 0.1304455164912937, 0.3898155320120026, 0.6843522860040672, 0.4103107252173326, 0.23396209765431975, 0.007894969482732161, 0.6072638314546166, 0.6815396845524683, 0.6912586058720771, 0.8028535739749312, 0.7131201140903868, 0.6301065912733848], [0.5509410801481991, 0.8768641660230869, 0.0, 0.2447058173851106, 0.5405615830952788, 0.1314966071044244, 0.4253922016974251, 0.6826325090850545, 0.41615136594996116, 0.20025124302002317, 0.007504523810135222, 0.5972993154970108, 0.6411434324689961, 0.6601195149892015, 0.796884821994373, 0.716848453369792, 0.6256624739252877], [0.05932460424775554, 1.0482283215161696, 0.0, 0.234540340597376, 0.5890241999324503, 0.12591736556293232, 0.369658903484703, 0.6870889492962402, 0.388012068243601, 0.22851972280521937, 0.007448685839370306, 0.6044660096491881, 0.6449212296572235, 0.6747413581727149, 0.789450424108181, 0.7214155880571289, 0.6199011340989892], [-0.14524966305827958, 1.1192875967572462, 0.0, 0.21210504566340277, 0.5979509081176545, 0.1283780658406627, 0.33399006050814606, 0.6847072610726332, 0.401091635403352, 0.24721390571157742, 0.007336964783822175, 0.6152411726233493, 0.6628909982483694, 0.6825333919846389, 0.7915254504037155, 0.7045665196704668, 0.6202436006411761], [0.283537038232506, 0.9168160415154099, 0.0, 0.25566946889322795, 0.5420871298168011, 0.13643088519637214, 0.4487996655580325, 0.6780035969406052, 0.42795687604843247, 0.21536521810955667, 0.007950687539111767, 0.6159082151580302, 0.6577679654800853, 0.6895034652430185, 0.8035652209405172, 0.7146499454200047, 0.6306745284028907], [-0.03449476745465763, 1.1037758511671871, 0.0, 0.22217794081036332, 0.599767274068015, 0.12600679583702018, 0.3065997927593152, 0.6858575352145669, 0.3902001943476303, 0.24056179744328388, 0.007448685839370306, 0.6117551006839843, 0.6540193666729922, 0.6806923923680195, 0.7825450451179269, 0.6926569894378318, 0.614376052456719], [0.07569219867143762, 1.3140835416514123, 0.0, 0.24356782221127876, 0.6433719362934909, 0.12143202410948045, 0.3982494851208024, 0.6896436970483413, 0.36191649202701615, 0.2643476659007655, 0.0066653709969386465, 0.5992013731561652, 0.6544534942857195, 0.6784284063154549, 0.7777554125515959, 0.7007600589170582, 0.5733957090137314], [0.7349162368891786, 1.13473460693947, 0.0, 0.23127211545752444, 0.6146490396515522, 0.12181385364096275, 0.5413143662020993, 0.6894602583217182, 0.3535292115662414, 0.23107259832837324, 0.00716927026363523, 0.5841552708573112, 0.6299617801111753, 0.6581647398385536, 0.7776800512156141, 0.7164440554442693, 0.6003237776798402], [0.2722195798485414, 1.368405848937941, 0.0, 0.2684047730644191, 0.6676382111649063, 0.11072762619215737, 0.5421751251645681, 0.6929455877657411, 0.2816097434277667, 0.24896908785004723, 0.005935344193631176, 0.5819667450771346, 0.6293175410963096, 0.6249292826335183, 0.7485745425241717, 0.6710398864779307, 0.5681447852836805]], "features_2": [[0.5855902387920944, 1.2785256083990335, 0.0, 0.2791622377835233, 0.6327876422957228, 0.12185800270293781, 0.5049320911436098, 0.6894380414247578, 0.3417394311531994, 0.25567023762166374, 0.007001439975721224, 0.5729521067923176, 0.6490739070537878, 0.6743922571421461, 0.7813484519823222, 0.7243472435782895, 0.5914378723257264], [0.2031022800706963, 0.9891859375536729, 0.0, 0.251971948602583, 0.5662349519809885, 0.1280468973409554, 0.36261877715404867, 0.6848183773026553, 0.3654324724522633, 0.21768885437916485, 0.007783488497544067, 0.5902353423790618, 0.6461887365968256, 0.6737266298546599, 0.7905658310020921, 0.7155468156097853, 0.613525509012943], [0.9440701784042114, 1.232236806811518, 0.0, 0.2878644240725097, 0.6309852383679458, 0.11846862672311617, 0.5088213752337041, 0.6908393866023251, 0.3172715369477812, 0.23920495079522186, 0.00677745458930179, 0.5644022877541941, 0.6384908551254117, 0.6456002837377101, 0.7698300762875275, 0.7041916326944823, 0.5843532922149159], [0.6415925659251518, 1.232198457552508, 0.0, 0.27598900046640673, 0.6243205922708333, 0.1220788414978213, 0.5243953086958598, 0.6891013108615935, 0.33451019756680345, 0.24540097229220703, 0.00711334193318236, 0.5739738899493969, 0.6315694183519457, 0.6623524880383599, 0.777350156136018, 0.7214939850264797, 0.5994834210312486], [0.9584842353278442, 1.0904371797818884, 0.0, 0.2537806616387201, 0.5945018559744075, 0.12745398554340992, 0.4574513345660492, 0.6870569397873172, 0.39170907455572546, 0.23415024599992496, 0.007504523810135222, 0.5928896270473685, 0.6564040295887978, 0.6746019192879901, 0.7971248449869918, 0.7171769889605598, 0.6153318761726606], [0.9075819593032661, 1.2577385556982927, 0.0, 0.2934863490982449, 0.6488131249016325, 0.11265007228786086, 0.7015287315093304, 0.6929157665594099, 0.28237439994465996, 0.2318517323888074, 0.005991591679928909, 0.562809047755255, 0.6332320693267706, 0.6518166736350399, 0.761721652976133, 0.6772213418160433, 0.5625958074335944], [0.23682245337047547, 1.2897578648344956, 0.0, 0.2653939348302245, 0.6411877126454092, 0.11757554942286455, 0.5929813814936715, 0.6911826807828902, 0.3081713223583713, 0.2490619736985964, 0.00655322669591385, 0.5867692496810335, 0.6388944019741012, 0.6524898086427454, 0.7723141321490866, 0.6828498691189544, 0.5781127284049409], [0.7394550048286428, 1.7216231199148528, 0.0, 0.28072377799599213, 0.7318665581051682, 0.1059487169368177, 0.5913276980967084, 0.6930684924704755, 0.2825028249673649, 0.29106283825974666, 0.006609306440138685, 0.5568273504106389, 0.6447167534286579, 0.6277867902986293, 0.7418157146112101, 0.6604192395740816, 0.5119517772295203], [0.04094349158361199, 1.6349971384755149, 0.0, 0.2624920888490423, 0.7201739758917032, 0.10351560114706268, 0.5258544830142036, 0.6929492003871812, 0.24592812746266057, 0.27872868703878884, 0.005766509824583821, 0.5766743190704826, 0.6207636279283864, 0.6330513778009652, 0.7275486670988313, 0.6503545888817786, 0.5113010874137918]]}