{"labels_1": ["1", "2", "3", "4", "5", "6", "7", "8", "9"], "labels_2": ["1", "2", "3", "4", "5", "6", "7", "8", "9"], "adj_matrix_1": [[0.0, 0.12425, 0.14788, 0.06784, 0.01791, 0.07681, 0.08282, 0.14378, 0.17878], [0.12425, 0.0, 0.24102, 0.18136, 0.14005, 0.18846, 0.19282, 0.0226, 0.06677], [0.14788, 0.24102, 0.0, 0.0847, 0.13193, 0.07577, 0.06959, 0.25248, 0.26923], [0.06784, 0.18136, 0.0847, 0.0, 0.05027, 0.00923, 0.01554, 0.19772, 0.22517], [0.01791, 0.14005, 0.13193, 0.05027, 0.0, 0.05935, 0.06544, 0.15871, 0.19172], [0.07681, 0.18846, 0.07577, 0.00923, 0.05935, 0.0, 0.00631, 0.20433, 0.23066], [0.08282, 0.19282, 0.06959, 0.01554, 0.06544, 0.00631, 0.0, 0.20854, 0.23428], [0.14378, 0.0226, 0.25248, 0.19772, 0.15871, 0.20433, 0.20854, 0.0, 0.04488], [0.17878, 0.06677, 0.26923, 0.22517, 0.19172, 0.23066, 0.23428, 0.04488, 0.0]], "adj_matrix_2": [[0.0, 0.21634, 0.19937, 0.09665, 0.07907, 0.23702, 0.24859, 0.02798, 0.12361], [0.21634, 0.0, 0.02628, 0.14624, 0.16161, 0.03598, 0.05841, 0.00779, 0.06087], [0.19937, 0.02628, 0.0, 0.12319, 0.13941, 0.06194, 0.08399, 0.00888, 0.06597], [0.09665, 0.14624, 0.12319, 0.0, 0.01879, 0.176, 0.19356, 0.01698, 0.09596], [0.07907, 0.16161, 0.13941, 0.01879, 0.0, 0.18978, 0.20629, 0.01869, 0.10095], [0.23702, 0.03598, 0.06194, 0.176, 0.18978, 0.0, 0.02271, 0.0065, 0.05439], [0.24859, 0.05841, 0.08399, 0.19356, 0.20629, 0.02271, 0.0, 0.00581, 0.05066], [0.02798, 0.00779, 0.00888, 0.01698, 0.01869, 0.0065, 0.00581, 0.0, 0.12817], [0.12361, 0.06087, 0.06597, 0.09596, 0.10095, 0.05439, 0.05066, 0.12817, 0.0]], "features_1": [[0.11217689989127555, 1.0474268084534877, 0.0, 0.24786169483154885, 0.5825238897157494, 0.1304455164912937, 0.3898155320120026, 0.6843522860040672, 0.4103107252173326, 0.23396209765431975, 0.007894969482732161, 0.6072638314546166, 0.6815396845524683, 0.6912586058720771, 0.8028535739749312, 0.7131201140903868, 0.6301065912733848], [0.5509410801481991, 0.8768641660230869, 0.0, 0.2447058173851106, 0.5405615830952788, 0.1314966071044244, 0.4253922016974251, 0.6826325090850545, 0.41615136594996116, 0.20025124302002317, 0.007504523810135222, 0.5972993154970108, 0.6411434324689961, 0.6601195149892015, 0.796884821994373, 0.716848453369792, 0.6256624739252877], [0.05932460424775554, 1.0482283215161696, 0.0, 0.234540340597376, 0.5890241999324503, 0.12591736556293232, 0.369658903484703, 0.6870889492962402, 0.388012068243601, 0.22851972280521937, 0.007448685839370306, 0.6044660096491881, 0.6449212296572235, 0.6747413581727149, 0.789450424108181, 0.7214155880571289, 0.6199011340989892], [-0.14524966305827958, 1.1192875967572462, 0.0, 0.21210504566340277, 0.5979509081176545, 0.1283780658406627, 0.33399006050814606, 0.6847072610726332, 0.401091635403352, 0.24721390571157742, 0.007336964783822175, 0.6152411726233493, 0.6628909982483694, 0.6825333919846389, 0.7915254504037155, 0.7045665196704668, 0.6202436006411761], [0.283537038232506, 0.9168160415154099, 0.0, 0.25566946889322795, 0.5420871298168011, 0.13643088519637214, 0.4487996655580325, 0.6780035969406052, 0.42795687604843247, 0.21536521810955667, 0.007950687539111767, 0.6159082151580302, 0.6577679654800853, 0.6895034652430185, 0.8035652209405172, 0.7146499454200047, 0.6306745284028907], [-0.03449476745465763, 1.1037758511671871, 0.0, 0.22217794081036332, 0.599767274068015, 0.12600679583702018, 0.3065997927593152, 0.6858575352145669, 0.3902001943476303, 0.24056179744328388, 0.007448685839370306, 0.6117551006839843, 0.6540193666729922, 0.6806923923680195, 0.7825450451179269, 0.6926569894378318, 0.614376052456719], [0.07569219867143762, 1.3140835416514123, 0.0, 0.24356782221127876, 0.6433719362934909, 0.12143202410948045, 0.3982494851208024, 0.6896436970483413, 0.36191649202701615, 0.2643476659007655, 0.0066653709969386465, 0.5992013731561652, 0.6544534942857195, 0.6784284063154549, 0.7777554125515959, 0.7007600589170582, 0.5733957090137314], [0.7349162368891786, 1.13473460693947, 0.0, 0.23127211545752444, 0.6146490396515522, 0.12181385364096275, 0.5413143662020993, 0.6894602583217182, 0.3535292115662414, 0.23107259832837324, 0.00716927026363523, 0.5841552708573112, 0.6299617801111753, 0.6581647398385536, 0.7776800512156141, 0.7164440554442693, 0.6003237776798402], [0.2722195798485414, 1.368405848937941, 0.0, 0.2684047730644191, 0.6676382111649063, 0.11072762619215737, 0.5421751251645681, 0.6929455877657411, 0.2816097434277667, 0.24896908785004723, 0.005935344193631176, 0.5819667450771346, 0.6293175410963096, 0.6249292826335183, 0.7485745425241717, 0.6710398864779307, 0.5681447852836805]], "features_2": [[0.7957627965033192, 1.1090400619224652, 0.0, 0.2930978884134866, 0.5771097222571637, 0.13676660280103137, 0.2240600819104607, 0.6742774410772319, 0.43268341767157614, 0.2521243505294457, 0.008340296057933516, 0.6057174060220754, 0.6420873023783275, 0.6675787774108307, 0.7957930404286739, 0.7072260822882709, 0.6130176653886465], [0.13504097756403866, 0.96697808771101, 0.0, 0.2692939166254901, 0.5406245355763292, 0.14051807606044578, 0.20010089801448103, 0.6692651645199799, 0.4457881400807022, 0.22991918767050357, 0.008284682400665488, 0.6197482567796779, 0.6586731718654987, 0.6701482761157811, 0.8010906877591416, 0.714199142228203, 0.6138918088490968], [0.15170725464611223, 1.1134270431099194, 0.0, 0.29453910433219244, 0.5878262096301831, 0.1311174457543451, 0.25327657177967355, 0.6805793113542855, 0.3965206546432207, 0.2453917303978439, 0.007727725548673403, 0.6148246155407588, 0.6513566333103258, 0.6663290748214632, 0.785350331087848, 0.6782989871230122, 0.6147805235270681], [0.4596577176772709, 1.1349230126207224, 0.0, 0.2991910424381388, 0.5908612620669325, 0.1317209862824256, 0.2597607198130568, 0.6800614257333243, 0.3937554599134103, 0.24798821082428346, 0.007616154688146137, 0.6002583226652429, 0.6520765804384322, 0.6464946048585783, 0.7873862144823458, 0.6910634701366177, 0.6076657245784165], [0.1650335491093302, 0.9056714756917831, 0.0, 0.2684869535104011, 0.5206884356830908, 0.14268441563747902, 0.18483328883222896, 0.6650264614389376, 0.45672487147583496, 0.22255485055047775, 0.008062078829516484, 0.6153340989463261, 0.6642583530502381, 0.6935792393266579, 0.8020512916651958, 0.7212538058746257, 0.6134472772463161], [0.26356482528539793, 1.099628792300225, 0.0, 0.2553727655042182, 0.5887421658314257, 0.12815429540263662, 0.28704565709420465, 0.683569103435874, 0.3710430117095611, 0.23614827623033285, 0.00716927026363523, 0.5965110351758618, 0.6626241437728916, 0.6757938309680338, 0.782077603844738, 0.6843738717870985, 0.6100448639461069], [0.8991679163014963, 1.127704085238835, 0.0, 0.2832210949665568, 0.6045498913724054, 0.12196619971811354, 0.3658406872252712, 0.688669114608233, 0.3394740743759068, 0.22698957493965555, 0.007504523810135222, 0.5877893970734442, 0.6369298943801935, 0.6374536653336704, 0.7737083312026813, 0.6973347535300005, 0.5766922383094747], [9.749680030274009, 1.3740312204707268, 0.0, 0.4272953122769364, 0.6617833486179656, 0.11230513331062959, 0.4253580206134899, 0.6924669060718796, 0.3196703188424499, 0.22583238104491454, 0.007616154688146137, 0.4973446793741432, 0.5884918419688895, 0.5751262207431445, 0.7524267085816724, 0.7009580811080045, 0.5629386012693434], [6.572873675684006, 1.416535792594603, 0.0, 0.40317657397389545, 0.6715989000318578, 0.10785601662915953, 0.41421127340523184, 0.6930753529504066, 0.2775784799741654, 0.2246956539898095, 0.0066653709969386465, 0.5076182333020753, 0.5815015769376273, 0.543812878596106, 0.7370853611107302, 0.6705236234977568, 0.5045637853444719]]}