{"labels_1": ["1", "2", "3", "4", "5", "6", "7", "8", "9"], "labels_2": ["1", "2", "3", "4", "5", "6", "7", "8", "9"], "adj_matrix_1": [[0.0, 0.12425, 0.14788, 0.06784, 0.01791, 0.07681, 0.08282, 0.14378, 0.17878], [0.12425, 0.0, 0.24102, 0.18136, 0.14005, 0.18846, 0.19282, 0.0226, 0.06677], [0.14788, 0.24102, 0.0, 0.0847, 0.13193, 0.07577, 0.06959, 0.25248, 0.26923], [0.06784, 0.18136, 0.0847, 0.0, 0.05027, 0.00923, 0.01554, 0.19772, 0.22517], [0.01791, 0.14005, 0.13193, 0.05027, 0.0, 0.05935, 0.06544, 0.15871, 0.19172], [0.07681, 0.18846, 0.07577, 0.00923, 0.05935, 0.0, 0.00631, 0.20433, 0.23066], [0.08282, 0.19282, 0.06959, 0.01554, 0.06544, 0.00631, 0.0, 0.20854, 0.23428], [0.14378, 0.0226, 0.25248, 0.19772, 0.15871, 0.20433, 0.20854, 0.0, 0.04488], [0.17878, 0.06677, 0.26923, 0.22517, 0.19172, 0.23066, 0.23428, 0.04488, 0.0]], "adj_matrix_2": [[0.0, 0.06616, 0.05199, 0.04833, 0.14317, 0.07692, 0.14061, 0.04153, 0.34813], [0.06616, 0.0, 0.11578, 0.11235, 0.08099, 0.01103, 0.0782, 0.02481, 0.32159], [0.05199, 0.11578, 0.0, 0.00371, 0.18705, 0.12595, 0.18463, 0.09221, 0.35811], [0.04833, 0.11235, 0.00371, 0.0, 0.1841, 0.12259, 0.18173, 0.08871, 0.35785], [0.14317, 0.08099, 0.18705, 0.1841, 0.0, 0.07023, 0.00257, 0.10451, 0.2733], [0.07692, 0.01103, 0.12595, 0.12259, 0.07023, 0.0, 0.06766, 0.03586, 0.3172], [0.14061, 0.0782, 0.18463, 0.18173, 0.00257, 0.06766, 0.0, 0.10241, 0.27648], [0.04153, 0.02481, 0.09221, 0.08871, 0.10451, 0.03586, 0.10241, 0.0, 0.33509], [0.34813, 0.32159, 0.35811, 0.35785, 0.2733, 0.3172, 0.27648, 0.33509, 0.0]], "features_1": [[0.11217689989127555, 1.0474268084534877, 0.0, 0.24786169483154885, 0.5825238897157494, 0.1304455164912937, 0.3898155320120026, 0.6843522860040672, 0.4103107252173326, 0.23396209765431975, 0.007894969482732161, 0.6072638314546166, 0.6815396845524683, 0.6912586058720771, 0.8028535739749312, 0.7131201140903868, 0.6301065912733848], [0.5509410801481991, 0.8768641660230869, 0.0, 0.2447058173851106, 0.5405615830952788, 0.1314966071044244, 0.4253922016974251, 0.6826325090850545, 0.41615136594996116, 0.20025124302002317, 0.007504523810135222, 0.5972993154970108, 0.6411434324689961, 0.6601195149892015, 0.796884821994373, 0.716848453369792, 0.6256624739252877], [0.05932460424775554, 1.0482283215161696, 0.0, 0.234540340597376, 0.5890241999324503, 0.12591736556293232, 0.369658903484703, 0.6870889492962402, 0.388012068243601, 0.22851972280521937, 0.007448685839370306, 0.6044660096491881, 0.6449212296572235, 0.6747413581727149, 0.789450424108181, 0.7214155880571289, 0.6199011340989892], [-0.14524966305827958, 1.1192875967572462, 0.0, 0.21210504566340277, 0.5979509081176545, 0.1283780658406627, 0.33399006050814606, 0.6847072610726332, 0.401091635403352, 0.24721390571157742, 0.007336964783822175, 0.6152411726233493, 0.6628909982483694, 0.6825333919846389, 0.7915254504037155, 0.7045665196704668, 0.6202436006411761], [0.283537038232506, 0.9168160415154099, 0.0, 0.25566946889322795, 0.5420871298168011, 0.13643088519637214, 0.4487996655580325, 0.6780035969406052, 0.42795687604843247, 0.21536521810955667, 0.007950687539111767, 0.6159082151580302, 0.6577679654800853, 0.6895034652430185, 0.8035652209405172, 0.7146499454200047, 0.6306745284028907], [-0.03449476745465763, 1.1037758511671871, 0.0, 0.22217794081036332, 0.599767274068015, 0.12600679583702018, 0.3065997927593152, 0.6858575352145669, 0.3902001943476303, 0.24056179744328388, 0.007448685839370306, 0.6117551006839843, 0.6540193666729922, 0.6806923923680195, 0.7825450451179269, 0.6926569894378318, 0.614376052456719], [0.07569219867143762, 1.3140835416514123, 0.0, 0.24356782221127876, 0.6433719362934909, 0.12143202410948045, 0.3982494851208024, 0.6896436970483413, 0.36191649202701615, 0.2643476659007655, 0.0066653709969386465, 0.5992013731561652, 0.6544534942857195, 0.6784284063154549, 0.7777554125515959, 0.7007600589170582, 0.5733957090137314], [0.7349162368891786, 1.13473460693947, 0.0, 0.23127211545752444, 0.6146490396515522, 0.12181385364096275, 0.5413143662020993, 0.6894602583217182, 0.3535292115662414, 0.23107259832837324, 0.00716927026363523, 0.5841552708573112, 0.6299617801111753, 0.6581647398385536, 0.7776800512156141, 0.7164440554442693, 0.6003237776798402], [0.2722195798485414, 1.368405848937941, 0.0, 0.2684047730644191, 0.6676382111649063, 0.11072762619215737, 0.5421751251645681, 0.6929455877657411, 0.2816097434277667, 0.24896908785004723, 0.005935344193631176, 0.5819667450771346, 0.6293175410963096, 0.6249292826335183, 0.7485745425241717, 0.6710398864779307, 0.5681447852836805]], "features_2": [[0.07946040329171788, 1.2720136024833968, 0.0, 0.24120948805576334, 0.6262680697947188, 0.124841372183837, 0.4253425188550537, 0.6871187743631647, 0.35508509528257926, 0.26455344470415554, 0.007281081678807366, 0.6003320491149076, 0.6651999613640021, 0.6910695520857122, 0.7875164687056816, 0.7050334164430354, 0.5998137599108628], [-0.007562184768011182, 1.028598851561863, 0.0, 0.24205453744569427, 0.5586038047160552, 0.13580179593970498, 0.22194907892044782, 0.6746330792065081, 0.41175497302438546, 0.23852505152430958, 0.007950687539111767, 0.6122260570967519, 0.6379595160788067, 0.6745882831751966, 0.7925560819862051, 0.7158371198368202, 0.6103600450938198], [0.1099130024546926, 1.3145886262460833, 0.0, 0.26724970466397807, 0.6307600551360318, 0.1251134627803346, 0.34402243456687176, 0.685780817717234, 0.35992876154864284, 0.2730312809704969, 0.00711334193318236, 0.603735455355858, 0.6366648004912925, 0.6686836033550048, 0.7794736520396133, 0.7012130461128383, 0.5874114196927546], [0.13353381658950125, 1.3415419527478798, 0.0, 0.2666665875407725, 0.6386918861247232, 0.12367921701463212, 0.4072402016181094, 0.6875111976850257, 0.35416339490826365, 0.27342493048258865, 0.007281081678807366, 0.5994636048985318, 0.6482814935589227, 0.6590914043492699, 0.78200190854668, 0.6979512248335732, 0.5817822602698758], [0.007436461132527494, 1.0581297488575572, 0.0, 0.26369198889715756, 0.580871875219548, 0.12946105466004307, 0.3692468343915287, 0.6839068775298025, 0.38585788791506226, 0.23430606816991206, 0.007448685839370306, 0.6112686119487307, 0.6580459513809014, 0.6861192010217178, 0.7950258321694281, 0.7075604137742407, 0.5931882192029228], [-0.04129805625236305, 1.316157322345623, 0.0, 0.2611100928733101, 0.6409401123062874, 0.12058243919355274, 0.4254980293559882, 0.6893429998211427, 0.34139679164529446, 0.26366542032825846, 0.007225183508792421, 0.6036210511403144, 0.6558116976504607, 0.667271673161177, 0.7762701681490306, 0.69124403546843, 0.5759827356871714], [0.38468252152692894, 1.6149915880493246, 0.0, 0.26979257905144016, 0.6891685710733368, 0.11967464731316954, 0.46172224629815445, 0.6903860776246917, 0.3175047909597586, 0.2971736594271228, 0.005991591679928909, 0.5961180033381215, 0.6294931144565624, 0.6264923654262078, 0.7762159060963962, 0.6752862291447291, 0.5095493522262192], [-0.16310406812349276, 1.7485348030395707, 0.0, 0.2729143799696163, 0.7330417447226136, 0.10471468631982331, 0.6482105515549115, 0.6929816279290612, 0.2421931588259938, 0.29342963668593414, 0.005766509824583821, 0.5843625894523137, 0.6346635894803324, 0.6339456782022719, 0.7362819858817402, 0.633241389306014, 0.5164416718741467], [-0.38042110409507623, 1.7735252334759068, 0.0, 0.26027712982241874, 0.7393123286325145, 0.1028438989592029, 0.733256148340552, 0.6926022124804865, 0.24708146634872064, 0.29421091510465414, 0.005879081395912644, 0.6012755360922075, 0.6373607698873569, 0.6431192509900372, 0.7326059283421459, 0.6563565621355361, 0.5057890274121531]]}