{"labels_1": ["1", "2", "3", "4", "5", "6", "7", "8", "9"], "labels_2": ["1", "2", "3", "4", "5", "6", "7", "8", "9"], "adj_matrix_1": [[0.0, 0.13862, 0.18867, 0.08684, 0.22045, 0.25702, 0.19694, 0.30931, 0.20021], [0.13862, 0.0, 0.05686, 0.05457, 0.09628, 0.14587, 0.30372, 0.25405, 0.07069], [0.18867, 0.05686, 0.0, 0.10985, 0.04056, 0.09331, 0.33377, 0.22086, 0.01416], [0.08684, 0.05457, 0.10985, 0.0, 0.14692, 0.1923, 0.26767, 0.27969, 0.12307], [0.22045, 0.09628, 0.04056, 0.14692, 0.0, 0.05391, 0.34871, 0.19307, 0.02646], [0.25702, 0.14587, 0.09331, 0.1923, 0.05391, 0.0, 0.36104, 0.15102, 0.07973], [0.19694, 0.30372, 0.33377, 0.26767, 0.34871, 0.36104, 0.0, 0.33573, 0.33988], [0.30931, 0.25405, 0.22086, 0.27969, 0.19307, 0.15102, 0.33573, 0.0, 0.21151], [0.20021, 0.07069, 0.01416, 0.12307, 0.02646, 0.07973, 0.33988, 0.21151, 0.0]], "adj_matrix_2": [[0.0, 0.09094, 0.11387, 0.02027, 0.32025, 0.18732, 0.04954, 0.20678, 0.26944], [0.09094, 0.0, 0.02406, 0.11018, 0.26484, 0.10448, 0.04234, 0.12666, 0.2009], [0.11387, 0.02406, 0.0, 0.13257, 0.24704, 0.08133, 0.06614, 0.10407, 0.18074], [0.02027, 0.11018, 0.13257, 0.0, 0.32929, 0.20362, 0.06944, 0.22221, 0.28159], [0.32025, 0.26484, 0.24704, 0.32929, 0.0, 0.17857, 0.29307, 0.15709, 0.07764], [0.18732, 0.10448, 0.08133, 0.20362, 0.17857, 0.0, 0.14416, 0.02353, 0.10521], [0.04954, 0.04234, 0.06614, 0.06944, 0.29307, 0.14416, 0.0, 0.16536, 0.23505], [0.20678, 0.12666, 0.10407, 0.22221, 0.15709, 0.02353, 0.16536, 0.0, 0.08242], [0.26944, 0.2009, 0.18074, 0.28159, 0.07764, 0.10521, 0.23505, 0.08242, 0.0]], "features_1": [[-0.19763337390664937, 1.181913688983943, 0.0, 0.22782279856249926, 0.6024971999398114, 0.13213297748765646, 0.2705400382912096, 0.680042641849359, 0.39834685963591876, 0.26286328187248986, 0.007671947615560004, 0.6254670203523927, 0.6626848574423561, 0.6926472698193074, 0.7904230289861162, 0.7137343058532127, 0.61603683292467], [0.1605369459117041, 0.9744506612056384, 0.0, 0.22770059747394586, 0.5533819409544067, 0.13490729736705845, 0.2613997783646461, 0.6773146862777333, 0.41039907478952253, 0.22304807909591817, 0.007894969482732161, 0.6073631607885934, 0.6634404451476994, 0.6717725135154148, 0.7960890410694269, 0.7022555968989528, 0.6255298449280442], [-0.017649947482028416, 1.1573474582437566, 0.0, 0.2482014859315083, 0.6052529901274243, 0.1268139514293038, 0.2817278091207818, 0.6843492105352709, 0.36510853754588757, 0.24752879230309333, 0.007392832833969631, 0.6074333214107903, 0.6422642688638185, 0.655790546756363, 0.7772789758217591, 0.6897786347605395, 0.6146677239555511], [-0.17192333523573788, 1.2426063661360482, 0.0, 0.23584426792951235, 0.6169202448080408, 0.12742376834505983, 0.2515000258338226, 0.6832501668869331, 0.3676684248494053, 0.26474897015184906, 0.007225183508792421, 0.6176344026755975, 0.6430014919796074, 0.6565097094317204, 0.7750396481660808, 0.7011289794390655, 0.606134099729482], [0.1095386915505947, 0.9938689653018332, 0.0, 0.2496669731984654, 0.5639005779908401, 0.13358243160572958, 0.3780418015880528, 0.6809782253520091, 0.4076779910872579, 0.22585510321447022, 0.007671947615560004, 0.608345936173472, 0.6558730919423187, 0.6917185161179695, 0.8009437674017894, 0.7134381030296201, 0.6132788151509068], [0.34029322784837923, 1.2010226624752955, 0.0, 0.2712495839993798, 0.6219496990300382, 0.12168694553902847, 0.3516150618722428, 0.6885134883162982, 0.3401804092390681, 0.24295617510108825, 0.007057398507269275, 0.5962720784814739, 0.640203197432909, 0.6533021653297074, 0.7714046113491098, 0.7076631023845549, 0.604372018781034], [-0.40920684335864177, 1.2465448267606143, 0.0, 0.24653535709124452, 0.6288851677809606, 0.11934619128767406, 0.3272531764339341, 0.6894318821241819, 0.32439959577594246, 0.25300930646183484, 0.00677745458930179, 0.6228713507423205, 0.6413932707515005, 0.6489566168935611, 0.7627130665655857, 0.7021162043828131, 0.5798572593448635], [0.1337224871212772, 1.2758775539203533, 0.0, 0.26027120554172306, 0.6448610559696066, 0.11617233606075493, 0.5205571624017061, 0.6919013484128274, 0.3132962371674699, 0.24887748651188102, 0.006609306440138685, 0.5828386446396845, 0.6370765765509276, 0.654014182857797, 0.7679288481650135, 0.6829723076218378, 0.5298241802195307], [-0.05977467918351698, 1.3100874312339088, 0.0, 0.31455759796267824, 0.6502950986926944, 0.1149260019989434, 0.42601948570290843, 0.691857809631242, 0.31497886006411835, 0.25509336893266066, 0.00683347364535547, 0.6008142556667169, 0.6600322750511157, 0.6683594838200299, 0.7611407851851553, 0.6906770805940172, 0.5647685960223623]], "features_2": [[0.35140474217375184, 1.2321847579925156, 0.0, 0.168403155619373, 0.6209545629566529, 0.1275513076717519, 0.4187805534134192, 0.6858857930255742, 0.3708582940430467, 0.2571270059964881, 0.007001439975721224, 0.6026153326788783, 0.6609338304920038, 0.6670914414059028, 0.7915379741537594, 0.7004140822863846, 0.5734892254678658], [-0.1566497985878672, 0.9603822686519514, 0.0, 0.18660443258289927, 0.5573800295152778, 0.1305602499511402, 0.3698410689241868, 0.6833083181767743, 0.3812329826948664, 0.21738273276046782, 0.00711334193318236, 0.6141117715677948, 0.6771932917148678, 0.705362844114441, 0.7982135987265919, 0.7158045188882154, 0.6048747175142062], [0.132421713154796, 1.184339431048446, 0.0, 0.16617901672055993, 0.6146063643096504, 0.12331218843572903, 0.38767126799068163, 0.6878766942581345, 0.33576513457147894, 0.24163549382982064, 0.0064410216040902135, 0.6027315278247201, 0.6372075978946175, 0.6556565716444466, 0.7770066780894799, 0.6866327965693774, 0.5691990127587562], [0.2531936719981078, 1.1788020166716622, 0.0, 0.14999613319786906, 0.610337285629413, 0.1265397127457744, 0.39244236532212184, 0.6858819560397533, 0.36387741759153114, 0.2460047506967462, 0.007336964783822175, 0.6000999648500036, 0.6547028639725619, 0.6547575802030888, 0.7845116360658404, 0.7012585782120345, 0.5740040070448251], [-0.5162765862598491, 0.948110948181534, 0.0, 0.17942459578218156, 0.5556519428398415, 0.1286585748454331, 0.4519183481284877, 0.6855974591426608, 0.3676253604802475, 0.21448635047433684, 0.007001439975721224, 0.6275775415280718, 0.6909521390539987, 0.7114858848447616, 0.8011023057631417, 0.7180521915037309, 0.604242618531159], [-0.26930449373560705, 1.2129103480261236, 0.0, 0.1945080809662424, 0.6258007361430593, 0.11913774728985695, 0.45001253454299145, 0.6905770209516079, 0.3105757756032408, 0.2439084338271733, 0.006216428718621936, 0.6149261209309129, 0.6554606945262517, 0.6775270060030928, 0.7738156385802881, 0.6816158391247956, 0.5512237040474743], [0.01633336970776833, 1.2791087060616446, 0.0, 0.2093739229610441, 0.6292337338885247, 0.12541231851386367, 0.35139757604434435, 0.686168495405163, 0.3538973542114692, 0.2638475569630321, 0.00677745458930179, 0.6128771013943555, 0.6489660068232133, 0.6619108767692963, 0.7772992815686961, 0.7103465872178666, 0.5587523570753177], [-0.15154421652077943, 1.35864450761101, 0.0, 0.28872802455967506, 0.6549156610074391, 0.11793963623653522, 0.4453777424017282, 0.6910443185049637, 0.3320741676081074, 0.26811559126435713, 0.0066653709969386465, 0.6144790538018035, 0.649831792393843, 0.6778532382969182, 0.7695819574793751, 0.6935286853287908, 0.5292158030698514], [-0.4252459902830803, 1.4667847475758535, 0.0, 0.19631019231583444, 0.6828165281578769, 0.11077891286773152, 0.49487093666162635, 0.6929213000726271, 0.277143881957985, 0.27081633431178687, 0.006272599803500922, 0.6058788992798314, 0.6569743659611168, 0.6669458413886825, 0.7535041733375963, 0.6585391025125316, 0.5038354825081439]]}