{"labels_1": ["1", "2", "3", "4", "5", "6", "7", "8", "9"], "labels_2": ["1", "2", "3", "4", "5", "6", "7", "8", "9"], "adj_matrix_1": [[0.0, 0.2579, 0.04139, 0.08421, 0.21571, 0.05044, 0.25528, 0.24236, 0.17408], [0.2579, 0.0, 0.24398, 0.27547, 0.14991, 0.26994, 0.06642, 0.10837, 0.16178], [0.04139, 0.24398, 0.0, 0.1233, 0.2211, 0.0908, 0.25007, 0.2426, 0.13952], [0.08421, 0.27547, 0.1233, 0.0, 0.20027, 0.0345, 0.257, 0.23498, 0.23535], [0.21571, 0.14991, 0.2211, 0.20027, 0.0, 0.207, 0.0979, 0.05497, 0.21926], [0.05044, 0.26994, 0.0908, 0.0345, 0.207, 0.0, 0.25753, 0.2389, 0.21216], [0.25528, 0.06642, 0.25007, 0.257, 0.0979, 0.25753, 0.0, 0.0465, 0.20063], [0.24236, 0.10837, 0.2426, 0.23498, 0.05497, 0.2389, 0.0465, 0.0, 0.21653], [0.17408, 0.16178, 0.13952, 0.23535, 0.21926, 0.21216, 0.20063, 0.21653, 0.0]], "adj_matrix_2": [[0.0, 0.23983, 0.00228, 0.13483, 0.03535, 0.17534, 0.16053, 0.23157, 0.28613], [0.23983, 0.0, 0.2388, 0.2737, 0.22461, 0.27761, 0.27395, 0.27764, 0.27126], [0.00228, 0.2388, 0.0, 0.13689, 0.03309, 0.17724, 0.16254, 0.23319, 0.2874], [0.13483, 0.2737, 0.13689, 0.0, 0.16538, 0.04611, 0.02958, 0.1151, 0.18886], [0.03535, 0.22461, 0.03309, 0.16538, 0.0, 0.20309, 0.18898, 0.25417, 0.30214], [0.17534, 0.27761, 0.17724, 0.04611, 0.20309, 0.0, 0.01655, 0.07055, 0.148], [0.16053, 0.27395, 0.16254, 0.02958, 0.18898, 0.01655, 0.0, 0.08664, 0.16308], [0.23157, 0.27764, 0.23319, 0.1151, 0.25417, 0.07055, 0.08664, 0.0, 0.0806], [0.28613, 0.27126, 0.2874, 0.18886, 0.30214, 0.148, 0.16308, 0.0806, 0.0]], "features_1": [[0.47552513745391023, 1.4351660249658444, 0.0, 0.23069030847898467, 0.6489447859630579, 0.12429227993608255, 0.2963166129756445, 0.6859317442498586, 0.3446878132197113, 0.28110048766073126, 0.00711334193318236, 0.5927564262570106, 0.6306216735070603, 0.6438953145493553, 0.7731101925352821, 0.7193647788699934, 0.5648513934246314], [2.123376098531663, 1.3425419011636286, 0.0, 0.2765490431627762, 0.6184274958268698, 0.12729345592336785, 0.15929757404465406, 0.6803826888216653, 0.3834194195422116, 0.26641794642266037, 0.007336964783822175, 0.5703843209976274, 0.6003055594155056, 0.6235306176909017, 0.7618697237642801, 0.6958631768038911, 0.5573630646682696], [0.8045520473644321, 1.473668819287694, 0.0, 0.24580197960416983, 0.6602635594994932, 0.12080773189155161, 0.26042398336314393, 0.6876289932655832, 0.33391993653337204, 0.2792048438511707, 0.0066653709969386465, 0.5848714044550691, 0.6235774182346341, 0.6429133766566277, 0.7586172101694579, 0.6899554985300711, 0.5624574490772957], [0.4284237596010554, 1.426016048983782, 0.0, 0.2539662170100269, 0.6588066300115017, 0.119171863396094, 0.3758485704708363, 0.68973803247088, 0.3224712787368347, 0.2709246363558375, 0.00655322669591385, 0.5894858839778483, 0.6427826130871838, 0.6467113114687828, 0.7674179390288045, 0.679363336042301, 0.5598641485160454], [1.5330590586059323, 1.281236204501078, 0.0, 0.23489754334010865, 0.6183612410755464, 0.12529230893506985, 0.31481036994160905, 0.6846865645550736, 0.3871111733167729, 0.258330533895782, 0.007281081678807366, 0.5657001218374433, 0.6167004063732503, 0.6479657901119824, 0.7747358338341462, 0.7064287108680258, 0.5725201420201371], [0.5447104447844855, 1.4436272836273603, 0.0, 0.25403459488613767, 0.6626834507788018, 0.1174702862560911, 0.3550156877471885, 0.6900420164149601, 0.32507622600192865, 0.27082510017541095, 0.0064410216040902135, 0.5885038875735296, 0.6183836753771881, 0.6391690937936951, 0.7604939152440123, 0.6879665024283946, 0.5730690341048632], [1.190638074029831, 1.449869290944788, 0.0, 0.29483825212263365, 0.665879272404059, 0.11822826042070958, 0.4143711386732093, 0.6904638109830868, 0.32048428941982343, 0.26926218503823884, 0.006328755639155359, 0.5631453032971243, 0.6328385977740404, 0.6336114152653143, 0.76863022129032, 0.6543737795801415, 0.5588138587195908], [1.8345266834672511, 1.7228690022872415, 0.0, 0.3000216327048874, 0.7240398899417134, 0.10782097104411315, 0.6283137854686714, 0.6929239105433995, 0.3362055315054935, 0.2914188515178302, 0.007057398507269275, 0.5617429185219251, 0.6260111303170279, 0.6254775795679334, 0.7551370349216889, 0.690004998288519, 0.5318601881682441], [1.0328946590480221, 1.8518558280913193, 0.0, 0.31682453917887304, 0.74502514936882, 0.10375190845871454, 0.5323566207953796, 0.6930019237309859, 0.2789788768033663, 0.2985536583481705, 0.006216428718621936, 0.5546450114185362, 0.617895734776185, 0.6237605596116014, 0.7363441366201053, 0.6592183175724557, 0.5133326944327036]], "features_2": [[0.05728419150825692, 1.2782855521410583, 0.0, 0.17411680584317396, 0.616682055943297, 0.1331295748015814, 0.3052322414573325, 0.6791536533284506, 0.3870793836717865, 0.2779870527914696, 0.007560346756364078, 0.6186956875971057, 0.6626516960729937, 0.6743142322268532, 0.7931241675069914, 0.7200074100540581, 0.6195311008681967], [0.38173956581389, 1.0487911193570012, 0.0, 0.19489113127951288, 0.571501251982522, 0.1343690609143627, 0.3906545759314504, 0.6781615523564118, 0.3970496866502977, 0.23605228365724829, 0.007671947615560004, 0.5990122379240446, 0.658115621192236, 0.6891741398695058, 0.793947064175079, 0.7083861385269046, 0.619998139827434], [0.30557899414872347, 1.324216459275904, 0.0, 0.21556013792923676, 0.6278186203367869, 0.13087495948700095, 0.2965860380348886, 0.6804985467201967, 0.3910397580593026, 0.2829853339061026, 0.007671947615560004, 0.6155749483093125, 0.6418134783662145, 0.6690616898521019, 0.7827346557819224, 0.6828065292073972, 0.6086375958205322], [0.254371177604515, 1.4055027499854167, 0.0, 0.22110172576600345, 0.6406415470807414, 0.1318312052825583, 0.3189474131805973, 0.6796709825774588, 0.39590920851512457, 0.2967760035443765, 0.007894969482732161, 0.6182764690788876, 0.643896953916761, 0.6702339657293174, 0.7837082982014569, 0.7010132826704066, 0.6083986860197572], [-0.06790750858151284, 1.1624908266663716, 0.0, 0.22303440850088152, 0.6069163784875924, 0.1275406664967988, 0.5378476697463199, 0.6857616365790447, 0.3786178628339747, 0.25050600894016073, 0.007448685839370306, 0.6104349498550699, 0.671811698612447, 0.701929617783581, 0.7887625282701253, 0.7050145310173564, 0.6034935307175805], [0.1996142264142482, 1.360858143351922, 0.0, 0.2429118318996155, 0.6423161096550316, 0.1282358504329127, 0.4619309640457686, 0.6843716489085081, 0.38935530049775013, 0.28291125214558677, 0.007783488497544067, 0.6128234907068557, 0.6426469736174617, 0.6493361063521721, 0.7820663508778993, 0.7007669647707955, 0.606899989463591], [0.2615748421732298, 1.8213548415095686, 0.0, 0.24205730680287812, 0.7184396763270494, 0.11910126731162629, 0.5442106824997005, 0.6906496159313438, 0.3283861845629139, 0.3294539214177523, 0.006889477554966383, 0.6007894459144023, 0.6543401043467842, 0.6494406061364301, 0.7706421721803752, 0.7093180176468284, 0.5238416041168261], [0.024706986747221382, 1.4133954871991652, 0.0, 0.23287207396452136, 0.675628422788776, 0.11381122642672237, 0.8060680154137337, 0.6927045279951022, 0.30186322088724893, 0.2637544036146513, 0.0064410216040902135, 0.5968489689739713, 0.6575431080964327, 0.6592967185539438, 0.7624228798346131, 0.7018213449720888, 0.5276513268088152], [-0.017081882246575475, 1.5372482320557501, 0.0, 0.24041973486034607, 0.6965650929499204, 0.11033563143359813, 0.8857120861428605, 0.693074841367409, 0.2852687048844933, 0.2777170930348458, 0.006328755639155359, 0.5977633142132293, 0.6470334143094457, 0.6575778709827766, 0.7468888967758328, 0.6772803414580212, 0.5149665050014623]]}