{"labels_1": ["1", "2", "3", "4", "5", "6", "7", "8", "9"], "labels_2": ["1", "2", "3", "4", "5", "6", "7", "8", "9"], "adj_matrix_1": [[0.0, 0.2579, 0.04139, 0.08421, 0.21571, 0.05044, 0.25528, 0.24236, 0.17408], [0.2579, 0.0, 0.24398, 0.27547, 0.14991, 0.26994, 0.06642, 0.10837, 0.16178], [0.04139, 0.24398, 0.0, 0.1233, 0.2211, 0.0908, 0.25007, 0.2426, 0.13952], [0.08421, 0.27547, 0.1233, 0.0, 0.20027, 0.0345, 0.257, 0.23498, 0.23535], [0.21571, 0.14991, 0.2211, 0.20027, 0.0, 0.207, 0.0979, 0.05497, 0.21926], [0.05044, 0.26994, 0.0908, 0.0345, 0.207, 0.0, 0.25753, 0.2389, 0.21216], [0.25528, 0.06642, 0.25007, 0.257, 0.0979, 0.25753, 0.0, 0.0465, 0.20063], [0.24236, 0.10837, 0.2426, 0.23498, 0.05497, 0.2389, 0.0465, 0.0, 0.21653], [0.17408, 0.16178, 0.13952, 0.23535, 0.21926, 0.21216, 0.20063, 0.21653, 0.0]], "adj_matrix_2": [[0.0, 0.12474, 0.10869, 0.03185, 0.10961, 0.10414, 0.0168, 0.0745, 0.1994], [0.12474, 0.0, 0.01828, 0.09594, 0.01715, 0.02328, 0.1094, 0.05442, 0.26812], [0.10869, 0.01828, 0.0, 0.07896, 0.00114, 0.00502, 0.09306, 0.03654, 0.26293], [0.03185, 0.09594, 0.07896, 0.0, 0.07994, 0.07418, 0.01508, 0.04342, 0.22159], [0.10961, 0.01715, 0.00114, 0.07994, 0.0, 0.00616, 0.09386, 0.03761, 0.26248], [0.10414, 0.02328, 0.00502, 0.07418, 0.00616, 0.0, 0.08837, 0.03157, 0.26096], [0.0168, 0.1094, 0.09306, 0.01508, 0.09386, 0.08837, 0.0, 0.05819, 0.21181], [0.0745, 0.05442, 0.03654, 0.04342, 0.03761, 0.03157, 0.05819, 0.0, 0.24698], [0.1994, 0.26812, 0.26293, 0.22159, 0.26248, 0.26096, 0.21181, 0.24698, 0.0]], "features_1": [[0.47552513745391023, 1.4351660249658444, 0.0, 0.23069030847898467, 0.6489447859630579, 0.12429227993608255, 0.2963166129756445, 0.6859317442498586, 0.3446878132197113, 0.28110048766073126, 0.00711334193318236, 0.5927564262570106, 0.6306216735070603, 0.6438953145493553, 0.7731101925352821, 0.7193647788699934, 0.5648513934246314], [2.123376098531663, 1.3425419011636286, 0.0, 0.2765490431627762, 0.6184274958268698, 0.12729345592336785, 0.15929757404465406, 0.6803826888216653, 0.3834194195422116, 0.26641794642266037, 0.007336964783822175, 0.5703843209976274, 0.6003055594155056, 0.6235306176909017, 0.7618697237642801, 0.6958631768038911, 0.5573630646682696], [0.8045520473644321, 1.473668819287694, 0.0, 0.24580197960416983, 0.6602635594994932, 0.12080773189155161, 0.26042398336314393, 0.6876289932655832, 0.33391993653337204, 0.2792048438511707, 0.0066653709969386465, 0.5848714044550691, 0.6235774182346341, 0.6429133766566277, 0.7586172101694579, 0.6899554985300711, 0.5624574490772957], [0.4284237596010554, 1.426016048983782, 0.0, 0.2539662170100269, 0.6588066300115017, 0.119171863396094, 0.3758485704708363, 0.68973803247088, 0.3224712787368347, 0.2709246363558375, 0.00655322669591385, 0.5894858839778483, 0.6427826130871838, 0.6467113114687828, 0.7674179390288045, 0.679363336042301, 0.5598641485160454], [1.5330590586059323, 1.281236204501078, 0.0, 0.23489754334010865, 0.6183612410755464, 0.12529230893506985, 0.31481036994160905, 0.6846865645550736, 0.3871111733167729, 0.258330533895782, 0.007281081678807366, 0.5657001218374433, 0.6167004063732503, 0.6479657901119824, 0.7747358338341462, 0.7064287108680258, 0.5725201420201371], [0.5447104447844855, 1.4436272836273603, 0.0, 0.25403459488613767, 0.6626834507788018, 0.1174702862560911, 0.3550156877471885, 0.6900420164149601, 0.32507622600192865, 0.27082510017541095, 0.0064410216040902135, 0.5885038875735296, 0.6183836753771881, 0.6391690937936951, 0.7604939152440123, 0.6879665024283946, 0.5730690341048632], [1.190638074029831, 1.449869290944788, 0.0, 0.29483825212263365, 0.665879272404059, 0.11822826042070958, 0.4143711386732093, 0.6904638109830868, 0.32048428941982343, 0.26926218503823884, 0.006328755639155359, 0.5631453032971243, 0.6328385977740404, 0.6336114152653143, 0.76863022129032, 0.6543737795801415, 0.5588138587195908], [1.8345266834672511, 1.7228690022872415, 0.0, 0.3000216327048874, 0.7240398899417134, 0.10782097104411315, 0.6283137854686714, 0.6929239105433995, 0.3362055315054935, 0.2914188515178302, 0.007057398507269275, 0.5617429185219251, 0.6260111303170279, 0.6254775795679334, 0.7551370349216889, 0.690004998288519, 0.5318601881682441], [1.0328946590480221, 1.8518558280913193, 0.0, 0.31682453917887304, 0.74502514936882, 0.10375190845871454, 0.5323566207953796, 0.6930019237309859, 0.2789788768033663, 0.2985536583481705, 0.006216428718621936, 0.5546450114185362, 0.617895734776185, 0.6237605596116014, 0.7363441366201053, 0.6592183175724557, 0.5133326944327036]], "features_2": [[0.38141388184430935, 1.3494813295234223, 0.0, 0.2814910798047084, 0.6573253101134505, 0.1217377004795305, 0.533982978740012, 0.6904832713501023, 0.3587469163368229, 0.27048178001870693, 0.007281081678807366, 0.590975132032757, 0.6778558309964079, 0.7048904347776359, 0.7899623628052671, 0.6978103067999918, 0.5757188766370266], [0.5680918613196053, 1.0853671505402473, 0.0, 0.2482614718120886, 0.5919990500626526, 0.13341999942901667, 0.34395837520004663, 0.6813036575806871, 0.4235118142891716, 0.24416812135004684, 0.007894969482732161, 0.6010568235275864, 0.6650040358668695, 0.6965050553410201, 0.8020766263486376, 0.7259985508378263, 0.6137819077750976], [0.7782056734016343, 1.3673298953596469, 0.0, 0.2895094042682507, 0.6652886153323069, 0.11906889610477185, 0.5037072625885777, 0.6910826509424888, 0.3457030682913713, 0.26512529009350283, 0.007001439975721224, 0.5792678305490218, 0.6406408782406292, 0.6692008625295498, 0.7763046616778889, 0.6986554392972141, 0.5774512642142617], [0.547367919526776, 1.396139013439641, 0.0, 0.31706121285847877, 0.6744205248933884, 0.11536088379610618, 0.5715982216647291, 0.6923923987195766, 0.323997811925016, 0.2656459609196009, 0.00716927026363523, 0.5799044132981983, 0.6432929769408503, 0.6691174376357363, 0.7732561258399053, 0.6857278022699216, 0.5605390234827199], [0.6051970284861423, 1.1044620855597027, 0.0, 0.21412762372811422, 0.5919657805968707, 0.13233241969074794, 0.35754356277640087, 0.6823017842545622, 0.42528301062548857, 0.24474928083865555, 0.007950687539111767, 0.5970372608135923, 0.6604969609816422, 0.6838716064115029, 0.8028813394313354, 0.71547662320902, 0.6117129256963353], [0.9013922059242425, 1.345531361477624, 0.0, 0.28967637448444217, 0.6687938680202696, 0.11378218889511217, 0.5820296129542057, 0.6927681891000304, 0.31820865872629267, 0.2523846651270274, 0.006497131753992358, 0.570349412606505, 0.6477826555311588, 0.6676572703465068, 0.7697097392166605, 0.6889763873654605, 0.5567270390548287], [0.42968081576573036, 1.646221541187877, 0.0, 0.30866726442140746, 0.7103948980813606, 0.11386765269151464, 0.5469424582002717, 0.6926181316204106, 0.3145295535013426, 0.2966283971072097, 0.00683347364535547, 0.5830479485507287, 0.6484574700958198, 0.6492661862493073, 0.7666186871211451, 0.6638166239059873, 0.4890130656826429], [0.317633846275422, 1.4634731966890318, 0.0, 0.23693234415823305, 0.676978287733365, 0.11356812606012154, 0.398779515608112, 0.6927594087249758, 0.310552883312895, 0.2655009050455166, 0.006721420376576193, 0.5833826442054737, 0.6387371833055004, 0.6186265145053896, 0.75883624629634, 0.6857855349942931, 0.5198955457031701], [0.6068643714490278, 1.6734372521213456, 0.0, 0.26156459034972457, 0.7224081748700594, 0.10449913171659429, 0.4813655658267443, 0.6928809719647135, 0.27292455845763475, 0.2751791308804348, 0.006160242374180447, 0.58093120020885, 0.6147665670468034, 0.6063463165913232, 0.733774556081811, 0.6870831833298839, 0.47504716839422734]]}