{"labels_1": ["1", "2", "3", "4", "5", "6", "7", "8", "9"], "labels_2": ["1", "2", "3", "4", "5", "6", "7", "8", "9"], "adj_matrix_1": [[0.0, 0.2579, 0.04139, 0.08421, 0.21571, 0.05044, 0.25528, 0.24236, 0.17408], [0.2579, 0.0, 0.24398, 0.27547, 0.14991, 0.26994, 0.06642, 0.10837, 0.16178], [0.04139, 0.24398, 0.0, 0.1233, 0.2211, 0.0908, 0.25007, 0.2426, 0.13952], [0.08421, 0.27547, 0.1233, 0.0, 0.20027, 0.0345, 0.257, 0.23498, 0.23535], [0.21571, 0.14991, 0.2211, 0.20027, 0.0, 0.207, 0.0979, 0.05497, 0.21926], [0.05044, 0.26994, 0.0908, 0.0345, 0.207, 0.0, 0.25753, 0.2389, 0.21216], [0.25528, 0.06642, 0.25007, 0.257, 0.0979, 0.25753, 0.0, 0.0465, 0.20063], [0.24236, 0.10837, 0.2426, 0.23498, 0.05497, 0.2389, 0.0465, 0.0, 0.21653], [0.17408, 0.16178, 0.13952, 0.23535, 0.21926, 0.21216, 0.20063, 0.21653, 0.0]], "adj_matrix_2": [[0.0, 0.08624, 0.12014, 0.04092, 0.00602, 0.14759, 0.23906, 0.07779, 0.22349], [0.08624, 0.0, 0.18199, 0.04703, 0.08071, 0.1978, 0.19438, 0.00879, 0.17084], [0.12014, 0.18199, 0.0, 0.15159, 0.12504, 0.03707, 0.24436, 0.17583, 0.24101], [0.04092, 0.04703, 0.15159, 0.0, 0.03497, 0.17388, 0.22213, 0.03822, 0.20271], [0.00602, 0.08071, 0.12504, 0.03497, 0.0, 0.15178, 0.23674, 0.07194, 0.2203], [0.14759, 0.1978, 0.03707, 0.17388, 0.15178, 0.0, 0.23274, 0.19275, 0.23254], [0.23906, 0.19438, 0.24436, 0.22213, 0.23674, 0.23274, 0.0, 0.20034, 0.03078], [0.07779, 0.00879, 0.17583, 0.03822, 0.07194, 0.19275, 0.20034, 0.0, 0.17839], [0.22349, 0.17084, 0.24101, 0.20271, 0.2203, 0.23254, 0.03078, 0.17839, 0.0]], "features_1": [[0.47552513745391023, 1.4351660249658444, 0.0, 0.23069030847898467, 0.6489447859630579, 0.12429227993608255, 0.2963166129756445, 0.6859317442498586, 0.3446878132197113, 0.28110048766073126, 0.00711334193318236, 0.5927564262570106, 0.6306216735070603, 0.6438953145493553, 0.7731101925352821, 0.7193647788699934, 0.5648513934246314], [2.123376098531663, 1.3425419011636286, 0.0, 0.2765490431627762, 0.6184274958268698, 0.12729345592336785, 0.15929757404465406, 0.6803826888216653, 0.3834194195422116, 0.26641794642266037, 0.007336964783822175, 0.5703843209976274, 0.6003055594155056, 0.6235306176909017, 0.7618697237642801, 0.6958631768038911, 0.5573630646682696], [0.8045520473644321, 1.473668819287694, 0.0, 0.24580197960416983, 0.6602635594994932, 0.12080773189155161, 0.26042398336314393, 0.6876289932655832, 0.33391993653337204, 0.2792048438511707, 0.0066653709969386465, 0.5848714044550691, 0.6235774182346341, 0.6429133766566277, 0.7586172101694579, 0.6899554985300711, 0.5624574490772957], [0.4284237596010554, 1.426016048983782, 0.0, 0.2539662170100269, 0.6588066300115017, 0.119171863396094, 0.3758485704708363, 0.68973803247088, 0.3224712787368347, 0.2709246363558375, 0.00655322669591385, 0.5894858839778483, 0.6427826130871838, 0.6467113114687828, 0.7674179390288045, 0.679363336042301, 0.5598641485160454], [1.5330590586059323, 1.281236204501078, 0.0, 0.23489754334010865, 0.6183612410755464, 0.12529230893506985, 0.31481036994160905, 0.6846865645550736, 0.3871111733167729, 0.258330533895782, 0.007281081678807366, 0.5657001218374433, 0.6167004063732503, 0.6479657901119824, 0.7747358338341462, 0.7064287108680258, 0.5725201420201371], [0.5447104447844855, 1.4436272836273603, 0.0, 0.25403459488613767, 0.6626834507788018, 0.1174702862560911, 0.3550156877471885, 0.6900420164149601, 0.32507622600192865, 0.27082510017541095, 0.0064410216040902135, 0.5885038875735296, 0.6183836753771881, 0.6391690937936951, 0.7604939152440123, 0.6879665024283946, 0.5730690341048632], [1.190638074029831, 1.449869290944788, 0.0, 0.29483825212263365, 0.665879272404059, 0.11822826042070958, 0.4143711386732093, 0.6904638109830868, 0.32048428941982343, 0.26926218503823884, 0.006328755639155359, 0.5631453032971243, 0.6328385977740404, 0.6336114152653143, 0.76863022129032, 0.6543737795801415, 0.5588138587195908], [1.8345266834672511, 1.7228690022872415, 0.0, 0.3000216327048874, 0.7240398899417134, 0.10782097104411315, 0.6283137854686714, 0.6929239105433995, 0.3362055315054935, 0.2914188515178302, 0.007057398507269275, 0.5617429185219251, 0.6260111303170279, 0.6254775795679334, 0.7551370349216889, 0.690004998288519, 0.5318601881682441], [1.0328946590480221, 1.8518558280913193, 0.0, 0.31682453917887304, 0.74502514936882, 0.10375190845871454, 0.5323566207953796, 0.6930019237309859, 0.2789788768033663, 0.2985536583481705, 0.006216428718621936, 0.5546450114185362, 0.617895734776185, 0.6237605596116014, 0.7363441366201053, 0.6592183175724557, 0.5133326944327036]], "features_2": [[0.5855902387920944, 1.2785256083990335, 0.0, 0.2791622377835233, 0.6327876422957228, 0.12185800270293781, 0.5049320911436098, 0.6894380414247578, 0.3417394311531994, 0.25567023762166374, 0.007001439975721224, 0.5729521067923176, 0.6490739070537878, 0.6743922571421461, 0.7813484519823222, 0.7243472435782895, 0.5914378723257264], [0.2031022800706963, 0.9891859375536729, 0.0, 0.251971948602583, 0.5662349519809885, 0.1280468973409554, 0.36261877715404867, 0.6848183773026553, 0.3654324724522633, 0.21768885437916485, 0.007783488497544067, 0.5902353423790618, 0.6461887365968256, 0.6737266298546599, 0.7905658310020921, 0.7155468156097853, 0.613525509012943], [0.9440701784042114, 1.232236806811518, 0.0, 0.2878644240725097, 0.6309852383679458, 0.11846862672311617, 0.5088213752337041, 0.6908393866023251, 0.3172715369477812, 0.23920495079522186, 0.00677745458930179, 0.5644022877541941, 0.6384908551254117, 0.6456002837377101, 0.7698300762875275, 0.7041916326944823, 0.5843532922149159], [0.6415925659251518, 1.232198457552508, 0.0, 0.27598900046640673, 0.6243205922708333, 0.1220788414978213, 0.5243953086958598, 0.6891013108615935, 0.33451019756680345, 0.24540097229220703, 0.00711334193318236, 0.5739738899493969, 0.6315694183519457, 0.6623524880383599, 0.777350156136018, 0.7214939850264797, 0.5994834210312486], [0.9584842353278442, 1.0904371797818884, 0.0, 0.2537806616387201, 0.5945018559744075, 0.12745398554340992, 0.4574513345660492, 0.6870569397873172, 0.39170907455572546, 0.23415024599992496, 0.007504523810135222, 0.5928896270473685, 0.6564040295887978, 0.6746019192879901, 0.7971248449869918, 0.7171769889605598, 0.6153318761726606], [0.9075819593032661, 1.2577385556982927, 0.0, 0.2934863490982449, 0.6488131249016325, 0.11265007228786086, 0.7015287315093304, 0.6929157665594099, 0.28237439994465996, 0.2318517323888074, 0.005991591679928909, 0.562809047755255, 0.6332320693267706, 0.6518166736350399, 0.761721652976133, 0.6772213418160433, 0.5625958074335944], [0.23682245337047547, 1.2897578648344956, 0.0, 0.2653939348302245, 0.6411877126454092, 0.11757554942286455, 0.5929813814936715, 0.6911826807828902, 0.3081713223583713, 0.2490619736985964, 0.00655322669591385, 0.5867692496810335, 0.6388944019741012, 0.6524898086427454, 0.7723141321490866, 0.6828498691189544, 0.5781127284049409], [0.7394550048286428, 1.7216231199148528, 0.0, 0.28072377799599213, 0.7318665581051682, 0.1059487169368177, 0.5913276980967084, 0.6930684924704755, 0.2825028249673649, 0.29106283825974666, 0.006609306440138685, 0.5568273504106389, 0.6447167534286579, 0.6277867902986293, 0.7418157146112101, 0.6604192395740816, 0.5119517772295203], [0.04094349158361199, 1.6349971384755149, 0.0, 0.2624920888490423, 0.7201739758917032, 0.10351560114706268, 0.5258544830142036, 0.6929492003871812, 0.24592812746266057, 0.27872868703878884, 0.005766509824583821, 0.5766743190704826, 0.6207636279283864, 0.6330513778009652, 0.7275486670988313, 0.6503545888817786, 0.5113010874137918]]}