{"labels_1": ["1", "2", "3", "4", "5", "6", "7", "8", "9"], "labels_2": ["1", "2", "3", "4", "5", "6", "7", "8", "9"], "adj_matrix_1": [[0.0, 0.2579, 0.04139, 0.08421, 0.21571, 0.05044, 0.25528, 0.24236, 0.17408], [0.2579, 0.0, 0.24398, 0.27547, 0.14991, 0.26994, 0.06642, 0.10837, 0.16178], [0.04139, 0.24398, 0.0, 0.1233, 0.2211, 0.0908, 0.25007, 0.2426, 0.13952], [0.08421, 0.27547, 0.1233, 0.0, 0.20027, 0.0345, 0.257, 0.23498, 0.23535], [0.21571, 0.14991, 0.2211, 0.20027, 0.0, 0.207, 0.0979, 0.05497, 0.21926], [0.05044, 0.26994, 0.0908, 0.0345, 0.207, 0.0, 0.25753, 0.2389, 0.21216], [0.25528, 0.06642, 0.25007, 0.257, 0.0979, 0.25753, 0.0, 0.0465, 0.20063], [0.24236, 0.10837, 0.2426, 0.23498, 0.05497, 0.2389, 0.0465, 0.0, 0.21653], [0.17408, 0.16178, 0.13952, 0.23535, 0.21926, 0.21216, 0.20063, 0.21653, 0.0]], "adj_matrix_2": [[0.0, 0.24177, 0.10118, 0.01202, 0.08282, 0.15498, 0.3061, 0.24391, 0.29779], [0.24177, 0.0, 0.26439, 0.23629, 0.19259, 0.1255, 0.17805, 0.00489, 0.14395], [0.10118, 0.26439, 0.0, 0.11176, 0.16922, 0.21891, 0.27525, 0.2646, 0.27642], [0.01202, 0.23629, 0.11176, 0.0, 0.07143, 0.14537, 0.30709, 0.23872, 0.29757], [0.08282, 0.19259, 0.16922, 0.07143, 0.0, 0.08084, 0.29984, 0.19573, 0.28289], [0.15498, 0.1255, 0.21891, 0.14537, 0.08084, 0.0, 0.26872, 0.12972, 0.24389], [0.3061, 0.17805, 0.27525, 0.30709, 0.29984, 0.26872, 0.0, 0.17424, 0.03841], [0.24391, 0.00489, 0.2646, 0.23872, 0.19573, 0.12972, 0.17424, 0.0, 0.13985], [0.29779, 0.14395, 0.27642, 0.29757, 0.28289, 0.24389, 0.03841, 0.13985, 0.0]], "features_1": [[0.47552513745391023, 1.4351660249658444, 0.0, 0.23069030847898467, 0.6489447859630579, 0.12429227993608255, 0.2963166129756445, 0.6859317442498586, 0.3446878132197113, 0.28110048766073126, 0.00711334193318236, 0.5927564262570106, 0.6306216735070603, 0.6438953145493553, 0.7731101925352821, 0.7193647788699934, 0.5648513934246314], [2.123376098531663, 1.3425419011636286, 0.0, 0.2765490431627762, 0.6184274958268698, 0.12729345592336785, 0.15929757404465406, 0.6803826888216653, 0.3834194195422116, 0.26641794642266037, 0.007336964783822175, 0.5703843209976274, 0.6003055594155056, 0.6235306176909017, 0.7618697237642801, 0.6958631768038911, 0.5573630646682696], [0.8045520473644321, 1.473668819287694, 0.0, 0.24580197960416983, 0.6602635594994932, 0.12080773189155161, 0.26042398336314393, 0.6876289932655832, 0.33391993653337204, 0.2792048438511707, 0.0066653709969386465, 0.5848714044550691, 0.6235774182346341, 0.6429133766566277, 0.7586172101694579, 0.6899554985300711, 0.5624574490772957], [0.4284237596010554, 1.426016048983782, 0.0, 0.2539662170100269, 0.6588066300115017, 0.119171863396094, 0.3758485704708363, 0.68973803247088, 0.3224712787368347, 0.2709246363558375, 0.00655322669591385, 0.5894858839778483, 0.6427826130871838, 0.6467113114687828, 0.7674179390288045, 0.679363336042301, 0.5598641485160454], [1.5330590586059323, 1.281236204501078, 0.0, 0.23489754334010865, 0.6183612410755464, 0.12529230893506985, 0.31481036994160905, 0.6846865645550736, 0.3871111733167729, 0.258330533895782, 0.007281081678807366, 0.5657001218374433, 0.6167004063732503, 0.6479657901119824, 0.7747358338341462, 0.7064287108680258, 0.5725201420201371], [0.5447104447844855, 1.4436272836273603, 0.0, 0.25403459488613767, 0.6626834507788018, 0.1174702862560911, 0.3550156877471885, 0.6900420164149601, 0.32507622600192865, 0.27082510017541095, 0.0064410216040902135, 0.5885038875735296, 0.6183836753771881, 0.6391690937936951, 0.7604939152440123, 0.6879665024283946, 0.5730690341048632], [1.190638074029831, 1.449869290944788, 0.0, 0.29483825212263365, 0.665879272404059, 0.11822826042070958, 0.4143711386732093, 0.6904638109830868, 0.32048428941982343, 0.26926218503823884, 0.006328755639155359, 0.5631453032971243, 0.6328385977740404, 0.6336114152653143, 0.76863022129032, 0.6543737795801415, 0.5588138587195908], [1.8345266834672511, 1.7228690022872415, 0.0, 0.3000216327048874, 0.7240398899417134, 0.10782097104411315, 0.6283137854686714, 0.6929239105433995, 0.3362055315054935, 0.2914188515178302, 0.007057398507269275, 0.5617429185219251, 0.6260111303170279, 0.6254775795679334, 0.7551370349216889, 0.690004998288519, 0.5318601881682441], [1.0328946590480221, 1.8518558280913193, 0.0, 0.31682453917887304, 0.74502514936882, 0.10375190845871454, 0.5323566207953796, 0.6930019237309859, 0.2789788768033663, 0.2985536583481705, 0.006216428718621936, 0.5546450114185362, 0.617895734776185, 0.6237605596116014, 0.7363441366201053, 0.6592183175724557, 0.5133326944327036]], "features_2": [[0.46519506384557996, 1.2912175861701274, 0.0, 0.21060288832403484, 0.6171688435569305, 0.13113421011773355, 0.2608239065271512, 0.6798126646840352, 0.37956096256222405, 0.2750182110954926, 0.007560346756364078, 0.5894303023651553, 0.6531714144497991, 0.6716570981734838, 0.7859663630307888, 0.6877378567619594, 0.5964900234423702], [0.27343068939963944, 1.068528514039855, 0.0, 0.23677331849331013, 0.5679143013597555, 0.13590670058286455, 0.23393102688106565, 0.6744606334839063, 0.4165808027167779, 0.24513117930035455, 0.007950687539111767, 0.6147157227857112, 0.6489197746058515, 0.6765199460904797, 0.7930762558704457, 0.6920179878716001, 0.6219741628375547], [0.4994122294906975, 1.2437419244238126, 0.0, 0.2510715327543432, 0.6099150567594017, 0.13137131615020275, 0.24704481716547236, 0.6795729143216763, 0.3853452582467385, 0.26765158166674086, 0.00783923647221818, 0.5930962881354116, 0.654377302857831, 0.6728341804920105, 0.7847113797006411, 0.6832758386259266, 0.6057585123078699], [0.15621657148563983, 1.3288238772853498, 0.0, 0.23517499905170072, 0.6228365771196317, 0.13068943106827313, 0.21947615082845856, 0.6792555351420511, 0.38200745250401336, 0.28476849064270926, 0.007616154688146137, 0.6050417999353597, 0.6424683177278903, 0.6697749411215433, 0.7790323229237307, 0.7074027344922489, 0.5959960595210577], [0.04818217051269791, 1.110589216619292, 0.0, 0.2041821513842875, 0.5731743095912869, 0.13825295793554446, 0.22202023367300328, 0.6720612796179868, 0.42125521058283844, 0.2573486559838647, 0.007783488497544067, 0.6166213053181391, 0.6675746374627555, 0.6995172976520501, 0.7992243654418201, 0.7142519599177782, 0.6204735111776365], [0.010642706239382793, 1.1679873384257922, 0.0, 0.22108073617757548, 0.6027817713183576, 0.13073058892518757, 0.320495532552269, 0.6820487577503582, 0.3900663773789048, 0.2574555705825101, 0.007616154688146137, 0.6158068446812786, 0.6563551729784945, 0.6958436902159526, 0.7915858358540055, 0.6981892567569041, 0.6208633450154132], [-0.2634529995544357, 1.4447829779485046, 0.0, 0.21617613036722566, 0.6577144163272087, 0.12264848502259648, 0.3833592635083427, 0.6880967422416027, 0.35553264644122007, 0.2916132175391719, 0.007504523810135222, 0.6151802549070431, 0.6715019168337897, 0.6784234514116017, 0.7765750842270988, 0.6921098601678174, 0.5666956138744274], [-0.14049460136678338, 1.4826377448225618, 0.0, 0.23480336214605355, 0.6855997039758074, 0.11502687844711867, 0.6162754930990069, 0.6925114129728306, 0.3217803077742054, 0.28225613615177414, 0.0066653709969386465, 0.5976046949163454, 0.6674167108378883, 0.6816710443542232, 0.7713900903847372, 0.678592632539627, 0.5658241179383263], [-0.20239677854006688, 1.4928469508575504, 0.0, 0.21201058642705695, 0.6938114625762402, 0.11012956922421724, 0.616001779116442, 0.6931214448712499, 0.284192529875507, 0.27304615327928494, 0.006272599803500922, 0.5930828697000428, 0.6659329928677616, 0.6856981363609393, 0.7611092983553549, 0.6838958284045474, 0.5344136649689909]]}