{"labels_1": ["1", "2", "3", "4", "5", "6", "7", "8", "9"], "labels_2": ["1", "2", "3", "4", "5", "6", "7", "8", "9"], "adj_matrix_1": [[0.0, 0.05997, 0.01258, 0.01014, 0.10301, 0.1238, 0.30828, 0.14731, 0.16391], [0.05997, 0.0, 0.07235, 0.06994, 0.15957, 0.06578, 0.29452, 0.09063, 0.17785], [0.01258, 0.07235, 0.0, 0.00244, 0.09082, 0.13556, 0.3104, 0.15873, 0.16114], [0.01014, 0.06994, 0.00244, 0.0, 0.09318, 0.13327, 0.31002, 0.15651, 0.16153], [0.10301, 0.15957, 0.09082, 0.09318, 0.0, 0.21649, 0.31973, 0.23644, 0.14147], [0.1238, 0.06578, 0.13556, 0.13327, 0.21649, 0.0, 0.27264, 0.02552, 0.19242], [0.30828, 0.29452, 0.3104, 0.31002, 0.31973, 0.27264, 0.0, 0.26197, 0.20134], [0.14731, 0.09063, 0.15873, 0.15651, 0.23644, 0.02552, 0.26197, 0.0, 0.1977], [0.16391, 0.17785, 0.16114, 0.16153, 0.14147, 0.19242, 0.20134, 0.1977, 0.0]], "adj_matrix_2": [[0.0, 0.21634, 0.19937, 0.09665, 0.07907, 0.23702, 0.24859, 0.02798, 0.12361], [0.21634, 0.0, 0.02628, 0.14624, 0.16161, 0.03598, 0.05841, 0.00779, 0.06087], [0.19937, 0.02628, 0.0, 0.12319, 0.13941, 0.06194, 0.08399, 0.00888, 0.06597], [0.09665, 0.14624, 0.12319, 0.0, 0.01879, 0.176, 0.19356, 0.01698, 0.09596], [0.07907, 0.16161, 0.13941, 0.01879, 0.0, 0.18978, 0.20629, 0.01869, 0.10095], [0.23702, 0.03598, 0.06194, 0.176, 0.18978, 0.0, 0.02271, 0.0065, 0.05439], [0.24859, 0.05841, 0.08399, 0.19356, 0.20629, 0.02271, 0.0, 0.00581, 0.05066], [0.02798, 0.00779, 0.00888, 0.01698, 0.01869, 0.0065, 0.00581, 0.0, 0.12817], [0.12361, 0.06087, 0.06597, 0.09596, 0.10095, 0.05439, 0.05066, 0.12817, 0.0]], "features_1": [[0.008564665778798108, 1.4525576465656602, 0.0, 0.2291948415233269, 0.6352309097699963, 0.1473668398709829, 0.47515307374385, 0.6728129163260617, 0.4876425460073255, 0.3281312234885594, 0.008895616178821175, 0.6346997910888381, 0.6840648263052703, 0.6952857761113308, 0.8361903054621455, 0.7648682821126382, 0.6396834888374271], [0.18784153824951266, 1.2764110312487706, 0.0, 0.20395381149766814, 0.5894107371291064, 0.15650609027302703, 0.38283903316098244, 0.6600471047836509, 0.5201480182228633, 0.30668328276381973, 0.009006502581913711, 0.6345973244437246, 0.6912894402716856, 0.7092589436147276, 0.8413603324316024, 0.7744753397123749, 0.6461302293081478], [-0.016266208859475828, 1.4268334721483742, 0.0, 0.21096295237089094, 0.6223132600007487, 0.14993181735057465, 0.38551853683700654, 0.6682378925312709, 0.5068979538860388, 0.3280147422420534, 0.009117329961713772, 0.635650674456552, 0.6834509295320428, 0.7005500964612925, 0.8348358647416463, 0.7434446250898182, 0.6355288268176391], [-0.06497282741859634, 1.4998148735231918, 0.0, 0.20471054994735852, 0.631925748733237, 0.1518905037725808, 0.3551813989797374, 0.6656896382479253, 0.5091311960064153, 0.3441839145654886, 0.00922809839663663, 0.6436928600565706, 0.6710689533975002, 0.7112727472929408, 0.8378022382213438, 0.7448750692340498, 0.6408024087355311], [-0.28641281517901795, 1.287823726386577, 0.0, 0.23573520656579872, 0.5892975597902015, 0.15642956888031373, 0.35158024971258184, 0.6569985843101512, 0.5179160658920459, 0.31617879487106015, 0.009006502581913711, 0.6493673839549017, 0.6958489275142139, 0.7279142655199546, 0.8373645358167159, 0.7232087713438644, 0.6371080286154495], [0.12339401680712214, 1.3909173520797895, 0.0, 0.22938573832901515, 0.6171812763536313, 0.15052853408405642, 0.40188582220425245, 0.6675487871010866, 0.5038011927549637, 0.32030887916684114, 0.008784670673857464, 0.6308867186313447, 0.6957942115001308, 0.7106552784821217, 0.8350301946289728, 0.7477152183245287, 0.6395846553841514], [0.27104011633845637, 1.9044703058015442, 0.0, 0.25987408419897734, 0.7001327977267564, 0.1449768767088191, 0.43570082756176376, 0.6769154646119457, 0.46324171766297106, 0.38587548635553537, 0.007671947615560004, 0.6010364448356909, 0.6892994012711924, 0.7185102591492846, 0.8334668474881758, 0.7316257300760032, 0.5862371905332188], [0.2305953572069388, 1.4605219023358573, 0.0, 0.3150866217928763, 0.6568091108885455, 0.1407003290539399, 0.6159491480163602, 0.6826715598712993, 0.45796197828296714, 0.3147257092851796, 0.007894969482732161, 0.6152690071013607, 0.6936497242445256, 0.7229780293563045, 0.8343057717998661, 0.7501023693066705, 0.6379923725609545], [0.9490980303915753, 1.568188233798764, 0.0, 0.2853741720556725, 0.6677408475698863, 0.13907766455465043, 0.5753861805016136, 0.6828615447069587, 0.4504207211199247, 0.32601716157300564, 0.007894969482732161, 0.5960807464308946, 0.6896818017404145, 0.7073037548777071, 0.8279453393021979, 0.7363457573400748, 0.6349491687120391]], "features_2": [[0.7957627965033192, 1.1090400619224652, 0.0, 0.2930978884134866, 0.5771097222571637, 0.13676660280103137, 0.2240600819104607, 0.6742774410772319, 0.43268341767157614, 0.2521243505294457, 0.008340296057933516, 0.6057174060220754, 0.6420873023783275, 0.6675787774108307, 0.7957930404286739, 0.7072260822882709, 0.6130176653886465], [0.13504097756403866, 0.96697808771101, 0.0, 0.2692939166254901, 0.5406245355763292, 0.14051807606044578, 0.20010089801448103, 0.6692651645199799, 0.4457881400807022, 0.22991918767050357, 0.008284682400665488, 0.6197482567796779, 0.6586731718654987, 0.6701482761157811, 0.8010906877591416, 0.714199142228203, 0.6138918088490968], [0.15170725464611223, 1.1134270431099194, 0.0, 0.29453910433219244, 0.5878262096301831, 0.1311174457543451, 0.25327657177967355, 0.6805793113542855, 0.3965206546432207, 0.2453917303978439, 0.007727725548673403, 0.6148246155407588, 0.6513566333103258, 0.6663290748214632, 0.785350331087848, 0.6782989871230122, 0.6147805235270681], [0.4596577176772709, 1.1349230126207224, 0.0, 0.2991910424381388, 0.5908612620669325, 0.1317209862824256, 0.2597607198130568, 0.6800614257333243, 0.3937554599134103, 0.24798821082428346, 0.007616154688146137, 0.6002583226652429, 0.6520765804384322, 0.6464946048585783, 0.7873862144823458, 0.6910634701366177, 0.6076657245784165], [0.1650335491093302, 0.9056714756917831, 0.0, 0.2684869535104011, 0.5206884356830908, 0.14268441563747902, 0.18483328883222896, 0.6650264614389376, 0.45672487147583496, 0.22255485055047775, 0.008062078829516484, 0.6153340989463261, 0.6642583530502381, 0.6935792393266579, 0.8020512916651958, 0.7212538058746257, 0.6134472772463161], [0.26356482528539793, 1.099628792300225, 0.0, 0.2553727655042182, 0.5887421658314257, 0.12815429540263662, 0.28704565709420465, 0.683569103435874, 0.3710430117095611, 0.23614827623033285, 0.00716927026363523, 0.5965110351758618, 0.6626241437728916, 0.6757938309680338, 0.782077603844738, 0.6843738717870985, 0.6100448639461069], [0.8991679163014963, 1.127704085238835, 0.0, 0.2832210949665568, 0.6045498913724054, 0.12196619971811354, 0.3658406872252712, 0.688669114608233, 0.3394740743759068, 0.22698957493965555, 0.007504523810135222, 0.5877893970734442, 0.6369298943801935, 0.6374536653336704, 0.7737083312026813, 0.6973347535300005, 0.5766922383094747], [9.749680030274009, 1.3740312204707268, 0.0, 0.4272953122769364, 0.6617833486179656, 0.11230513331062959, 0.4253580206134899, 0.6924669060718796, 0.3196703188424499, 0.22583238104491454, 0.007616154688146137, 0.4973446793741432, 0.5884918419688895, 0.5751262207431445, 0.7524267085816724, 0.7009580811080045, 0.5629386012693434], [6.572873675684006, 1.416535792594603, 0.0, 0.40317657397389545, 0.6715989000318578, 0.10785601662915953, 0.41421127340523184, 0.6930753529504066, 0.2775784799741654, 0.2246956539898095, 0.0066653709969386465, 0.5076182333020753, 0.5815015769376273, 0.543812878596106, 0.7370853611107302, 0.6705236234977568, 0.5045637853444719]]}