{"labels_1": ["1", "2", "3", "4", "5", "6", "7", "8", "9"], "labels_2": ["1", "2", "3", "4", "5", "6", "7", "8", "9"], "adj_matrix_1": [[0.0, 0.12177, 0.08934, 0.08596, 0.01762, 0.18153, 0.08737, 0.25195, 0.19568], [0.12177, 0.0, 0.03435, 0.19533, 0.13774, 0.26047, 0.19638, 0.26613, 0.26702], [0.08934, 0.03435, 0.0, 0.16748, 0.10597, 0.24185, 0.1687, 0.26497, 0.25089], [0.08596, 0.19533, 0.16748, 0.0, 0.06896, 0.10844, 0.0015, 0.22319, 0.12671], [0.01762, 0.13774, 0.10597, 0.06896, 0.0, 0.1679, 0.07036, 0.24714, 0.18245], [0.18153, 0.26047, 0.24185, 0.10844, 0.1679, 0.0, 0.107, 0.15822, 0.02099], [0.08737, 0.19638, 0.1687, 0.0015, 0.07036, 0.107, 0.0, 0.22268, 0.12559], [0.25195, 0.26613, 0.26497, 0.22319, 0.24714, 0.15822, 0.22268, 0.0, 0.14245], [0.19568, 0.26702, 0.25089, 0.12671, 0.18245, 0.02099, 0.12559, 0.14245, 0.0]], "adj_matrix_2": [[0.0, 0.15115, 0.17234, 0.18638, 0.12774, 0.20501, 0.07183, 0.11556, 0.1987], [0.15115, 0.0, 0.24498, 0.24519, 0.02733, 0.23851, 0.08635, 0.22658, 0.24134], [0.17234, 0.24498, 0.0, 0.02468, 0.23722, 0.06882, 0.21305, 0.0741, 0.052], [0.18638, 0.24519, 0.02468, 0.0, 0.23966, 0.04518, 0.2209, 0.09658, 0.02794], [0.12774, 0.02733, 0.23722, 0.23966, 0.0, 0.23689, 0.06002, 0.21195, 0.23823], [0.20501, 0.23851, 0.06882, 0.04518, 0.23689, 0.0, 0.22727, 0.13351, 0.01738], [0.07183, 0.08635, 0.21305, 0.2209, 0.06002, 0.22727, 0.0, 0.17351, 0.22647], [0.11556, 0.22658, 0.0741, 0.09658, 0.21195, 0.13351, 0.17351, 0.0, 0.12032], [0.1987, 0.24134, 0.052, 0.02794, 0.23823, 0.01738, 0.22647, 0.12032, 0.0]], "features_1": [[0.27312326649151597, 1.2333242577330894, 0.0, 0.31039287445972424, 0.619038022103535, 0.12670949076376326, 0.4320439175498102, 0.6865761254428144, 0.37507029755113597, 0.2582490233118777, 0.007616154688146137, 0.5971561693862364, 0.6527872038532414, 0.6847450582106663, 0.7869705021921207, 0.702821495003796, 0.6197602286037591], [0.12621846429780703, 1.0759397932897243, 0.0, 0.3047395266524646, 0.5805710305078338, 0.129875757707636, 0.3356650762202378, 0.6825886914567465, 0.3934696250122889, 0.23687647293644032, 0.007616154688146137, 0.6075820794999927, 0.6519029860365209, 0.6714119878218656, 0.7882466626429117, 0.7093726099526597, 0.6111198812951604], [0.2280538530374039, 1.2179967991447307, 0.0, 0.301534200480323, 0.6162097177585144, 0.1262353693142855, 0.2977391666692661, 0.6853244239909909, 0.3791480302984842, 0.2532705150699215, 0.007504523810135222, 0.6002313505699854, 0.6379080262650433, 0.6442366957779083, 0.7772888433453519, 0.6918109972900555, 0.604941768408514], [0.4448572235245045, 1.2618046701746841, 0.0, 0.3049541729388703, 0.6268370073371533, 0.12420286349696646, 0.41058333203656333, 0.6877476532765452, 0.36586113692510325, 0.2551465305856664, 0.007616154688146137, 0.5938481773949582, 0.6287243338967532, 0.6209163954530982, 0.7766718546346659, 0.71525576762419, 0.606854795826126], [0.06340426848640002, 1.0399841084990833, 0.0, 0.3029388755341579, 0.5772417135102186, 0.1302700591528787, 0.4197221898805097, 0.6836582310666849, 0.3918096946747396, 0.22890360161596512, 0.007281081678807366, 0.6086727092007918, 0.678775117326784, 0.6929524575528068, 0.7946690167311901, 0.7098246581640251, 0.6141941892959084], [0.23567252006041128, 1.223514006216023, 0.0, 0.2878566485750428, 0.6259546908357164, 0.1215224416470699, 0.3696137312557582, 0.6887679873715875, 0.347453280989686, 0.24768023401877137, 0.007057398507269275, 0.5933381987071189, 0.6509438872636139, 0.6582864231453853, 0.7702284070358234, 0.698805059437493, 0.5913683239032907], [0.785191215946349, 1.4123066659786176, 0.0, 0.29480117059360655, 0.658223752459366, 0.11939323134513875, 0.4755811138686177, 0.6901960686074669, 0.3344463276608809, 0.27094837977959485, 0.007392832833969631, 0.5777846497672185, 0.6366225545549954, 0.6438615376240284, 0.760677133446738, 0.6919547345908154, 0.5622417424776643], [0.8132437151267453, 1.712767691760986, 0.0, 0.27445958587997515, 0.7215114886659463, 0.11018359405618948, 0.6316178892067406, 0.6929951236464109, 0.27647262147955876, 0.29341625394534265, 0.006160242374180447, 0.5555904769498978, 0.6407949634459243, 0.641915670503908, 0.7408994349969407, 0.6793215774554778, 0.5408126640850557], [0.9006383985000728, 1.8811178607062709, 0.0, 0.2741435252666733, 0.7483409943295541, 0.10555404765097645, 0.6877013479478308, 0.6930799677518121, 0.24762728582663707, 0.3028795811802003, 0.005597537371453631, 0.5707670291448612, 0.6199796955601713, 0.6237681341309481, 0.723949808950569, 0.6342057733728292, 0.518501577185781]], "features_2": [[0.31710715736134665, 1.1348303618302364, 0.0, 0.275538923818463, 0.5816981570162316, 0.1369199696025846, 0.27139547250118595, 0.6730353045248918, 0.4428875231992708, 0.26006422629837145, 0.008507047823598457, 0.6107775286594874, 0.6442952186409219, 0.6813214205624818, 0.7960165465133484, 0.717924228015831, 0.6270676998298851], [0.7174045275221403, 0.8907692989717528, 0.0, 0.2707503374751409, 0.5206560952289847, 0.13760229305490018, 0.3137618857474628, 0.6727510943479362, 0.4599328448859563, 0.2119098645745252, 0.008173410423425675, 0.6084162994855382, 0.6466752887284348, 0.6835491012676442, 0.8053968425313996, 0.7230950769397587, 0.6300221089323358], [1.250206686029073, 1.092591411994646, 0.0, 0.28510526470004227, 0.5784572308926921, 0.13209573759205961, 0.27773302840959246, 0.6774950140948167, 0.4271765274754784, 0.23985600049839562, 0.008062078829516484, 0.5832618737793096, 0.6217552723698959, 0.6413504363865971, 0.7873689414817782, 0.728045609464192, 0.6184038843528201], [0.9739159274227909, 1.1985904767620228, 0.0, 0.33931917964822317, 0.6016096208794689, 0.13175438840890913, 0.2810047614574934, 0.6786537720869157, 0.4226465370590897, 0.26043707090552615, 0.00783923647221818, 0.59156466450045, 0.6353804744483947, 0.6475580245929615, 0.7865465549365592, 0.7126834103284041, 0.6098980046187604], [0.7868725631328579, 0.8941621502451831, 0.0, 0.3044103567459954, 0.524599207495337, 0.1369518815171844, 0.35373493558359714, 0.6753601667810847, 0.45145912075963035, 0.21094036844344988, 0.008618141428105908, 0.5998644830213848, 0.6554908862131771, 0.6687302875311993, 0.809844739187933, 0.7182998165498825, 0.6285870515338144], [1.90887631149974, 1.141747840672332, 0.0, 0.35002881837889166, 0.5975544115994533, 0.12819453403959627, 0.3317683716579388, 0.6831587274731423, 0.41304941428415587, 0.24194709694459138, 0.007616154688146137, 0.5661082299615172, 0.6206299753758943, 0.6583564092519519, 0.7846487700130877, 0.7155102962354957, 0.6018537084807319], [0.6013989978346026, 1.3609158605867666, 0.0, 0.3132178008317391, 0.6507800946082181, 0.12050739088763837, 0.3957269747942824, 0.6893361429972976, 0.3512017226098434, 0.26899750132797595, 0.007057398507269275, 0.5942286982394969, 0.6460086674542044, 0.6628527017523504, 0.7710735630861959, 0.6860262709863924, 0.5530765761241951], [1.7785062128472164, 1.4380929599943661, 0.0, 0.33224629974150544, 0.6758405412604357, 0.11433249462205519, 0.5260908736135527, 0.69238556645472, 0.3360638071428712, 0.2614334321241032, 0.007392832833969631, 0.5597552339864484, 0.6389775315831635, 0.6129444916753503, 0.7641678501926883, 0.7031954271878816, 0.5086744598116147], [2.01951069370591, 1.6719560675065566, 0.0, 0.347758564183049, 0.7203236354061472, 0.10606090390567667, 0.5440198125348644, 0.6931120616693355, 0.2955502636259586, 0.27864423760392043, 0.006328755639155359, 0.5512452540994739, 0.6119109727149769, 0.603727409724765, 0.7417329766633287, 0.6778701421204387, 0.4565683660605996]]}