{"labels_1": ["1", "2", "3", "4", "5", "6", "7", "8", "9"], "labels_2": ["1", "2", "3", "4", "5", "6", "7", "8", "9"], "adj_matrix_1": [[0.0, 0.17625, 0.02341, 0.04166, 0.10941, 0.02159, 0.2398, 0.0788, 0.29859], [0.17625, 0.0, 0.19636, 0.21156, 0.0729, 0.157, 0.0805, 0.10322, 0.17965], [0.02341, 0.19636, 0.0, 0.01831, 0.13157, 0.04492, 0.25671, 0.10156, 0.30946], [0.04166, 0.21156, 0.01831, 0.0, 0.14856, 0.06306, 0.2694, 0.11913, 0.31735], [0.10941, 0.0729, 0.13157, 0.14856, 0.0, 0.08858, 0.14899, 0.03158, 0.23428], [0.02159, 0.157, 0.04492, 0.06306, 0.08858, 0.0, 0.22364, 0.05761, 0.28787], [0.2398, 0.0805, 0.25671, 0.2694, 0.14899, 0.22364, 0.0, 0.17679, 0.10916], [0.0788, 0.10322, 0.10156, 0.11913, 0.03158, 0.05761, 0.17679, 0.0, 0.25493], [0.29859, 0.17965, 0.30946, 0.31735, 0.23428, 0.28787, 0.10916, 0.25493, 0.0]], "adj_matrix_2": [[0.0, 0.09094, 0.11387, 0.02027, 0.32025, 0.18732, 0.04954, 0.20678, 0.26944], [0.09094, 0.0, 0.02406, 0.11018, 0.26484, 0.10448, 0.04234, 0.12666, 0.2009], [0.11387, 0.02406, 0.0, 0.13257, 0.24704, 0.08133, 0.06614, 0.10407, 0.18074], [0.02027, 0.11018, 0.13257, 0.0, 0.32929, 0.20362, 0.06944, 0.22221, 0.28159], [0.32025, 0.26484, 0.24704, 0.32929, 0.0, 0.17857, 0.29307, 0.15709, 0.07764], [0.18732, 0.10448, 0.08133, 0.20362, 0.17857, 0.0, 0.14416, 0.02353, 0.10521], [0.04954, 0.04234, 0.06614, 0.06944, 0.29307, 0.14416, 0.0, 0.16536, 0.23505], [0.20678, 0.12666, 0.10407, 0.22221, 0.15709, 0.02353, 0.16536, 0.0, 0.08242], [0.26944, 0.2009, 0.18074, 0.28159, 0.07764, 0.10521, 0.23505, 0.08242, 0.0]], "features_1": [[-0.11290265586266068, 1.021897154701449, 0.0, 0.23084636780752216, 0.580334626925074, 0.1288224424632551, 0.3916004169316537, 0.685229406697326, 0.3800071855790399, 0.22569669926550007, 0.007281081678807366, 0.6169769739377875, 0.6626050723573148, 0.6921165182682452, 0.7948293958643836, 0.7381673789154113, 0.5928636367490332], [0.08274100688905417, 0.8714606432757012, 0.0, 0.2674540021093553, 0.547495965374262, 0.12730279567960762, 0.4736469914667296, 0.6870011800020084, 0.3743161082480244, 0.19340236043717174, 0.00716927026363523, 0.6078690885582332, 0.6730968014236138, 0.6964483516635189, 0.7961822465910212, 0.7171713115610938, 0.592229302940406], [-0.31445671721209, 1.0644273105922766, 0.0, 0.23248455494862239, 0.5929338898233246, 0.12697375137536399, 0.36577853049032, 0.685984840708102, 0.3820863773084413, 0.23350260014381563, 0.007392832833969631, 0.6207900628010308, 0.6604707973111406, 0.6904557511328175, 0.7850498658561369, 0.6973870159887607, 0.585115402282142], [-0.4218749655629943, 1.1457096678154755, 0.0, 0.22279041878771652, 0.611561203213959, 0.12532876271873872, 0.41091741550854194, 0.6875381656469113, 0.36571491347484186, 0.24616722644502054, 0.007281081678807366, 0.6243291406134084, 0.6728440801012531, 0.6942192792957084, 0.7852858739587516, 0.6946724390977176, 0.5808558356404727], [0.1945507265859896, 0.9804353126410633, 0.0, 0.2872449215998169, 0.5793656976144874, 0.12388839178302, 0.5686260142404947, 0.6893361387395947, 0.3699320449554704, 0.2105642760884625, 0.007392832833969631, 0.6031134480678433, 0.6663960250925274, 0.6767707079750451, 0.7915116340143049, 0.7042630136272553, 0.5630879555810421], [-0.32565870330810887, 1.144650658004424, 0.0, 0.2556549399406585, 0.6214772212078229, 0.11977438480128746, 0.5220985477681154, 0.6908982632353731, 0.35523734863024936, 0.2387660991841034, 0.00683347364535547, 0.6127497473257324, 0.6726523801563711, 0.6942588367149681, 0.7783200499048446, 0.6970471361448939, 0.5622388504278181], [-0.11961378003909173, 1.4749530825674526, 0.0, 0.24883529728278195, 0.6745685766340205, 0.12019473503378378, 0.465290858655419, 0.6903278398161059, 0.3344256113371633, 0.2877152821469289, 0.0069454663283523566, 0.6059098026912979, 0.656279067171292, 0.6749960813022385, 0.774691158599403, 0.6680258870512022, 0.5427595435500268], [0.052510826425442136, 1.364773411726196, 0.0, 0.2729947980324754, 0.6735230591782417, 0.10874264735126092, 0.7123944376857032, 0.6931413717299402, 0.2850224368811005, 0.2517199841608755, 0.006272599803500922, 0.5900697206319394, 0.6402324670330783, 0.6592533543520411, 0.7490476266966193, 0.6806425076602318, 0.4942556756765322], [0.040051067797171935, 1.4282403918522015, 0.0, 0.27597230024107977, 0.6847798108595111, 0.10802125869182963, 0.7035657292754649, 0.6931471220203185, 0.2757048705449823, 0.2579085230426328, 0.006384896235913207, 0.5853103792131251, 0.6429703857541554, 0.634505273300113, 0.7453432254800434, 0.6614806442987271, 0.4973836602624085]], "features_2": [[0.35140474217375184, 1.2321847579925156, 0.0, 0.168403155619373, 0.6209545629566529, 0.1275513076717519, 0.4187805534134192, 0.6858857930255742, 0.3708582940430467, 0.2571270059964881, 0.007001439975721224, 0.6026153326788783, 0.6609338304920038, 0.6670914414059028, 0.7915379741537594, 0.7004140822863846, 0.5734892254678658], [-0.1566497985878672, 0.9603822686519514, 0.0, 0.18660443258289927, 0.5573800295152778, 0.1305602499511402, 0.3698410689241868, 0.6833083181767743, 0.3812329826948664, 0.21738273276046782, 0.00711334193318236, 0.6141117715677948, 0.6771932917148678, 0.705362844114441, 0.7982135987265919, 0.7158045188882154, 0.6048747175142062], [0.132421713154796, 1.184339431048446, 0.0, 0.16617901672055993, 0.6146063643096504, 0.12331218843572903, 0.38767126799068163, 0.6878766942581345, 0.33576513457147894, 0.24163549382982064, 0.0064410216040902135, 0.6027315278247201, 0.6372075978946175, 0.6556565716444466, 0.7770066780894799, 0.6866327965693774, 0.5691990127587562], [0.2531936719981078, 1.1788020166716622, 0.0, 0.14999613319786906, 0.610337285629413, 0.1265397127457744, 0.39244236532212184, 0.6858819560397533, 0.36387741759153114, 0.2460047506967462, 0.007336964783822175, 0.6000999648500036, 0.6547028639725619, 0.6547575802030888, 0.7845116360658404, 0.7012585782120345, 0.5740040070448251], [-0.5162765862598491, 0.948110948181534, 0.0, 0.17942459578218156, 0.5556519428398415, 0.1286585748454331, 0.4519183481284877, 0.6855974591426608, 0.3676253604802475, 0.21448635047433684, 0.007001439975721224, 0.6275775415280718, 0.6909521390539987, 0.7114858848447616, 0.8011023057631417, 0.7180521915037309, 0.604242618531159], [-0.26930449373560705, 1.2129103480261236, 0.0, 0.1945080809662424, 0.6258007361430593, 0.11913774728985695, 0.45001253454299145, 0.6905770209516079, 0.3105757756032408, 0.2439084338271733, 0.006216428718621936, 0.6149261209309129, 0.6554606945262517, 0.6775270060030928, 0.7738156385802881, 0.6816158391247956, 0.5512237040474743], [0.01633336970776833, 1.2791087060616446, 0.0, 0.2093739229610441, 0.6292337338885247, 0.12541231851386367, 0.35139757604434435, 0.686168495405163, 0.3538973542114692, 0.2638475569630321, 0.00677745458930179, 0.6128771013943555, 0.6489660068232133, 0.6619108767692963, 0.7772992815686961, 0.7103465872178666, 0.5587523570753177], [-0.15154421652077943, 1.35864450761101, 0.0, 0.28872802455967506, 0.6549156610074391, 0.11793963623653522, 0.4453777424017282, 0.6910443185049637, 0.3320741676081074, 0.26811559126435713, 0.0066653709969386465, 0.6144790538018035, 0.649831792393843, 0.6778532382969182, 0.7695819574793751, 0.6935286853287908, 0.5292158030698514], [-0.4252459902830803, 1.4667847475758535, 0.0, 0.19631019231583444, 0.6828165281578769, 0.11077891286773152, 0.49487093666162635, 0.6929213000726271, 0.277143881957985, 0.27081633431178687, 0.006272599803500922, 0.6058788992798314, 0.6569743659611168, 0.6669458413886825, 0.7535041733375963, 0.6585391025125316, 0.5038354825081439]]}