{"labels_1": ["1", "2", "3", "4", "5", "6", "7", "8", "9"], "labels_2": ["1", "2", "3", "4", "5", "6", "7", "8", "9"], "adj_matrix_1": [[0.0, 0.17625, 0.02341, 0.04166, 0.10941, 0.02159, 0.2398, 0.0788, 0.29859], [0.17625, 0.0, 0.19636, 0.21156, 0.0729, 0.157, 0.0805, 0.10322, 0.17965], [0.02341, 0.19636, 0.0, 0.01831, 0.13157, 0.04492, 0.25671, 0.10156, 0.30946], [0.04166, 0.21156, 0.01831, 0.0, 0.14856, 0.06306, 0.2694, 0.11913, 0.31735], [0.10941, 0.0729, 0.13157, 0.14856, 0.0, 0.08858, 0.14899, 0.03158, 0.23428], [0.02159, 0.157, 0.04492, 0.06306, 0.08858, 0.0, 0.22364, 0.05761, 0.28787], [0.2398, 0.0805, 0.25671, 0.2694, 0.14899, 0.22364, 0.0, 0.17679, 0.10916], [0.0788, 0.10322, 0.10156, 0.11913, 0.03158, 0.05761, 0.17679, 0.0, 0.25493], [0.29859, 0.17965, 0.30946, 0.31735, 0.23428, 0.28787, 0.10916, 0.25493, 0.0]], "adj_matrix_2": [[0.0, 0.24177, 0.10118, 0.01202, 0.08282, 0.15498, 0.3061, 0.24391, 0.29779], [0.24177, 0.0, 0.26439, 0.23629, 0.19259, 0.1255, 0.17805, 0.00489, 0.14395], [0.10118, 0.26439, 0.0, 0.11176, 0.16922, 0.21891, 0.27525, 0.2646, 0.27642], [0.01202, 0.23629, 0.11176, 0.0, 0.07143, 0.14537, 0.30709, 0.23872, 0.29757], [0.08282, 0.19259, 0.16922, 0.07143, 0.0, 0.08084, 0.29984, 0.19573, 0.28289], [0.15498, 0.1255, 0.21891, 0.14537, 0.08084, 0.0, 0.26872, 0.12972, 0.24389], [0.3061, 0.17805, 0.27525, 0.30709, 0.29984, 0.26872, 0.0, 0.17424, 0.03841], [0.24391, 0.00489, 0.2646, 0.23872, 0.19573, 0.12972, 0.17424, 0.0, 0.13985], [0.29779, 0.14395, 0.27642, 0.29757, 0.28289, 0.24389, 0.03841, 0.13985, 0.0]], "features_1": [[-0.11290265586266068, 1.021897154701449, 0.0, 0.23084636780752216, 0.580334626925074, 0.1288224424632551, 0.3916004169316537, 0.685229406697326, 0.3800071855790399, 0.22569669926550007, 0.007281081678807366, 0.6169769739377875, 0.6626050723573148, 0.6921165182682452, 0.7948293958643836, 0.7381673789154113, 0.5928636367490332], [0.08274100688905417, 0.8714606432757012, 0.0, 0.2674540021093553, 0.547495965374262, 0.12730279567960762, 0.4736469914667296, 0.6870011800020084, 0.3743161082480244, 0.19340236043717174, 0.00716927026363523, 0.6078690885582332, 0.6730968014236138, 0.6964483516635189, 0.7961822465910212, 0.7171713115610938, 0.592229302940406], [-0.31445671721209, 1.0644273105922766, 0.0, 0.23248455494862239, 0.5929338898233246, 0.12697375137536399, 0.36577853049032, 0.685984840708102, 0.3820863773084413, 0.23350260014381563, 0.007392832833969631, 0.6207900628010308, 0.6604707973111406, 0.6904557511328175, 0.7850498658561369, 0.6973870159887607, 0.585115402282142], [-0.4218749655629943, 1.1457096678154755, 0.0, 0.22279041878771652, 0.611561203213959, 0.12532876271873872, 0.41091741550854194, 0.6875381656469113, 0.36571491347484186, 0.24616722644502054, 0.007281081678807366, 0.6243291406134084, 0.6728440801012531, 0.6942192792957084, 0.7852858739587516, 0.6946724390977176, 0.5808558356404727], [0.1945507265859896, 0.9804353126410633, 0.0, 0.2872449215998169, 0.5793656976144874, 0.12388839178302, 0.5686260142404947, 0.6893361387395947, 0.3699320449554704, 0.2105642760884625, 0.007392832833969631, 0.6031134480678433, 0.6663960250925274, 0.6767707079750451, 0.7915116340143049, 0.7042630136272553, 0.5630879555810421], [-0.32565870330810887, 1.144650658004424, 0.0, 0.2556549399406585, 0.6214772212078229, 0.11977438480128746, 0.5220985477681154, 0.6908982632353731, 0.35523734863024936, 0.2387660991841034, 0.00683347364535547, 0.6127497473257324, 0.6726523801563711, 0.6942588367149681, 0.7783200499048446, 0.6970471361448939, 0.5622388504278181], [-0.11961378003909173, 1.4749530825674526, 0.0, 0.24883529728278195, 0.6745685766340205, 0.12019473503378378, 0.465290858655419, 0.6903278398161059, 0.3344256113371633, 0.2877152821469289, 0.0069454663283523566, 0.6059098026912979, 0.656279067171292, 0.6749960813022385, 0.774691158599403, 0.6680258870512022, 0.5427595435500268], [0.052510826425442136, 1.364773411726196, 0.0, 0.2729947980324754, 0.6735230591782417, 0.10874264735126092, 0.7123944376857032, 0.6931413717299402, 0.2850224368811005, 0.2517199841608755, 0.006272599803500922, 0.5900697206319394, 0.6402324670330783, 0.6592533543520411, 0.7490476266966193, 0.6806425076602318, 0.4942556756765322], [0.040051067797171935, 1.4282403918522015, 0.0, 0.27597230024107977, 0.6847798108595111, 0.10802125869182963, 0.7035657292754649, 0.6931471220203185, 0.2757048705449823, 0.2579085230426328, 0.006384896235913207, 0.5853103792131251, 0.6429703857541554, 0.634505273300113, 0.7453432254800434, 0.6614806442987271, 0.4973836602624085]], "features_2": [[0.46519506384557996, 1.2912175861701274, 0.0, 0.21060288832403484, 0.6171688435569305, 0.13113421011773355, 0.2608239065271512, 0.6798126646840352, 0.37956096256222405, 0.2750182110954926, 0.007560346756364078, 0.5894303023651553, 0.6531714144497991, 0.6716570981734838, 0.7859663630307888, 0.6877378567619594, 0.5964900234423702], [0.27343068939963944, 1.068528514039855, 0.0, 0.23677331849331013, 0.5679143013597555, 0.13590670058286455, 0.23393102688106565, 0.6744606334839063, 0.4165808027167779, 0.24513117930035455, 0.007950687539111767, 0.6147157227857112, 0.6489197746058515, 0.6765199460904797, 0.7930762558704457, 0.6920179878716001, 0.6219741628375547], [0.4994122294906975, 1.2437419244238126, 0.0, 0.2510715327543432, 0.6099150567594017, 0.13137131615020275, 0.24704481716547236, 0.6795729143216763, 0.3853452582467385, 0.26765158166674086, 0.00783923647221818, 0.5930962881354116, 0.654377302857831, 0.6728341804920105, 0.7847113797006411, 0.6832758386259266, 0.6057585123078699], [0.15621657148563983, 1.3288238772853498, 0.0, 0.23517499905170072, 0.6228365771196317, 0.13068943106827313, 0.21947615082845856, 0.6792555351420511, 0.38200745250401336, 0.28476849064270926, 0.007616154688146137, 0.6050417999353597, 0.6424683177278903, 0.6697749411215433, 0.7790323229237307, 0.7074027344922489, 0.5959960595210577], [0.04818217051269791, 1.110589216619292, 0.0, 0.2041821513842875, 0.5731743095912869, 0.13825295793554446, 0.22202023367300328, 0.6720612796179868, 0.42125521058283844, 0.2573486559838647, 0.007783488497544067, 0.6166213053181391, 0.6675746374627555, 0.6995172976520501, 0.7992243654418201, 0.7142519599177782, 0.6204735111776365], [0.010642706239382793, 1.1679873384257922, 0.0, 0.22108073617757548, 0.6027817713183576, 0.13073058892518757, 0.320495532552269, 0.6820487577503582, 0.3900663773789048, 0.2574555705825101, 0.007616154688146137, 0.6158068446812786, 0.6563551729784945, 0.6958436902159526, 0.7915858358540055, 0.6981892567569041, 0.6208633450154132], [-0.2634529995544357, 1.4447829779485046, 0.0, 0.21617613036722566, 0.6577144163272087, 0.12264848502259648, 0.3833592635083427, 0.6880967422416027, 0.35553264644122007, 0.2916132175391719, 0.007504523810135222, 0.6151802549070431, 0.6715019168337897, 0.6784234514116017, 0.7765750842270988, 0.6921098601678174, 0.5666956138744274], [-0.14049460136678338, 1.4826377448225618, 0.0, 0.23480336214605355, 0.6855997039758074, 0.11502687844711867, 0.6162754930990069, 0.6925114129728306, 0.3217803077742054, 0.28225613615177414, 0.0066653709969386465, 0.5976046949163454, 0.6674167108378883, 0.6816710443542232, 0.7713900903847372, 0.678592632539627, 0.5658241179383263], [-0.20239677854006688, 1.4928469508575504, 0.0, 0.21201058642705695, 0.6938114625762402, 0.11012956922421724, 0.616001779116442, 0.6931214448712499, 0.284192529875507, 0.27304615327928494, 0.006272599803500922, 0.5930828697000428, 0.6659329928677616, 0.6856981363609393, 0.7611092983553549, 0.6838958284045474, 0.5344136649689909]]}