{"labels_1": ["1", "2", "3", "4", "5", "6", "7", "8", "9"], "labels_2": ["1", "2", "3", "4", "5", "6", "7", "8", "9"], "adj_matrix_1": [[0.0, 0.17625, 0.02341, 0.04166, 0.10941, 0.02159, 0.2398, 0.0788, 0.29859], [0.17625, 0.0, 0.19636, 0.21156, 0.0729, 0.157, 0.0805, 0.10322, 0.17965], [0.02341, 0.19636, 0.0, 0.01831, 0.13157, 0.04492, 0.25671, 0.10156, 0.30946], [0.04166, 0.21156, 0.01831, 0.0, 0.14856, 0.06306, 0.2694, 0.11913, 0.31735], [0.10941, 0.0729, 0.13157, 0.14856, 0.0, 0.08858, 0.14899, 0.03158, 0.23428], [0.02159, 0.157, 0.04492, 0.06306, 0.08858, 0.0, 0.22364, 0.05761, 0.28787], [0.2398, 0.0805, 0.25671, 0.2694, 0.14899, 0.22364, 0.0, 0.17679, 0.10916], [0.0788, 0.10322, 0.10156, 0.11913, 0.03158, 0.05761, 0.17679, 0.0, 0.25493], [0.29859, 0.17965, 0.30946, 0.31735, 0.23428, 0.28787, 0.10916, 0.25493, 0.0]], "adj_matrix_2": [[0.0, 0.03603, 0.11452, 0.00687, 0.13971, 0.07537, 0.19991, 0.29614, 0.11347], [0.03603, 0.0, 0.14627, 0.02922, 0.17001, 0.10931, 0.22436, 0.30745, 0.07996], [0.11452, 0.14627, 0.0, 0.12076, 0.02794, 0.04137, 0.09888, 0.22884, 0.2072], [0.00687, 0.02922, 0.12076, 0.0, 0.14566, 0.08196, 0.2049, 0.29872, 0.10725], [0.13971, 0.17001, 0.02794, 0.14566, 0.0, 0.06886, 0.07184, 0.20727, 0.2255], [0.07537, 0.10931, 0.04137, 0.08196, 0.06886, 0.0, 0.13719, 0.25707, 0.17722], [0.19991, 0.22436, 0.09888, 0.2049, 0.07184, 0.13719, 0.0, 0.14527, 0.26523], [0.29614, 0.30745, 0.22884, 0.29872, 0.20727, 0.25707, 0.14527, 0.0, 0.31625], [0.11347, 0.07996, 0.2072, 0.10725, 0.2255, 0.17722, 0.26523, 0.31625, 0.0]], "features_1": [[-0.11290265586266068, 1.021897154701449, 0.0, 0.23084636780752216, 0.580334626925074, 0.1288224424632551, 0.3916004169316537, 0.685229406697326, 0.3800071855790399, 0.22569669926550007, 0.007281081678807366, 0.6169769739377875, 0.6626050723573148, 0.6921165182682452, 0.7948293958643836, 0.7381673789154113, 0.5928636367490332], [0.08274100688905417, 0.8714606432757012, 0.0, 0.2674540021093553, 0.547495965374262, 0.12730279567960762, 0.4736469914667296, 0.6870011800020084, 0.3743161082480244, 0.19340236043717174, 0.00716927026363523, 0.6078690885582332, 0.6730968014236138, 0.6964483516635189, 0.7961822465910212, 0.7171713115610938, 0.592229302940406], [-0.31445671721209, 1.0644273105922766, 0.0, 0.23248455494862239, 0.5929338898233246, 0.12697375137536399, 0.36577853049032, 0.685984840708102, 0.3820863773084413, 0.23350260014381563, 0.007392832833969631, 0.6207900628010308, 0.6604707973111406, 0.6904557511328175, 0.7850498658561369, 0.6973870159887607, 0.585115402282142], [-0.4218749655629943, 1.1457096678154755, 0.0, 0.22279041878771652, 0.611561203213959, 0.12532876271873872, 0.41091741550854194, 0.6875381656469113, 0.36571491347484186, 0.24616722644502054, 0.007281081678807366, 0.6243291406134084, 0.6728440801012531, 0.6942192792957084, 0.7852858739587516, 0.6946724390977176, 0.5808558356404727], [0.1945507265859896, 0.9804353126410633, 0.0, 0.2872449215998169, 0.5793656976144874, 0.12388839178302, 0.5686260142404947, 0.6893361387395947, 0.3699320449554704, 0.2105642760884625, 0.007392832833969631, 0.6031134480678433, 0.6663960250925274, 0.6767707079750451, 0.7915116340143049, 0.7042630136272553, 0.5630879555810421], [-0.32565870330810887, 1.144650658004424, 0.0, 0.2556549399406585, 0.6214772212078229, 0.11977438480128746, 0.5220985477681154, 0.6908982632353731, 0.35523734863024936, 0.2387660991841034, 0.00683347364535547, 0.6127497473257324, 0.6726523801563711, 0.6942588367149681, 0.7783200499048446, 0.6970471361448939, 0.5622388504278181], [-0.11961378003909173, 1.4749530825674526, 0.0, 0.24883529728278195, 0.6745685766340205, 0.12019473503378378, 0.465290858655419, 0.6903278398161059, 0.3344256113371633, 0.2877152821469289, 0.0069454663283523566, 0.6059098026912979, 0.656279067171292, 0.6749960813022385, 0.774691158599403, 0.6680258870512022, 0.5427595435500268], [0.052510826425442136, 1.364773411726196, 0.0, 0.2729947980324754, 0.6735230591782417, 0.10874264735126092, 0.7123944376857032, 0.6931413717299402, 0.2850224368811005, 0.2517199841608755, 0.006272599803500922, 0.5900697206319394, 0.6402324670330783, 0.6592533543520411, 0.7490476266966193, 0.6806425076602318, 0.4942556756765322], [0.040051067797171935, 1.4282403918522015, 0.0, 0.27597230024107977, 0.6847798108595111, 0.10802125869182963, 0.7035657292754649, 0.6931471220203185, 0.2757048705449823, 0.2579085230426328, 0.006384896235913207, 0.5853103792131251, 0.6429703857541554, 0.634505273300113, 0.7453432254800434, 0.6614806442987271, 0.4973836602624085]], "features_2": [[0.5826968984422893, 1.549746637434921, 0.0, 0.2659840284372338, 0.6818155064628644, 0.1187919279226919, 0.4319309314081636, 0.6905767882405678, 0.3264963251439965, 0.2899660256346581, 0.007001439975721224, 0.5866632471112649, 0.6356183693823498, 0.6467559599050883, 0.7702661380444534, 0.694975284741291, 0.5673542957095199], [0.8431726511934126, 1.2607388593117212, 0.0, 0.2584722904687591, 0.6294019166407455, 0.12507705058706442, 0.45443535103484367, 0.6875467511334314, 0.3717720247833527, 0.25586626871591167, 0.00711334193318236, 0.580811354480036, 0.6368499518087812, 0.6468913866614696, 0.784157846080431, 0.694290165267217, 0.5864240842757764], [0.67902044427924, 1.5159904390380656, 0.0, 0.2729233901997508, 0.6784704977897312, 0.1174485181369208, 0.46146060580680837, 0.6911232166265924, 0.3237105225823178, 0.28384575644406795, 0.007001439975721224, 0.5892209346071948, 0.6271350002460291, 0.6288323922073987, 0.7660722347008319, 0.6815619535354432, 0.5665167647874659], [0.5189075212500827, 1.5473362407515867, 0.0, 0.26157572204581, 0.6785530808467741, 0.11988459740452628, 0.403117728420915, 0.6899369641099201, 0.32378580695504033, 0.29127807766506697, 0.006889477554966383, 0.5904962965880838, 0.6501162793781127, 0.6536141859743906, 0.7708643616058755, 0.6738287058641692, 0.5832830536833427], [0.4838795164504832, 1.199081548140727, 0.0, 0.2259258719688925, 0.6076959472736259, 0.13041969283720245, 0.4350007886274433, 0.6839766425968431, 0.389700066147457, 0.25160080108504856, 0.007894969482732161, 0.5989653996884017, 0.6487543379220586, 0.6402893486955007, 0.794951192711783, 0.7305021705775012, 0.6066284346373352], [0.658850243491619, 1.463076139446182, 0.0, 0.2614574723798716, 0.6723590732555272, 0.11751616246137808, 0.5283742100051647, 0.69132981751793, 0.33224838814043123, 0.2781072811616221, 0.007225183508792421, 0.5882192337564014, 0.6291057099615145, 0.6432667389677316, 0.7681124504987689, 0.693142094575992, 0.579210616477747], [0.14726050485027864, 1.5324681168202847, 0.0, 0.22879444569085386, 0.669024736176338, 0.12258729600061866, 0.3962551612844315, 0.6884613442355896, 0.32541830348085643, 0.29377420766704176, 0.00677745458930179, 0.5983393791895093, 0.6371943776046657, 0.6325518521380149, 0.7781817254268113, 0.6722819096928612, 0.5894700657335622], [0.06792183628902304, 1.3903983414161425, 0.0, 0.2710867230510742, 0.6557890567442234, 0.1204479398858011, 0.48716940691379307, 0.6894182045764892, 0.34392660449789125, 0.2732917620410633, 0.007336964783822175, 0.606114116359741, 0.6338337832241846, 0.6472697229815867, 0.7598318988763167, 0.6766096441589826, 0.5993688373052454], [1.0986199151234226, 1.5194251279965665, 0.0, 0.32551823252677503, 0.6819019622299766, 0.11416370083201474, 0.42135009674212043, 0.6918588508682992, 0.3094451281196984, 0.27380604099791617, 0.00711334193318236, 0.5655594877398569, 0.6144408411872858, 0.6111034268965126, 0.7480254325948396, 0.6534660572915312, 0.570226166895895]]}