{"labels_1": ["1", "2", "3", "4", "5", "6", "7", "8", "9"], "labels_2": ["1", "2", "3", "4", "5", "6", "7", "8", "9"], "adj_matrix_1": [[0.0, 0.30144, 0.10126, 0.18021, 0.00438, 0.1715, 0.20166, 0.04845, 0.2788], [0.30144, 0.0, 0.25793, 0.20479, 0.30027, 0.21178, 0.18541, 0.31522, 0.07919], [0.10126, 0.25793, 0.0, 0.08628, 0.09703, 0.07633, 0.11134, 0.14687, 0.21351], [0.18021, 0.20479, 0.08628, 0.0, 0.17643, 0.01029, 0.0264, 0.22022, 0.1435], [0.00438, 0.30027, 0.09703, 0.17643, 0.0, 0.16764, 0.198, 0.05277, 0.27623], [0.1715, 0.21178, 0.07633, 0.01029, 0.16764, 0.0, 0.03664, 0.21234, 0.15241], [0.20166, 0.18541, 0.11134, 0.0264, 0.198, 0.03664, 0.0, 0.23949, 0.12], [0.04845, 0.31522, 0.14687, 0.22022, 0.05277, 0.21234, 0.23949, 0.0, 0.30325], [0.2788, 0.07919, 0.21351, 0.1435, 0.27623, 0.15241, 0.12, 0.30325, 0.0]], "adj_matrix_2": [[0.0, 0.20743, 0.22174, 0.25515, 0.12961, 0.26105, 0.20031, 0.2535, 0.26596], [0.20743, 0.0, 0.36246, 0.37502, 0.08374, 0.06179, 0.35167, 0.21673, 0.37764], [0.22174, 0.36246, 0.0, 0.04687, 0.31502, 0.39125, 0.02693, 0.26207, 0.06371], [0.25515, 0.37502, 0.04687, 0.0, 0.33597, 0.39786, 0.07326, 0.25453, 0.01716], [0.12961, 0.08374, 0.31502, 0.33597, 0.0, 0.14397, 0.30007, 0.23205, 0.34192], [0.26105, 0.06179, 0.39125, 0.39786, 0.14397, 0.0, 0.38464, 0.20529, 0.39864], [0.20031, 0.35167, 0.02693, 0.07326, 0.30007, 0.38464, 0.0, 0.26422, 0.08988], [0.2535, 0.21673, 0.26207, 0.25453, 0.23205, 0.20529, 0.26422, 0.0, 0.2506], [0.26596, 0.37764, 0.06371, 0.01716, 0.34192, 0.39864, 0.08988, 0.2506, 0.0]], "features_1": [[0.016506492933055394, 1.1432234663707466, 0.0, 0.185927841399786, 0.5839085090768645, 0.13955730979722347, 0.2026584565097295, 0.6729864323584966, 0.4503268114601999, 0.2648753383580078, 0.007894969482732161, 0.624017116119689, 0.6554449849431817, 0.6988520240068054, 0.8030265066146861, 0.7095581917291969, 0.6250556349083416], [0.3029019542493301, 0.9655988266042087, 0.0, 0.23843893276182399, 0.5377961480075264, 0.14449995294399662, 0.17188927643565108, 0.6654855218041276, 0.48220062063313485, 0.23557216717667173, 0.008562602043175715, 0.6089223959310313, 0.6582369301880094, 0.7013690040435527, 0.8072783377467545, 0.7290397267300341, 0.6295865717951137], [0.3123304834880938, 1.1751863179578863, 0.0, 0.20725564778786035, 0.5931764671905383, 0.13646950598944832, 0.17261695216415518, 0.6750078102495444, 0.4388250301216232, 0.26351625407376034, 0.007671947615560004, 0.6114167054643107, 0.6339299976392875, 0.6760603482332997, 0.7901065159881681, 0.7049581568047344, 0.6096830706693592], [0.12542775697459962, 1.2047338526481726, 0.0, 0.21022804458017744, 0.5995509118717477, 0.1344764575092815, 0.19380332282146498, 0.6776198393065008, 0.42379208080601605, 0.2684961948276605, 0.007671947615560004, 0.6125428535685837, 0.6588962114325672, 0.6982369501281469, 0.7897628804299768, 0.7009193642893001, 0.6097541479391715], [0.001376979640501208, 0.9983042977198107, 0.0, 0.18094979325246696, 0.5530888683407699, 0.14251684464857284, 0.23659541970085768, 0.6706025185020925, 0.4596985525472461, 0.23750316392590154, 0.007950687539111767, 0.6234345664755963, 0.6684455898923077, 0.7093976667283765, 0.8119113891342432, 0.7380859157504024, 0.6312901802126719], [0.39411021210036123, 1.2385906260949862, 0.0, 0.2608026071114739, 0.6109185592383893, 0.1328954848826796, 0.19609451450888216, 0.6789656259741825, 0.41626805244907517, 0.26765358308877096, 0.007560346756364078, 0.6049328288818325, 0.6368703662489846, 0.6611463746628492, 0.784225246925166, 0.7081216328358588, 0.6093027338083026], [0.08674229555850266, 1.3664000872611715, 0.0, 0.23600938364619775, 0.6495694159114541, 0.12024483244855141, 0.322225198987698, 0.6899010710107121, 0.3316818180484593, 0.2670733389936477, 0.00677745458930179, 0.5941003025044367, 0.6333149593395503, 0.6453711705406658, 0.7681331408199291, 0.6792741913366133, 0.5316019883263906], [-0.2660686844080642, 1.2590208278226003, 0.0, 0.2618923261142134, 0.6414672543979708, 0.12131705478447462, 0.43097136810567704, 0.6897135600312068, 0.34099668761394697, 0.25400343954494176, 0.006721420376576193, 0.6092146164737722, 0.6543625046209224, 0.6716779145555052, 0.7774531092566781, 0.686629935747141, 0.5769166613920071], [0.8167838372095111, 1.48550803332766, 0.0, 0.2997762950915085, 0.6843165058430156, 0.11240657000306088, 0.401615208593487, 0.692712156738065, 0.3072451507024767, 0.2661000228835102, 0.006497131753992358, 0.5822443300814941, 0.6220063225751365, 0.6280642680478571, 0.7519493967261224, 0.6692916041431787, 0.5615756428353315]], "features_2": [[-0.3257122973901412, 1.1997403291795128, 0.0, 0.2027088810363688, 0.608374574141801, 0.12969231758249897, 0.371127529018014, 0.6832680418965981, 0.39308516998201815, 0.2614327349305037, 0.00711334193318236, 0.6256808455878886, 0.6713722710950175, 0.6907708342605613, 0.7889373168297706, 0.6973290231635665, 0.5859170698850296], [-0.5402044920992717, 0.9269158989090622, 0.0, 0.1742265748291526, 0.5396278712089948, 0.13985140476575003, 0.26964991825033235, 0.6725467254457395, 0.4495939253124368, 0.22649687507426863, 0.008173410423425675, 0.6521496752209874, 0.6686788644588315, 0.6910136838652726, 0.8003820241249578, 0.703891866098833, 0.6127071974208024], [-0.16147484236851328, 1.1588888670951327, 0.0, 0.17949129438107056, 0.6002661838076705, 0.13154366772024362, 0.33171553528227593, 0.6811319303167844, 0.40544007335125487, 0.2555004441619697, 0.007225183508792421, 0.6113831161077949, 0.6622413534450087, 0.6784750250846113, 0.7853042343227192, 0.6978049734447407, 0.5956692786913241], [0.011314748934023733, 1.2439028164741182, 0.0, 0.21882008883671908, 0.6177606946487032, 0.12829098616322654, 0.3328781386957999, 0.6838410895587033, 0.390956622764995, 0.26651817108633624, 0.007448685839370306, 0.6112090063625875, 0.6384301836389986, 0.6802471555525448, 0.7838293985051634, 0.7005169859295824, 0.5894731723783253], [-0.2852952493950349, 1.1330653538739706, 0.0, 0.15763113774004778, 0.6039084337930758, 0.12822735204666202, 0.46726774933762555, 0.6863092049795729, 0.36507218725978197, 0.24310327293371303, 0.00711334193318236, 0.6236563765496852, 0.6708078422625877, 0.6841160264151639, 0.7936059476968181, 0.7329726329266849, 0.5861252579228944], [-0.26746631128133735, 1.223170010493931, 0.0, 0.18729659227425255, 0.6211876961063599, 0.1266538186838738, 0.35691420868432006, 0.6855687232025671, 0.37717527221923675, 0.2604660145593034, 0.007225183508792421, 0.6338661075450538, 0.6556492200655408, 0.6706154440295643, 0.7806989682875712, 0.7029197573044585, 0.5979484337431034], [0.059488043916849254, 1.598577380267158, 0.0, 0.26708536767580265, 0.6864230397625305, 0.12172821367216402, 0.42443700161897835, 0.6893350426868786, 0.35888336408032706, 0.30982992827774347, 0.007281081678807366, 0.5991541726975085, 0.6589990418293895, 0.6901568967468888, 0.7789557472011089, 0.6882889485319945, 0.5497449123248996], [0.6620073199112881, 1.574406763685289, 0.0, 0.2643104905698346, 0.7039624917221126, 0.11022732156776759, 0.5023598758855478, 0.6930133535819156, 0.2884066856524423, 0.28117244595334423, 0.0064410216040902135, 0.5689595046836604, 0.6462975915322555, 0.6398178731674873, 0.7502456377457901, 0.6664591706308297, 0.5403670692589293], [0.5442336286159719, 1.4566201500293257, 0.0, 0.32263830844684027, 0.6907708119412458, 0.10910544142549916, 0.5425022859463695, 0.6931285709786665, 0.28993305408923886, 0.2591253256790258, 0.005879081395912644, 0.5856051907850977, 0.6415562361423567, 0.6510471685720612, 0.7522362029980254, 0.6934102948899235, 0.5348349004552145]]}