{"labels_1": ["1", "2", "3", "4", "5", "6", "7", "8", "9"], "labels_2": ["1", "2", "3", "4", "5", "6", "7", "8", "9"], "adj_matrix_1": [[0.0, 0.23529, 0.17098, 0.00052, 0.3179, 0.31409, 0.02299, 0.31896, 0.22788], [0.23529, 0.0, 0.09574, 0.23552, 0.26645, 0.23368, 0.22354, 0.29357, 0.0126], [0.17098, 0.09574, 0.0, 0.17137, 0.31582, 0.29231, 0.15339, 0.33446, 0.08371], [0.00052, 0.23552, 0.17137, 0.0, 0.31775, 0.31401, 0.02351, 0.3188, 0.22817], [0.3179, 0.26645, 0.31582, 0.31775, 0.0, 0.04398, 0.32465, 0.04027, 0.27438], [0.31409, 0.23368, 0.29231, 0.31401, 0.04398, 0.0, 0.31872, 0.08384, 0.24291], [0.02299, 0.22354, 0.15339, 0.02351, 0.32465, 0.31872, 0.0, 0.32783, 0.21557], [0.31896, 0.29357, 0.33446, 0.3188, 0.04027, 0.08384, 0.32783, 0.0, 0.30084], [0.22788, 0.0126, 0.08371, 0.22817, 0.27438, 0.24291, 0.21557, 0.30084, 0.0]], "adj_matrix_2": [[0.0, 0.24177, 0.10118, 0.01202, 0.08282, 0.15498, 0.3061, 0.24391, 0.29779], [0.24177, 0.0, 0.26439, 0.23629, 0.19259, 0.1255, 0.17805, 0.00489, 0.14395], [0.10118, 0.26439, 0.0, 0.11176, 0.16922, 0.21891, 0.27525, 0.2646, 0.27642], [0.01202, 0.23629, 0.11176, 0.0, 0.07143, 0.14537, 0.30709, 0.23872, 0.29757], [0.08282, 0.19259, 0.16922, 0.07143, 0.0, 0.08084, 0.29984, 0.19573, 0.28289], [0.15498, 0.1255, 0.21891, 0.14537, 0.08084, 0.0, 0.26872, 0.12972, 0.24389], [0.3061, 0.17805, 0.27525, 0.30709, 0.29984, 0.26872, 0.0, 0.17424, 0.03841], [0.24391, 0.00489, 0.2646, 0.23872, 0.19573, 0.12972, 0.17424, 0.0, 0.13985], [0.29779, 0.14395, 0.27642, 0.29757, 0.28289, 0.24389, 0.03841, 0.13985, 0.0]], "features_1": [[0.7318478710804084, 1.3377148263315022, 0.0, 0.27135456247294226, 0.6335783751098857, 0.12943206710118332, 0.283166384381871, 0.681578103226032, 0.39231673793065314, 0.2787247305796545, 0.00783923647221818, 0.5812958936279233, 0.6459107737881885, 0.6593107463926612, 0.7787556742782104, 0.7134180233847223, 0.6033703800764404], [0.29569810775013394, 1.1156663731553274, 0.0, 0.24648095746583168, 0.5856056063985937, 0.13234666581383062, 0.2249959966618711, 0.6782132522653999, 0.406980110855202, 0.24829588720030338, 0.008006390651371653, 0.6103235584243225, 0.6346900183781621, 0.669403135136472, 0.7846043737394061, 0.7051925555377917, 0.6103759181700864], [0.5382881777116446, 1.344557451512843, 0.0, 0.2600740361859371, 0.63918056024488, 0.12569363525932786, 0.26893729554747237, 0.6845099170065927, 0.36663908350978724, 0.2734875615194807, 0.007504523810135222, 0.5897777642116042, 0.6297658553151069, 0.657665274264576, 0.768420635565171, 0.686964270741793, 0.5985353438794024], [0.4938446824086289, 1.3636529960248802, 0.0, 0.27678777123312764, 0.6436333390717488, 0.12559648192471284, 0.32287774763976246, 0.6853134358540552, 0.36633786002310176, 0.2766747025428691, 0.007281081678807366, 0.5801051957688801, 0.6518431334139966, 0.6592881467949403, 0.7727039382222282, 0.6919402061942713, 0.595468158597375], [-0.16938570168810863, 1.1049598870160733, 0.0, 0.2422818452356426, 0.5841803404524267, 0.13293172618551458, 0.27310477707583586, 0.6791634607237667, 0.405566766047768, 0.2488895800278581, 0.007783488497544067, 0.6254848310686394, 0.6521812124102819, 0.6607119048067913, 0.7918275664994062, 0.7101336565390716, 0.6054851871905509], [0.07765166709486726, 1.3015306312743091, 0.0, 0.2112560302595149, 0.6350664345972177, 0.12361582957312357, 0.30566819365285697, 0.6867578954713622, 0.35483265677138065, 0.2645830593989884, 0.007225183508792421, 0.6151510936452103, 0.6460339752322907, 0.6598234073816504, 0.769714649922907, 0.6842231082418185, 0.5980862100611126], [0.32234401112701727, 1.4756539869243996, 0.0, 0.29355836479334557, 0.6678440940827702, 0.1211887651087961, 0.3541799567115298, 0.6886539583886067, 0.34811317749671167, 0.2883723448774018, 0.007057398507269275, 0.5876460665451333, 0.6402845691962344, 0.6618257753125136, 0.7652092926649608, 0.6711608507718898, 0.5691999310942063], [-0.16998851021127948, 1.3077175584560525, 0.0, 0.23666044127243163, 0.6456983156918158, 0.12031060229610459, 0.4271900871113786, 0.6900165403151963, 0.3637032317334188, 0.2647063599518149, 0.007057398507269275, 0.6210858530635177, 0.6706828754097305, 0.683160371054018, 0.7740157399515853, 0.7000342407528375, 0.5839406175405865], [0.25252215011836654, 1.4716264765563019, 0.0, 0.25597857479454794, 0.6721319987345421, 0.1185887324538268, 0.3891591082615669, 0.690204557231245, 0.3572993016197539, 0.2842501217804656, 0.007392832833969631, 0.5930312793317918, 0.6366894556115089, 0.651298156398974, 0.7628708778805637, 0.6954725743958686, 0.5759160629075627]], "features_2": [[0.46519506384557996, 1.2912175861701274, 0.0, 0.21060288832403484, 0.6171688435569305, 0.13113421011773355, 0.2608239065271512, 0.6798126646840352, 0.37956096256222405, 0.2750182110954926, 0.007560346756364078, 0.5894303023651553, 0.6531714144497991, 0.6716570981734838, 0.7859663630307888, 0.6877378567619594, 0.5964900234423702], [0.27343068939963944, 1.068528514039855, 0.0, 0.23677331849331013, 0.5679143013597555, 0.13590670058286455, 0.23393102688106565, 0.6744606334839063, 0.4165808027167779, 0.24513117930035455, 0.007950687539111767, 0.6147157227857112, 0.6489197746058515, 0.6765199460904797, 0.7930762558704457, 0.6920179878716001, 0.6219741628375547], [0.4994122294906975, 1.2437419244238126, 0.0, 0.2510715327543432, 0.6099150567594017, 0.13137131615020275, 0.24704481716547236, 0.6795729143216763, 0.3853452582467385, 0.26765158166674086, 0.00783923647221818, 0.5930962881354116, 0.654377302857831, 0.6728341804920105, 0.7847113797006411, 0.6832758386259266, 0.6057585123078699], [0.15621657148563983, 1.3288238772853498, 0.0, 0.23517499905170072, 0.6228365771196317, 0.13068943106827313, 0.21947615082845856, 0.6792555351420511, 0.38200745250401336, 0.28476849064270926, 0.007616154688146137, 0.6050417999353597, 0.6424683177278903, 0.6697749411215433, 0.7790323229237307, 0.7074027344922489, 0.5959960595210577], [0.04818217051269791, 1.110589216619292, 0.0, 0.2041821513842875, 0.5731743095912869, 0.13825295793554446, 0.22202023367300328, 0.6720612796179868, 0.42125521058283844, 0.2573486559838647, 0.007783488497544067, 0.6166213053181391, 0.6675746374627555, 0.6995172976520501, 0.7992243654418201, 0.7142519599177782, 0.6204735111776365], [0.010642706239382793, 1.1679873384257922, 0.0, 0.22108073617757548, 0.6027817713183576, 0.13073058892518757, 0.320495532552269, 0.6820487577503582, 0.3900663773789048, 0.2574555705825101, 0.007616154688146137, 0.6158068446812786, 0.6563551729784945, 0.6958436902159526, 0.7915858358540055, 0.6981892567569041, 0.6208633450154132], [-0.2634529995544357, 1.4447829779485046, 0.0, 0.21617613036722566, 0.6577144163272087, 0.12264848502259648, 0.3833592635083427, 0.6880967422416027, 0.35553264644122007, 0.2916132175391719, 0.007504523810135222, 0.6151802549070431, 0.6715019168337897, 0.6784234514116017, 0.7765750842270988, 0.6921098601678174, 0.5666956138744274], [-0.14049460136678338, 1.4826377448225618, 0.0, 0.23480336214605355, 0.6855997039758074, 0.11502687844711867, 0.6162754930990069, 0.6925114129728306, 0.3217803077742054, 0.28225613615177414, 0.0066653709969386465, 0.5976046949163454, 0.6674167108378883, 0.6816710443542232, 0.7713900903847372, 0.678592632539627, 0.5658241179383263], [-0.20239677854006688, 1.4928469508575504, 0.0, 0.21201058642705695, 0.6938114625762402, 0.11012956922421724, 0.616001779116442, 0.6931214448712499, 0.284192529875507, 0.27304615327928494, 0.006272599803500922, 0.5930828697000428, 0.6659329928677616, 0.6856981363609393, 0.7611092983553549, 0.6838958284045474, 0.5344136649689909]]}