{"labels_1": ["1", "2", "3", "4", "5", "6", "7", "8", "9"], "labels_2": ["1", "2", "3", "4", "5", "6", "7", "8", "9"], "adj_matrix_1": [[0.0, 0.20793, 0.18554, 0.11014, 0.01078, 0.24869, 0.04953, 0.27362, 0.07632], [0.20793, 0.0, 0.02629, 0.10757, 0.21664, 0.05033, 0.16519, 0.30033, 0.26389], [0.18554, 0.02629, 0.0, 0.08209, 0.1945, 0.07636, 0.14132, 0.30046, 0.24526], [0.11014, 0.10757, 0.08209, 0.0, 0.12022, 0.15528, 0.06198, 0.29573, 0.1792], [0.01078, 0.21664, 0.1945, 0.12022, 0.0, 0.25628, 0.06007, 0.27018, 0.06571], [0.24869, 0.05033, 0.07636, 0.15528, 0.25628, 0.0, 0.20977, 0.29856, 0.29787], [0.04953, 0.16519, 0.14132, 0.06198, 0.06007, 0.20977, 0.0, 0.28561, 0.12365], [0.27362, 0.30033, 0.30046, 0.29573, 0.27018, 0.29856, 0.28561, 0.0, 0.24449], [0.07632, 0.26389, 0.24526, 0.1792, 0.06571, 0.29787, 0.12365, 0.24449, 0.0]], "adj_matrix_2": [[0.0, 0.00104, 0.22666, 0.21877, 0.08994, 0.04105, 0.28168, 0.32165, 0.05875], [0.00104, 0.0, 0.22727, 0.21929, 0.08896, 0.04206, 0.28046, 0.3207, 0.0576], [0.22666, 0.22727, 0.0, 0.01864, 0.26195, 0.20445, 0.28175, 0.27636, 0.25075], [0.21877, 0.21929, 0.01864, 0.0, 0.25937, 0.19412, 0.29094, 0.28765, 0.24665], [0.08994, 0.08896, 0.26195, 0.25937, 0.0, 0.12803, 0.22302, 0.27672, 0.03204], [0.04105, 0.04206, 0.20445, 0.19412, 0.12803, 0.0, 0.2999, 0.33288, 0.09823], [0.28168, 0.28046, 0.28175, 0.29094, 0.22302, 0.2999, 0.0, 0.07171, 0.24687], [0.32165, 0.3207, 0.27636, 0.28765, 0.27672, 0.33288, 0.07171, 0.0, 0.29592], [0.05875, 0.0576, 0.25075, 0.24665, 0.03204, 0.09823, 0.24687, 0.29592, 0.0]], "features_1": [[0.2771270052150956, 1.177996062991907, 0.0, 0.16816447672271942, 0.6183824815336593, 0.1271468332000297, 0.542976089683257, 0.6882946347430141, 0.3709255117024435, 0.24794549055425352, 0.007225183508792421, 0.6004895919019975, 0.6779938713707894, 0.6994269177123563, 0.8000844538883136, 0.7319580186780292, 0.5924459759010638], [-0.2618412455688164, 0.8664041577505274, 0.0, 0.20344024411095077, 0.5315390240446203, 0.1377947395386245, 0.4478234530780824, 0.6794464406841809, 0.41597615826403156, 0.20509057660247687, 0.007448685839370306, 0.6321643215167518, 0.6754834169367283, 0.7037204565794775, 0.8139653570547415, 0.7313381674962048, 0.6258736410920969], [-0.1201871470726994, 1.1275820243324022, 0.0, 0.20497923544979935, 0.6120848855634583, 0.12379418626390422, 0.5536814135433545, 0.6894687844941653, 0.3503655150266509, 0.2361888244594197, 0.007001439975721224, 0.6131466522234232, 0.6644460614561276, 0.6868356221173469, 0.7868113932262665, 0.6975692951135427, 0.5862146183322537], [-0.08554298404079264, 1.1552640379387085, 0.0, 0.19092356361734966, 0.616616800591589, 0.12397042815282369, 0.5632667315111888, 0.6894864806853702, 0.3547151079535429, 0.24101441183557681, 0.00711334193318236, 0.618850756117131, 0.685219178554785, 0.7050100152845441, 0.7879647222458545, 0.7199370126128967, 0.5893085834657802], [-0.26123971259874423, 0.9626258522804599, 0.0, 0.1734261093676492, 0.5526532291352879, 0.13652399393126688, 0.529728293918744, 0.6805764165210633, 0.4056786519189972, 0.22516496191008084, 0.007225183508792421, 0.6174347844507833, 0.6669479043020404, 0.6986766389393088, 0.8095402491522538, 0.7205640385546646, 0.6133921808494686], [-0.26114898101064554, 1.1269561513895574, 0.0, 0.20700490044838402, 0.6115642667274113, 0.12205829081142366, 0.5895784164238925, 0.6901471831325179, 0.3508671619726589, 0.2359405021852221, 0.006889477554966383, 0.6162718511075165, 0.6658159670766799, 0.6788463648164269, 0.7825388974465135, 0.6926691100323645, 0.5792092653314537], [0.2068584439083132, 1.4546514416741325, 0.0, 0.2260829776151728, 0.6758923471616511, 0.11434341204641255, 0.585078345586519, 0.6924354120322977, 0.30042207170606305, 0.26812463740610637, 0.0064410216040902135, 0.5968782485683559, 0.636563741327883, 0.6374098236031869, 0.759500516367404, 0.6970960681360946, 0.5209528170311722], [0.9339886559154849, 1.388587694777846, 0.0, 0.29285798012459974, 0.665877250066621, 0.11465510805480136, 0.6434930299169388, 0.6924136533218632, 0.31426521802043816, 0.25934388825435706, 0.006889477554966383, 0.5641186111800469, 0.6451168482700507, 0.6677498496037578, 0.763451332921044, 0.6863872989452122, 0.5851644166331607], [0.6937483817985504, 1.4792459703131609, 0.0, 0.289493201791053, 0.6878609092483908, 0.10656462512668607, 0.5353007366303203, 0.6931430604728206, 0.27963523022205217, 0.2626654778354329, 0.00655322669591385, 0.5749967415332096, 0.6248574589971388, 0.6442824979657983, 0.7383282638748699, 0.6684439925589897, 0.5194304464702245]], "features_2": [[0.25488576825772347, 1.2177310969652977, 0.0, 0.2265962962177033, 0.5958816307122408, 0.13208659344538937, 0.24301562374860666, 0.6770090869429328, 0.40451253226758555, 0.26667940471372176, 0.007671947615560004, 0.6084456497912392, 0.6245345113051397, 0.6523739207956606, 0.7775037356124946, 0.6942708453256511, 0.5972801399212316], [0.33030420924680026, 0.9778828288629743, 0.0, 0.2529753095982177, 0.5452762709441821, 0.1341115429269328, 0.27521113181935275, 0.6750741005863882, 0.43528093583127037, 0.22746658855678814, 0.00822905385914674, 0.6057446902301105, 0.641604569885563, 0.6628827794287349, 0.7864497992512346, 0.6960042384179596, 0.6132960019656573], [0.9401680573861921, 1.1904205347467007, 0.0, 0.2872186665512558, 0.5948938588817897, 0.1300535397863215, 0.2548508928332126, 0.6793408396385561, 0.4056429642190025, 0.25548927218589523, 0.008006390651371653, 0.5838317542581002, 0.6190470346138175, 0.6445055479600506, 0.7734951990104004, 0.6853258833114442, 0.5973825495322608], [0.774880095575877, 1.2970059505450489, 0.0, 0.2554384305484122, 0.6163116508268818, 0.12901088533573907, 0.26833406575052265, 0.6805751589051904, 0.3938013370729305, 0.2707056927806142, 0.007783488497544067, 0.5912262657574052, 0.6362046859235434, 0.6579071250527508, 0.7709460050469092, 0.6865479471817325, 0.5884880823356722], [0.6656386671734817, 1.014122100093484, 0.0, 0.2389936422516927, 0.564856696161067, 0.1312392867102076, 0.36641659133850907, 0.6813873309412516, 0.4253579278854609, 0.22539917811863752, 0.007894969482732161, 0.6038379134358101, 0.6430117830162619, 0.6616197264000722, 0.7952326251288874, 0.7071886255156487, 0.6104809183088354], [0.8201336260559566, 1.222016275367763, 0.0, 0.2775953646700469, 0.6142518092077567, 0.12562316138637983, 0.39228047830287666, 0.6856622812854427, 0.39069841386369686, 0.2529150918361258, 0.007448685839370306, 0.5893085173780803, 0.6319917986751049, 0.650905968885849, 0.7777702193692129, 0.6981344506550601, 0.5854284113897116], [0.6176386499972173, 1.5288286446979826, 0.0, 0.2427659051641788, 0.679598870640644, 0.11876425932160589, 0.7690573933062069, 0.6910565316275834, 0.31906219905831534, 0.2784368133557902, 0.006889477554966383, 0.5974796440153396, 0.6356723093881492, 0.6330440637103393, 0.7595849811911872, 0.6856267066461044, 0.5243507154007803], [0.03839282800811761, 1.3532396781054017, 0.0, 0.2599424700994378, 0.659508346876729, 0.11311357767754361, 0.5900608577873327, 0.6924487406363885, 0.3189587033790331, 0.2559927700307498, 0.006328755639155359, 0.6084088621715851, 0.6542501314387954, 0.6606586057140746, 0.7593278237609971, 0.7059924353450886, 0.4988507404314809], [0.2695010577312331, 1.5240196793829108, 0.0, 0.2677741068875573, 0.6917532792947165, 0.11181469218295112, 0.8840012780741773, 0.6929924251768416, 0.30527240140061473, 0.27534607893921503, 0.00655322669591385, 0.5861108618076045, 0.6348069220009698, 0.6349153660292919, 0.7483588532574257, 0.6903622627988697, 0.46954250916089063]]}