{"labels_1": ["1", "2", "3", "4", "5", "6", "7", "8", "9"], "labels_2": ["1", "2", "3", "4", "5", "6", "7", "8", "9"], "adj_matrix_1": [[0.0, 0.20793, 0.18554, 0.11014, 0.01078, 0.24869, 0.04953, 0.27362, 0.07632], [0.20793, 0.0, 0.02629, 0.10757, 0.21664, 0.05033, 0.16519, 0.30033, 0.26389], [0.18554, 0.02629, 0.0, 0.08209, 0.1945, 0.07636, 0.14132, 0.30046, 0.24526], [0.11014, 0.10757, 0.08209, 0.0, 0.12022, 0.15528, 0.06198, 0.29573, 0.1792], [0.01078, 0.21664, 0.1945, 0.12022, 0.0, 0.25628, 0.06007, 0.27018, 0.06571], [0.24869, 0.05033, 0.07636, 0.15528, 0.25628, 0.0, 0.20977, 0.29856, 0.29787], [0.04953, 0.16519, 0.14132, 0.06198, 0.06007, 0.20977, 0.0, 0.28561, 0.12365], [0.27362, 0.30033, 0.30046, 0.29573, 0.27018, 0.29856, 0.28561, 0.0, 0.24449], [0.07632, 0.26389, 0.24526, 0.1792, 0.06571, 0.29787, 0.12365, 0.24449, 0.0]], "adj_matrix_2": [[0.0, 0.21634, 0.19937, 0.09665, 0.07907, 0.23702, 0.24859, 0.02798, 0.12361], [0.21634, 0.0, 0.02628, 0.14624, 0.16161, 0.03598, 0.05841, 0.00779, 0.06087], [0.19937, 0.02628, 0.0, 0.12319, 0.13941, 0.06194, 0.08399, 0.00888, 0.06597], [0.09665, 0.14624, 0.12319, 0.0, 0.01879, 0.176, 0.19356, 0.01698, 0.09596], [0.07907, 0.16161, 0.13941, 0.01879, 0.0, 0.18978, 0.20629, 0.01869, 0.10095], [0.23702, 0.03598, 0.06194, 0.176, 0.18978, 0.0, 0.02271, 0.0065, 0.05439], [0.24859, 0.05841, 0.08399, 0.19356, 0.20629, 0.02271, 0.0, 0.00581, 0.05066], [0.02798, 0.00779, 0.00888, 0.01698, 0.01869, 0.0065, 0.00581, 0.0, 0.12817], [0.12361, 0.06087, 0.06597, 0.09596, 0.10095, 0.05439, 0.05066, 0.12817, 0.0]], "features_1": [[0.2771270052150956, 1.177996062991907, 0.0, 0.16816447672271942, 0.6183824815336593, 0.1271468332000297, 0.542976089683257, 0.6882946347430141, 0.3709255117024435, 0.24794549055425352, 0.007225183508792421, 0.6004895919019975, 0.6779938713707894, 0.6994269177123563, 0.8000844538883136, 0.7319580186780292, 0.5924459759010638], [-0.2618412455688164, 0.8664041577505274, 0.0, 0.20344024411095077, 0.5315390240446203, 0.1377947395386245, 0.4478234530780824, 0.6794464406841809, 0.41597615826403156, 0.20509057660247687, 0.007448685839370306, 0.6321643215167518, 0.6754834169367283, 0.7037204565794775, 0.8139653570547415, 0.7313381674962048, 0.6258736410920969], [-0.1201871470726994, 1.1275820243324022, 0.0, 0.20497923544979935, 0.6120848855634583, 0.12379418626390422, 0.5536814135433545, 0.6894687844941653, 0.3503655150266509, 0.2361888244594197, 0.007001439975721224, 0.6131466522234232, 0.6644460614561276, 0.6868356221173469, 0.7868113932262665, 0.6975692951135427, 0.5862146183322537], [-0.08554298404079264, 1.1552640379387085, 0.0, 0.19092356361734966, 0.616616800591589, 0.12397042815282369, 0.5632667315111888, 0.6894864806853702, 0.3547151079535429, 0.24101441183557681, 0.00711334193318236, 0.618850756117131, 0.685219178554785, 0.7050100152845441, 0.7879647222458545, 0.7199370126128967, 0.5893085834657802], [-0.26123971259874423, 0.9626258522804599, 0.0, 0.1734261093676492, 0.5526532291352879, 0.13652399393126688, 0.529728293918744, 0.6805764165210633, 0.4056786519189972, 0.22516496191008084, 0.007225183508792421, 0.6174347844507833, 0.6669479043020404, 0.6986766389393088, 0.8095402491522538, 0.7205640385546646, 0.6133921808494686], [-0.26114898101064554, 1.1269561513895574, 0.0, 0.20700490044838402, 0.6115642667274113, 0.12205829081142366, 0.5895784164238925, 0.6901471831325179, 0.3508671619726589, 0.2359405021852221, 0.006889477554966383, 0.6162718511075165, 0.6658159670766799, 0.6788463648164269, 0.7825388974465135, 0.6926691100323645, 0.5792092653314537], [0.2068584439083132, 1.4546514416741325, 0.0, 0.2260829776151728, 0.6758923471616511, 0.11434341204641255, 0.585078345586519, 0.6924354120322977, 0.30042207170606305, 0.26812463740610637, 0.0064410216040902135, 0.5968782485683559, 0.636563741327883, 0.6374098236031869, 0.759500516367404, 0.6970960681360946, 0.5209528170311722], [0.9339886559154849, 1.388587694777846, 0.0, 0.29285798012459974, 0.665877250066621, 0.11465510805480136, 0.6434930299169388, 0.6924136533218632, 0.31426521802043816, 0.25934388825435706, 0.006889477554966383, 0.5641186111800469, 0.6451168482700507, 0.6677498496037578, 0.763451332921044, 0.6863872989452122, 0.5851644166331607], [0.6937483817985504, 1.4792459703131609, 0.0, 0.289493201791053, 0.6878609092483908, 0.10656462512668607, 0.5353007366303203, 0.6931430604728206, 0.27963523022205217, 0.2626654778354329, 0.00655322669591385, 0.5749967415332096, 0.6248574589971388, 0.6442824979657983, 0.7383282638748699, 0.6684439925589897, 0.5194304464702245]], "features_2": [[0.7957627965033192, 1.1090400619224652, 0.0, 0.2930978884134866, 0.5771097222571637, 0.13676660280103137, 0.2240600819104607, 0.6742774410772319, 0.43268341767157614, 0.2521243505294457, 0.008340296057933516, 0.6057174060220754, 0.6420873023783275, 0.6675787774108307, 0.7957930404286739, 0.7072260822882709, 0.6130176653886465], [0.13504097756403866, 0.96697808771101, 0.0, 0.2692939166254901, 0.5406245355763292, 0.14051807606044578, 0.20010089801448103, 0.6692651645199799, 0.4457881400807022, 0.22991918767050357, 0.008284682400665488, 0.6197482567796779, 0.6586731718654987, 0.6701482761157811, 0.8010906877591416, 0.714199142228203, 0.6138918088490968], [0.15170725464611223, 1.1134270431099194, 0.0, 0.29453910433219244, 0.5878262096301831, 0.1311174457543451, 0.25327657177967355, 0.6805793113542855, 0.3965206546432207, 0.2453917303978439, 0.007727725548673403, 0.6148246155407588, 0.6513566333103258, 0.6663290748214632, 0.785350331087848, 0.6782989871230122, 0.6147805235270681], [0.4596577176772709, 1.1349230126207224, 0.0, 0.2991910424381388, 0.5908612620669325, 0.1317209862824256, 0.2597607198130568, 0.6800614257333243, 0.3937554599134103, 0.24798821082428346, 0.007616154688146137, 0.6002583226652429, 0.6520765804384322, 0.6464946048585783, 0.7873862144823458, 0.6910634701366177, 0.6076657245784165], [0.1650335491093302, 0.9056714756917831, 0.0, 0.2684869535104011, 0.5206884356830908, 0.14268441563747902, 0.18483328883222896, 0.6650264614389376, 0.45672487147583496, 0.22255485055047775, 0.008062078829516484, 0.6153340989463261, 0.6642583530502381, 0.6935792393266579, 0.8020512916651958, 0.7212538058746257, 0.6134472772463161], [0.26356482528539793, 1.099628792300225, 0.0, 0.2553727655042182, 0.5887421658314257, 0.12815429540263662, 0.28704565709420465, 0.683569103435874, 0.3710430117095611, 0.23614827623033285, 0.00716927026363523, 0.5965110351758618, 0.6626241437728916, 0.6757938309680338, 0.782077603844738, 0.6843738717870985, 0.6100448639461069], [0.8991679163014963, 1.127704085238835, 0.0, 0.2832210949665568, 0.6045498913724054, 0.12196619971811354, 0.3658406872252712, 0.688669114608233, 0.3394740743759068, 0.22698957493965555, 0.007504523810135222, 0.5877893970734442, 0.6369298943801935, 0.6374536653336704, 0.7737083312026813, 0.6973347535300005, 0.5766922383094747], [9.749680030274009, 1.3740312204707268, 0.0, 0.4272953122769364, 0.6617833486179656, 0.11230513331062959, 0.4253580206134899, 0.6924669060718796, 0.3196703188424499, 0.22583238104491454, 0.007616154688146137, 0.4973446793741432, 0.5884918419688895, 0.5751262207431445, 0.7524267085816724, 0.7009580811080045, 0.5629386012693434], [6.572873675684006, 1.416535792594603, 0.0, 0.40317657397389545, 0.6715989000318578, 0.10785601662915953, 0.41421127340523184, 0.6930753529504066, 0.2775784799741654, 0.2246956539898095, 0.0066653709969386465, 0.5076182333020753, 0.5815015769376273, 0.543812878596106, 0.7370853611107302, 0.6705236234977568, 0.5045637853444719]]}