{"labels_1": ["1", "2", "3", "4", "5", "6", "7", "8", "9"], "labels_2": ["1", "2", "3", "4", "5", "6", "7", "8", "9"], "adj_matrix_1": [[0.0, 0.16648, 0.05642, 0.00424, 0.25905, 0.14254, 0.1515, 0.10603, 0.06461], [0.16648, 0.0, 0.11462, 0.16276, 0.31157, 0.02647, 0.01667, 0.25014, 0.21981], [0.05642, 0.11462, 0.0, 0.05223, 0.28195, 0.08918, 0.09867, 0.1576, 0.1189], [0.00424, 0.16276, 0.05223, 0.0, 0.26108, 0.13867, 0.14767, 0.11002, 0.06876], [0.25905, 0.31157, 0.28195, 0.26108, 0.0, 0.30658, 0.30833, 0.19686, 0.22468], [0.14254, 0.02647, 0.08918, 0.13867, 0.30658, 0.0, 0.00981, 0.23089, 0.19841], [0.1515, 0.01667, 0.09867, 0.14767, 0.30833, 0.00981, 0.0, 0.23814, 0.20644], [0.10603, 0.25014, 0.1576, 0.11002, 0.19686, 0.23089, 0.23814, 0.0, 0.04303], [0.06461, 0.21981, 0.1189, 0.06876, 0.22468, 0.19841, 0.20644, 0.04303, 0.0]], "adj_matrix_2": [[0.0, 0.03603, 0.11452, 0.00687, 0.13971, 0.07537, 0.19991, 0.29614, 0.11347], [0.03603, 0.0, 0.14627, 0.02922, 0.17001, 0.10931, 0.22436, 0.30745, 0.07996], [0.11452, 0.14627, 0.0, 0.12076, 0.02794, 0.04137, 0.09888, 0.22884, 0.2072], [0.00687, 0.02922, 0.12076, 0.0, 0.14566, 0.08196, 0.2049, 0.29872, 0.10725], [0.13971, 0.17001, 0.02794, 0.14566, 0.0, 0.06886, 0.07184, 0.20727, 0.2255], [0.07537, 0.10931, 0.04137, 0.08196, 0.06886, 0.0, 0.13719, 0.25707, 0.17722], [0.19991, 0.22436, 0.09888, 0.2049, 0.07184, 0.13719, 0.0, 0.14527, 0.26523], [0.29614, 0.30745, 0.22884, 0.29872, 0.20727, 0.25707, 0.14527, 0.0, 0.31625], [0.11347, 0.07996, 0.2072, 0.10725, 0.2255, 0.17722, 0.26523, 0.31625, 0.0]], "features_1": [[0.2876699494462085, 1.3501302721866382, 0.0, 0.20171490415284465, 0.6440013241301098, 0.12216053834232528, 0.3887880943493414, 0.6888630015476662, 0.3553719662500594, 0.2725913789124099, 0.00716927026363523, 0.5993992528035146, 0.6409568816114266, 0.6685120138802142, 0.7790283826037504, 0.7052658745075626, 0.5928804619947945], [0.1285095100267153, 1.1172750306823198, 0.0, 0.2187485812362325, 0.5946420473167461, 0.12515143342859514, 0.39055528113374793, 0.6864376396760146, 0.3748776109703873, 0.24025580984828254, 0.007671947615560004, 0.6146909436369135, 0.652678559139602, 0.6688246451136473, 0.7812173952909955, 0.7132631272014265, 0.5931341237276874], [0.31965150240923323, 1.3410919789225801, 0.0, 0.21751979052017625, 0.646878537087446, 0.11891175610464949, 0.3656486892700535, 0.6901025686636697, 0.3320410113294321, 0.26354665339307193, 0.007281081678807366, 0.5955601621832267, 0.6401187656070388, 0.6466625387378225, 0.7667577447744186, 0.7066588915919103, 0.582864673204432], [0.24771298619247517, 1.3085446839168444, 0.0, 0.21594994431445846, 0.6379203551043854, 0.12096555163110374, 0.37838284091083735, 0.68926740774178, 0.3373757762307419, 0.26189756448734314, 0.0066653709969386465, 0.5970368146693517, 0.6323930079929523, 0.6660787612383141, 0.771778676574743, 0.6968312868736224, 0.58677526777765], [0.3982632784479323, 1.1626274272142731, 0.0, 0.26621011734359706, 0.6079402453825787, 0.1263619502969731, 0.7372123512009587, 0.6882714524329037, 0.34913487299800283, 0.2413195734308764, 0.006889477554966383, 0.587552243950054, 0.6458300667925537, 0.6780580648749858, 0.7854230901183742, 0.7200629331820079, 0.5827278538795766], [0.04330422582031668, 1.2445192392032722, 0.0, 0.20608978046398038, 0.6337704165810046, 0.11769490119127153, 0.4434854924995456, 0.6910808762720546, 0.3183247353088954, 0.24673828583066926, 0.00711334193318236, 0.6094121026451571, 0.6651999572011978, 0.6694009405017521, 0.7697275077945868, 0.6808341283880304, 0.5782159130135145], [-0.06332447891482218, 1.2862749633667223, 0.0, 0.226499700023422, 0.6268126053594526, 0.12556967803212826, 0.33779733544213925, 0.685937481613639, 0.3498488091332781, 0.2642174729383926, 0.00677745458930179, 0.6106655058552812, 0.6403938194038485, 0.6506445071166672, 0.7746465314770234, 0.7058684986040049, 0.569113185820225], [-0.04250568365510965, 1.3700921631617518, 0.0, 0.22689341390380965, 0.6504288138050511, 0.12028622969283051, 0.4581254000498859, 0.6896499272014687, 0.30988561419408023, 0.26741212973275474, 0.00655322669591385, 0.5950341172238718, 0.643328094454323, 0.6525321655316163, 0.7639778470721875, 0.6942406832142366, 0.5718296415481637], [0.43320588057551523, 1.353481107915234, 0.0, 0.24620626526299016, 0.6538695324499674, 0.11749846928363189, 0.5177486100045179, 0.6908720404182048, 0.3082600744758528, 0.25845726870707453, 0.006889477554966383, 0.5891498171685345, 0.6453777849234824, 0.649442746325216, 0.7527047797698062, 0.6841260090235467, 0.5764225986128231]], "features_2": [[0.5826968984422893, 1.549746637434921, 0.0, 0.2659840284372338, 0.6818155064628644, 0.1187919279226919, 0.4319309314081636, 0.6905767882405678, 0.3264963251439965, 0.2899660256346581, 0.007001439975721224, 0.5866632471112649, 0.6356183693823498, 0.6467559599050883, 0.7702661380444534, 0.694975284741291, 0.5673542957095199], [0.8431726511934126, 1.2607388593117212, 0.0, 0.2584722904687591, 0.6294019166407455, 0.12507705058706442, 0.45443535103484367, 0.6875467511334314, 0.3717720247833527, 0.25586626871591167, 0.00711334193318236, 0.580811354480036, 0.6368499518087812, 0.6468913866614696, 0.784157846080431, 0.694290165267217, 0.5864240842757764], [0.67902044427924, 1.5159904390380656, 0.0, 0.2729233901997508, 0.6784704977897312, 0.1174485181369208, 0.46146060580680837, 0.6911232166265924, 0.3237105225823178, 0.28384575644406795, 0.007001439975721224, 0.5892209346071948, 0.6271350002460291, 0.6288323922073987, 0.7660722347008319, 0.6815619535354432, 0.5665167647874659], [0.5189075212500827, 1.5473362407515867, 0.0, 0.26157572204581, 0.6785530808467741, 0.11988459740452628, 0.403117728420915, 0.6899369641099201, 0.32378580695504033, 0.29127807766506697, 0.006889477554966383, 0.5904962965880838, 0.6501162793781127, 0.6536141859743906, 0.7708643616058755, 0.6738287058641692, 0.5832830536833427], [0.4838795164504832, 1.199081548140727, 0.0, 0.2259258719688925, 0.6076959472736259, 0.13041969283720245, 0.4350007886274433, 0.6839766425968431, 0.389700066147457, 0.25160080108504856, 0.007894969482732161, 0.5989653996884017, 0.6487543379220586, 0.6402893486955007, 0.794951192711783, 0.7305021705775012, 0.6066284346373352], [0.658850243491619, 1.463076139446182, 0.0, 0.2614574723798716, 0.6723590732555272, 0.11751616246137808, 0.5283742100051647, 0.69132981751793, 0.33224838814043123, 0.2781072811616221, 0.007225183508792421, 0.5882192337564014, 0.6291057099615145, 0.6432667389677316, 0.7681124504987689, 0.693142094575992, 0.579210616477747], [0.14726050485027864, 1.5324681168202847, 0.0, 0.22879444569085386, 0.669024736176338, 0.12258729600061866, 0.3962551612844315, 0.6884613442355896, 0.32541830348085643, 0.29377420766704176, 0.00677745458930179, 0.5983393791895093, 0.6371943776046657, 0.6325518521380149, 0.7781817254268113, 0.6722819096928612, 0.5894700657335622], [0.06792183628902304, 1.3903983414161425, 0.0, 0.2710867230510742, 0.6557890567442234, 0.1204479398858011, 0.48716940691379307, 0.6894182045764892, 0.34392660449789125, 0.2732917620410633, 0.007336964783822175, 0.606114116359741, 0.6338337832241846, 0.6472697229815867, 0.7598318988763167, 0.6766096441589826, 0.5993688373052454], [1.0986199151234226, 1.5194251279965665, 0.0, 0.32551823252677503, 0.6819019622299766, 0.11416370083201474, 0.42135009674212043, 0.6918588508682992, 0.3094451281196984, 0.27380604099791617, 0.00711334193318236, 0.5655594877398569, 0.6144408411872858, 0.6111034268965126, 0.7480254325948396, 0.6534660572915312, 0.570226166895895]]}