{"labels_1": ["1", "2", "3", "4", "5", "6", "7", "8", "9"], "labels_2": ["1", "2", "3", "4", "5", "6", "7", "8", "9"], "adj_matrix_1": [[0.0, 0.04557, 0.12269, 0.062, 0.2373, 0.12543, 0.09449, 0.23881, 0.26894], [0.04557, 0.0, 0.08368, 0.01699, 0.24356, 0.08688, 0.13266, 0.24402, 0.25507], [0.12269, 0.08368, 0.0, 0.06814, 0.23013, 0.0036, 0.1854, 0.22969, 0.21244], [0.062, 0.01699, 0.06814, 0.0, 0.2437, 0.07147, 0.14567, 0.24423, 0.24922], [0.2373, 0.24356, 0.23013, 0.2437, 0.0, 0.22888, 0.19307, 0.0046, 0.13734], [0.12543, 0.08688, 0.0036, 0.07147, 0.22888, 0.0, 0.18689, 0.22843, 0.21026], [0.09449, 0.13266, 0.1854, 0.14567, 0.19307, 0.18689, 0.0, 0.19634, 0.26855], [0.23881, 0.24402, 0.22969, 0.24423, 0.0046, 0.22843, 0.19634, 0.0, 0.13349], [0.26894, 0.25507, 0.21244, 0.24922, 0.13734, 0.21026, 0.26855, 0.13349, 0.0]], "adj_matrix_2": [[0.0, 0.24177, 0.10118, 0.01202, 0.08282, 0.15498, 0.3061, 0.24391, 0.29779], [0.24177, 0.0, 0.26439, 0.23629, 0.19259, 0.1255, 0.17805, 0.00489, 0.14395], [0.10118, 0.26439, 0.0, 0.11176, 0.16922, 0.21891, 0.27525, 0.2646, 0.27642], [0.01202, 0.23629, 0.11176, 0.0, 0.07143, 0.14537, 0.30709, 0.23872, 0.29757], [0.08282, 0.19259, 0.16922, 0.07143, 0.0, 0.08084, 0.29984, 0.19573, 0.28289], [0.15498, 0.1255, 0.21891, 0.14537, 0.08084, 0.0, 0.26872, 0.12972, 0.24389], [0.3061, 0.17805, 0.27525, 0.30709, 0.29984, 0.26872, 0.0, 0.17424, 0.03841], [0.24391, 0.00489, 0.2646, 0.23872, 0.19573, 0.12972, 0.17424, 0.0, 0.13985], [0.29779, 0.14395, 0.27642, 0.29757, 0.28289, 0.24389, 0.03841, 0.13985, 0.0]], "features_1": [[0.6289270181903994, 1.3566016655656365, 0.0, 0.33979950305769197, 0.6442910093261248, 0.1256811085615032, 0.39006150941196155, 0.6866010234969129, 0.370381835821634, 0.2742488918232955, 0.00716927026363523, 0.5876200850902693, 0.6570009327668729, 0.6750165418083475, 0.7864263073085653, 0.7067654569349174, 0.5740063798758712], [0.7932000990017207, 1.1385020419003071, 0.0, 0.39526137334195494, 0.5960029982602254, 0.13126274507947808, 0.313326094300745, 0.6815564250833941, 0.4054360974138367, 0.24889019968701032, 0.007392832833969631, 0.5888006397200187, 0.6424728037486329, 0.6636358549361756, 0.7924798407667871, 0.695997918279289, 0.5877348601037908], [0.8671932221957235, 1.4218001102471098, 0.0, 0.3593775623001344, 0.6613220036267434, 0.12172551654562941, 0.3783026234187844, 0.6886673002873467, 0.35414514342336445, 0.27698666483768797, 0.007281081678807366, 0.5786237188777932, 0.6555441349822424, 0.6615095008410937, 0.7732776529572143, 0.6979126059553142, 0.5553257276688358], [0.9615829495725636, 1.3924726992240846, 0.0, 0.3314505431347069, 0.6565985986839197, 0.12147223518172405, 0.3967234719665441, 0.6889798634664639, 0.35393251274498616, 0.27212185757534924, 0.007057398507269275, 0.5759996434012296, 0.637550183697415, 0.6498126079245843, 0.7745538223038743, 0.7068547513749043, 0.5599113523895495], [0.2745154999390831, 1.1897857673006396, 0.0, 0.30455818271263, 0.610892461401559, 0.13044576666422958, 0.3339009922943326, 0.6827225965495411, 0.40565996504377355, 0.2570748932863378, 0.007504523810135222, 0.606501083137903, 0.6678370749841269, 0.6914177966221244, 0.7926320716516383, 0.7064788085577246, 0.5923304099523174], [1.1198176997684737, 1.4380772606273853, 0.0, 0.3582425325455116, 0.6692962453286828, 0.11768472933689242, 0.4148650939837907, 0.6906996629217428, 0.330107587418347, 0.2694272441537966, 0.006721420376576193, 0.5659127827843116, 0.6143549037484419, 0.6337973182254532, 0.7663097656577651, 0.6671790856060756, 0.5469084937228501], [0.9800024708304722, 1.5906596243839894, 0.0, 0.3040452803132686, 0.6994140223402108, 0.11180903095091518, 0.4721198849467356, 0.6927115375893342, 0.2851152647233084, 0.28207103494169283, 0.006609306440138685, 0.5650527199581457, 0.6311135916610257, 0.6437587165614816, 0.7553591538461695, 0.6674970553094189, 0.49577568696794677], [0.763985136354798, 1.4127346426810867, 0.0, 0.27347358586912174, 0.6794349741815482, 0.10996745287311109, 0.49232663643851426, 0.6930120563308008, 0.2837664204470598, 0.252502492489443, 0.006272599803500922, 0.5748376584906185, 0.6372630366441683, 0.6454913333947124, 0.751558714093911, 0.6773379862712458, 0.5314805731297035], [0.06769745330535137, 1.621005673817643, 0.0, 0.23109575320327347, 0.716558644773791, 0.10338701093229123, 0.4631855079334251, 0.6929503953049718, 0.2367839203850124, 0.27258307693863326, 0.005428426552106513, 0.5724400227232451, 0.6208013403692446, 0.6391277587568551, 0.7286055622858099, 0.6570150139683171, 0.4753098031258792]], "features_2": [[0.46519506384557996, 1.2912175861701274, 0.0, 0.21060288832403484, 0.6171688435569305, 0.13113421011773355, 0.2608239065271512, 0.6798126646840352, 0.37956096256222405, 0.2750182110954926, 0.007560346756364078, 0.5894303023651553, 0.6531714144497991, 0.6716570981734838, 0.7859663630307888, 0.6877378567619594, 0.5964900234423702], [0.27343068939963944, 1.068528514039855, 0.0, 0.23677331849331013, 0.5679143013597555, 0.13590670058286455, 0.23393102688106565, 0.6744606334839063, 0.4165808027167779, 0.24513117930035455, 0.007950687539111767, 0.6147157227857112, 0.6489197746058515, 0.6765199460904797, 0.7930762558704457, 0.6920179878716001, 0.6219741628375547], [0.4994122294906975, 1.2437419244238126, 0.0, 0.2510715327543432, 0.6099150567594017, 0.13137131615020275, 0.24704481716547236, 0.6795729143216763, 0.3853452582467385, 0.26765158166674086, 0.00783923647221818, 0.5930962881354116, 0.654377302857831, 0.6728341804920105, 0.7847113797006411, 0.6832758386259266, 0.6057585123078699], [0.15621657148563983, 1.3288238772853498, 0.0, 0.23517499905170072, 0.6228365771196317, 0.13068943106827313, 0.21947615082845856, 0.6792555351420511, 0.38200745250401336, 0.28476849064270926, 0.007616154688146137, 0.6050417999353597, 0.6424683177278903, 0.6697749411215433, 0.7790323229237307, 0.7074027344922489, 0.5959960595210577], [0.04818217051269791, 1.110589216619292, 0.0, 0.2041821513842875, 0.5731743095912869, 0.13825295793554446, 0.22202023367300328, 0.6720612796179868, 0.42125521058283844, 0.2573486559838647, 0.007783488497544067, 0.6166213053181391, 0.6675746374627555, 0.6995172976520501, 0.7992243654418201, 0.7142519599177782, 0.6204735111776365], [0.010642706239382793, 1.1679873384257922, 0.0, 0.22108073617757548, 0.6027817713183576, 0.13073058892518757, 0.320495532552269, 0.6820487577503582, 0.3900663773789048, 0.2574555705825101, 0.007616154688146137, 0.6158068446812786, 0.6563551729784945, 0.6958436902159526, 0.7915858358540055, 0.6981892567569041, 0.6208633450154132], [-0.2634529995544357, 1.4447829779485046, 0.0, 0.21617613036722566, 0.6577144163272087, 0.12264848502259648, 0.3833592635083427, 0.6880967422416027, 0.35553264644122007, 0.2916132175391719, 0.007504523810135222, 0.6151802549070431, 0.6715019168337897, 0.6784234514116017, 0.7765750842270988, 0.6921098601678174, 0.5666956138744274], [-0.14049460136678338, 1.4826377448225618, 0.0, 0.23480336214605355, 0.6855997039758074, 0.11502687844711867, 0.6162754930990069, 0.6925114129728306, 0.3217803077742054, 0.28225613615177414, 0.0066653709969386465, 0.5976046949163454, 0.6674167108378883, 0.6816710443542232, 0.7713900903847372, 0.678592632539627, 0.5658241179383263], [-0.20239677854006688, 1.4928469508575504, 0.0, 0.21201058642705695, 0.6938114625762402, 0.11012956922421724, 0.616001779116442, 0.6931214448712499, 0.284192529875507, 0.27304615327928494, 0.006272599803500922, 0.5930828697000428, 0.6659329928677616, 0.6856981363609393, 0.7611092983553549, 0.6838958284045474, 0.5344136649689909]]}