{"labels_1": ["1", "2", "3", "4", "5", "6", "7", "8", "9"], "labels_2": ["1", "2", "3", "4", "5", "6", "7", "8", "9"], "adj_matrix_1": [[0.0, 0.08402, 0.01173, 0.00731, 0.06107, 0.10433, 0.05797, 0.29154, 0.22049], [0.08402, 0.0, 0.07275, 0.09092, 0.0238, 0.0216, 0.02696, 0.32101, 0.27094], [0.01173, 0.07275, 0.0, 0.01903, 0.04956, 0.09337, 0.04645, 0.29714, 0.22877], [0.00731, 0.09092, 0.01903, 0.0, 0.06815, 0.11106, 0.06511, 0.28793, 0.21526], [0.06107, 0.0238, 0.04956, 0.06815, 0.0, 0.04523, 0.00319, 0.31528, 0.25903], [0.10433, 0.0216, 0.09337, 0.11106, 0.04523, 0.0, 0.04839, 0.32482, 0.28057], [0.05797, 0.02696, 0.04645, 0.06511, 0.00319, 0.04839, 0.0, 0.31472, 0.25773], [0.29154, 0.32101, 0.29714, 0.28793, 0.31528, 0.32482, 0.31472, 0.0, 0.10365], [0.22049, 0.27094, 0.22877, 0.21526, 0.25903, 0.28057, 0.25773, 0.10365, 0.0]], "adj_matrix_2": [[0.0, 0.24177, 0.10118, 0.01202, 0.08282, 0.15498, 0.3061, 0.24391, 0.29779], [0.24177, 0.0, 0.26439, 0.23629, 0.19259, 0.1255, 0.17805, 0.00489, 0.14395], [0.10118, 0.26439, 0.0, 0.11176, 0.16922, 0.21891, 0.27525, 0.2646, 0.27642], [0.01202, 0.23629, 0.11176, 0.0, 0.07143, 0.14537, 0.30709, 0.23872, 0.29757], [0.08282, 0.19259, 0.16922, 0.07143, 0.0, 0.08084, 0.29984, 0.19573, 0.28289], [0.15498, 0.1255, 0.21891, 0.14537, 0.08084, 0.0, 0.26872, 0.12972, 0.24389], [0.3061, 0.17805, 0.27525, 0.30709, 0.29984, 0.26872, 0.0, 0.17424, 0.03841], [0.24391, 0.00489, 0.2646, 0.23872, 0.19573, 0.12972, 0.17424, 0.0, 0.13985], [0.29779, 0.14395, 0.27642, 0.29757, 0.28289, 0.24389, 0.03841, 0.13985, 0.0]], "features_1": [[0.9145331421083038, 1.143991484806812, 0.0, 0.22774053718180898, 0.5951791944720644, 0.12948299628733675, 0.3584986860462692, 0.6826150630341417, 0.4000861385778949, 0.24152923605409526, 0.007783488497544067, 0.5924680382949972, 0.6417048662525761, 0.6589272758280388, 0.7904819730401739, 0.7208344219807975, 0.6325533044946251], [0.43316932114870266, 0.9796773206760745, 0.0, 0.23151457424389388, 0.5516745167950248, 0.13234822895274448, 0.26384660911400604, 0.6776572867713846, 0.40573597308276943, 0.2203437079226176, 0.007783488497544067, 0.6016374335695502, 0.6492038780820996, 0.6682355089322876, 0.7860469656370429, 0.6982658368058599, 0.6315976104555399], [1.0915178873709115, 1.1972419127261609, 0.0, 0.2772235248101959, 0.6101948529930812, 0.12678048415198281, 0.35051438075424246, 0.6846919099586373, 0.38562140994074645, 0.24597954072015793, 0.007560346756364078, 0.590751539240544, 0.6409824401157858, 0.6442856260638722, 0.7809774725978361, 0.7075627092257838, 0.6289519557718747], [1.1893529005888412, 1.2181737960067962, 0.0, 0.2839934332052911, 0.6180109661753869, 0.12421123906290246, 0.411358681412856, 0.6869922000378723, 0.37897436067607493, 0.24431267626958886, 0.00711334193318236, 0.5867305164833252, 0.6226422455382943, 0.6201918342290539, 0.7802302235559521, 0.7132422772332249, 0.6249050814242861], [0.5624558569101215, 0.9788852059333061, 0.0, 0.27302214637517624, 0.5555399544375114, 0.13032002795728753, 0.31323723885215954, 0.6809193372992242, 0.385442965075077, 0.21463648103557165, 0.007894969482732161, 0.5949958556203847, 0.6459524370194775, 0.6768002461504912, 0.7879697924824332, 0.716331017287804, 0.6213860804543779], [0.9347919598974173, 1.2089605004818724, 0.0, 0.3266684996004533, 0.619760968996709, 0.12205807651434072, 0.41419058233839723, 0.6884288244857573, 0.3688057398291422, 0.2436215816492937, 0.007671947615560004, 0.58784818924032, 0.6276435173175826, 0.6459316495321212, 0.7742309875248746, 0.7006119704145011, 0.6172727068693811], [1.5192296883814693, 1.221796388886295, 0.0, 0.27530790244096953, 0.6235844133152791, 0.11764965570488319, 0.39665067056196934, 0.6901153381949574, 0.34392550136923683, 0.23464685563729404, 0.00677745458930179, 0.5723823779974961, 0.6079349792318893, 0.6094714564199549, 0.7614991062576756, 0.7015938156255995, 0.6089948754424027], [0.03509618257403346, 1.1886504632404766, 0.0, 0.23149629203830355, 0.6167034360025376, 0.1187282200957123, 0.3587744988174997, 0.6895205332696066, 0.31654200189520054, 0.2353415215259591, 0.00655322669591385, 0.6083189764789776, 0.6390364217259641, 0.6494668895427839, 0.7576850184063564, 0.6787491092800573, 0.5916835862581515], [0.5742768283398876, 1.3248347775849183, 0.0, 0.2654382165650337, 0.6394459286170845, 0.1173401886507993, 0.3255208972551905, 0.6897381205437202, 0.33451395778700843, 0.2564248207684623, 0.007001439975721224, 0.5979193647419081, 0.6216721261080074, 0.6315142807267355, 0.750886990761975, 0.6604090925661387, 0.5925705222035612]], "features_2": [[0.46519506384557996, 1.2912175861701274, 0.0, 0.21060288832403484, 0.6171688435569305, 0.13113421011773355, 0.2608239065271512, 0.6798126646840352, 0.37956096256222405, 0.2750182110954926, 0.007560346756364078, 0.5894303023651553, 0.6531714144497991, 0.6716570981734838, 0.7859663630307888, 0.6877378567619594, 0.5964900234423702], [0.27343068939963944, 1.068528514039855, 0.0, 0.23677331849331013, 0.5679143013597555, 0.13590670058286455, 0.23393102688106565, 0.6744606334839063, 0.4165808027167779, 0.24513117930035455, 0.007950687539111767, 0.6147157227857112, 0.6489197746058515, 0.6765199460904797, 0.7930762558704457, 0.6920179878716001, 0.6219741628375547], [0.4994122294906975, 1.2437419244238126, 0.0, 0.2510715327543432, 0.6099150567594017, 0.13137131615020275, 0.24704481716547236, 0.6795729143216763, 0.3853452582467385, 0.26765158166674086, 0.00783923647221818, 0.5930962881354116, 0.654377302857831, 0.6728341804920105, 0.7847113797006411, 0.6832758386259266, 0.6057585123078699], [0.15621657148563983, 1.3288238772853498, 0.0, 0.23517499905170072, 0.6228365771196317, 0.13068943106827313, 0.21947615082845856, 0.6792555351420511, 0.38200745250401336, 0.28476849064270926, 0.007616154688146137, 0.6050417999353597, 0.6424683177278903, 0.6697749411215433, 0.7790323229237307, 0.7074027344922489, 0.5959960595210577], [0.04818217051269791, 1.110589216619292, 0.0, 0.2041821513842875, 0.5731743095912869, 0.13825295793554446, 0.22202023367300328, 0.6720612796179868, 0.42125521058283844, 0.2573486559838647, 0.007783488497544067, 0.6166213053181391, 0.6675746374627555, 0.6995172976520501, 0.7992243654418201, 0.7142519599177782, 0.6204735111776365], [0.010642706239382793, 1.1679873384257922, 0.0, 0.22108073617757548, 0.6027817713183576, 0.13073058892518757, 0.320495532552269, 0.6820487577503582, 0.3900663773789048, 0.2574555705825101, 0.007616154688146137, 0.6158068446812786, 0.6563551729784945, 0.6958436902159526, 0.7915858358540055, 0.6981892567569041, 0.6208633450154132], [-0.2634529995544357, 1.4447829779485046, 0.0, 0.21617613036722566, 0.6577144163272087, 0.12264848502259648, 0.3833592635083427, 0.6880967422416027, 0.35553264644122007, 0.2916132175391719, 0.007504523810135222, 0.6151802549070431, 0.6715019168337897, 0.6784234514116017, 0.7765750842270988, 0.6921098601678174, 0.5666956138744274], [-0.14049460136678338, 1.4826377448225618, 0.0, 0.23480336214605355, 0.6855997039758074, 0.11502687844711867, 0.6162754930990069, 0.6925114129728306, 0.3217803077742054, 0.28225613615177414, 0.0066653709969386465, 0.5976046949163454, 0.6674167108378883, 0.6816710443542232, 0.7713900903847372, 0.678592632539627, 0.5658241179383263], [-0.20239677854006688, 1.4928469508575504, 0.0, 0.21201058642705695, 0.6938114625762402, 0.11012956922421724, 0.616001779116442, 0.6931214448712499, 0.284192529875507, 0.27304615327928494, 0.006272599803500922, 0.5930828697000428, 0.6659329928677616, 0.6856981363609393, 0.7611092983553549, 0.6838958284045474, 0.5344136649689909]]}