{"labels_1": ["1", "2", "3", "4", "5", "6", "7", "8", "9"], "labels_2": ["1", "2", "3", "4", "5", "6", "7", "8", "9"], "adj_matrix_1": [[0.0, 0.27351, 0.07171, 0.09758, 0.27504, 0.04427, 0.26738, 0.21805, 0.23105], [0.27351, 0.0, 0.24627, 0.29442, 0.01914, 0.25803, 0.03648, 0.16979, 0.11572], [0.07171, 0.24627, 0.0, 0.16384, 0.25198, 0.02789, 0.2321, 0.22829, 0.17923], [0.09758, 0.29442, 0.16384, 0.0, 0.29084, 0.13908, 0.29895, 0.1987, 0.28576], [0.27504, 0.01914, 0.25198, 0.29084, 0.0, 0.2621, 0.05517, 0.15789, 0.13191], [0.04427, 0.25803, 0.02789, 0.13908, 0.2621, 0.0, 0.24702, 0.22484, 0.20041], [0.26738, 0.03648, 0.2321, 0.29895, 0.05517, 0.24702, 0.0, 0.18929, 0.08294], [0.21805, 0.16979, 0.22829, 0.1987, 0.15789, 0.22484, 0.18929, 0.0, 0.21975], [0.23105, 0.11572, 0.17923, 0.28576, 0.13191, 0.20041, 0.08294, 0.21975, 0.0]], "adj_matrix_2": [[0.0, 0.25009, 0.16609, 0.16514, 0.2285, 0.02173, 0.25393, 0.00485, 0.3459], [0.25009, 0.0, 0.1107, 0.11176, 0.03192, 0.23681, 0.00622, 0.2471, 0.19018], [0.16609, 0.1107, 0.0, 0.00113, 0.08002, 0.14782, 0.11657, 0.16209, 0.27715], [0.16514, 0.11176, 0.00113, 0.0, 0.08111, 0.14683, 0.11763, 0.16113, 0.27788], [0.2285, 0.03192, 0.08002, 0.08111, 0.0, 0.21367, 0.03809, 0.2252, 0.21724], [0.02173, 0.23681, 0.14782, 0.14683, 0.21367, 0.0, 0.2411, 0.01689, 0.34307], [0.25393, 0.00622, 0.11657, 0.11763, 0.03809, 0.2411, 0.0, 0.25133, 0.18485], [0.00485, 0.2471, 0.16209, 0.16113, 0.2252, 0.01689, 0.25133, 0.0, 0.34554], [0.3459, 0.19018, 0.27715, 0.27788, 0.21724, 0.34307, 0.18485, 0.34554, 0.0]], "features_1": [[0.2483491708326957, 1.4755307463121479, 0.0, 0.22525878160619264, 0.6478799005365572, 0.13669171559864612, 0.226792502297981, 0.6743854884891334, 0.43681043460705493, 0.3150374856076952, 0.007894969482732161, 0.6148783023315776, 0.6446218695168108, 0.661798278643043, 0.7904963633055813, 0.7031463389795823, 0.6099191874521069], [0.9189762606411951, 1.1839035916574125, 0.0, 0.22506022265748174, 0.5980934427930716, 0.13725575504032983, 0.24118117037859008, 0.6741084617725561, 0.4409815252510909, 0.2616279580612444, 0.007783488497544067, 0.5936215723088409, 0.6291718450860834, 0.625038992856263, 0.7942105062476347, 0.7218955706008555, 0.6211620164776678], [0.36971936113605697, 1.5097976404898241, 0.0, 0.2427960864213434, 0.6584748684557707, 0.1343382985130132, 0.23125152142437672, 0.6771467258627275, 0.42356321025921484, 0.31381303443892916, 0.007894969482732161, 0.6060977675803016, 0.6340532537279279, 0.6471417738062951, 0.7844503714581538, 0.6999315379061375, 0.6054793551212577], [0.1728954734707009, 1.5415021333488859, 0.0, 0.2223493241969972, 0.6616729514426032, 0.13400860511115698, 0.2182254112138871, 0.6771402031815112, 0.42191405106805746, 0.3208096664825384, 0.007727725548673403, 0.6140390366169299, 0.6391324762958968, 0.6552015711815966, 0.7840321413894157, 0.696394570299407, 0.608300905349972], [1.2040893441928535, 1.2461945385184383, 0.0, 0.24231336815333063, 0.6230437459257954, 0.12980402214715467, 0.35294668680149927, 0.6834605922966797, 0.3961912694917571, 0.25927242443109977, 0.007560346756364078, 0.5734418168231328, 0.643502512671374, 0.6505311499983062, 0.7934417572603664, 0.7227766502939942, 0.6217904991720877], [0.39313887469591613, 1.5080464170799788, 0.0, 0.2560225814084938, 0.6722855312585249, 0.12825830252687453, 0.3568948863821575, 0.6847975997700395, 0.3887485458482296, 0.30128851635713905, 0.007560346756364078, 0.6029250816899374, 0.6550322312321055, 0.6612121287981091, 0.7845443297609855, 0.7088945884948323, 0.6036187068002833], [0.7140466688517817, 1.767870789449448, 0.0, 0.2587767105648207, 0.7116831700913944, 0.12056124807130765, 0.37479460563609307, 0.6894963595463359, 0.3487251476505948, 0.32726301519621104, 0.00716927026363523, 0.5779774099462822, 0.6495537111929875, 0.6485299084478497, 0.7693117871521906, 0.6881318100106175, 0.565289598246673], [1.281243615950305, 1.5505150457862058, 0.0, 0.2733714795826482, 0.6962108719886616, 0.11425472387307677, 0.46831153557046007, 0.6923161926199567, 0.3137142454173312, 0.2768645194073762, 0.0064410216040902135, 0.5619729403167864, 0.6416687478337311, 0.6365943597852434, 0.7627217214277655, 0.6836576114953192, 0.5857245740976998], [0.44103338871711406, 1.7116373128411027, 0.0, 0.2854749320501673, 0.7193860875322028, 0.1101071621024132, 0.4198847528365114, 0.6928852237097141, 0.28594775041903064, 0.29554501569410774, 0.006497131753992358, 0.576829545529794, 0.6288195005088747, 0.6372121464884609, 0.7449915347053416, 0.6822216260408414, 0.5240639285165658]], "features_2": [[-0.07131632832198775, 1.2061372618127002, 0.0, 0.24857629807005308, 0.6073640754327182, 0.13216953187298433, 0.28444759603860065, 0.679921476832744, 0.39248050648390564, 0.2645484685531154, 0.007448685839370306, 0.6108982877499161, 0.6538604703705473, 0.6764868462624353, 0.790110447949347, 0.6819157310535493, 0.5644118450406547], [-0.007947523944066948, 0.9775703540597551, 0.0, 0.23597819053727612, 0.5565060290489897, 0.1356927610424202, 0.29438096767564376, 0.6771533811450473, 0.4141063918297805, 0.227921408172314, 0.007894969482732161, 0.6216118626392639, 0.6524669482945986, 0.6782365678241911, 0.7973870207606594, 0.722299598248202, 0.5851591710401953], [0.2080934659289091, 1.1986917629412224, 0.0, 0.2566081090136037, 0.6155687678247052, 0.12767783126811533, 0.3592209835376039, 0.6846106988408105, 0.3747804189944015, 0.25560905756978936, 0.007336964783822175, 0.6045332733977316, 0.6488989069126594, 0.6818143729221844, 0.7811628226960673, 0.6804642980749727, 0.5557748080512396], [0.058740590112658086, 1.2012312344251932, 0.0, 0.22729282987573576, 0.6073984710233639, 0.1303637696132198, 0.2687762818901597, 0.6806405849075929, 0.3923106936379177, 0.2611100334721266, 0.007448685839370306, 0.6137057103727388, 0.6343389177883827, 0.6565144777432935, 0.7827032096897505, 0.6782832874710453, 0.5702051976576148], [0.2025675160036955, 1.0363136700012254, 0.0, 0.2591198150715828, 0.5782303706975891, 0.1292807679954663, 0.3726162442935916, 0.6841376911690624, 0.40215205569336065, 0.23058238171298018, 0.007894969482732161, 0.6112951771438953, 0.6571082197735872, 0.6855582316679126, 0.791850656703192, 0.7013965554254907, 0.6038188391799695], [1.0289084785337215, 1.2859131597531548, 0.0, 0.2780378702069522, 0.6389908147496922, 0.12430632911528684, 0.40178478997153205, 0.6875177832245222, 0.36798721074210317, 0.2601629163913961, 0.007225183508792421, 0.5853210501658253, 0.6374786157280037, 0.6592381023343592, 0.7756604454355762, 0.6967854278929823, 0.5607718758532466], [0.1288594969417045, 1.290048601840823, 0.0, 0.2826901122034332, 0.6324562040115147, 0.12191559627690202, 0.4241316310569573, 0.6883947317213294, 0.36566176923640237, 0.26087025222923144, 0.007001439975721224, 0.6054007240729224, 0.6428644507316408, 0.6658024085555545, 0.7782518519064302, 0.6756530870507378, 0.581582849143617], [0.9353367469262728, 1.4166851019774755, 0.0, 0.24490480021447944, 0.6740034115285098, 0.11311038905517981, 0.44544906488721525, 0.6924177927238095, 0.30442562767072157, 0.2591046124081178, 0.00683347364535547, 0.5730457948284517, 0.6133957922423033, 0.6260494189000152, 0.7549134805626736, 0.6579076374941851, 0.5623280941525508], [-0.07691752143927166, 1.1536815193150736, 0.0, 0.19457450034148752, 0.6044107619551546, 0.12433981896934806, 0.25506680136916915, 0.6852534520225428, 0.3557994429981346, 0.2420540946961416, 0.007001439975721224, 0.6196190332355145, 0.6400247516743924, 0.659087495852441, 0.7639086367832022, 0.6666328335539397, 0.5822821983147208]]}