{"labels_1": ["1", "2", "3", "4", "5", "6", "7", "8", "9"], "labels_2": ["1", "2", "3", "4", "5", "6", "7", "8", "9"], "adj_matrix_1": [[0.0, 0.27351, 0.07171, 0.09758, 0.27504, 0.04427, 0.26738, 0.21805, 0.23105], [0.27351, 0.0, 0.24627, 0.29442, 0.01914, 0.25803, 0.03648, 0.16979, 0.11572], [0.07171, 0.24627, 0.0, 0.16384, 0.25198, 0.02789, 0.2321, 0.22829, 0.17923], [0.09758, 0.29442, 0.16384, 0.0, 0.29084, 0.13908, 0.29895, 0.1987, 0.28576], [0.27504, 0.01914, 0.25198, 0.29084, 0.0, 0.2621, 0.05517, 0.15789, 0.13191], [0.04427, 0.25803, 0.02789, 0.13908, 0.2621, 0.0, 0.24702, 0.22484, 0.20041], [0.26738, 0.03648, 0.2321, 0.29895, 0.05517, 0.24702, 0.0, 0.18929, 0.08294], [0.21805, 0.16979, 0.22829, 0.1987, 0.15789, 0.22484, 0.18929, 0.0, 0.21975], [0.23105, 0.11572, 0.17923, 0.28576, 0.13191, 0.20041, 0.08294, 0.21975, 0.0]], "adj_matrix_2": [[0.0, 0.00104, 0.22666, 0.21877, 0.08994, 0.04105, 0.28168, 0.32165, 0.05875], [0.00104, 0.0, 0.22727, 0.21929, 0.08896, 0.04206, 0.28046, 0.3207, 0.0576], [0.22666, 0.22727, 0.0, 0.01864, 0.26195, 0.20445, 0.28175, 0.27636, 0.25075], [0.21877, 0.21929, 0.01864, 0.0, 0.25937, 0.19412, 0.29094, 0.28765, 0.24665], [0.08994, 0.08896, 0.26195, 0.25937, 0.0, 0.12803, 0.22302, 0.27672, 0.03204], [0.04105, 0.04206, 0.20445, 0.19412, 0.12803, 0.0, 0.2999, 0.33288, 0.09823], [0.28168, 0.28046, 0.28175, 0.29094, 0.22302, 0.2999, 0.0, 0.07171, 0.24687], [0.32165, 0.3207, 0.27636, 0.28765, 0.27672, 0.33288, 0.07171, 0.0, 0.29592], [0.05875, 0.0576, 0.25075, 0.24665, 0.03204, 0.09823, 0.24687, 0.29592, 0.0]], "features_1": [[0.2483491708326957, 1.4755307463121479, 0.0, 0.22525878160619264, 0.6478799005365572, 0.13669171559864612, 0.226792502297981, 0.6743854884891334, 0.43681043460705493, 0.3150374856076952, 0.007894969482732161, 0.6148783023315776, 0.6446218695168108, 0.661798278643043, 0.7904963633055813, 0.7031463389795823, 0.6099191874521069], [0.9189762606411951, 1.1839035916574125, 0.0, 0.22506022265748174, 0.5980934427930716, 0.13725575504032983, 0.24118117037859008, 0.6741084617725561, 0.4409815252510909, 0.2616279580612444, 0.007783488497544067, 0.5936215723088409, 0.6291718450860834, 0.625038992856263, 0.7942105062476347, 0.7218955706008555, 0.6211620164776678], [0.36971936113605697, 1.5097976404898241, 0.0, 0.2427960864213434, 0.6584748684557707, 0.1343382985130132, 0.23125152142437672, 0.6771467258627275, 0.42356321025921484, 0.31381303443892916, 0.007894969482732161, 0.6060977675803016, 0.6340532537279279, 0.6471417738062951, 0.7844503714581538, 0.6999315379061375, 0.6054793551212577], [0.1728954734707009, 1.5415021333488859, 0.0, 0.2223493241969972, 0.6616729514426032, 0.13400860511115698, 0.2182254112138871, 0.6771402031815112, 0.42191405106805746, 0.3208096664825384, 0.007727725548673403, 0.6140390366169299, 0.6391324762958968, 0.6552015711815966, 0.7840321413894157, 0.696394570299407, 0.608300905349972], [1.2040893441928535, 1.2461945385184383, 0.0, 0.24231336815333063, 0.6230437459257954, 0.12980402214715467, 0.35294668680149927, 0.6834605922966797, 0.3961912694917571, 0.25927242443109977, 0.007560346756364078, 0.5734418168231328, 0.643502512671374, 0.6505311499983062, 0.7934417572603664, 0.7227766502939942, 0.6217904991720877], [0.39313887469591613, 1.5080464170799788, 0.0, 0.2560225814084938, 0.6722855312585249, 0.12825830252687453, 0.3568948863821575, 0.6847975997700395, 0.3887485458482296, 0.30128851635713905, 0.007560346756364078, 0.6029250816899374, 0.6550322312321055, 0.6612121287981091, 0.7845443297609855, 0.7088945884948323, 0.6036187068002833], [0.7140466688517817, 1.767870789449448, 0.0, 0.2587767105648207, 0.7116831700913944, 0.12056124807130765, 0.37479460563609307, 0.6894963595463359, 0.3487251476505948, 0.32726301519621104, 0.00716927026363523, 0.5779774099462822, 0.6495537111929875, 0.6485299084478497, 0.7693117871521906, 0.6881318100106175, 0.565289598246673], [1.281243615950305, 1.5505150457862058, 0.0, 0.2733714795826482, 0.6962108719886616, 0.11425472387307677, 0.46831153557046007, 0.6923161926199567, 0.3137142454173312, 0.2768645194073762, 0.0064410216040902135, 0.5619729403167864, 0.6416687478337311, 0.6365943597852434, 0.7627217214277655, 0.6836576114953192, 0.5857245740976998], [0.44103338871711406, 1.7116373128411027, 0.0, 0.2854749320501673, 0.7193860875322028, 0.1101071621024132, 0.4198847528365114, 0.6928852237097141, 0.28594775041903064, 0.29554501569410774, 0.006497131753992358, 0.576829545529794, 0.6288195005088747, 0.6372121464884609, 0.7449915347053416, 0.6822216260408414, 0.5240639285165658]], "features_2": [[0.25488576825772347, 1.2177310969652977, 0.0, 0.2265962962177033, 0.5958816307122408, 0.13208659344538937, 0.24301562374860666, 0.6770090869429328, 0.40451253226758555, 0.26667940471372176, 0.007671947615560004, 0.6084456497912392, 0.6245345113051397, 0.6523739207956606, 0.7775037356124946, 0.6942708453256511, 0.5972801399212316], [0.33030420924680026, 0.9778828288629743, 0.0, 0.2529753095982177, 0.5452762709441821, 0.1341115429269328, 0.27521113181935275, 0.6750741005863882, 0.43528093583127037, 0.22746658855678814, 0.00822905385914674, 0.6057446902301105, 0.641604569885563, 0.6628827794287349, 0.7864497992512346, 0.6960042384179596, 0.6132960019656573], [0.9401680573861921, 1.1904205347467007, 0.0, 0.2872186665512558, 0.5948938588817897, 0.1300535397863215, 0.2548508928332126, 0.6793408396385561, 0.4056429642190025, 0.25548927218589523, 0.008006390651371653, 0.5838317542581002, 0.6190470346138175, 0.6445055479600506, 0.7734951990104004, 0.6853258833114442, 0.5973825495322608], [0.774880095575877, 1.2970059505450489, 0.0, 0.2554384305484122, 0.6163116508268818, 0.12901088533573907, 0.26833406575052265, 0.6805751589051904, 0.3938013370729305, 0.2707056927806142, 0.007783488497544067, 0.5912262657574052, 0.6362046859235434, 0.6579071250527508, 0.7709460050469092, 0.6865479471817325, 0.5884880823356722], [0.6656386671734817, 1.014122100093484, 0.0, 0.2389936422516927, 0.564856696161067, 0.1312392867102076, 0.36641659133850907, 0.6813873309412516, 0.4253579278854609, 0.22539917811863752, 0.007894969482732161, 0.6038379134358101, 0.6430117830162619, 0.6616197264000722, 0.7952326251288874, 0.7071886255156487, 0.6104809183088354], [0.8201336260559566, 1.222016275367763, 0.0, 0.2775953646700469, 0.6142518092077567, 0.12562316138637983, 0.39228047830287666, 0.6856622812854427, 0.39069841386369686, 0.2529150918361258, 0.007448685839370306, 0.5893085173780803, 0.6319917986751049, 0.650905968885849, 0.7777702193692129, 0.6981344506550601, 0.5854284113897116], [0.6176386499972173, 1.5288286446979826, 0.0, 0.2427659051641788, 0.679598870640644, 0.11876425932160589, 0.7690573933062069, 0.6910565316275834, 0.31906219905831534, 0.2784368133557902, 0.006889477554966383, 0.5974796440153396, 0.6356723093881492, 0.6330440637103393, 0.7595849811911872, 0.6856267066461044, 0.5243507154007803], [0.03839282800811761, 1.3532396781054017, 0.0, 0.2599424700994378, 0.659508346876729, 0.11311357767754361, 0.5900608577873327, 0.6924487406363885, 0.3189587033790331, 0.2559927700307498, 0.006328755639155359, 0.6084088621715851, 0.6542501314387954, 0.6606586057140746, 0.7593278237609971, 0.7059924353450886, 0.4988507404314809], [0.2695010577312331, 1.5240196793829108, 0.0, 0.2677741068875573, 0.6917532792947165, 0.11181469218295112, 0.8840012780741773, 0.6929924251768416, 0.30527240140061473, 0.27534607893921503, 0.00655322669591385, 0.5861108618076045, 0.6348069220009698, 0.6349153660292919, 0.7483588532574257, 0.6903622627988697, 0.46954250916089063]]}