{"labels_1": ["1", "2", "3", "4", "5", "6", "7", "8", "9"], "labels_2": ["1", "2", "3", "4", "5", "6", "7", "8", "9"], "adj_matrix_1": [[0.0, 0.23298, 0.07571, 0.2047, 0.14845, 0.05678, 0.10797, 0.33887, 0.21975], [0.23298, 0.0, 0.18978, 0.28716, 0.28013, 0.2561, 0.27151, 0.27726, 0.03101], [0.07571, 0.18978, 0.0, 0.2554, 0.20947, 0.12901, 0.17477, 0.35188, 0.16936], [0.2047, 0.28716, 0.2554, 0.0, 0.06643, 0.15778, 0.1092, 0.20311, 0.29404], [0.14845, 0.28013, 0.20947, 0.06643, 0.0, 0.09605, 0.04419, 0.25634, 0.28153], [0.05678, 0.2561, 0.12901, 0.15778, 0.09605, 0.0, 0.05296, 0.31635, 0.24847], [0.10797, 0.27151, 0.17477, 0.1092, 0.04419, 0.05296, 0.0, 0.28658, 0.26891], [0.33887, 0.27726, 0.35188, 0.20311, 0.25634, 0.31635, 0.28658, 0.0, 0.29665], [0.21975, 0.03101, 0.16936, 0.29404, 0.28153, 0.24847, 0.26891, 0.29665, 0.0]], "adj_matrix_2": [[0.0, 0.30656, 0.16923, 0.09815, 0.29593, 0.29554, 0.29904, 0.25007, 0.19022], [0.30656, 0.0, 0.3449, 0.34253, 0.18847, 0.18918, 0.17136, 0.29738, 0.33964], [0.16923, 0.3449, 0.0, 0.08336, 0.24591, 0.24533, 0.25846, 0.12902, 0.02904], [0.09815, 0.34253, 0.08336, 0.0, 0.28487, 0.28433, 0.29324, 0.19709, 0.11046], [0.29593, 0.18847, 0.24591, 0.28487, 0.0, 0.00078, 0.01931, 0.14339, 0.22723], [0.29554, 0.18918, 0.24533, 0.28433, 0.00078, 0.0, 0.02009, 0.14263, 0.2266], [0.29904, 0.17136, 0.25846, 0.29324, 0.01931, 0.02009, 0.0, 0.16073, 0.24105], [0.25007, 0.29738, 0.12902, 0.19709, 0.14339, 0.14263, 0.16073, 0.0, 0.10239], [0.19022, 0.33964, 0.02904, 0.11046, 0.22723, 0.2266, 0.24105, 0.10239, 0.0]], "features_1": [[0.6313490421482792, 0.908837095992855, 0.0, 0.27064176598922063, 0.5244316297599045, 0.14549397330530991, 0.20402524398326918, 0.6634062790858479, 0.4773893572759007, 0.22255227177879133, 0.008173410423425675, 0.6133629969037975, 0.6590998126736416, 0.6779494187826663, 0.8056391273275915, 0.7295164994711799, 0.6183429762132698], [0.599265595528208, 0.8674397383736709, 0.0, 0.28685182383217545, 0.5060232654091237, 0.1481360667777385, 0.17684672258710207, 0.6589459952732329, 0.48598057954776763, 0.21638434841779675, 0.008840150818991033, 0.6117376276448949, 0.6596036346047093, 0.6794670766558651, 0.8099954034631107, 0.7248028255496544, 0.6283312656688759], [0.5478429031118437, 0.9877034375419541, 0.0, 0.282113887825557, 0.5390268422984755, 0.1468580972388424, 0.22572541040604577, 0.6624384601496682, 0.4766874806840391, 0.23910322768374348, 0.008618141428105908, 0.621816901638921, 0.6586520912401762, 0.6689475337073432, 0.8075025427298196, 0.6980768610033352, 0.6221682526470421], [0.2987960370002276, 0.8802464328099513, 0.0, 0.2563477685400302, 0.5126762829766424, 0.1480030005488486, 0.16673760000830598, 0.6594088595530421, 0.49000570583555403, 0.22175680907524464, 0.008618141428105908, 0.6335095944316373, 0.6481398763364892, 0.684819582122183, 0.8078360708716248, 0.7136085254810511, 0.6242579860358676], [0.09455408389093822, 0.8787857339404034, 0.0, 0.23908632340638358, 0.5156135460970518, 0.14358972107212428, 0.19449305095859798, 0.6657647482723881, 0.45434971994682694, 0.21686781882302864, 0.00783923647221818, 0.6215817086739923, 0.6851188736638245, 0.6911534361299643, 0.8054875979400598, 0.7151627116259327, 0.6208743321628161], [0.4269914885346111, 0.9485311824909526, 0.0, 0.304495000031289, 0.52446928950681, 0.15049412318249164, 0.13045843821211064, 0.6535903277330968, 0.5062575875764055, 0.23850584805917951, 0.008840150818991033, 0.6174585831258952, 0.6516272566004545, 0.6834866126737091, 0.8078641115000739, 0.706626207714709, 0.6315948568400294], [0.0024316593528062036, 0.8653983000763907, 0.0, 0.2876909988018464, 0.5071154237267165, 0.146487664111833, 0.1616828144118557, 0.6609667072442763, 0.4666513347979937, 0.21811688990473077, 0.007950687539111767, 0.6306915518946554, 0.6592617930751095, 0.6974254197327763, 0.805925070753764, 0.7263201269961976, 0.6183078383733884], [-0.3576459757170656, 0.8886166460159797, 0.0, 0.2458502474864428, 0.526342335118566, 0.13744498534166258, 0.22025557026508907, 0.6733175289460351, 0.40918179015656375, 0.21289979091815114, 0.007225183508792421, 0.6333692649167673, 0.6687871160501038, 0.6981879188513529, 0.7962453538668501, 0.7051247816957298, 0.6116858834094127], [0.2369643142816913, 0.9020587407654646, 0.0, 0.331393001381436, 0.5261097085188654, 0.13853144035451845, 0.19323651219738594, 0.6713877192448254, 0.42630517727972617, 0.2148117772931768, 0.00783923647221818, 0.6104390979130667, 0.6618805566692658, 0.6892316680871058, 0.795139442156688, 0.7057711463781006, 0.613995035349243]], "features_2": [[0.5470032211987683, 0.8568921176667575, 0.0, 0.1786214344824215, 0.5038888628279626, 0.13976407174449806, 0.2335256868063702, 0.6693577076443048, 0.4311182724887739, 0.20588136375883392, 0.008062078829516484, 0.6006930913498167, 0.6516356368389742, 0.679552251444826, 0.7962695542069821, 0.7401634334837071, 0.635409632865046], [-0.17428789622857677, 0.8271002883877695, 0.0, 0.17551234514485187, 0.49672178445234505, 0.14334522828783608, 0.2719640244454574, 0.6674709006524022, 0.4494301120381161, 0.20759346001654566, 0.007950687539111767, 0.6377617151689117, 0.6819712581691852, 0.717288093512701, 0.8107545875792769, 0.7465956629535423, 0.6349410862282452], [0.16530360830599422, 0.9193464402026394, 0.0, 0.1838822937638296, 0.518756302266821, 0.1431871627125615, 0.2622471571359398, 0.6666141159359953, 0.457304050568206, 0.2269742348516166, 0.008173410423425675, 0.6165470697288458, 0.6608577833603859, 0.6982180766882907, 0.804905469794975, 0.7332277750572537, 0.6390496625768876], [0.41293182329608547, 0.8514540651625835, 0.0, 0.1831541537576404, 0.5023486328760438, 0.14086038599812462, 0.26024803135074065, 0.6678555739352142, 0.43373201281681917, 0.20515543851802565, 0.00839589484089287, 0.6072720155358151, 0.6513614582733511, 0.6750170668762716, 0.7942613608549297, 0.7207484570239769, 0.6312721617633386], [-0.21475035391205655, 0.7694210044816518, 0.0, 0.18268181922133717, 0.48063975771785705, 0.1446436155005277, 0.2946431868959813, 0.6669962818574318, 0.46126008102197824, 0.1969711997509671, 0.008173410423425675, 0.6363382833969555, 0.6661378201855485, 0.7061023979302945, 0.8139434537531939, 0.7228129716504056, 0.6350117308087776], [-0.12668034142385798, 0.9508596025056665, 0.0, 0.1878841123841137, 0.5232147916986074, 0.14485300954996494, 0.23573972648985944, 0.6628822748781463, 0.46262500101336346, 0.2370884323964273, 0.008062078829516484, 0.6336923258538061, 0.6608362013287438, 0.7059055553214573, 0.8026679391068956, 0.7154321901343268, 0.6321739454732542], [-0.04388674034725515, 0.8146065645036306, 0.0, 0.1868712862182013, 0.4917474347287719, 0.14059230141329176, 0.2973571898639896, 0.6683869560115636, 0.428209884225619, 0.19991645827645654, 0.008507047823598457, 0.6232461570117931, 0.6684816495125642, 0.6927926586290509, 0.7935265667137784, 0.721134059317714, 0.6187641979198995], [0.03300307805922342, 0.8210902860448974, 0.0, 0.21714008597427858, 0.4939361926896195, 0.1422551151120106, 0.2688608014807528, 0.6672581213769735, 0.44338951501388846, 0.20365815792111142, 0.00839589484089287, 0.6217566439301643, 0.6556561864774763, 0.6939196796327375, 0.801635780728573, 0.7204478785155392, 0.6233566462348189], [0.4237126876907982, 0.9017461628153136, 0.0, 0.23081896171714125, 0.5180468433994114, 0.13706131577315775, 0.28747448032223916, 0.6722215727245247, 0.4199655117407963, 0.21171054889210628, 0.008618141428105908, 0.6094938700885999, 0.6519618405564476, 0.6770223884283171, 0.784716133493515, 0.7168179335554687, 0.5984991668188692]]}