{"labels_1": ["1", "2", "3", "4", "5", "6", "7", "8", "9"], "labels_2": ["1", "2", "3", "4", "5", "6", "7", "8", "9"], "adj_matrix_1": [[0.0, 0.23298, 0.07571, 0.2047, 0.14845, 0.05678, 0.10797, 0.33887, 0.21975], [0.23298, 0.0, 0.18978, 0.28716, 0.28013, 0.2561, 0.27151, 0.27726, 0.03101], [0.07571, 0.18978, 0.0, 0.2554, 0.20947, 0.12901, 0.17477, 0.35188, 0.16936], [0.2047, 0.28716, 0.2554, 0.0, 0.06643, 0.15778, 0.1092, 0.20311, 0.29404], [0.14845, 0.28013, 0.20947, 0.06643, 0.0, 0.09605, 0.04419, 0.25634, 0.28153], [0.05678, 0.2561, 0.12901, 0.15778, 0.09605, 0.0, 0.05296, 0.31635, 0.24847], [0.10797, 0.27151, 0.17477, 0.1092, 0.04419, 0.05296, 0.0, 0.28658, 0.26891], [0.33887, 0.27726, 0.35188, 0.20311, 0.25634, 0.31635, 0.28658, 0.0, 0.29665], [0.21975, 0.03101, 0.16936, 0.29404, 0.28153, 0.24847, 0.26891, 0.29665, 0.0]], "adj_matrix_2": [[0.0, 0.26862, 0.14276, 0.12023, 0.02689, 0.01201, 0.15404, 0.05758, 0.06833], [0.26862, 0.0, 0.15427, 0.33936, 0.25004, 0.26039, 0.35612, 0.30495, 0.31121], [0.14276, 0.15427, 0.0, 0.2484, 0.11749, 0.13156, 0.27615, 0.19474, 0.20416], [0.12023, 0.33936, 0.2484, 0.0, 0.14569, 0.13168, 0.03557, 0.06388, 0.05311], [0.02689, 0.25004, 0.11749, 0.14569, 0.0, 0.01489, 0.17874, 0.08407, 0.09469], [0.01201, 0.26039, 0.13156, 0.13168, 0.01489, 0.0, 0.16515, 0.06944, 0.08014], [0.15404, 0.35612, 0.27615, 0.03557, 0.17874, 0.16515, 0.0, 0.09888, 0.08827], [0.05758, 0.30495, 0.19474, 0.06388, 0.08407, 0.06944, 0.09888, 0.0, 0.01087], [0.06833, 0.31121, 0.20416, 0.05311, 0.09469, 0.08014, 0.08827, 0.01087, 0.0]], "features_1": [[0.6313490421482792, 0.908837095992855, 0.0, 0.27064176598922063, 0.5244316297599045, 0.14549397330530991, 0.20402524398326918, 0.6634062790858479, 0.4773893572759007, 0.22255227177879133, 0.008173410423425675, 0.6133629969037975, 0.6590998126736416, 0.6779494187826663, 0.8056391273275915, 0.7295164994711799, 0.6183429762132698], [0.599265595528208, 0.8674397383736709, 0.0, 0.28685182383217545, 0.5060232654091237, 0.1481360667777385, 0.17684672258710207, 0.6589459952732329, 0.48598057954776763, 0.21638434841779675, 0.008840150818991033, 0.6117376276448949, 0.6596036346047093, 0.6794670766558651, 0.8099954034631107, 0.7248028255496544, 0.6283312656688759], [0.5478429031118437, 0.9877034375419541, 0.0, 0.282113887825557, 0.5390268422984755, 0.1468580972388424, 0.22572541040604577, 0.6624384601496682, 0.4766874806840391, 0.23910322768374348, 0.008618141428105908, 0.621816901638921, 0.6586520912401762, 0.6689475337073432, 0.8075025427298196, 0.6980768610033352, 0.6221682526470421], [0.2987960370002276, 0.8802464328099513, 0.0, 0.2563477685400302, 0.5126762829766424, 0.1480030005488486, 0.16673760000830598, 0.6594088595530421, 0.49000570583555403, 0.22175680907524464, 0.008618141428105908, 0.6335095944316373, 0.6481398763364892, 0.684819582122183, 0.8078360708716248, 0.7136085254810511, 0.6242579860358676], [0.09455408389093822, 0.8787857339404034, 0.0, 0.23908632340638358, 0.5156135460970518, 0.14358972107212428, 0.19449305095859798, 0.6657647482723881, 0.45434971994682694, 0.21686781882302864, 0.00783923647221818, 0.6215817086739923, 0.6851188736638245, 0.6911534361299643, 0.8054875979400598, 0.7151627116259327, 0.6208743321628161], [0.4269914885346111, 0.9485311824909526, 0.0, 0.304495000031289, 0.52446928950681, 0.15049412318249164, 0.13045843821211064, 0.6535903277330968, 0.5062575875764055, 0.23850584805917951, 0.008840150818991033, 0.6174585831258952, 0.6516272566004545, 0.6834866126737091, 0.8078641115000739, 0.706626207714709, 0.6315948568400294], [0.0024316593528062036, 0.8653983000763907, 0.0, 0.2876909988018464, 0.5071154237267165, 0.146487664111833, 0.1616828144118557, 0.6609667072442763, 0.4666513347979937, 0.21811688990473077, 0.007950687539111767, 0.6306915518946554, 0.6592617930751095, 0.6974254197327763, 0.805925070753764, 0.7263201269961976, 0.6183078383733884], [-0.3576459757170656, 0.8886166460159797, 0.0, 0.2458502474864428, 0.526342335118566, 0.13744498534166258, 0.22025557026508907, 0.6733175289460351, 0.40918179015656375, 0.21289979091815114, 0.007225183508792421, 0.6333692649167673, 0.6687871160501038, 0.6981879188513529, 0.7962453538668501, 0.7051247816957298, 0.6116858834094127], [0.2369643142816913, 0.9020587407654646, 0.0, 0.331393001381436, 0.5261097085188654, 0.13853144035451845, 0.19323651219738594, 0.6713877192448254, 0.42630517727972617, 0.2148117772931768, 0.00783923647221818, 0.6104390979130667, 0.6618805566692658, 0.6892316680871058, 0.795139442156688, 0.7057711463781006, 0.613995035349243]], "features_2": [[-0.06553725900201446, 0.9900797974132481, 0.0, 0.26318911685779023, 0.5550046717612432, 0.12839249527523183, 0.23548495028532698, 0.6819428028606447, 0.37578347282768854, 0.2200891242219727, 0.00783923647221818, 0.6226318946571785, 0.6449815331802756, 0.672954967165133, 0.775263937830675, 0.6967185998723358, 0.6023479301168974], [0.12161502692212345, 0.9797845233081542, 0.0, 0.273468879797501, 0.5473497454220094, 0.13136615350586098, 0.24034036038712187, 0.6795836963465891, 0.39249942345670075, 0.22152309497453704, 0.008117752083540042, 0.6102885985718003, 0.6350588348932169, 0.6429538808787122, 0.7849920033441512, 0.7215123950686696, 0.6089448872780703], [-0.1681956399230451, 1.1090286332690509, 0.0, 0.2854159043851139, 0.5785297819631984, 0.13047395482346522, 0.23370577081602803, 0.6803786766418588, 0.3811546376692345, 0.2454554468563237, 0.007560346756364078, 0.6164580579146661, 0.6514857788031473, 0.6671019440712125, 0.7815696885010002, 0.7107450425693922, 0.6057413222917212], [-0.28091074687871753, 0.9636405649058523, 0.0, 0.28043188542261066, 0.5456775966973018, 0.13190239222651046, 0.2122070476044371, 0.6786925663910074, 0.3973590447810662, 0.22220225889246592, 0.00783923647221818, 0.6359318038048563, 0.6696087256050961, 0.688679771203441, 0.7802133433961393, 0.6889519987216849, 0.6069872230446876], [-0.10118839752368203, 0.9190787106179824, 0.0, 0.26542142419981124, 0.530450978638834, 0.13493169325258775, 0.23000896589625414, 0.6764632924458394, 0.41064031004569057, 0.21622304707327644, 0.007950687539111767, 0.6243298627068921, 0.6552922402147542, 0.6821543304972546, 0.7926199446930274, 0.7177339648569497, 0.6140413622820492], [-0.2652463513544552, 1.0464677951448156, 0.0, 0.29063813564697044, 0.5600304443002745, 0.13558056609657285, 0.22642644567774184, 0.6755774942502355, 0.40547249526934537, 0.2418342225552479, 0.00783923647221818, 0.6228905737137824, 0.657046557050949, 0.6712865488010205, 0.7917386507011984, 0.7160189936807654, 0.6162669261842743], [-0.20475391770873852, 0.8691671776669806, 0.0, 0.2392562047092913, 0.5184059062483884, 0.13483156265508386, 0.26397156053076143, 0.6760512723863474, 0.39070942060260827, 0.20196112392905197, 0.007504523810135222, 0.6325118280330826, 0.6510748470937653, 0.6568562520560267, 0.7858320186446588, 0.7095934745335738, 0.5952865151009009], [-0.3833575465378005, 0.8577797352811142, 0.0, 0.259228535744034, 0.513439143845334, 0.13767679169197572, 0.3258754593118951, 0.6750280369986239, 0.41351770537305876, 0.2078946065653351, 0.007727725548673403, 0.6356240708887531, 0.6601192935103429, 0.6902855173373985, 0.798058835823325, 0.710573143248254, 0.6080969940414477], [-0.38159869728067886, 0.8881289166407847, 0.0, 0.23047835554337365, 0.524087661836849, 0.1339227584151863, 0.3534669938803667, 0.6777039816874737, 0.379698278055834, 0.20762258418069135, 0.007616154688146137, 0.6286937503959924, 0.6536804800141622, 0.685972640394731, 0.7855608496456493, 0.7008769951485717, 0.5901052871239155]]}