{"labels_1": ["1", "2", "3", "4", "5", "6", "7", "8", "9"], "labels_2": ["1", "2", "3", "4", "5", "6", "7", "8", "9"], "adj_matrix_1": [[0.0, 0.28032, 0.15682, 0.08447, 0.26271, 0.06462, 0.01521, 0.32034, 0.26188], [0.28032, 0.0, 0.198, 0.25057, 0.04447, 0.26041, 0.28251, 0.23659, 0.04592], [0.15682, 0.198, 0.0, 0.08147, 0.16144, 0.10098, 0.16829, 0.34445, 0.16019], [0.08447, 0.25057, 0.08147, 0.0, 0.22232, 0.0208, 0.09852, 0.3454, 0.22122], [0.26271, 0.04447, 0.16144, 0.22232, 0.0, 0.23455, 0.26688, 0.26918, 0.00147], [0.06462, 0.26041, 0.10098, 0.0208, 0.23455, 0.0, 0.0791, 0.34194, 0.23358], [0.01521, 0.28251, 0.16829, 0.09852, 0.26688, 0.0791, 0.0, 0.31336, 0.2661], [0.32034, 0.23659, 0.34445, 0.3454, 0.26918, 0.34194, 0.31336, 0.0, 0.27024], [0.26188, 0.04592, 0.16019, 0.22122, 0.00147, 0.23358, 0.2661, 0.27024, 0.0]], "adj_matrix_2": [[0.0, 0.09639, 0.1117, 0.00892, 0.06473, 0.01262, 0.19961, 0.17048, 0.17036], [0.09639, 0.0, 0.01569, 0.10509, 0.03212, 0.08401, 0.2801, 0.25503, 0.25495], [0.1117, 0.01569, 0.0, 0.12032, 0.04775, 0.09941, 0.29203, 0.26773, 0.26768], [0.00892, 0.10509, 0.12032, 0.0, 0.07355, 0.02154, 0.19176, 0.16231, 0.16218], [0.06473, 0.03212, 0.04775, 0.07355, 0.0, 0.05221, 0.25461, 0.22807, 0.22796], [0.01262, 0.08401, 0.09941, 0.02154, 0.05221, 0.0, 0.2106, 0.18195, 0.18184], [0.19961, 0.2801, 0.29203, 0.19176, 0.25461, 0.2106, 0.0, 0.03295, 0.0331], [0.17048, 0.25503, 0.26773, 0.16231, 0.22807, 0.18195, 0.03295, 0.0, 0.00016], [0.17036, 0.25495, 0.26768, 0.16218, 0.22796, 0.18184, 0.0331, 0.00016, 0.0]], "features_1": [[0.44767381848006105, 1.043758428490606, 0.0, 0.2601634504199729, 0.5533065110208287, 0.1372122260537265, 0.16745466704158646, 0.6714309487674888, 0.424112332452415, 0.24200324708661247, 0.008062078829516484, 0.6051322248207409, 0.6292411959739571, 0.6697152556961448, 0.7859965323625203, 0.7061084785491962, 0.6065795580032549], [0.024301887145171452, 1.0990895646806307, 0.0, 0.2123550772078499, 0.5587460537009122, 0.13790410368901426, 0.13644578733484067, 0.6690081248248798, 0.4283885255926303, 0.2572968892266565, 0.008340296057933516, 0.6254009809179637, 0.6394814887742383, 0.6676423488460337, 0.7821468746736964, 0.7091323086398902, 0.595431106393444], [0.477701239027545, 1.210499552961489, 0.0, 0.24588824790374003, 0.5814926107167252, 0.13752647694475545, 0.129464519967933, 0.6691029965618807, 0.4339056599785618, 0.27589136126960767, 0.008451478759474051, 0.6179743927692178, 0.6254614540644166, 0.662623348415895, 0.7796350830126598, 0.695243688648636, 0.5985377129253648], [0.7770979870895838, 1.0693991541430898, 0.0, 0.233066730552287, 0.5464043445813683, 0.14275747475215939, 0.06719016124485222, 0.6592213067336248, 0.46052576394190314, 0.25332321185643614, 0.008284682400665488, 0.6029998349637538, 0.624813197348735, 0.6645002477071997, 0.7802783769231585, 0.7008099812099691, 0.6091832240881945], [0.18057645999881045, 1.0686840333732543, 0.0, 0.19676041397655722, 0.5486909497168795, 0.1401864710784115, 0.09134457026141334, 0.6641293764596073, 0.4382442909366244, 0.25237111599331996, 0.00839589484089287, 0.6193232658145473, 0.6254471945048284, 0.6388348938932752, 0.7790715521504262, 0.7071144764370476, 0.5956587107676395], [0.7425903577491297, 1.2064149549757195, 0.0, 0.23893690285144187, 0.5746139223099577, 0.14099255488673335, 0.0781727244605797, 0.6624651025120434, 0.45794211393123785, 0.27731675494034413, 0.008729175733573014, 0.613275166822095, 0.6216448113817931, 0.6381303817802768, 0.7785794312210721, 0.6949170476435335, 0.6019557688780636], [0.8586367867868159, 1.0376086150495536, 0.0, 0.2262602479974955, 0.5411669006566929, 0.1423112532836795, 0.054307655585830616, 0.6589598371809064, 0.4373326518138059, 0.24367480634227, 0.008284682400665488, 0.5984745543085208, 0.6187654005994164, 0.6570883918136169, 0.7781098318228747, 0.7057158840792328, 0.5987405406462706], [-0.35624595853772156, 1.0967132770751853, 0.0, 0.1966893663080074, 0.5701174923983563, 0.1311876202859798, 0.14368682798534352, 0.6767053653641681, 0.35599853497773215, 0.24497523428864554, 0.00716927026363523, 0.626993893435517, 0.6314753714524137, 0.6585087431142643, 0.7673844232171464, 0.661663482191809, 0.5711063579456382], [-0.10155516340248916, 1.1770804749648294, 0.0, 0.2297378666844666, 0.5955114598080826, 0.1264089629836317, 0.17337923244334802, 0.6820415120827765, 0.33465564115226387, 0.251162699478817, 0.007001439975721224, 0.6093302666510869, 0.6225601633609891, 0.6639404109248808, 0.7601871642061278, 0.6679505686699865, 0.5720884933760955]], "features_2": [[-0.42490846752407263, 0.9861298640903106, 0.0, 0.18036278818791876, 0.547901896569116, 0.13379801012532902, 0.16964726138322064, 0.6746561491051257, 0.3888302852901506, 0.23042998849423801, 0.007392832833969631, 0.6348877642596475, 0.6493336231865333, 0.6740672009728644, 0.7793140623805012, 0.7095886143696076, 0.5987571306915173], [-0.4220960912310794, 0.9849710086128949, 0.0, 0.15044500135074537, 0.5426216060362286, 0.13375107853494092, 0.18957379680662853, 0.6744383963269336, 0.37734913590723074, 0.22896131710747292, 0.007504523810135222, 0.6371141900664341, 0.6620354319876586, 0.6780652321248845, 0.7785891285714777, 0.6806256489386451, 0.58950899400105], [-0.4186261225862986, 1.0855108729812835, 0.0, 0.18353091569676058, 0.5673541190736663, 0.13418939169983266, 0.18934855788291854, 0.6742473205703241, 0.3902980986265958, 0.2503160409261389, 0.007616154688146137, 0.6447018170465268, 0.6275881014759547, 0.6545091755592146, 0.7802243497213015, 0.6964920294259075, 0.5982812805841611], [-0.35441095826919655, 0.9315226494959854, 0.0, 0.1786356897657687, 0.5305424249563504, 0.13592007967849545, 0.17320608729361311, 0.6721457136563792, 0.3998006244614136, 0.220755974794125, 0.007727725548673403, 0.6381217796909928, 0.6563586972207939, 0.685391066678828, 0.7829781794446719, 0.6932623855441107, 0.5997059656371224], [-0.32873234093631476, 0.9085331345981642, 0.0, 0.15175602629428053, 0.519754621759702, 0.13507496652183157, 0.19061031780984267, 0.6725182141419279, 0.3873972478761005, 0.21408278201859665, 0.007392832833969631, 0.6368754323112551, 0.653284621134004, 0.683425804563656, 0.779891122822847, 0.7057533748774185, 0.58675191613803], [-0.429489556816526, 1.0030718478417489, 0.0, 0.15480620968897654, 0.5440225967609389, 0.13671073669308742, 0.1994588905975533, 0.6711201980575288, 0.40256003864197343, 0.23711522757422165, 0.00783923647221818, 0.6384120079781797, 0.6394458520655429, 0.6732167767872411, 0.7845383556719896, 0.7163625233430203, 0.5926668785702622], [-0.024225527679941905, 0.847221569790199, 0.0, 0.20537696091689897, 0.5010670367749696, 0.13757897067640548, 0.15858400348634943, 0.6692668021477357, 0.4096014962039387, 0.20218598016500255, 0.007504523810135222, 0.621001137681354, 0.6414215141259345, 0.6620103025513571, 0.7832071984806788, 0.7263550566163862, 0.5822308169040976], [-0.08971641123943508, 0.8603661343692776, 0.0, 0.18235961851388424, 0.5064681519305665, 0.13418533844797068, 0.17451174279052922, 0.6729085610364252, 0.39683085336599033, 0.2041833624371232, 0.008062078829516484, 0.6314897199816354, 0.6479676138277994, 0.6707712638544134, 0.775580268151577, 0.7209201610852434, 0.5788577196134485], [0.1559782029878587, 0.9259757828187738, 0.0, 0.21466855676454896, 0.5301446073149788, 0.13135597750990893, 0.17363403364996371, 0.6765456361079654, 0.3797385033781364, 0.21046510245133843, 0.007336964783822175, 0.6149577312515602, 0.6298451689463027, 0.6589103354250748, 0.7709884544043899, 0.7157005249356115, 0.5756454740813399]]}