{"labels_1": ["1", "2", "3", "4", "5", "6", "7", "8", "9"], "labels_2": ["1", "2", "3", "4", "5", "6", "7", "8", "9"], "adj_matrix_1": [[0.0, 0.28032, 0.15682, 0.08447, 0.26271, 0.06462, 0.01521, 0.32034, 0.26188], [0.28032, 0.0, 0.198, 0.25057, 0.04447, 0.26041, 0.28251, 0.23659, 0.04592], [0.15682, 0.198, 0.0, 0.08147, 0.16144, 0.10098, 0.16829, 0.34445, 0.16019], [0.08447, 0.25057, 0.08147, 0.0, 0.22232, 0.0208, 0.09852, 0.3454, 0.22122], [0.26271, 0.04447, 0.16144, 0.22232, 0.0, 0.23455, 0.26688, 0.26918, 0.00147], [0.06462, 0.26041, 0.10098, 0.0208, 0.23455, 0.0, 0.0791, 0.34194, 0.23358], [0.01521, 0.28251, 0.16829, 0.09852, 0.26688, 0.0791, 0.0, 0.31336, 0.2661], [0.32034, 0.23659, 0.34445, 0.3454, 0.26918, 0.34194, 0.31336, 0.0, 0.27024], [0.26188, 0.04592, 0.16019, 0.22122, 0.00147, 0.23358, 0.2661, 0.27024, 0.0]], "adj_matrix_2": [[0.0, 0.18656, 0.04231, 0.06556, 0.33019, 0.26464, 0.05605, 0.11271, 0.06764], [0.18656, 0.0, 0.14809, 0.12596, 0.17405, 0.09115, 0.13507, 0.07904, 0.12395], [0.04231, 0.14809, 0.0, 0.02347, 0.30134, 0.2307, 0.01385, 0.07154, 0.02558], [0.06556, 0.12596, 0.02347, 0.0, 0.28381, 0.21062, 0.00963, 0.04833, 0.00211], [0.33019, 0.17405, 0.30134, 0.28381, 0.0, 0.08581, 0.29105, 0.24478, 0.28219], [0.26464, 0.09115, 0.2307, 0.21062, 0.08581, 0.0, 0.21886, 0.16711, 0.20878], [0.05605, 0.13507, 0.01385, 0.00963, 0.29105, 0.21886, 0.0, 0.05787, 0.01174], [0.11271, 0.07904, 0.07154, 0.04833, 0.24478, 0.16711, 0.05787, 0.0, 0.04624], [0.06764, 0.12395, 0.02558, 0.00211, 0.28219, 0.20878, 0.01174, 0.04624, 0.0]], "features_1": [[0.44767381848006105, 1.043758428490606, 0.0, 0.2601634504199729, 0.5533065110208287, 0.1372122260537265, 0.16745466704158646, 0.6714309487674888, 0.424112332452415, 0.24200324708661247, 0.008062078829516484, 0.6051322248207409, 0.6292411959739571, 0.6697152556961448, 0.7859965323625203, 0.7061084785491962, 0.6065795580032549], [0.024301887145171452, 1.0990895646806307, 0.0, 0.2123550772078499, 0.5587460537009122, 0.13790410368901426, 0.13644578733484067, 0.6690081248248798, 0.4283885255926303, 0.2572968892266565, 0.008340296057933516, 0.6254009809179637, 0.6394814887742383, 0.6676423488460337, 0.7821468746736964, 0.7091323086398902, 0.595431106393444], [0.477701239027545, 1.210499552961489, 0.0, 0.24588824790374003, 0.5814926107167252, 0.13752647694475545, 0.129464519967933, 0.6691029965618807, 0.4339056599785618, 0.27589136126960767, 0.008451478759474051, 0.6179743927692178, 0.6254614540644166, 0.662623348415895, 0.7796350830126598, 0.695243688648636, 0.5985377129253648], [0.7770979870895838, 1.0693991541430898, 0.0, 0.233066730552287, 0.5464043445813683, 0.14275747475215939, 0.06719016124485222, 0.6592213067336248, 0.46052576394190314, 0.25332321185643614, 0.008284682400665488, 0.6029998349637538, 0.624813197348735, 0.6645002477071997, 0.7802783769231585, 0.7008099812099691, 0.6091832240881945], [0.18057645999881045, 1.0686840333732543, 0.0, 0.19676041397655722, 0.5486909497168795, 0.1401864710784115, 0.09134457026141334, 0.6641293764596073, 0.4382442909366244, 0.25237111599331996, 0.00839589484089287, 0.6193232658145473, 0.6254471945048284, 0.6388348938932752, 0.7790715521504262, 0.7071144764370476, 0.5956587107676395], [0.7425903577491297, 1.2064149549757195, 0.0, 0.23893690285144187, 0.5746139223099577, 0.14099255488673335, 0.0781727244605797, 0.6624651025120434, 0.45794211393123785, 0.27731675494034413, 0.008729175733573014, 0.613275166822095, 0.6216448113817931, 0.6381303817802768, 0.7785794312210721, 0.6949170476435335, 0.6019557688780636], [0.8586367867868159, 1.0376086150495536, 0.0, 0.2262602479974955, 0.5411669006566929, 0.1423112532836795, 0.054307655585830616, 0.6589598371809064, 0.4373326518138059, 0.24367480634227, 0.008284682400665488, 0.5984745543085208, 0.6187654005994164, 0.6570883918136169, 0.7781098318228747, 0.7057158840792328, 0.5987405406462706], [-0.35624595853772156, 1.0967132770751853, 0.0, 0.1966893663080074, 0.5701174923983563, 0.1311876202859798, 0.14368682798534352, 0.6767053653641681, 0.35599853497773215, 0.24497523428864554, 0.00716927026363523, 0.626993893435517, 0.6314753714524137, 0.6585087431142643, 0.7673844232171464, 0.661663482191809, 0.5711063579456382], [-0.10155516340248916, 1.1770804749648294, 0.0, 0.2297378666844666, 0.5955114598080826, 0.1264089629836317, 0.17337923244334802, 0.6820415120827765, 0.33465564115226387, 0.251162699478817, 0.007001439975721224, 0.6093302666510869, 0.6225601633609891, 0.6639404109248808, 0.7601871642061278, 0.6679505686699865, 0.5720884933760955]], "features_2": [[0.09355768652931928, 1.0788420232088003, 0.0, 0.2694530877462136, 0.570146770900632, 0.13200827574491728, 0.2857085881645226, 0.6803461927078351, 0.4049314068389076, 0.24210234796510477, 0.008006390651371653, 0.6272853377760508, 0.657505995096845, 0.6773751675506435, 0.7890847380442532, 0.7257164384233271, 0.5604822917569394], [-0.13334039463756486, 1.04503833171087, 0.0, 0.27470602545949413, 0.5524357252700715, 0.14180984413092254, 0.24524573469181946, 0.6707662134188905, 0.46544096119252143, 0.2514477499176917, 0.008729175733573014, 0.6493489704327655, 0.6715496256376814, 0.6870378255091802, 0.8083519440652677, 0.7275085681622566, 0.5840364355712747], [0.06070091409523526, 1.1899716750576494, 0.0, 0.2474862404627247, 0.5905236902603891, 0.13518080842304644, 0.2803680615553425, 0.6777583808444867, 0.42279993396300175, 0.2667654371512138, 0.008117752083540042, 0.6314981164194242, 0.6454664609946591, 0.6678063994230652, 0.7966535190771419, 0.7296224352927853, 0.5635583903806145], [0.04344913712659393, 1.0428632069675268, 0.0, 0.25738072182848637, 0.5589519423089597, 0.13657640109120792, 0.2536340770999551, 0.6761297418227978, 0.43211030088069546, 0.2428369772619705, 0.008062078829516484, 0.6333697453055338, 0.6595466976786086, 0.6890069499877133, 0.7962809391704899, 0.7185180258759043, 0.5667592266067277], [-0.3407294942833059, 0.9969877602246601, 0.0, 0.29336937199639634, 0.5391954024229915, 0.14665684228663298, 0.22065892455581917, 0.6654919541075439, 0.4937624599446915, 0.24930239431280699, 0.008618141428105908, 0.6563518886161166, 0.6823841488266966, 0.6955835950694744, 0.8134432250849467, 0.7164745898123943, 0.6057890030381036], [-0.1691670983014859, 1.1002701122048806, 0.0, 0.24278064185816556, 0.5656603052804882, 0.1418948896269468, 0.2288039760614012, 0.6702331773581982, 0.4555063420243146, 0.2621166428813315, 0.008284682400665488, 0.6469660231576486, 0.6630554821175831, 0.695756030973164, 0.8056235115990068, 0.7275205826573693, 0.6021010054068168], [-0.30985234088935654, 0.9452409727681761, 0.0, 0.24249349294255956, 0.5266948572651763, 0.14313244209660267, 0.2107940619262422, 0.6680815725243594, 0.4712582816648214, 0.23444669518127537, 0.008507047823598457, 0.6460205140943651, 0.6680020830642497, 0.7028090914716821, 0.8030668406076238, 0.7122555191265069, 0.5956789870749425], [-0.5538303297616727, 1.0507898697499578, 0.0, 0.27998040331877033, 0.5607228912351649, 0.13708020565822865, 0.2771545050509069, 0.6757421498788035, 0.4124692545137023, 0.24763170426392445, 0.007504523810135222, 0.6379250627868978, 0.6623162631071768, 0.7009400231140621, 0.7975326944978994, 0.7055904383654495, 0.6024471492030209], [-0.39728224193177564, 1.052805423267946, 0.0, 0.2968992137819622, 0.5580040165510455, 0.1354224597481531, 0.2334623538484486, 0.675151936040914, 0.4001462374278575, 0.24463633369644633, 0.007616154688146137, 0.6327061552184818, 0.6678436288009794, 0.687550700562624, 0.7863649184996458, 0.6989137738037495, 0.5948331680204251]]}