{"labels_1": ["1", "2", "3", "4", "5", "6", "7", "8", "9"], "labels_2": ["1", "2", "3", "4", "5", "6", "7", "8", "9"], "adj_matrix_1": [[0.0, 0.28032, 0.15682, 0.08447, 0.26271, 0.06462, 0.01521, 0.32034, 0.26188], [0.28032, 0.0, 0.198, 0.25057, 0.04447, 0.26041, 0.28251, 0.23659, 0.04592], [0.15682, 0.198, 0.0, 0.08147, 0.16144, 0.10098, 0.16829, 0.34445, 0.16019], [0.08447, 0.25057, 0.08147, 0.0, 0.22232, 0.0208, 0.09852, 0.3454, 0.22122], [0.26271, 0.04447, 0.16144, 0.22232, 0.0, 0.23455, 0.26688, 0.26918, 0.00147], [0.06462, 0.26041, 0.10098, 0.0208, 0.23455, 0.0, 0.0791, 0.34194, 0.23358], [0.01521, 0.28251, 0.16829, 0.09852, 0.26688, 0.0791, 0.0, 0.31336, 0.2661], [0.32034, 0.23659, 0.34445, 0.3454, 0.26918, 0.34194, 0.31336, 0.0, 0.27024], [0.26188, 0.04592, 0.16019, 0.22122, 0.00147, 0.23358, 0.2661, 0.27024, 0.0]], "adj_matrix_2": [[0.0, 0.26862, 0.14276, 0.12023, 0.02689, 0.01201, 0.15404, 0.05758, 0.06833], [0.26862, 0.0, 0.15427, 0.33936, 0.25004, 0.26039, 0.35612, 0.30495, 0.31121], [0.14276, 0.15427, 0.0, 0.2484, 0.11749, 0.13156, 0.27615, 0.19474, 0.20416], [0.12023, 0.33936, 0.2484, 0.0, 0.14569, 0.13168, 0.03557, 0.06388, 0.05311], [0.02689, 0.25004, 0.11749, 0.14569, 0.0, 0.01489, 0.17874, 0.08407, 0.09469], [0.01201, 0.26039, 0.13156, 0.13168, 0.01489, 0.0, 0.16515, 0.06944, 0.08014], [0.15404, 0.35612, 0.27615, 0.03557, 0.17874, 0.16515, 0.0, 0.09888, 0.08827], [0.05758, 0.30495, 0.19474, 0.06388, 0.08407, 0.06944, 0.09888, 0.0, 0.01087], [0.06833, 0.31121, 0.20416, 0.05311, 0.09469, 0.08014, 0.08827, 0.01087, 0.0]], "features_1": [[0.44767381848006105, 1.043758428490606, 0.0, 0.2601634504199729, 0.5533065110208287, 0.1372122260537265, 0.16745466704158646, 0.6714309487674888, 0.424112332452415, 0.24200324708661247, 0.008062078829516484, 0.6051322248207409, 0.6292411959739571, 0.6697152556961448, 0.7859965323625203, 0.7061084785491962, 0.6065795580032549], [0.024301887145171452, 1.0990895646806307, 0.0, 0.2123550772078499, 0.5587460537009122, 0.13790410368901426, 0.13644578733484067, 0.6690081248248798, 0.4283885255926303, 0.2572968892266565, 0.008340296057933516, 0.6254009809179637, 0.6394814887742383, 0.6676423488460337, 0.7821468746736964, 0.7091323086398902, 0.595431106393444], [0.477701239027545, 1.210499552961489, 0.0, 0.24588824790374003, 0.5814926107167252, 0.13752647694475545, 0.129464519967933, 0.6691029965618807, 0.4339056599785618, 0.27589136126960767, 0.008451478759474051, 0.6179743927692178, 0.6254614540644166, 0.662623348415895, 0.7796350830126598, 0.695243688648636, 0.5985377129253648], [0.7770979870895838, 1.0693991541430898, 0.0, 0.233066730552287, 0.5464043445813683, 0.14275747475215939, 0.06719016124485222, 0.6592213067336248, 0.46052576394190314, 0.25332321185643614, 0.008284682400665488, 0.6029998349637538, 0.624813197348735, 0.6645002477071997, 0.7802783769231585, 0.7008099812099691, 0.6091832240881945], [0.18057645999881045, 1.0686840333732543, 0.0, 0.19676041397655722, 0.5486909497168795, 0.1401864710784115, 0.09134457026141334, 0.6641293764596073, 0.4382442909366244, 0.25237111599331996, 0.00839589484089287, 0.6193232658145473, 0.6254471945048284, 0.6388348938932752, 0.7790715521504262, 0.7071144764370476, 0.5956587107676395], [0.7425903577491297, 1.2064149549757195, 0.0, 0.23893690285144187, 0.5746139223099577, 0.14099255488673335, 0.0781727244605797, 0.6624651025120434, 0.45794211393123785, 0.27731675494034413, 0.008729175733573014, 0.613275166822095, 0.6216448113817931, 0.6381303817802768, 0.7785794312210721, 0.6949170476435335, 0.6019557688780636], [0.8586367867868159, 1.0376086150495536, 0.0, 0.2262602479974955, 0.5411669006566929, 0.1423112532836795, 0.054307655585830616, 0.6589598371809064, 0.4373326518138059, 0.24367480634227, 0.008284682400665488, 0.5984745543085208, 0.6187654005994164, 0.6570883918136169, 0.7781098318228747, 0.7057158840792328, 0.5987405406462706], [-0.35624595853772156, 1.0967132770751853, 0.0, 0.1966893663080074, 0.5701174923983563, 0.1311876202859798, 0.14368682798534352, 0.6767053653641681, 0.35599853497773215, 0.24497523428864554, 0.00716927026363523, 0.626993893435517, 0.6314753714524137, 0.6585087431142643, 0.7673844232171464, 0.661663482191809, 0.5711063579456382], [-0.10155516340248916, 1.1770804749648294, 0.0, 0.2297378666844666, 0.5955114598080826, 0.1264089629836317, 0.17337923244334802, 0.6820415120827765, 0.33465564115226387, 0.251162699478817, 0.007001439975721224, 0.6093302666510869, 0.6225601633609891, 0.6639404109248808, 0.7601871642061278, 0.6679505686699865, 0.5720884933760955]], "features_2": [[-0.06553725900201446, 0.9900797974132481, 0.0, 0.26318911685779023, 0.5550046717612432, 0.12839249527523183, 0.23548495028532698, 0.6819428028606447, 0.37578347282768854, 0.2200891242219727, 0.00783923647221818, 0.6226318946571785, 0.6449815331802756, 0.672954967165133, 0.775263937830675, 0.6967185998723358, 0.6023479301168974], [0.12161502692212345, 0.9797845233081542, 0.0, 0.273468879797501, 0.5473497454220094, 0.13136615350586098, 0.24034036038712187, 0.6795836963465891, 0.39249942345670075, 0.22152309497453704, 0.008117752083540042, 0.6102885985718003, 0.6350588348932169, 0.6429538808787122, 0.7849920033441512, 0.7215123950686696, 0.6089448872780703], [-0.1681956399230451, 1.1090286332690509, 0.0, 0.2854159043851139, 0.5785297819631984, 0.13047395482346522, 0.23370577081602803, 0.6803786766418588, 0.3811546376692345, 0.2454554468563237, 0.007560346756364078, 0.6164580579146661, 0.6514857788031473, 0.6671019440712125, 0.7815696885010002, 0.7107450425693922, 0.6057413222917212], [-0.28091074687871753, 0.9636405649058523, 0.0, 0.28043188542261066, 0.5456775966973018, 0.13190239222651046, 0.2122070476044371, 0.6786925663910074, 0.3973590447810662, 0.22220225889246592, 0.00783923647221818, 0.6359318038048563, 0.6696087256050961, 0.688679771203441, 0.7802133433961393, 0.6889519987216849, 0.6069872230446876], [-0.10118839752368203, 0.9190787106179824, 0.0, 0.26542142419981124, 0.530450978638834, 0.13493169325258775, 0.23000896589625414, 0.6764632924458394, 0.41064031004569057, 0.21622304707327644, 0.007950687539111767, 0.6243298627068921, 0.6552922402147542, 0.6821543304972546, 0.7926199446930274, 0.7177339648569497, 0.6140413622820492], [-0.2652463513544552, 1.0464677951448156, 0.0, 0.29063813564697044, 0.5600304443002745, 0.13558056609657285, 0.22642644567774184, 0.6755774942502355, 0.40547249526934537, 0.2418342225552479, 0.00783923647221818, 0.6228905737137824, 0.657046557050949, 0.6712865488010205, 0.7917386507011984, 0.7160189936807654, 0.6162669261842743], [-0.20475391770873852, 0.8691671776669806, 0.0, 0.2392562047092913, 0.5184059062483884, 0.13483156265508386, 0.26397156053076143, 0.6760512723863474, 0.39070942060260827, 0.20196112392905197, 0.007504523810135222, 0.6325118280330826, 0.6510748470937653, 0.6568562520560267, 0.7858320186446588, 0.7095934745335738, 0.5952865151009009], [-0.3833575465378005, 0.8577797352811142, 0.0, 0.259228535744034, 0.513439143845334, 0.13767679169197572, 0.3258754593118951, 0.6750280369986239, 0.41351770537305876, 0.2078946065653351, 0.007727725548673403, 0.6356240708887531, 0.6601192935103429, 0.6902855173373985, 0.798058835823325, 0.710573143248254, 0.6080969940414477], [-0.38159869728067886, 0.8881289166407847, 0.0, 0.23047835554337365, 0.524087661836849, 0.1339227584151863, 0.3534669938803667, 0.6777039816874737, 0.379698278055834, 0.20762258418069135, 0.007616154688146137, 0.6286937503959924, 0.6536804800141622, 0.685972640394731, 0.7855608496456493, 0.7008769951485717, 0.5901052871239155]]}