{"labels_1": ["1", "2", "3", "4", "5", "6", "7", "8", "9"], "labels_2": ["1", "2", "3", "4", "5", "6", "7", "8", "9"], "adj_matrix_1": [[0.0, 0.1612, 0.2334, 0.21563, 0.3186, 0.30643, 0.04428, 0.36603, 0.05511], [0.1612, 0.0, 0.08538, 0.06348, 0.19868, 0.18158, 0.1208, 0.26942, 0.11047], [0.2334, 0.08538, 0.0, 0.02229, 0.11948, 0.10102, 0.19827, 0.19762, 0.18906], [0.21563, 0.06348, 0.02229, 0.0, 0.14069, 0.1225, 0.17898, 0.21723, 0.16942], [0.3186, 0.19868, 0.11948, 0.14069, 0.0, 0.01906, 0.2929, 0.08304, 0.28581], [0.30643, 0.18158, 0.10102, 0.1225, 0.01906, 0.0, 0.27916, 0.10173, 0.27171], [0.04428, 0.1208, 0.19827, 0.17898, 0.2929, 0.27916, 0.0, 0.3475, 0.01096], [0.36603, 0.26942, 0.19762, 0.21723, 0.08304, 0.10173, 0.3475, 0.0, 0.34208], [0.05511, 0.11047, 0.18906, 0.16942, 0.28581, 0.27171, 0.01096, 0.34208, 0.0]], "adj_matrix_2": [[0.0, 0.11498, 0.04574, 0.00026, 0.14982, 0.18733, 0.25521, 0.21787, 0.29907], [0.11498, 0.0, 0.07385, 0.1152, 0.21788, 0.23574, 0.25594, 0.24733, 0.24237], [0.04574, 0.07385, 0.0, 0.046, 0.18227, 0.21305, 0.26303, 0.23666, 0.28306], [0.00026, 0.1152, 0.046, 0.0, 0.14962, 0.18716, 0.25515, 0.21774, 0.29914], [0.14982, 0.21788, 0.18227, 0.14962, 0.0, 0.05015, 0.16397, 0.09652, 0.29227], [0.18733, 0.23574, 0.21305, 0.18716, 0.05015, 0.0, 0.12044, 0.04793, 0.27023], [0.25521, 0.25594, 0.26303, 0.25515, 0.16397, 0.12044, 0.0, 0.07515, 0.18421], [0.21787, 0.24733, 0.23666, 0.21774, 0.09652, 0.04793, 0.07515, 0.0, 0.24154], [0.29907, 0.24237, 0.28306, 0.29914, 0.29227, 0.27023, 0.18421, 0.24154, 0.0]], "features_1": [[0.17507746874408214, 0.8703684292076312, 0.0, 0.19918024933503775, 0.5086138976677802, 0.14426397129812135, 0.2655097045993813, 0.667356268986417, 0.46654563081502065, 0.21567263817918159, 0.008507047823598457, 0.6237404039010079, 0.6787171055345557, 0.7122851935962833, 0.8123732134150559, 0.7452559795883187, 0.627827734660069], [0.01356590835965088, 0.8943518568539497, 0.0, 0.18419473089852886, 0.5076571266654007, 0.14688045697425361, 0.22108336746024193, 0.6618053455686259, 0.4793308122680531, 0.22541293268597706, 0.008562602043175715, 0.6321654082692685, 0.6720436205513559, 0.709068060189364, 0.8122079426267862, 0.7391313487964986, 0.6240677618170947], [-0.050956438791920355, 0.9471319173608599, 0.0, 0.17430945058477396, 0.528429261750544, 0.14340314616054062, 0.27221329231928665, 0.6687529691882561, 0.4687333822959614, 0.23321412508756523, 0.008340296057933516, 0.6370567546878971, 0.6891752069421041, 0.7267582521593999, 0.8120875111401386, 0.7328367729384211, 0.622237342843879], [0.061057714574918265, 0.8451552254723277, 0.0, 0.1782890943312835, 0.507777204235377, 0.14067373894739374, 0.29221868531529227, 0.6723274019587261, 0.44932872824831604, 0.2060246402360355, 0.00822905385914674, 0.629349097566668, 0.674607014713055, 0.7000382759452732, 0.808610903843624, 0.7310637893305062, 0.6169036349164895], [-0.22472037606170447, 0.8623660212669888, 0.0, 0.1755001504649927, 0.4983050977335567, 0.14680340330648267, 0.22186887867218202, 0.6611719738894388, 0.47733683377014224, 0.22028104161102324, 0.008451478759474051, 0.6444773171155265, 0.6739897645280819, 0.7118135732150777, 0.8117736309934843, 0.7343030001679687, 0.6186154082865045], [-0.24554122749847762, 0.9280418790488938, 0.0, 0.17199240965562823, 0.5232569948614704, 0.14277821976046165, 0.26153307416402216, 0.6685714149756188, 0.4580978366218482, 0.22986377857000306, 0.00822905385914674, 0.6401076808606012, 0.6847571838082838, 0.7278864678977615, 0.8095261869301794, 0.7248065846119737, 0.6106228848303], [-0.10473289768995686, 0.8567699980544766, 0.0, 0.1812389358885721, 0.5090305577519934, 0.13860940999304774, 0.2640471081789727, 0.6723800487309586, 0.4184545903466197, 0.20593500125589048, 0.007783488497544067, 0.6204754934149093, 0.6688592041814345, 0.6963441359747247, 0.7979764607347926, 0.7072174999301507, 0.590625650791758], [-0.33715620848504146, 0.8302643439157354, 0.0, 0.19653475676674584, 0.4957814119880246, 0.1404063854524748, 0.21108661565673686, 0.6676883414817183, 0.4283297758511011, 0.20532591833243674, 0.00822905385914674, 0.6462191530052568, 0.6614899983432477, 0.6868962722958872, 0.7970748790756631, 0.7131231849330655, 0.5888535010364007], [0.00569075378416839, 0.8980551804328113, 0.0, 0.2532609288912454, 0.5181417452208199, 0.1367016010423802, 0.21009356215493186, 0.6717232226945842, 0.40579017260259254, 0.21242693705102966, 0.007560346756364078, 0.6209468816307875, 0.6602411848511418, 0.6925262125198445, 0.7854977014062023, 0.716297995490923, 0.569909561122161]], "features_2": [[1.8089822352937297, 0.9622823602666627, 0.0, 0.25981352380724426, 0.5386238779092785, 0.14176291453498743, 0.2580500640353186, 0.67173450485658, 0.45730310994628276, 0.22338534533270948, 0.00822905385914674, 0.5863451870255891, 0.6552353316445421, 0.6699105216148091, 0.8087894255674791, 0.7443045806030913, 0.6123251868397078], [1.849786053401946, 0.9671067553126687, 0.0, 0.25623448045051067, 0.5319793118544268, 0.14688558037235902, 0.18025685172298864, 0.6625696715155909, 0.49460079640002785, 0.23140782086531342, 0.008895616178821175, 0.5895525967407433, 0.6404956515371351, 0.6625457976534587, 0.8098161842624192, 0.7528162215655757, 0.6222637339509736], [1.5343021548614706, 1.0768129718264263, 0.0, 0.2575954883317848, 0.5634783532921829, 0.14148492655722658, 0.24514387017338635, 0.6715020958469736, 0.46497910230063266, 0.2479278392966433, 0.008562602043175715, 0.5923928609843467, 0.6417942036349225, 0.6733433963912778, 0.8067533052996644, 0.7442499595991154, 0.614776230438269], [1.280496080449347, 0.9525455162550215, 0.0, 0.2281270072533835, 0.5333490563152542, 0.1440799965826214, 0.2243765813925606, 0.6681010231603375, 0.4784686360699786, 0.22785433298458502, 0.00822905385914674, 0.5968911361006297, 0.6380934043500361, 0.6778416673284603, 0.8096145115859629, 0.7283240485407604, 0.6207271673362055], [1.0157442092573943, 0.9505942068068068, 0.0, 0.20164249486784114, 0.5275018371877863, 0.14626452587045374, 0.1759206680235806, 0.6620372517128105, 0.49063356834158967, 0.2324937578997197, 0.00822905385914674, 0.6076528942822372, 0.6351363313586313, 0.6699206584147945, 0.8076869843001915, 0.7323270390267193, 0.6261912821117039], [0.702956775432261, 1.0268522953079597, 0.0, 0.20997498087506028, 0.5452126518137184, 0.14681042068142008, 0.17158354408082702, 0.6618207907334077, 0.4960561622712103, 0.24995614872445704, 0.008673665988278678, 0.6152868127341771, 0.6567300937086923, 0.694894610267314, 0.8091222054331731, 0.7255468456266916, 0.6352411611441644], [0.15333539885953273, 0.8914173980968377, 0.0, 0.20059514193584546, 0.5092927859127815, 0.14772194699247987, 0.1839925017984676, 0.6594590890966376, 0.5001056204946821, 0.22602644293019836, 0.008784670673857464, 0.6198338561844017, 0.6645505405127653, 0.7086993642983686, 0.8078412953514135, 0.745086744116798, 0.6325647611274707], [0.4231591980414464, 0.9333853006410382, 0.0, 0.15131736614267818, 0.5303129206203858, 0.13948938989037307, 0.25444795078040416, 0.6713984212477513, 0.4387374814941998, 0.2219008567602745, 0.008507047823598457, 0.6050508949850284, 0.6593719608463289, 0.6930811369050653, 0.7992712407422389, 0.7294082767196347, 0.6160178648098611], [0.27079757103510627, 0.9703317569724019, 0.0, 0.22089842076098523, 0.5389423008699211, 0.13788241001148652, 0.22316785896599284, 0.6719144007964983, 0.42787622620318055, 0.22552096441592107, 0.007894969482732161, 0.6212376239070911, 0.6504093690650689, 0.6695787736481512, 0.7923118772871963, 0.7295865879916863, 0.6214434717209838]]}