{"labels_1": ["1", "2", "3", "4", "5", "6", "7", "8", "9"], "labels_2": ["1", "2", "3", "4", "5", "6", "7", "8", "9"], "adj_matrix_1": [[0.0, 0.2442, 0.01613, 0.03895, 0.25996, 0.2581, 0.30223, 0.25417, 0.29982], [0.2442, 0.0, 0.23257, 0.27049, 0.02581, 0.02255, 0.2015, 0.01594, 0.11877], [0.01613, 0.23257, 0.0, 0.05496, 0.24924, 0.24727, 0.29989, 0.2431, 0.29299], [0.03895, 0.27049, 0.05496, 0.0, 0.28398, 0.28241, 0.30607, 0.27908, 0.3144], [0.25996, 0.02581, 0.24924, 0.28398, 0.0, 0.00327, 0.18386, 0.0099, 0.09501], [0.2581, 0.02255, 0.24727, 0.28241, 0.00327, 0.0, 0.18612, 0.00663, 0.09807], [0.30223, 0.2015, 0.29989, 0.30607, 0.18386, 0.18612, 0.0, 0.19075, 0.105], [0.25417, 0.01594, 0.2431, 0.27908, 0.0099, 0.00663, 0.19075, 0.0, 0.10422], [0.29982, 0.11877, 0.29299, 0.3144, 0.09501, 0.09807, 0.105, 0.10422, 0.0]], "adj_matrix_2": [[0.0, 0.2057, 0.10698, 0.09979, 0.08613, 0.17697, 0.18089, 0.16828, 0.24491], [0.2057, 0.0, 0.10726, 0.11438, 0.12766, 0.0334, 0.02895, 0.33572, 0.04965], [0.10698, 0.10726, 0.0, 0.00744, 0.02147, 0.07493, 0.07929, 0.26191, 0.15345], [0.09979, 0.11438, 0.00744, 0.0, 0.01404, 0.08221, 0.08656, 0.25599, 0.16018], [0.08613, 0.12766, 0.02147, 0.01404, 0.0, 0.09586, 0.10016, 0.2446, 0.17268], [0.17697, 0.0334, 0.07493, 0.08221, 0.09586, 0.0, 0.00447, 0.31585, 0.08245], [0.18089, 0.02895, 0.07929, 0.08656, 0.10016, 0.00447, 0.0, 0.31861, 0.0781], [0.16828, 0.33572, 0.26191, 0.25599, 0.2446, 0.31585, 0.31861, 0.0, 0.36], [0.24491, 0.04965, 0.15345, 0.16018, 0.17268, 0.08245, 0.0781, 0.36, 0.0]], "features_1": [[-0.2706085864699759, 0.9075313836345159, 0.0, 0.26089726818664105, 0.5179778852368743, 0.14117675212312222, 0.15374103128697528, 0.6677834737790165, 0.4421455174297584, 0.22493880168894287, 0.007894969482732161, 0.6302376713280604, 0.6459028748261896, 0.6868969304246701, 0.7958827941747764, 0.7091446041977025, 0.6036856926316245], [0.02095361888738312, 0.9136134467419832, 0.0, 0.2276959048310309, 0.5138855184024895, 0.1450624494944302, 0.12582813370159868, 0.6621042934572958, 0.4688829572452031, 0.22825829568449185, 0.00822905385914674, 0.6132626757236861, 0.6686836231746714, 0.7115641797882889, 0.8031047806809611, 0.7250462783764037, 0.6106042624268612], [-0.18596658216573125, 0.9884507944653695, 0.0, 0.24284476113831188, 0.5330442618143324, 0.14295149012424774, 0.1358415688194768, 0.6644695296250187, 0.44601585131168564, 0.24147750350823216, 0.007783488497544067, 0.6267324224551969, 0.6510967482183144, 0.6896934533512965, 0.7981722046096503, 0.7144975540312052, 0.6086994436860352], [-0.13675310038488497, 0.887011672108194, 0.0, 0.2508059798178328, 0.5108351661946647, 0.14008775917056976, 0.11843095874323595, 0.6672087251522465, 0.43873976729873787, 0.21857541498423982, 0.008117752083540042, 0.6294752224700364, 0.6450315359285818, 0.6867311256767307, 0.7882986911014602, 0.7042627940678664, 0.5954398161974799], [0.09735083786877263, 0.9302670236539486, 0.0, 0.21341555904798115, 0.5192997461108007, 0.14206714952336952, 0.13278703926101657, 0.6651777958664274, 0.44468170551475383, 0.22660826187065908, 0.008340296057933516, 0.6067374006065549, 0.6390996629841188, 0.6653323187044329, 0.794975968726065, 0.726085121826026, 0.5995278381186878], [0.18002607983272068, 0.9896571126496233, 0.0, 0.24488229114129487, 0.5296976595435502, 0.1433060094699133, 0.10763998744175254, 0.6622637578524933, 0.4539602322617633, 0.240065379502566, 0.00822905385914674, 0.6116931717555902, 0.6548409967335592, 0.6950846789235687, 0.7944509713139987, 0.7149102312687826, 0.607110562525499], [0.7257193830273247, 0.8527554255307742, 0.0, 0.2520224662766537, 0.4988560439097097, 0.14050878739140044, 0.13469281685654763, 0.6660658011863929, 0.435668521976601, 0.20496206938606254, 0.008284682400665488, 0.6004868824504506, 0.628776812127819, 0.6656641525052607, 0.78835879980628, 0.7124248665068678, 0.5946005881316759], [0.5838623054010839, 0.9720569632013, 0.0, 0.22144830016119257, 0.5352839843854986, 0.13748144829408276, 0.1421975916871702, 0.6708031021474163, 0.41034446982639405, 0.2246137329313549, 0.007783488497544067, 0.6012440621362538, 0.6246649633461112, 0.6689575860888323, 0.7867835162812987, 0.7318892424290724, 0.5981111940450818], [0.9950610130886259, 1.008053215133994, 0.0, 0.2569225791540639, 0.5518027943476417, 0.13266055989082243, 0.18167872603634905, 0.6769132713288899, 0.3773099813471765, 0.22140601158477757, 0.007448685839370306, 0.5866753571830172, 0.6430485820864249, 0.667809890438687, 0.780007223630578, 0.7409547995435242, 0.5961895246720533]], "features_2": [[-0.20852526405612348, 0.8168528251340772, 0.0, 0.2480406276074617, 0.5105228640864585, 0.13381170388410996, 0.37229856175724263, 0.6798330805629467, 0.40485511337097413, 0.19459508401998948, 0.007560346756364078, 0.6296001190821638, 0.669278360118843, 0.7039505125698269, 0.7996732006716082, 0.7173651475173097, 0.6053876228604791], [-0.09986426478994392, 0.8010508828771278, 0.0, 0.2666115071438432, 0.5015310950653037, 0.1367190399751509, 0.40529491418955743, 0.6768186593532841, 0.4146117689600104, 0.194281938498033, 0.007894969482732161, 0.6157263421969417, 0.664629592424542, 0.6987089703313268, 0.8037720527468598, 0.7177212514976355, 0.6194287612116022], [-0.1293655466162278, 0.9050965279509925, 0.0, 0.2432582739240442, 0.5345432039737533, 0.1318482861582149, 0.3743074393873222, 0.6809635925454683, 0.388295433264795, 0.21051487432198313, 0.007894969482732161, 0.6202699250772734, 0.6635371955039691, 0.6941246294962464, 0.7934273334196335, 0.7084712287895965, 0.5951486147203539], [-0.21482976684236776, 0.8092807954364892, 0.0, 0.21645124832055584, 0.5053297133782466, 0.13482040682298316, 0.3311113793670593, 0.6779248691707194, 0.41104127044849426, 0.1954490422701951, 0.007894969482732161, 0.6282542142682412, 0.6736404973252637, 0.7048254041680405, 0.7969737119809647, 0.7151131485489131, 0.5961476922917999], [-0.2880838148504177, 0.7713953519450601, 0.0, 0.24217067334264505, 0.4883857457429239, 0.13815915915357926, 0.33116618416466537, 0.6743800732553302, 0.426261607608196, 0.19097178915922508, 0.00822905385914674, 0.6371645425484074, 0.6649573263246216, 0.7030232621495665, 0.8045549261971473, 0.7498162829412318, 0.6229518328898834], [-0.3658597272389521, 0.8588074506882506, 0.0, 0.23180577603943242, 0.517211680801589, 0.13671538734135616, 0.3450974045105724, 0.6762111236046159, 0.40525291818074494, 0.20787848362569705, 0.007671947615560004, 0.6318692251950526, 0.6723609967252951, 0.7127245058553973, 0.8014093782844078, 0.7247200934728493, 0.613427125770012], [-0.346741113364029, 0.7589255692713841, 0.0, 0.23552238292336472, 0.4809417703761031, 0.1392565062355996, 0.25519407486750795, 0.670701084545826, 0.41691859508447715, 0.18875890258107564, 0.007783488497544067, 0.6286597079647633, 0.659454469660438, 0.6946406097502992, 0.7967861728554801, 0.7205585925330705, 0.6024581007942321], [-0.45335580815792076, 0.7924438547550879, 0.0, 0.16615407239144678, 0.49625028146013006, 0.134278054345274, 0.26558569150744943, 0.6769635659459716, 0.3860075107063603, 0.1897487468672192, 0.007448685839370306, 0.6454388366175456, 0.6656608909478207, 0.6981448369982329, 0.7927940118204425, 0.7091856260380857, 0.6144740138102974], [-0.04542940811496754, 0.8896354514239628, 0.0, 0.21190662968064766, 0.5230318674666903, 0.1324549791199331, 0.22498885678082486, 0.6768490545398136, 0.3752485655266806, 0.2055146553737961, 0.007560346756364078, 0.6136982378494933, 0.638202098695514, 0.662732749214303, 0.7779741502052532, 0.6995241778746245, 0.5941524199447604]]}