{"labels_1": ["1", "2", "3", "4", "5", "6", "7", "8", "9"], "labels_2": ["1", "2", "3", "4", "5", "6", "7", "8", "9"], "adj_matrix_1": [[0.0, 0.14784, 0.17746, 0.14983, 0.20178, 0.21605, 0.19272, 0.22643, 0.2014], [0.14784, 0.0, 0.0406, 0.00255, 0.08104, 0.11094, 0.19944, 0.18095, 0.19988], [0.17746, 0.0406, 0.0, 0.03809, 0.04195, 0.07418, 0.19155, 0.15722, 0.18926], [0.14983, 0.00255, 0.03809, 0.0, 0.07868, 0.10874, 0.19916, 0.17966, 0.1994], [0.20178, 0.08104, 0.04195, 0.07868, 0.0, 0.03347, 0.17866, 0.12761, 0.17304], [0.21605, 0.11094, 0.07418, 0.10874, 0.03347, 0.0, 0.16363, 0.10027, 0.15558], [0.19272, 0.19944, 0.19155, 0.19916, 0.17866, 0.16363, 0.0, 0.0915, 0.01711], [0.22643, 0.18095, 0.15722, 0.17966, 0.12761, 0.10027, 0.0915, 0.0, 0.07662], [0.2014, 0.19988, 0.18926, 0.1994, 0.17304, 0.15558, 0.01711, 0.07662, 0.0]], "adj_matrix_2": [[0.0, 0.24031, 0.12569, 0.00973, 0.28452, 0.00127, 0.11928, 0.03074, 0.07987], [0.24031, 0.0, 0.33, 0.24792, 0.0657, 0.23932, 0.13629, 0.21555, 0.17314], [0.12569, 0.33, 0.0, 0.11632, 0.35762, 0.1269, 0.23456, 0.15479, 0.19989], [0.00973, 0.24792, 0.11632, 0.0, 0.29094, 0.011, 0.12856, 0.04044, 0.0894], [0.28452, 0.0657, 0.35762, 0.29094, 0.0, 0.28369, 0.19373, 0.2635, 0.22657], [0.00127, 0.23932, 0.1269, 0.011, 0.28369, 0.0, 0.11808, 0.02947, 0.07863], [0.11928, 0.13629, 0.23456, 0.12856, 0.19373, 0.11808, 0.0, 0.0896, 0.04069], [0.03074, 0.21555, 0.15479, 0.04044, 0.2635, 0.02947, 0.0896, 0.0, 0.0495], [0.07987, 0.17314, 0.19989, 0.0894, 0.22657, 0.07863, 0.04069, 0.0495, 0.0]], "features_1": [[0.4664255895577618, 1.0053244936907144, 0.0, 0.22589465645189022, 0.5660443086677677, 0.13207407332059465, 0.3129877496185912, 0.6810049865248745, 0.39846492227376973, 0.22426354805374338, 0.00783923647221818, 0.6013566265359549, 0.6403032435509028, 0.6582291134847059, 0.7945095042623498, 0.7221279023264647, 0.605333229633203], [0.586763538676589, 0.9761955990374744, 0.0, 0.22840456124763128, 0.5542391827965264, 0.13844685637245732, 0.32717499239227266, 0.6768455377511238, 0.44339896038394677, 0.2287798500131173, 0.008507047823598457, 0.6077501293447882, 0.684932786675229, 0.6976246547025536, 0.8115988130131198, 0.7205390115557561, 0.608098671933499], [0.819510560147894, 1.1093101357172703, 0.0, 0.27894618514120917, 0.5875639347321729, 0.13266255759477763, 0.33257925721083553, 0.6810917112602229, 0.4060012648625042, 0.24348260522521503, 0.007727725548673403, 0.5966842238642878, 0.6566961880524561, 0.6704634693952198, 0.7987179275267781, 0.7129841936215889, 0.5951876636874749], [0.7143492258337987, 0.9470183353443176, 0.0, 0.2806832788375019, 0.5537279190757893, 0.13043413712090254, 0.3151830286198411, 0.6821996446097566, 0.3915045281507381, 0.21035500854705602, 0.00783923647221818, 0.5986090967590527, 0.6558688315094378, 0.6728095181991198, 0.7912355117680324, 0.7190683920680391, 0.598727769390191], [0.901682987140815, 0.9032617845861081, 0.0, 0.28006607828198277, 0.5299920189113729, 0.14261031964222115, 0.28754284348519904, 0.6718973618986873, 0.47472954809701995, 0.21933082258956493, 0.008618141428105908, 0.601204703403909, 0.6670704152202817, 0.6859943968984444, 0.8160182888987293, 0.7223045716236058, 0.6141424316965439], [0.7970471193451747, 1.003601370676849, 0.0, 0.3162038595566843, 0.5614415383900513, 0.13636756448013762, 0.34037662255466544, 0.6784900496264836, 0.43612435269510774, 0.2308422388994924, 0.008507047823598457, 0.6032624432287386, 0.6590004886016578, 0.6771488235905041, 0.8085342699105057, 0.7257958020874435, 0.6113301210105624], [1.5129338438186917, 0.8196314681574871, 0.0, 0.3357342469966586, 0.5070435556405279, 0.1366839285025891, 0.23967039567537468, 0.6742837187304436, 0.42134086635408563, 0.1919268331278725, 0.007950687539111767, 0.573934336670944, 0.6470915765765518, 0.6636444396298399, 0.7970267535177002, 0.7223206962209436, 0.6210894534847476], [1.4098825472910965, 0.9141843104017464, 0.0, 0.3720675038976549, 0.5299110584537374, 0.1386149071550115, 0.29122779031636625, 0.6745991028247402, 0.4420796453860236, 0.21700592257844886, 0.007950687539111767, 0.5725766397256484, 0.6715883539986917, 0.6962131001817802, 0.8067467062828996, 0.7314064258261571, 0.613409614779741], [1.7559474893383786, 0.9704580571498697, 0.0, 0.37497228712003994, 0.5448853713884154, 0.13206759323141268, 0.2553446457541547, 0.6781853588473257, 0.3948629768435574, 0.21842873536602836, 0.008006390651371653, 0.5655268338923229, 0.6354901443262101, 0.6640846021579936, 0.7842508652037278, 0.7046477366303856, 0.6020848799803283]], "features_2": [[-0.027428581390950946, 0.8045418094154038, 0.0, 0.1902304372429924, 0.49273818621959353, 0.14330886266346116, 0.2734651342986389, 0.6670308298432633, 0.43867883158203647, 0.20018623884071096, 0.008173410423425675, 0.6332260211127503, 0.6670341787960711, 0.701151399385749, 0.8081940901432662, 0.7307614426293705, 0.6315933279886168], [0.18315658432682191, 0.7386153546714342, 0.0, 0.21157259779004037, 0.46847324059533707, 0.14778506233111238, 0.24947648787531804, 0.6629210143819456, 0.4640953505185246, 0.19142437063363027, 0.008507047823598457, 0.6315832597913547, 0.6850788434066534, 0.7268500040950681, 0.8191194791229296, 0.7548648756290289, 0.643743183599868], [-0.2319016270266614, 0.8359045940608347, 0.0, 0.19596677542080157, 0.49905624523332304, 0.1457849319421799, 0.28513697397570326, 0.6655375689668226, 0.4578541075704339, 0.21402225161019084, 0.008507047823598457, 0.6502846953991022, 0.6849275844728453, 0.732234042008547, 0.8149657247169423, 0.7361623178264005, 0.6304178065743712], [-0.18185333397772263, 0.7731662635766703, 0.0, 0.17636037928755466, 0.4832884204817024, 0.1436282527063457, 0.29668155472773067, 0.667699584203694, 0.43998291088930874, 0.19540405744525668, 0.00822905385914674, 0.6393337878558376, 0.6814311690438803, 0.7155033434892972, 0.8106838449937744, 0.7244548043938038, 0.6282703765926847], [0.202764037352952, 0.679506594162606, 0.0, 0.20925889910582762, 0.44574709047190636, 0.15096965498745815, 0.2421117729730476, 0.6589763549586156, 0.4772816576511614, 0.1802892693381679, 0.008451478759474051, 0.6300995011757111, 0.6767023889060201, 0.7152016330972953, 0.8233437876922861, 0.7382493795805262, 0.6457263420658346], [-0.26147725682245104, 0.7868096562610283, 0.0, 0.1951711939470575, 0.48063681337790504, 0.1491077433672009, 0.2895995806596659, 0.6607521616500274, 0.47953918007869456, 0.2074275663541616, 0.008673665988278678, 0.6442103483873192, 0.6779886918395381, 0.7182596286503006, 0.8172010295172754, 0.7460182968476973, 0.6335739502043778], [-0.17220895273021464, 0.689340848933752, 0.0, 0.20191572982128062, 0.4544742374395218, 0.14518263470953363, 0.3675746699293498, 0.6678177360324234, 0.4426992022230445, 0.17743255781271716, 0.008173410423425675, 0.6371086550470131, 0.688392466421836, 0.7177811610374918, 0.8164418105066996, 0.7378772207353309, 0.6324533670410352], [-0.44774210149884697, 0.702127154306726, 0.0, 0.23129231741756534, 0.46114731485172783, 0.14301636789623973, 0.3430142134970133, 0.6692129778039461, 0.4316868767563602, 0.17926339854454998, 0.008006390651371653, 0.637365737979654, 0.6814665747131089, 0.7170465775685334, 0.8096576430824729, 0.7275062969807318, 0.6276392303393256], [-0.15486890733368774, 0.7734573310351017, 0.0, 0.2254521730017212, 0.487802690714468, 0.13775900635468388, 0.427053106576443, 0.6749404160049193, 0.404149943909774, 0.18805742097941036, 0.007950687539111767, 0.626845726953094, 0.6653490731040841, 0.7016542501545475, 0.7978642915045152, 0.7241227725786618, 0.6078006677613206]]}