{"labels_1": ["1", "2", "3", "4", "5", "6", "7", "8", "9"], "labels_2": ["1", "2", "3", "4", "5", "6", "7", "8", "9"], "adj_matrix_1": [[0.0, 0.14784, 0.17746, 0.14983, 0.20178, 0.21605, 0.19272, 0.22643, 0.2014], [0.14784, 0.0, 0.0406, 0.00255, 0.08104, 0.11094, 0.19944, 0.18095, 0.19988], [0.17746, 0.0406, 0.0, 0.03809, 0.04195, 0.07418, 0.19155, 0.15722, 0.18926], [0.14983, 0.00255, 0.03809, 0.0, 0.07868, 0.10874, 0.19916, 0.17966, 0.1994], [0.20178, 0.08104, 0.04195, 0.07868, 0.0, 0.03347, 0.17866, 0.12761, 0.17304], [0.21605, 0.11094, 0.07418, 0.10874, 0.03347, 0.0, 0.16363, 0.10027, 0.15558], [0.19272, 0.19944, 0.19155, 0.19916, 0.17866, 0.16363, 0.0, 0.0915, 0.01711], [0.22643, 0.18095, 0.15722, 0.17966, 0.12761, 0.10027, 0.0915, 0.0, 0.07662], [0.2014, 0.19988, 0.18926, 0.1994, 0.17304, 0.15558, 0.01711, 0.07662, 0.0]], "adj_matrix_2": [[0.0, 0.18656, 0.04231, 0.06556, 0.33019, 0.26464, 0.05605, 0.11271, 0.06764], [0.18656, 0.0, 0.14809, 0.12596, 0.17405, 0.09115, 0.13507, 0.07904, 0.12395], [0.04231, 0.14809, 0.0, 0.02347, 0.30134, 0.2307, 0.01385, 0.07154, 0.02558], [0.06556, 0.12596, 0.02347, 0.0, 0.28381, 0.21062, 0.00963, 0.04833, 0.00211], [0.33019, 0.17405, 0.30134, 0.28381, 0.0, 0.08581, 0.29105, 0.24478, 0.28219], [0.26464, 0.09115, 0.2307, 0.21062, 0.08581, 0.0, 0.21886, 0.16711, 0.20878], [0.05605, 0.13507, 0.01385, 0.00963, 0.29105, 0.21886, 0.0, 0.05787, 0.01174], [0.11271, 0.07904, 0.07154, 0.04833, 0.24478, 0.16711, 0.05787, 0.0, 0.04624], [0.06764, 0.12395, 0.02558, 0.00211, 0.28219, 0.20878, 0.01174, 0.04624, 0.0]], "features_1": [[0.4664255895577618, 1.0053244936907144, 0.0, 0.22589465645189022, 0.5660443086677677, 0.13207407332059465, 0.3129877496185912, 0.6810049865248745, 0.39846492227376973, 0.22426354805374338, 0.00783923647221818, 0.6013566265359549, 0.6403032435509028, 0.6582291134847059, 0.7945095042623498, 0.7221279023264647, 0.605333229633203], [0.586763538676589, 0.9761955990374744, 0.0, 0.22840456124763128, 0.5542391827965264, 0.13844685637245732, 0.32717499239227266, 0.6768455377511238, 0.44339896038394677, 0.2287798500131173, 0.008507047823598457, 0.6077501293447882, 0.684932786675229, 0.6976246547025536, 0.8115988130131198, 0.7205390115557561, 0.608098671933499], [0.819510560147894, 1.1093101357172703, 0.0, 0.27894618514120917, 0.5875639347321729, 0.13266255759477763, 0.33257925721083553, 0.6810917112602229, 0.4060012648625042, 0.24348260522521503, 0.007727725548673403, 0.5966842238642878, 0.6566961880524561, 0.6704634693952198, 0.7987179275267781, 0.7129841936215889, 0.5951876636874749], [0.7143492258337987, 0.9470183353443176, 0.0, 0.2806832788375019, 0.5537279190757893, 0.13043413712090254, 0.3151830286198411, 0.6821996446097566, 0.3915045281507381, 0.21035500854705602, 0.00783923647221818, 0.5986090967590527, 0.6558688315094378, 0.6728095181991198, 0.7912355117680324, 0.7190683920680391, 0.598727769390191], [0.901682987140815, 0.9032617845861081, 0.0, 0.28006607828198277, 0.5299920189113729, 0.14261031964222115, 0.28754284348519904, 0.6718973618986873, 0.47472954809701995, 0.21933082258956493, 0.008618141428105908, 0.601204703403909, 0.6670704152202817, 0.6859943968984444, 0.8160182888987293, 0.7223045716236058, 0.6141424316965439], [0.7970471193451747, 1.003601370676849, 0.0, 0.3162038595566843, 0.5614415383900513, 0.13636756448013762, 0.34037662255466544, 0.6784900496264836, 0.43612435269510774, 0.2308422388994924, 0.008507047823598457, 0.6032624432287386, 0.6590004886016578, 0.6771488235905041, 0.8085342699105057, 0.7257958020874435, 0.6113301210105624], [1.5129338438186917, 0.8196314681574871, 0.0, 0.3357342469966586, 0.5070435556405279, 0.1366839285025891, 0.23967039567537468, 0.6742837187304436, 0.42134086635408563, 0.1919268331278725, 0.007950687539111767, 0.573934336670944, 0.6470915765765518, 0.6636444396298399, 0.7970267535177002, 0.7223206962209436, 0.6210894534847476], [1.4098825472910965, 0.9141843104017464, 0.0, 0.3720675038976549, 0.5299110584537374, 0.1386149071550115, 0.29122779031636625, 0.6745991028247402, 0.4420796453860236, 0.21700592257844886, 0.007950687539111767, 0.5725766397256484, 0.6715883539986917, 0.6962131001817802, 0.8067467062828996, 0.7314064258261571, 0.613409614779741], [1.7559474893383786, 0.9704580571498697, 0.0, 0.37497228712003994, 0.5448853713884154, 0.13206759323141268, 0.2553446457541547, 0.6781853588473257, 0.3948629768435574, 0.21842873536602836, 0.008006390651371653, 0.5655268338923229, 0.6354901443262101, 0.6640846021579936, 0.7842508652037278, 0.7046477366303856, 0.6020848799803283]], "features_2": [[0.09355768652931928, 1.0788420232088003, 0.0, 0.2694530877462136, 0.570146770900632, 0.13200827574491728, 0.2857085881645226, 0.6803461927078351, 0.4049314068389076, 0.24210234796510477, 0.008006390651371653, 0.6272853377760508, 0.657505995096845, 0.6773751675506435, 0.7890847380442532, 0.7257164384233271, 0.5604822917569394], [-0.13334039463756486, 1.04503833171087, 0.0, 0.27470602545949413, 0.5524357252700715, 0.14180984413092254, 0.24524573469181946, 0.6707662134188905, 0.46544096119252143, 0.2514477499176917, 0.008729175733573014, 0.6493489704327655, 0.6715496256376814, 0.6870378255091802, 0.8083519440652677, 0.7275085681622566, 0.5840364355712747], [0.06070091409523526, 1.1899716750576494, 0.0, 0.2474862404627247, 0.5905236902603891, 0.13518080842304644, 0.2803680615553425, 0.6777583808444867, 0.42279993396300175, 0.2667654371512138, 0.008117752083540042, 0.6314981164194242, 0.6454664609946591, 0.6678063994230652, 0.7966535190771419, 0.7296224352927853, 0.5635583903806145], [0.04344913712659393, 1.0428632069675268, 0.0, 0.25738072182848637, 0.5589519423089597, 0.13657640109120792, 0.2536340770999551, 0.6761297418227978, 0.43211030088069546, 0.2428369772619705, 0.008062078829516484, 0.6333697453055338, 0.6595466976786086, 0.6890069499877133, 0.7962809391704899, 0.7185180258759043, 0.5667592266067277], [-0.3407294942833059, 0.9969877602246601, 0.0, 0.29336937199639634, 0.5391954024229915, 0.14665684228663298, 0.22065892455581917, 0.6654919541075439, 0.4937624599446915, 0.24930239431280699, 0.008618141428105908, 0.6563518886161166, 0.6823841488266966, 0.6955835950694744, 0.8134432250849467, 0.7164745898123943, 0.6057890030381036], [-0.1691670983014859, 1.1002701122048806, 0.0, 0.24278064185816556, 0.5656603052804882, 0.1418948896269468, 0.2288039760614012, 0.6702331773581982, 0.4555063420243146, 0.2621166428813315, 0.008284682400665488, 0.6469660231576486, 0.6630554821175831, 0.695756030973164, 0.8056235115990068, 0.7275205826573693, 0.6021010054068168], [-0.30985234088935654, 0.9452409727681761, 0.0, 0.24249349294255956, 0.5266948572651763, 0.14313244209660267, 0.2107940619262422, 0.6680815725243594, 0.4712582816648214, 0.23444669518127537, 0.008507047823598457, 0.6460205140943651, 0.6680020830642497, 0.7028090914716821, 0.8030668406076238, 0.7122555191265069, 0.5956789870749425], [-0.5538303297616727, 1.0507898697499578, 0.0, 0.27998040331877033, 0.5607228912351649, 0.13708020565822865, 0.2771545050509069, 0.6757421498788035, 0.4124692545137023, 0.24763170426392445, 0.007504523810135222, 0.6379250627868978, 0.6623162631071768, 0.7009400231140621, 0.7975326944978994, 0.7055904383654495, 0.6024471492030209], [-0.39728224193177564, 1.052805423267946, 0.0, 0.2968992137819622, 0.5580040165510455, 0.1354224597481531, 0.2334623538484486, 0.675151936040914, 0.4001462374278575, 0.24463633369644633, 0.007616154688146137, 0.6327061552184818, 0.6678436288009794, 0.687550700562624, 0.7863649184996458, 0.6989137738037495, 0.5948331680204251]]}