{"labels_1": ["1", "2", "3", "4", "5", "6", "7", "8", "9"], "labels_2": ["1", "2", "3", "4", "5", "6", "7", "8", "9"], "adj_matrix_1": [[0.0, 0.14784, 0.17746, 0.14983, 0.20178, 0.21605, 0.19272, 0.22643, 0.2014], [0.14784, 0.0, 0.0406, 0.00255, 0.08104, 0.11094, 0.19944, 0.18095, 0.19988], [0.17746, 0.0406, 0.0, 0.03809, 0.04195, 0.07418, 0.19155, 0.15722, 0.18926], [0.14983, 0.00255, 0.03809, 0.0, 0.07868, 0.10874, 0.19916, 0.17966, 0.1994], [0.20178, 0.08104, 0.04195, 0.07868, 0.0, 0.03347, 0.17866, 0.12761, 0.17304], [0.21605, 0.11094, 0.07418, 0.10874, 0.03347, 0.0, 0.16363, 0.10027, 0.15558], [0.19272, 0.19944, 0.19155, 0.19916, 0.17866, 0.16363, 0.0, 0.0915, 0.01711], [0.22643, 0.18095, 0.15722, 0.17966, 0.12761, 0.10027, 0.0915, 0.0, 0.07662], [0.2014, 0.19988, 0.18926, 0.1994, 0.17304, 0.15558, 0.01711, 0.07662, 0.0]], "adj_matrix_2": [[0.0, 0.35169, 0.0535, 0.03111, 0.36575, 0.19203, 0.23443, 0.31995, 0.23533], [0.35169, 0.0, 0.36311, 0.34071, 0.03092, 0.23133, 0.18537, 0.0611, 0.1843], [0.0535, 0.36311, 0.0, 0.0838, 0.37352, 0.232, 0.26861, 0.33872, 0.26939], [0.03111, 0.34071, 0.0838, 0.0, 0.35682, 0.16602, 0.21126, 0.3049, 0.21223], [0.36575, 0.03092, 0.37352, 0.35682, 0.0, 0.25696, 0.213, 0.09162, 0.21197], [0.19203, 0.23133, 0.232, 0.16602, 0.25696, 0.0, 0.05339, 0.17773, 0.0546], [0.23443, 0.18537, 0.26861, 0.21126, 0.213, 0.05339, 0.0, 0.12834, 0.00123], [0.31995, 0.0611, 0.33872, 0.3049, 0.09162, 0.17773, 0.12834, 0.0, 0.1272], [0.23533, 0.1843, 0.26939, 0.21223, 0.21197, 0.0546, 0.00123, 0.1272, 0.0]], "features_1": [[0.4664255895577618, 1.0053244936907144, 0.0, 0.22589465645189022, 0.5660443086677677, 0.13207407332059465, 0.3129877496185912, 0.6810049865248745, 0.39846492227376973, 0.22426354805374338, 0.00783923647221818, 0.6013566265359549, 0.6403032435509028, 0.6582291134847059, 0.7945095042623498, 0.7221279023264647, 0.605333229633203], [0.586763538676589, 0.9761955990374744, 0.0, 0.22840456124763128, 0.5542391827965264, 0.13844685637245732, 0.32717499239227266, 0.6768455377511238, 0.44339896038394677, 0.2287798500131173, 0.008507047823598457, 0.6077501293447882, 0.684932786675229, 0.6976246547025536, 0.8115988130131198, 0.7205390115557561, 0.608098671933499], [0.819510560147894, 1.1093101357172703, 0.0, 0.27894618514120917, 0.5875639347321729, 0.13266255759477763, 0.33257925721083553, 0.6810917112602229, 0.4060012648625042, 0.24348260522521503, 0.007727725548673403, 0.5966842238642878, 0.6566961880524561, 0.6704634693952198, 0.7987179275267781, 0.7129841936215889, 0.5951876636874749], [0.7143492258337987, 0.9470183353443176, 0.0, 0.2806832788375019, 0.5537279190757893, 0.13043413712090254, 0.3151830286198411, 0.6821996446097566, 0.3915045281507381, 0.21035500854705602, 0.00783923647221818, 0.5986090967590527, 0.6558688315094378, 0.6728095181991198, 0.7912355117680324, 0.7190683920680391, 0.598727769390191], [0.901682987140815, 0.9032617845861081, 0.0, 0.28006607828198277, 0.5299920189113729, 0.14261031964222115, 0.28754284348519904, 0.6718973618986873, 0.47472954809701995, 0.21933082258956493, 0.008618141428105908, 0.601204703403909, 0.6670704152202817, 0.6859943968984444, 0.8160182888987293, 0.7223045716236058, 0.6141424316965439], [0.7970471193451747, 1.003601370676849, 0.0, 0.3162038595566843, 0.5614415383900513, 0.13636756448013762, 0.34037662255466544, 0.6784900496264836, 0.43612435269510774, 0.2308422388994924, 0.008507047823598457, 0.6032624432287386, 0.6590004886016578, 0.6771488235905041, 0.8085342699105057, 0.7257958020874435, 0.6113301210105624], [1.5129338438186917, 0.8196314681574871, 0.0, 0.3357342469966586, 0.5070435556405279, 0.1366839285025891, 0.23967039567537468, 0.6742837187304436, 0.42134086635408563, 0.1919268331278725, 0.007950687539111767, 0.573934336670944, 0.6470915765765518, 0.6636444396298399, 0.7970267535177002, 0.7223206962209436, 0.6210894534847476], [1.4098825472910965, 0.9141843104017464, 0.0, 0.3720675038976549, 0.5299110584537374, 0.1386149071550115, 0.29122779031636625, 0.6745991028247402, 0.4420796453860236, 0.21700592257844886, 0.007950687539111767, 0.5725766397256484, 0.6715883539986917, 0.6962131001817802, 0.8067467062828996, 0.7314064258261571, 0.613409614779741], [1.7559474893383786, 0.9704580571498697, 0.0, 0.37497228712003994, 0.5448853713884154, 0.13206759323141268, 0.2553446457541547, 0.6781853588473257, 0.3948629768435574, 0.21842873536602836, 0.008006390651371653, 0.5655268338923229, 0.6354901443262101, 0.6640846021579936, 0.7842508652037278, 0.7046477366303856, 0.6020848799803283]], "features_2": [[0.16193786521849907, 0.79774454785602, 0.0, 0.2337729004474758, 0.4910613010153262, 0.14612652466603265, 0.22574587920150863, 0.6644857175564557, 0.47599738939833247, 0.20242209707510073, 0.008117752083540042, 0.6124047731026221, 0.6752656865229608, 0.704847367214316, 0.8151770112697763, 0.7439989639700463, 0.6362687113571572], [-0.20704087419789508, 0.765530503817712, 0.0, 0.2193884959504696, 0.47231373134934196, 0.15299745813721513, 0.19665326847905717, 0.6556348188418657, 0.519189274471396, 0.20492997192504392, 0.008562602043175715, 0.6500258419013982, 0.6989858619759363, 0.7285666418420645, 0.8273358423412539, 0.7492464880575467, 0.6386460735137685], [0.20480555733087558, 0.8606601745401415, 0.0, 0.23539364947485555, 0.5079704348907241, 0.14628262103304157, 0.2508716615542184, 0.665206165102912, 0.4777724506471017, 0.2153567722224481, 0.008117752083540042, 0.611553416461692, 0.691551277115954, 0.7208553227559388, 0.8193232551480502, 0.7460656032371503, 0.6409538624537607], [0.17817230863338018, 0.7780765632361399, 0.0, 0.24390203989773798, 0.48659720444672416, 0.1449692861123978, 0.24193813515692994, 0.6659232104532333, 0.47138330058041134, 0.19570317198013654, 0.008117752083540042, 0.6142738943596786, 0.6632101420873651, 0.6961046434260639, 0.813832593994287, 0.7180875827299239, 0.638618121094779], [-0.33991096645131424, 0.7963381324455401, 0.0, 0.18751742077884803, 0.4908311402483736, 0.14680241197204205, 0.26012532533828503, 0.6661238061493078, 0.4703898879751929, 0.20367920319574417, 0.00822905385914674, 0.6457044253733581, 0.6912651424461324, 0.7239141286559427, 0.8206780703919251, 0.7367563612293079, 0.6222209558631799], [0.14846407942336004, 0.8438099453355399, 0.0, 0.23690241870647397, 0.5011122349525471, 0.14928065908991298, 0.239245446375854, 0.6617010953455915, 0.5133496847557908, 0.215404311099197, 0.009006502581913711, 0.6282728147901504, 0.679000627677926, 0.7037811131435875, 0.8229426733045743, 0.751700669464997, 0.6367835678870424], [-0.16511886458455471, 0.7014323468589327, 0.0, 0.2290615492482966, 0.4570189846631125, 0.14841554306521637, 0.23474688907149144, 0.6615937970990271, 0.49212627038976153, 0.18316984918670554, 0.008006390651371653, 0.637426195859248, 0.6859289289221877, 0.7161019788529694, 0.819378410041892, 0.727103467069783, 0.6414407329426818], [-0.11770581887280196, 0.8205707159367512, 0.0, 0.23329333025325447, 0.505460481552037, 0.13819825553427148, 0.3533089663140558, 0.6771653843253198, 0.42935928520499167, 0.1990081439410607, 0.007671947615560004, 0.636580083158738, 0.6922527498954404, 0.721709245862462, 0.8111439710749884, 0.736585370904361, 0.6032472398113518], [-0.12053051056780761, 0.792964697439494, 0.0, 0.23076468105502446, 0.4901762562560581, 0.14107157021809763, 0.26691091433071606, 0.6714411590534582, 0.44881083611407124, 0.1961202864139171, 0.007783488497544067, 0.633735469729692, 0.6688879377981948, 0.6999633504476159, 0.8086260689319617, 0.7293541634001297, 0.6324488099893608]]}