{"labels_1": ["1", "2", "3", "4", "5", "6", "7", "8", "9"], "labels_2": ["1", "2", "3", "4", "5", "6", "7", "8", "9"], "adj_matrix_1": [[0.0, 0.14784, 0.17746, 0.14983, 0.20178, 0.21605, 0.19272, 0.22643, 0.2014], [0.14784, 0.0, 0.0406, 0.00255, 0.08104, 0.11094, 0.19944, 0.18095, 0.19988], [0.17746, 0.0406, 0.0, 0.03809, 0.04195, 0.07418, 0.19155, 0.15722, 0.18926], [0.14983, 0.00255, 0.03809, 0.0, 0.07868, 0.10874, 0.19916, 0.17966, 0.1994], [0.20178, 0.08104, 0.04195, 0.07868, 0.0, 0.03347, 0.17866, 0.12761, 0.17304], [0.21605, 0.11094, 0.07418, 0.10874, 0.03347, 0.0, 0.16363, 0.10027, 0.15558], [0.19272, 0.19944, 0.19155, 0.19916, 0.17866, 0.16363, 0.0, 0.0915, 0.01711], [0.22643, 0.18095, 0.15722, 0.17966, 0.12761, 0.10027, 0.0915, 0.0, 0.07662], [0.2014, 0.19988, 0.18926, 0.1994, 0.17304, 0.15558, 0.01711, 0.07662, 0.0]], "adj_matrix_2": [[0.0, 0.10687, 0.07802, 0.0619, 0.15733, 0.08038, 0.01626, 0.24736, 0.1563], [0.10687, 0.0, 0.03139, 0.0481, 0.06015, 0.0289, 0.09224, 0.19251, 0.05884], [0.07802, 0.03139, 0.0, 0.01694, 0.09007, 0.00251, 0.06254, 0.21262, 0.08882], [0.0619, 0.0481, 0.01694, 0.0, 0.10559, 0.01944, 0.0461, 0.22208, 0.10437], [0.15733, 0.06015, 0.09007, 0.10559, 0.0, 0.08775, 0.14491, 0.14556, 0.00135], [0.08038, 0.0289, 0.00251, 0.01944, 0.08775, 0.0, 0.06497, 0.21115, 0.08649], [0.01626, 0.09224, 0.06254, 0.0461, 0.14491, 0.06497, 0.0, 0.24232, 0.14382], [0.24736, 0.19251, 0.21262, 0.22208, 0.14556, 0.21115, 0.24232, 0.0, 0.1467], [0.1563, 0.05884, 0.08882, 0.10437, 0.00135, 0.08649, 0.14382, 0.1467, 0.0]], "features_1": [[0.4664255895577618, 1.0053244936907144, 0.0, 0.22589465645189022, 0.5660443086677677, 0.13207407332059465, 0.3129877496185912, 0.6810049865248745, 0.39846492227376973, 0.22426354805374338, 0.00783923647221818, 0.6013566265359549, 0.6403032435509028, 0.6582291134847059, 0.7945095042623498, 0.7221279023264647, 0.605333229633203], [0.586763538676589, 0.9761955990374744, 0.0, 0.22840456124763128, 0.5542391827965264, 0.13844685637245732, 0.32717499239227266, 0.6768455377511238, 0.44339896038394677, 0.2287798500131173, 0.008507047823598457, 0.6077501293447882, 0.684932786675229, 0.6976246547025536, 0.8115988130131198, 0.7205390115557561, 0.608098671933499], [0.819510560147894, 1.1093101357172703, 0.0, 0.27894618514120917, 0.5875639347321729, 0.13266255759477763, 0.33257925721083553, 0.6810917112602229, 0.4060012648625042, 0.24348260522521503, 0.007727725548673403, 0.5966842238642878, 0.6566961880524561, 0.6704634693952198, 0.7987179275267781, 0.7129841936215889, 0.5951876636874749], [0.7143492258337987, 0.9470183353443176, 0.0, 0.2806832788375019, 0.5537279190757893, 0.13043413712090254, 0.3151830286198411, 0.6821996446097566, 0.3915045281507381, 0.21035500854705602, 0.00783923647221818, 0.5986090967590527, 0.6558688315094378, 0.6728095181991198, 0.7912355117680324, 0.7190683920680391, 0.598727769390191], [0.901682987140815, 0.9032617845861081, 0.0, 0.28006607828198277, 0.5299920189113729, 0.14261031964222115, 0.28754284348519904, 0.6718973618986873, 0.47472954809701995, 0.21933082258956493, 0.008618141428105908, 0.601204703403909, 0.6670704152202817, 0.6859943968984444, 0.8160182888987293, 0.7223045716236058, 0.6141424316965439], [0.7970471193451747, 1.003601370676849, 0.0, 0.3162038595566843, 0.5614415383900513, 0.13636756448013762, 0.34037662255466544, 0.6784900496264836, 0.43612435269510774, 0.2308422388994924, 0.008507047823598457, 0.6032624432287386, 0.6590004886016578, 0.6771488235905041, 0.8085342699105057, 0.7257958020874435, 0.6113301210105624], [1.5129338438186917, 0.8196314681574871, 0.0, 0.3357342469966586, 0.5070435556405279, 0.1366839285025891, 0.23967039567537468, 0.6742837187304436, 0.42134086635408563, 0.1919268331278725, 0.007950687539111767, 0.573934336670944, 0.6470915765765518, 0.6636444396298399, 0.7970267535177002, 0.7223206962209436, 0.6210894534847476], [1.4098825472910965, 0.9141843104017464, 0.0, 0.3720675038976549, 0.5299110584537374, 0.1386149071550115, 0.29122779031636625, 0.6745991028247402, 0.4420796453860236, 0.21700592257844886, 0.007950687539111767, 0.5725766397256484, 0.6715883539986917, 0.6962131001817802, 0.8067467062828996, 0.7314064258261571, 0.613409614779741], [1.7559474893383786, 0.9704580571498697, 0.0, 0.37497228712003994, 0.5448853713884154, 0.13206759323141268, 0.2553446457541547, 0.6781853588473257, 0.3948629768435574, 0.21842873536602836, 0.008006390651371653, 0.5655268338923229, 0.6354901443262101, 0.6640846021579936, 0.7842508652037278, 0.7046477366303856, 0.6020848799803283]], "features_2": [[0.8412604611581047, 0.8783820341814683, 0.0, 0.26428438714714825, 0.5125679160084925, 0.13943731583863758, 0.15445345860521442, 0.6681064427510266, 0.434365303683492, 0.21036775513607986, 0.008173410423425675, 0.5899651978357225, 0.6372354298803243, 0.664824316359884, 0.7906021304193415, 0.7226143303001583, 0.592723775988907], [0.2515798775651863, 0.7745687951728779, 0.0, 0.22175903545588607, 0.4798310616275035, 0.14559638608918368, 0.20338914264695376, 0.6624860083483959, 0.45625609003744816, 0.19605830475532304, 0.008062078829516484, 0.6073789453491392, 0.6705113957807284, 0.7079381616430244, 0.806997608933562, 0.7126773680544971, 0.6094620009366852], [0.5355199282102463, 0.9027384441394412, 0.0, 0.24420057496746064, 0.5175323472414303, 0.14177008169062222, 0.1602862378830075, 0.6652065018921763, 0.43689056872331355, 0.21718263308703656, 0.007783488497544067, 0.5922579941038899, 0.6479446007248355, 0.6742149939924245, 0.7964586573225013, 0.7078832164283909, 0.594328383112663], [0.6319322781493031, 0.8280697764603902, 0.0, 0.27191523668793977, 0.501989147671152, 0.13928033302407977, 0.17350529052980973, 0.669387553216491, 0.43332625095687205, 0.19961751127049987, 0.008006390651371653, 0.5893955783467786, 0.6549990998533496, 0.6814994066888923, 0.7939346430481806, 0.7104879553298429, 0.5997062690135873], [0.045323675765549076, 0.7257611043119205, 0.0, 0.20442013646164736, 0.4637148174565199, 0.14750512928221532, 0.21100063549993991, 0.6610785178051732, 0.4701814703726095, 0.1877777301018777, 0.008284682400665488, 0.6142138340406893, 0.6613937319920427, 0.7005955842539601, 0.8124329973822861, 0.7200997241851016, 0.620045750549262], [0.4175258398496551, 0.8596798550300166, 0.0, 0.23637994558079295, 0.5040358356822232, 0.14439219247289073, 0.18593440517345244, 0.6631975638284043, 0.45411017860787206, 0.2128370114728928, 0.007894969482732161, 0.5953669717445491, 0.6567933115336841, 0.6836593128924153, 0.8049561514612182, 0.7060629848259412, 0.6046376428001423], [0.45566603636258485, 0.7288355460791698, 0.0, 0.24717423382664797, 0.4665954567945593, 0.1439131991388443, 0.1821926333156199, 0.6640805474174103, 0.45829319869260665, 0.1844115945598348, 0.00839589484089287, 0.5967381278462076, 0.6623769264029831, 0.6912032754768349, 0.8020703552649078, 0.7356852375227922, 0.6078897319328123], [-0.006077309670197373, 0.712877974972598, 0.0, 0.2460278916455849, 0.4612848986069426, 0.14308509927715476, 0.24071316932094292, 0.6667670765231489, 0.4430404468714284, 0.1804236761168565, 0.008062078829516484, 0.6219461118716121, 0.6709263354827297, 0.6886382254782041, 0.8047387019412634, 0.7092046650844659, 0.6123372108834838], [0.26514386335530027, 0.7310364593345445, 0.0, 0.25914813428398564, 0.4681981654849017, 0.14220593021187097, 0.2340564730059583, 0.6676572042652439, 0.4471749933362139, 0.1835447882184651, 0.008618141428105908, 0.6064369489750789, 0.652094968930546, 0.6874974480178262, 0.8018844722685772, 0.7215092478476918, 0.6100639546281938]]}