{"labels_1": ["1", "2", "3", "4", "5", "6", "7", "8", "9"], "labels_2": ["1", "2", "3", "4", "5", "6", "7", "8", "9"], "adj_matrix_1": [[0.0, 0.26384, 0.00357, 0.0087, 0.24566, 0.16445, 0.14161, 0.25634, 0.22969], [0.26384, 0.0, 0.26575, 0.25908, 0.02837, 0.13234, 0.15624, 0.01203, 0.05155], [0.00357, 0.26575, 0.0, 0.01227, 0.2478, 0.1674, 0.1447, 0.25833, 0.232], [0.0087, 0.25908, 0.01227, 0.0, 0.24034, 0.1572, 0.13398, 0.25135, 0.22391], [0.24566, 0.02837, 0.2478, 0.24034, 0.0, 0.10563, 0.13039, 0.01636, 0.02332], [0.16445, 0.13234, 0.1674, 0.1572, 0.10563, 0.0, 0.02648, 0.12111, 0.08319], [0.14161, 0.15624, 0.1447, 0.13398, 0.13039, 0.02648, 0.0, 0.14541, 0.10855], [0.25634, 0.01203, 0.25833, 0.25135, 0.01636, 0.12111, 0.14541, 0.0, 0.03962], [0.22969, 0.05155, 0.232, 0.22391, 0.02332, 0.08319, 0.10855, 0.03962, 0.0]], "adj_matrix_2": [[0.0, 0.08158, 0.11015, 0.12458, 0.15785, 0.014, 0.16795, 0.23575, 0.17328], [0.08158, 0.0, 0.16898, 0.17767, 0.08964, 0.06853, 0.19484, 0.2051, 0.10992], [0.11015, 0.16898, 0.0, 0.01856, 0.20873, 0.12142, 0.08945, 0.2256, 0.21457], [0.12458, 0.17767, 0.01856, 0.0, 0.21062, 0.13497, 0.07308, 0.21853, 0.21484], [0.15785, 0.08964, 0.20873, 0.21062, 0.0, 0.14791, 0.20098, 0.14084, 0.02241], [0.014, 0.06853, 0.12142, 0.13497, 0.14791, 0.0, 0.17407, 0.2328, 0.16433], [0.16795, 0.19484, 0.08945, 0.07308, 0.20098, 0.17407, 0.0, 0.1791, 0.1995], [0.23575, 0.2051, 0.2256, 0.21853, 0.14084, 0.2328, 0.1791, 0.0, 0.12162], [0.17328, 0.10992, 0.21457, 0.21484, 0.02241, 0.16433, 0.1995, 0.12162, 0.0]], "features_1": [[0.24504159178996376, 0.8624651083661531, 0.0, 0.2127799366223935, 0.5188865592360217, 0.14182811958979358, 0.22513735577282362, 0.6694377387534904, 0.4538858703587296, 0.21300031322113355, 0.008507047823598457, 0.6139086218888539, 0.649035050079771, 0.6790730259931989, 0.8064515337877921, 0.7281278096736741, 0.6296811221825964], [-0.11866709254919394, 0.8765402801160479, 0.0, 0.1884996734138686, 0.5126359578104198, 0.1471236732531623, 0.23447978413268872, 0.6646583271524551, 0.48065048157530654, 0.2231895463692133, 0.008729175733573014, 0.6338901260099321, 0.6925751051946868, 0.7234825605362146, 0.8188285134288098, 0.740801059050077, 0.635845855418539], [0.061160724705320746, 0.9164688976707204, 0.0, 0.20260094839467624, 0.5276013479568314, 0.14478502523137493, 0.2511237380481326, 0.6674708230018237, 0.4648037616256717, 0.22756680560395193, 0.008340296057933516, 0.6217434062155345, 0.6761129362931763, 0.7203668278754474, 0.8153102448547889, 0.7371925279269006, 0.625506417378002], [0.36189168969270513, 0.8416147477707611, 0.0, 0.20539943610138844, 0.5128791576218762, 0.14018107464854157, 0.26102092119646086, 0.6723836356310662, 0.440078319553727, 0.2041105567014685, 0.008006390651371653, 0.6120581424202796, 0.6611226219268899, 0.6924835664935185, 0.8063232320263651, 0.7363000769493793, 0.6162003056464562], [0.20933499126465982, 0.8572949412320042, 0.0, 0.191437104149035, 0.510129943747416, 0.14392727162756008, 0.27959323678703496, 0.6697852488572746, 0.4557935394938306, 0.2110396427787904, 0.008562602043175715, 0.6217230831425455, 0.6910141341221467, 0.7163883293364058, 0.8165064208545897, 0.736738733467039, 0.6294654131180136], [-0.12826168136058902, 0.9260439276199249, 0.0, 0.18882769137242766, 0.5313279385569091, 0.14230707544157062, 0.2912504460192508, 0.6714764370948971, 0.44847833713591867, 0.22649797203542477, 0.00822905385914674, 0.627321344378563, 0.6750475277064683, 0.6988088056126329, 0.8144366529781529, 0.7390151154042827, 0.6177012996349588], [0.059288740757569514, 0.7793761795457906, 0.0, 0.21726386970452885, 0.49351330829805484, 0.13893391992452642, 0.30165942460707384, 0.6748712527112469, 0.4336232546225576, 0.1911545979987277, 0.008006390651371653, 0.624922356863435, 0.6869065694181581, 0.7173968801931874, 0.8082408258753315, 0.7251083883611996, 0.6113501988112724], [-0.22086984983777613, 0.7927111297532076, 0.0, 0.22920959420543596, 0.49047384936961813, 0.14221110871328563, 0.29259614275988854, 0.6712575305237478, 0.4468956775346542, 0.20057628346880674, 0.008006390651371653, 0.6352091007776735, 0.6905403906834279, 0.7222354702319108, 0.8139908025219327, 0.7310416879118723, 0.6256416638843489], [-0.31144402076818656, 0.7865498100824918, 0.0, 0.26285174107561593, 0.4905076548375793, 0.13850530148991316, 0.2830722255419033, 0.6737065361468212, 0.4218694251586321, 0.19498296941136362, 0.007783488497544067, 0.6225341277203427, 0.6624977736209967, 0.6985592114144673, 0.8045186057404566, 0.725259823838513, 0.6125829829285879]], "features_2": [[0.659668381084348, 0.8323557690399468, 0.0, 0.27638661270529247, 0.5036743016586324, 0.1402857920071809, 0.21868646727462676, 0.6704411251542985, 0.42284122275816416, 0.200390711335644, 0.007504523810135222, 0.5822685880861007, 0.6561653133596013, 0.6725601342612474, 0.8030015696765079, 0.7210816610630935, 0.6354240651039115], [0.5282943113056846, 0.8748199627005309, 0.0, 0.2574285622909129, 0.5021107693020714, 0.14535226362283, 0.1671642470715355, 0.6615885359184525, 0.4537577834118758, 0.2173331559123226, 0.008173410423425675, 0.5949523089630793, 0.6549782386911756, 0.6885142787291676, 0.8062235089506232, 0.7229903696339365, 0.6328654553739205], [0.9165873526770754, 0.9073089859604758, 0.0, 0.27676851571125133, 0.5213320235475714, 0.14165069270955533, 0.2380741088249998, 0.6701611457004244, 0.43952255952680686, 0.21869217915439543, 0.008062078829516484, 0.5792982778926938, 0.6902043997546629, 0.7176711907093111, 0.8090368926789496, 0.7148684643661652, 0.6397386854758931], [0.9628704775551253, 0.8167726745510248, 0.0, 0.28741772252342934, 0.49966779706116227, 0.1393921542594222, 0.22341022213766165, 0.6717242282545133, 0.42226719034893945, 0.1946371259845452, 0.007727725548673403, 0.577168171265773, 0.6477333784184592, 0.6801863393137297, 0.801574896734276, 0.7154990951378469, 0.6350632724806277], [0.3252540919650917, 0.8437777216456717, 0.0, 0.2585487388950815, 0.4944645097211112, 0.14441154610420764, 0.18204086156522264, 0.6635694611993919, 0.45632622771950637, 0.21049389596826495, 0.008340296057933516, 0.6071800961673479, 0.6549039334920863, 0.684632837276693, 0.8056745534880189, 0.715697763032886, 0.6367126332430446], [0.4232201473645887, 0.8700901817612122, 0.0, 0.26072703573508804, 0.5048680972334605, 0.1442218619914272, 0.1903871974032306, 0.6653130859302046, 0.4600048085434538, 0.21640709936318214, 0.008451478759474051, 0.5941031173990576, 0.6695937053970186, 0.7039190179525967, 0.8083945107279551, 0.7176859560250934, 0.6386906020830736], [1.0078267240608714, 0.8448657482649506, 0.0, 0.3050508581907215, 0.5067505796737897, 0.13775166748185416, 0.25765256082681204, 0.6743385062989612, 0.4229035626380082, 0.19909618719068534, 0.007894969482732161, 0.589750559649233, 0.6524403098856384, 0.6838400438283114, 0.7997200552502858, 0.7172497734526108, 0.6247170751888163], [0.44296368349687576, 0.8760223699832411, 0.0, 0.2322024938572755, 0.5215466527309908, 0.13195755288836009, 0.3551217883650729, 0.6812350296025922, 0.3793786389020093, 0.1987190312116207, 0.007560346756364078, 0.608722926480675, 0.6564347931695719, 0.6656586180302004, 0.792672344985418, 0.7051223003093176, 0.5913689450269846], [0.3630891483440637, 0.9301285657202116, 0.0, 0.25139860114875623, 0.5407313779313379, 0.12697735989034376, 0.3636017439959254, 0.6849010295422351, 0.3454978787328862, 0.20240824220950948, 0.006889477554966383, 0.6007646198166625, 0.6442642582411684, 0.6645772097656895, 0.7788439636708662, 0.7109672467706799, 0.5686101196770456]]}