{"labels_1": ["1", "2", "3", "4", "5", "6", "7", "8", "9"], "labels_2": ["1", "2", "3", "4", "5", "6", "7", "8", "9"], "adj_matrix_1": [[0.0, 0.26384, 0.00357, 0.0087, 0.24566, 0.16445, 0.14161, 0.25634, 0.22969], [0.26384, 0.0, 0.26575, 0.25908, 0.02837, 0.13234, 0.15624, 0.01203, 0.05155], [0.00357, 0.26575, 0.0, 0.01227, 0.2478, 0.1674, 0.1447, 0.25833, 0.232], [0.0087, 0.25908, 0.01227, 0.0, 0.24034, 0.1572, 0.13398, 0.25135, 0.22391], [0.24566, 0.02837, 0.2478, 0.24034, 0.0, 0.10563, 0.13039, 0.01636, 0.02332], [0.16445, 0.13234, 0.1674, 0.1572, 0.10563, 0.0, 0.02648, 0.12111, 0.08319], [0.14161, 0.15624, 0.1447, 0.13398, 0.13039, 0.02648, 0.0, 0.14541, 0.10855], [0.25634, 0.01203, 0.25833, 0.25135, 0.01636, 0.12111, 0.14541, 0.0, 0.03962], [0.22969, 0.05155, 0.232, 0.22391, 0.02332, 0.08319, 0.10855, 0.03962, 0.0]], "adj_matrix_2": [[0.0, 0.11498, 0.04574, 0.00026, 0.14982, 0.18733, 0.25521, 0.21787, 0.29907], [0.11498, 0.0, 0.07385, 0.1152, 0.21788, 0.23574, 0.25594, 0.24733, 0.24237], [0.04574, 0.07385, 0.0, 0.046, 0.18227, 0.21305, 0.26303, 0.23666, 0.28306], [0.00026, 0.1152, 0.046, 0.0, 0.14962, 0.18716, 0.25515, 0.21774, 0.29914], [0.14982, 0.21788, 0.18227, 0.14962, 0.0, 0.05015, 0.16397, 0.09652, 0.29227], [0.18733, 0.23574, 0.21305, 0.18716, 0.05015, 0.0, 0.12044, 0.04793, 0.27023], [0.25521, 0.25594, 0.26303, 0.25515, 0.16397, 0.12044, 0.0, 0.07515, 0.18421], [0.21787, 0.24733, 0.23666, 0.21774, 0.09652, 0.04793, 0.07515, 0.0, 0.24154], [0.29907, 0.24237, 0.28306, 0.29914, 0.29227, 0.27023, 0.18421, 0.24154, 0.0]], "features_1": [[0.24504159178996376, 0.8624651083661531, 0.0, 0.2127799366223935, 0.5188865592360217, 0.14182811958979358, 0.22513735577282362, 0.6694377387534904, 0.4538858703587296, 0.21300031322113355, 0.008507047823598457, 0.6139086218888539, 0.649035050079771, 0.6790730259931989, 0.8064515337877921, 0.7281278096736741, 0.6296811221825964], [-0.11866709254919394, 0.8765402801160479, 0.0, 0.1884996734138686, 0.5126359578104198, 0.1471236732531623, 0.23447978413268872, 0.6646583271524551, 0.48065048157530654, 0.2231895463692133, 0.008729175733573014, 0.6338901260099321, 0.6925751051946868, 0.7234825605362146, 0.8188285134288098, 0.740801059050077, 0.635845855418539], [0.061160724705320746, 0.9164688976707204, 0.0, 0.20260094839467624, 0.5276013479568314, 0.14478502523137493, 0.2511237380481326, 0.6674708230018237, 0.4648037616256717, 0.22756680560395193, 0.008340296057933516, 0.6217434062155345, 0.6761129362931763, 0.7203668278754474, 0.8153102448547889, 0.7371925279269006, 0.625506417378002], [0.36189168969270513, 0.8416147477707611, 0.0, 0.20539943610138844, 0.5128791576218762, 0.14018107464854157, 0.26102092119646086, 0.6723836356310662, 0.440078319553727, 0.2041105567014685, 0.008006390651371653, 0.6120581424202796, 0.6611226219268899, 0.6924835664935185, 0.8063232320263651, 0.7363000769493793, 0.6162003056464562], [0.20933499126465982, 0.8572949412320042, 0.0, 0.191437104149035, 0.510129943747416, 0.14392727162756008, 0.27959323678703496, 0.6697852488572746, 0.4557935394938306, 0.2110396427787904, 0.008562602043175715, 0.6217230831425455, 0.6910141341221467, 0.7163883293364058, 0.8165064208545897, 0.736738733467039, 0.6294654131180136], [-0.12826168136058902, 0.9260439276199249, 0.0, 0.18882769137242766, 0.5313279385569091, 0.14230707544157062, 0.2912504460192508, 0.6714764370948971, 0.44847833713591867, 0.22649797203542477, 0.00822905385914674, 0.627321344378563, 0.6750475277064683, 0.6988088056126329, 0.8144366529781529, 0.7390151154042827, 0.6177012996349588], [0.059288740757569514, 0.7793761795457906, 0.0, 0.21726386970452885, 0.49351330829805484, 0.13893391992452642, 0.30165942460707384, 0.6748712527112469, 0.4336232546225576, 0.1911545979987277, 0.008006390651371653, 0.624922356863435, 0.6869065694181581, 0.7173968801931874, 0.8082408258753315, 0.7251083883611996, 0.6113501988112724], [-0.22086984983777613, 0.7927111297532076, 0.0, 0.22920959420543596, 0.49047384936961813, 0.14221110871328563, 0.29259614275988854, 0.6712575305237478, 0.4468956775346542, 0.20057628346880674, 0.008006390651371653, 0.6352091007776735, 0.6905403906834279, 0.7222354702319108, 0.8139908025219327, 0.7310416879118723, 0.6256416638843489], [-0.31144402076818656, 0.7865498100824918, 0.0, 0.26285174107561593, 0.4905076548375793, 0.13850530148991316, 0.2830722255419033, 0.6737065361468212, 0.4218694251586321, 0.19498296941136362, 0.007783488497544067, 0.6225341277203427, 0.6624977736209967, 0.6985592114144673, 0.8045186057404566, 0.725259823838513, 0.6125829829285879]], "features_2": [[1.8089822352937297, 0.9622823602666627, 0.0, 0.25981352380724426, 0.5386238779092785, 0.14176291453498743, 0.2580500640353186, 0.67173450485658, 0.45730310994628276, 0.22338534533270948, 0.00822905385914674, 0.5863451870255891, 0.6552353316445421, 0.6699105216148091, 0.8087894255674791, 0.7443045806030913, 0.6123251868397078], [1.849786053401946, 0.9671067553126687, 0.0, 0.25623448045051067, 0.5319793118544268, 0.14688558037235902, 0.18025685172298864, 0.6625696715155909, 0.49460079640002785, 0.23140782086531342, 0.008895616178821175, 0.5895525967407433, 0.6404956515371351, 0.6625457976534587, 0.8098161842624192, 0.7528162215655757, 0.6222637339509736], [1.5343021548614706, 1.0768129718264263, 0.0, 0.2575954883317848, 0.5634783532921829, 0.14148492655722658, 0.24514387017338635, 0.6715020958469736, 0.46497910230063266, 0.2479278392966433, 0.008562602043175715, 0.5923928609843467, 0.6417942036349225, 0.6733433963912778, 0.8067533052996644, 0.7442499595991154, 0.614776230438269], [1.280496080449347, 0.9525455162550215, 0.0, 0.2281270072533835, 0.5333490563152542, 0.1440799965826214, 0.2243765813925606, 0.6681010231603375, 0.4784686360699786, 0.22785433298458502, 0.00822905385914674, 0.5968911361006297, 0.6380934043500361, 0.6778416673284603, 0.8096145115859629, 0.7283240485407604, 0.6207271673362055], [1.0157442092573943, 0.9505942068068068, 0.0, 0.20164249486784114, 0.5275018371877863, 0.14626452587045374, 0.1759206680235806, 0.6620372517128105, 0.49063356834158967, 0.2324937578997197, 0.00822905385914674, 0.6076528942822372, 0.6351363313586313, 0.6699206584147945, 0.8076869843001915, 0.7323270390267193, 0.6261912821117039], [0.702956775432261, 1.0268522953079597, 0.0, 0.20997498087506028, 0.5452126518137184, 0.14681042068142008, 0.17158354408082702, 0.6618207907334077, 0.4960561622712103, 0.24995614872445704, 0.008673665988278678, 0.6152868127341771, 0.6567300937086923, 0.694894610267314, 0.8091222054331731, 0.7255468456266916, 0.6352411611441644], [0.15333539885953273, 0.8914173980968377, 0.0, 0.20059514193584546, 0.5092927859127815, 0.14772194699247987, 0.1839925017984676, 0.6594590890966376, 0.5001056204946821, 0.22602644293019836, 0.008784670673857464, 0.6198338561844017, 0.6645505405127653, 0.7086993642983686, 0.8078412953514135, 0.745086744116798, 0.6325647611274707], [0.4231591980414464, 0.9333853006410382, 0.0, 0.15131736614267818, 0.5303129206203858, 0.13948938989037307, 0.25444795078040416, 0.6713984212477513, 0.4387374814941998, 0.2219008567602745, 0.008507047823598457, 0.6050508949850284, 0.6593719608463289, 0.6930811369050653, 0.7992712407422389, 0.7294082767196347, 0.6160178648098611], [0.27079757103510627, 0.9703317569724019, 0.0, 0.22089842076098523, 0.5389423008699211, 0.13788241001148652, 0.22316785896599284, 0.6719144007964983, 0.42787622620318055, 0.22552096441592107, 0.007894969482732161, 0.6212376239070911, 0.6504093690650689, 0.6695787736481512, 0.7923118772871963, 0.7295865879916863, 0.6214434717209838]]}