{"labels_1": ["1", "2", "3", "4", "5", "6", "7", "8", "9"], "labels_2": ["1", "2", "3", "4", "5", "6", "7", "8", "9"], "adj_matrix_1": [[0.0, 0.26384, 0.00357, 0.0087, 0.24566, 0.16445, 0.14161, 0.25634, 0.22969], [0.26384, 0.0, 0.26575, 0.25908, 0.02837, 0.13234, 0.15624, 0.01203, 0.05155], [0.00357, 0.26575, 0.0, 0.01227, 0.2478, 0.1674, 0.1447, 0.25833, 0.232], [0.0087, 0.25908, 0.01227, 0.0, 0.24034, 0.1572, 0.13398, 0.25135, 0.22391], [0.24566, 0.02837, 0.2478, 0.24034, 0.0, 0.10563, 0.13039, 0.01636, 0.02332], [0.16445, 0.13234, 0.1674, 0.1572, 0.10563, 0.0, 0.02648, 0.12111, 0.08319], [0.14161, 0.15624, 0.1447, 0.13398, 0.13039, 0.02648, 0.0, 0.14541, 0.10855], [0.25634, 0.01203, 0.25833, 0.25135, 0.01636, 0.12111, 0.14541, 0.0, 0.03962], [0.22969, 0.05155, 0.232, 0.22391, 0.02332, 0.08319, 0.10855, 0.03962, 0.0]], "adj_matrix_2": [[0.0, 0.11728, 0.25176, 0.00105, 0.30499, 0.31504, 0.09282, 0.31361, 0.31243], [0.11728, 0.0, 0.17821, 0.11635, 0.2784, 0.30512, 0.02687, 0.30048, 0.29736], [0.25176, 0.17821, 0.0, 0.25131, 0.14253, 0.18937, 0.19827, 0.18071, 0.17515], [0.00105, 0.11635, 0.25131, 0.0, 0.30497, 0.31515, 0.09185, 0.31371, 0.3125], [0.30499, 0.2784, 0.14253, 0.30497, 0.0, 0.05261, 0.28897, 0.04265, 0.03632], [0.31504, 0.30512, 0.18937, 0.31515, 0.05261, 0.0, 0.312, 0.01004, 0.0164], [0.09282, 0.02687, 0.19827, 0.09185, 0.28897, 0.312, 0.0, 0.30814, 0.30541], [0.31361, 0.30048, 0.18071, 0.31371, 0.04265, 0.01004, 0.30814, 0.0, 0.00637], [0.31243, 0.29736, 0.17515, 0.3125, 0.03632, 0.0164, 0.30541, 0.00637, 0.0]], "features_1": [[0.24504159178996376, 0.8624651083661531, 0.0, 0.2127799366223935, 0.5188865592360217, 0.14182811958979358, 0.22513735577282362, 0.6694377387534904, 0.4538858703587296, 0.21300031322113355, 0.008507047823598457, 0.6139086218888539, 0.649035050079771, 0.6790730259931989, 0.8064515337877921, 0.7281278096736741, 0.6296811221825964], [-0.11866709254919394, 0.8765402801160479, 0.0, 0.1884996734138686, 0.5126359578104198, 0.1471236732531623, 0.23447978413268872, 0.6646583271524551, 0.48065048157530654, 0.2231895463692133, 0.008729175733573014, 0.6338901260099321, 0.6925751051946868, 0.7234825605362146, 0.8188285134288098, 0.740801059050077, 0.635845855418539], [0.061160724705320746, 0.9164688976707204, 0.0, 0.20260094839467624, 0.5276013479568314, 0.14478502523137493, 0.2511237380481326, 0.6674708230018237, 0.4648037616256717, 0.22756680560395193, 0.008340296057933516, 0.6217434062155345, 0.6761129362931763, 0.7203668278754474, 0.8153102448547889, 0.7371925279269006, 0.625506417378002], [0.36189168969270513, 0.8416147477707611, 0.0, 0.20539943610138844, 0.5128791576218762, 0.14018107464854157, 0.26102092119646086, 0.6723836356310662, 0.440078319553727, 0.2041105567014685, 0.008006390651371653, 0.6120581424202796, 0.6611226219268899, 0.6924835664935185, 0.8063232320263651, 0.7363000769493793, 0.6162003056464562], [0.20933499126465982, 0.8572949412320042, 0.0, 0.191437104149035, 0.510129943747416, 0.14392727162756008, 0.27959323678703496, 0.6697852488572746, 0.4557935394938306, 0.2110396427787904, 0.008562602043175715, 0.6217230831425455, 0.6910141341221467, 0.7163883293364058, 0.8165064208545897, 0.736738733467039, 0.6294654131180136], [-0.12826168136058902, 0.9260439276199249, 0.0, 0.18882769137242766, 0.5313279385569091, 0.14230707544157062, 0.2912504460192508, 0.6714764370948971, 0.44847833713591867, 0.22649797203542477, 0.00822905385914674, 0.627321344378563, 0.6750475277064683, 0.6988088056126329, 0.8144366529781529, 0.7390151154042827, 0.6177012996349588], [0.059288740757569514, 0.7793761795457906, 0.0, 0.21726386970452885, 0.49351330829805484, 0.13893391992452642, 0.30165942460707384, 0.6748712527112469, 0.4336232546225576, 0.1911545979987277, 0.008006390651371653, 0.624922356863435, 0.6869065694181581, 0.7173968801931874, 0.8082408258753315, 0.7251083883611996, 0.6113501988112724], [-0.22086984983777613, 0.7927111297532076, 0.0, 0.22920959420543596, 0.49047384936961813, 0.14221110871328563, 0.29259614275988854, 0.6712575305237478, 0.4468956775346542, 0.20057628346880674, 0.008006390651371653, 0.6352091007776735, 0.6905403906834279, 0.7222354702319108, 0.8139908025219327, 0.7310416879118723, 0.6256416638843489], [-0.31144402076818656, 0.7865498100824918, 0.0, 0.26285174107561593, 0.4905076548375793, 0.13850530148991316, 0.2830722255419033, 0.6737065361468212, 0.4218694251586321, 0.19498296941136362, 0.007783488497544067, 0.6225341277203427, 0.6624977736209967, 0.6985592114144673, 0.8045186057404566, 0.725259823838513, 0.6125829829285879]], "features_2": [[0.7535244982933085, 0.9120928286860194, 0.0, 0.2285871559904602, 0.5175150907978225, 0.13969930105505157, 0.056918425353671157, 0.6622134995183917, 0.4184082331876353, 0.2168664974941712, 0.007894969482732161, 0.5915135366598012, 0.6095660462465039, 0.6552702298897127, 0.7739221043364125, 0.6920101673380871, 0.5869413609804327], [0.12622592091807405, 0.9903056992362361, 0.0, 0.17126026164998895, 0.528671274503279, 0.14166723954112262, 0.05814115531028889, 0.6580664866319903, 0.4274447089004747, 0.23638645106491007, 0.00839589484089287, 0.6133165963330871, 0.6171551618350051, 0.6452154143026525, 0.7754914854860141, 0.7187386506219858, 0.5823407701854111], [0.1218074527447901, 1.0203618553309617, 0.0, 0.1706661713667285, 0.5373982850680191, 0.14150413627078282, 0.0490571866231555, 0.6585833016990743, 0.4262747965589657, 0.24211195513982942, 0.008284682400665488, 0.6145435028985535, 0.6215695722452577, 0.6549877107447991, 0.7758418031726714, 0.7014551274705721, 0.5842317042503873], [0.5660054648358988, 0.8829677564880843, 0.0, 0.2086212393063601, 0.5085886441460211, 0.1411228293836445, 0.08040348052864346, 0.6614560787556274, 0.42968846605034794, 0.21343735967675803, 0.008006390651371653, 0.600982727409721, 0.6342180714729113, 0.6798100930284076, 0.7811598766728036, 0.7205841480899784, 0.594884534675967], [0.02504426089194567, 0.9379368376420611, 0.0, 0.16817453397639257, 0.5163756266786629, 0.14232824489439944, 0.09045068785086059, 0.6590821535902435, 0.43521259311075444, 0.22723498803748954, 0.008173410423425675, 0.6237401310594781, 0.6368202269831434, 0.6562903548176973, 0.7830667351441838, 0.7312342242567199, 0.5926428869252677], [-0.11245886946805106, 1.007435619104518, 0.0, 0.15549368809529257, 0.5326503744683498, 0.14273268589580757, 0.07704116041583334, 0.6579951661750283, 0.4339877323117971, 0.24292511343633194, 0.008284682400665488, 0.6299025832737888, 0.6467294442435862, 0.674135335444495, 0.7827808015121007, 0.7060362471176065, 0.5898954930571814], [0.45171479402814185, 0.856313921281974, 0.0, 0.20492552346998696, 0.5035548277329107, 0.13885684244225036, 0.149820595344368, 0.667811957191524, 0.42204912280327567, 0.2053203116228972, 0.00822905385914674, 0.6016021071533735, 0.6422374962820147, 0.6715826545607994, 0.7868059423107631, 0.7227970635843876, 0.5942118799576033], [0.03206664695285788, 0.9042018266107978, 0.0, 0.16176492296165065, 0.5158316589208186, 0.1369416610797946, 0.15919954439155076, 0.6698362222774572, 0.4005368423506537, 0.21269780941234173, 0.008173410423425675, 0.6222962046295395, 0.6611066379636967, 0.6722204425266933, 0.7830263075926062, 0.719060162290558, 0.5792222295136026], [-0.07231688266980507, 0.9494698565865265, 0.0, 0.15774559818779416, 0.5319136522647149, 0.13256950792228692, 0.1719421209849692, 0.6754485354328431, 0.3646324913569454, 0.2164742900684502, 0.007336964783822175, 0.6276813650696309, 0.6454215463286993, 0.6641448284329073, 0.7745217839010987, 0.6854253208607686, 0.5569332498835848]]}