{"labels_1": ["1", "2", "3", "4", "5", "6", "7", "8", "9"], "labels_2": ["1", "2", "3", "4", "5", "6", "7", "8", "9"], "adj_matrix_1": [[0.0, 0.18612, 0.0855, 0.21524, 0.17703, 0.19651, 0.12024, 0.05986, 0.08752], [0.18612, 0.0, 0.10966, 0.0383, 0.21558, 0.2279, 0.16845, 0.10028, 0.13404], [0.0855, 0.10966, 0.0, 0.14431, 0.19585, 0.21337, 0.14056, 0.07518, 0.10604], [0.21524, 0.0383, 0.14431, 0.0, 0.21959, 0.22937, 0.17739, 0.11003, 0.14408], [0.17703, 0.21558, 0.19585, 0.21959, 0.0, 0.02737, 0.07742, 0.14705, 0.1184], [0.19651, 0.2279, 0.21337, 0.22937, 0.02737, 0.0, 0.10086, 0.15863, 0.13664], [0.12024, 0.16845, 0.14056, 0.17739, 0.07742, 0.10086, 0.0, 0.09535, 0.05055], [0.05986, 0.10028, 0.07518, 0.11003, 0.14705, 0.15863, 0.09535, 0.0, 0.05029], [0.08752, 0.13404, 0.10604, 0.14408, 0.1184, 0.13664, 0.05055, 0.05029, 0.0]], "adj_matrix_2": [[0.0, 0.08158, 0.11015, 0.12458, 0.15785, 0.014, 0.16795, 0.23575, 0.17328], [0.08158, 0.0, 0.16898, 0.17767, 0.08964, 0.06853, 0.19484, 0.2051, 0.10992], [0.11015, 0.16898, 0.0, 0.01856, 0.20873, 0.12142, 0.08945, 0.2256, 0.21457], [0.12458, 0.17767, 0.01856, 0.0, 0.21062, 0.13497, 0.07308, 0.21853, 0.21484], [0.15785, 0.08964, 0.20873, 0.21062, 0.0, 0.14791, 0.20098, 0.14084, 0.02241], [0.014, 0.06853, 0.12142, 0.13497, 0.14791, 0.0, 0.17407, 0.2328, 0.16433], [0.16795, 0.19484, 0.08945, 0.07308, 0.20098, 0.17407, 0.0, 0.1791, 0.1995], [0.23575, 0.2051, 0.2256, 0.21853, 0.14084, 0.2328, 0.1791, 0.0, 0.12162], [0.17328, 0.10992, 0.21457, 0.21484, 0.02241, 0.16433, 0.1995, 0.12162, 0.0]], "features_1": [[0.21048397047261735, 1.011240895082315, 0.0, 0.2205089343056583, 0.5528649545170168, 0.1387489678581609, 0.19768083830682812, 0.6726002549990202, 0.42259892217871187, 0.23387458438580722, 0.007560346756364078, 0.6161801451855933, 0.6580457279936196, 0.6823714203462579, 0.7983422731286499, 0.7031734752260791, 0.6311672081283995], [0.6769280412137912, 1.0426321117653472, 0.0, 0.19888079641113462, 0.5526120155294367, 0.1436860222533491, 0.16990495547047074, 0.6657082398453467, 0.4653144551858197, 0.24463907847287358, 0.007894969482732161, 0.6154295113780992, 0.6416982966618421, 0.6773339402005958, 0.8042516123856377, 0.7256298684646013, 0.6361969280177154], [0.5570153587757565, 1.1378378799365156, 0.0, 0.21293082550999182, 0.5742984979556064, 0.14180810526761578, 0.16947535707457675, 0.6678448333409261, 0.44662284976340505, 0.25962786560526774, 0.007950687539111767, 0.6130064767439363, 0.6446593851466818, 0.674765971806445, 0.8002226011789705, 0.7172395665365728, 0.6276288992358887], [0.5460332393163889, 1.0284223782049398, 0.0, 0.23597364899663692, 0.5508205355249054, 0.14127616366268872, 0.14754158804783585, 0.6675807174953372, 0.43654738775810786, 0.23824608595321384, 0.00783923647221818, 0.6059665416519884, 0.6319799778393207, 0.6563578877366167, 0.796220127604288, 0.6982846688226769, 0.6197870164155549], [1.4177687943017103, 1.0532666394990318, 0.0, 0.2607536472206517, 0.5569101532734111, 0.1413050942017159, 0.19260810416186516, 0.6687185484345592, 0.45063306816535253, 0.24059977359591356, 0.007894969482732161, 0.5908069354142358, 0.6311770755964562, 0.6582337246042442, 0.8004159984210448, 0.7269860648062443, 0.6226010959397966], [1.108944978338326, 1.1722813053552308, 0.0, 0.2441961703891215, 0.5794249832304517, 0.14186688896780164, 0.15882264051653222, 0.6667547587578244, 0.4537433234405146, 0.2665238816821358, 0.008117752083540042, 0.5938502200488232, 0.630691422222977, 0.6744276924443546, 0.7980804603729936, 0.7101610467593992, 0.6154627101636909], [1.3026026725513749, 0.9946450440780176, 0.0, 0.2825706764627694, 0.5475705386256124, 0.13834051258421745, 0.2009771184542423, 0.6724645870262367, 0.43618598722066015, 0.22759693691728367, 0.00822905385914674, 0.5885620467785659, 0.6562561664931909, 0.6662972633841178, 0.7952146989909178, 0.7071850751691724, 0.6087690139058621], [1.3491014787616953, 1.0631239419009817, 0.0, 0.24493080101191686, 0.5674036849319145, 0.13329738592246634, 0.2781638999813296, 0.6781362381678069, 0.400302030395256, 0.23425045060694716, 0.007560346756364078, 0.5803050538747594, 0.6427176541162511, 0.6681101073782002, 0.7906684444608059, 0.7140465679663555, 0.601988455527248], [1.3556291505879665, 1.0926895084811414, 0.0, 0.24623569736279902, 0.5750034142775886, 0.13137394921856016, 0.2563567625455107, 0.6793561106770254, 0.39174944367198905, 0.23757767194681167, 0.007783488497544067, 0.5740291425686586, 0.6522817757153204, 0.6749139399322176, 0.7829924459264481, 0.7208551477433904, 0.5888401082688259]], "features_2": [[0.659668381084348, 0.8323557690399468, 0.0, 0.27638661270529247, 0.5036743016586324, 0.1402857920071809, 0.21868646727462676, 0.6704411251542985, 0.42284122275816416, 0.200390711335644, 0.007504523810135222, 0.5822685880861007, 0.6561653133596013, 0.6725601342612474, 0.8030015696765079, 0.7210816610630935, 0.6354240651039115], [0.5282943113056846, 0.8748199627005309, 0.0, 0.2574285622909129, 0.5021107693020714, 0.14535226362283, 0.1671642470715355, 0.6615885359184525, 0.4537577834118758, 0.2173331559123226, 0.008173410423425675, 0.5949523089630793, 0.6549782386911756, 0.6885142787291676, 0.8062235089506232, 0.7229903696339365, 0.6328654553739205], [0.9165873526770754, 0.9073089859604758, 0.0, 0.27676851571125133, 0.5213320235475714, 0.14165069270955533, 0.2380741088249998, 0.6701611457004244, 0.43952255952680686, 0.21869217915439543, 0.008062078829516484, 0.5792982778926938, 0.6902043997546629, 0.7176711907093111, 0.8090368926789496, 0.7148684643661652, 0.6397386854758931], [0.9628704775551253, 0.8167726745510248, 0.0, 0.28741772252342934, 0.49966779706116227, 0.1393921542594222, 0.22341022213766165, 0.6717242282545133, 0.42226719034893945, 0.1946371259845452, 0.007727725548673403, 0.577168171265773, 0.6477333784184592, 0.6801863393137297, 0.801574896734276, 0.7154990951378469, 0.6350632724806277], [0.3252540919650917, 0.8437777216456717, 0.0, 0.2585487388950815, 0.4944645097211112, 0.14441154610420764, 0.18204086156522264, 0.6635694611993919, 0.45632622771950637, 0.21049389596826495, 0.008340296057933516, 0.6071800961673479, 0.6549039334920863, 0.684632837276693, 0.8056745534880189, 0.715697763032886, 0.6367126332430446], [0.4232201473645887, 0.8700901817612122, 0.0, 0.26072703573508804, 0.5048680972334605, 0.1442218619914272, 0.1903871974032306, 0.6653130859302046, 0.4600048085434538, 0.21640709936318214, 0.008451478759474051, 0.5941031173990576, 0.6695937053970186, 0.7039190179525967, 0.8083945107279551, 0.7176859560250934, 0.6386906020830736], [1.0078267240608714, 0.8448657482649506, 0.0, 0.3050508581907215, 0.5067505796737897, 0.13775166748185416, 0.25765256082681204, 0.6743385062989612, 0.4229035626380082, 0.19909618719068534, 0.007894969482732161, 0.589750559649233, 0.6524403098856384, 0.6838400438283114, 0.7997200552502858, 0.7172497734526108, 0.6247170751888163], [0.44296368349687576, 0.8760223699832411, 0.0, 0.2322024938572755, 0.5215466527309908, 0.13195755288836009, 0.3551217883650729, 0.6812350296025922, 0.3793786389020093, 0.1987190312116207, 0.007560346756364078, 0.608722926480675, 0.6564347931695719, 0.6656586180302004, 0.792672344985418, 0.7051223003093176, 0.5913689450269846], [0.3630891483440637, 0.9301285657202116, 0.0, 0.25139860114875623, 0.5407313779313379, 0.12697735989034376, 0.3636017439959254, 0.6849010295422351, 0.3454978787328862, 0.20240824220950948, 0.006889477554966383, 0.6007646198166625, 0.6442642582411684, 0.6645772097656895, 0.7788439636708662, 0.7109672467706799, 0.5686101196770456]]}