{"labels_1": ["1", "2", "3", "4", "5", "6", "7", "8", "9"], "labels_2": ["1", "2", "3", "4", "5", "6", "7", "8", "9"], "adj_matrix_1": [[0.0, 0.03874, 0.05062, 0.02529, 0.24791, 0.07001, 0.21981, 0.07704, 0.00393], [0.03874, 0.0, 0.08857, 0.06374, 0.2237, 0.03168, 0.191, 0.03887, 0.04264], [0.05062, 0.08857, 0.0, 0.02548, 0.27505, 0.1187, 0.25331, 0.12534, 0.04673], [0.02529, 0.06374, 0.02548, 0.0, 0.26209, 0.09453, 0.23711, 0.10139, 0.02137], [0.24791, 0.2237, 0.27505, 0.26209, 0.0, 0.2016, 0.04819, 0.19644, 0.25023], [0.07001, 0.03168, 0.1187, 0.09453, 0.2016, 0.0, 0.16545, 0.00723, 0.07385], [0.21981, 0.191, 0.25331, 0.23711, 0.04819, 0.16545, 0.0, 0.15946, 0.22259], [0.07704, 0.03887, 0.12534, 0.10139, 0.19644, 0.00723, 0.15946, 0.0, 0.08086], [0.00393, 0.04264, 0.04673, 0.02137, 0.25023, 0.07385, 0.22259, 0.08086, 0.0]], "adj_matrix_2": [[0.0, 0.04842, 0.12012, 0.21315, 0.26546, 0.185, 0.06978, 0.19464, 0.33142], [0.04842, 0.0, 0.16577, 0.17139, 0.22946, 0.14113, 0.0216, 0.15143, 0.31532], [0.12012, 0.16577, 0.0, 0.30517, 0.34101, 0.28366, 0.1853, 0.29113, 0.35769], [0.21315, 0.17139, 0.30517, 0.0, 0.07114, 0.03366, 0.15197, 0.02241, 0.2217], [0.26546, 0.22946, 0.34101, 0.07114, 0.0, 0.10359, 0.21239, 0.09283, 0.16764], [0.185, 0.14113, 0.28366, 0.03366, 0.10359, 0.0, 0.12089, 0.0113, 0.24379], [0.06978, 0.0216, 0.1853, 0.15197, 0.21239, 0.12089, 0.0, 0.13145, 0.30699], [0.19464, 0.15143, 0.29113, 0.02241, 0.09283, 0.0113, 0.13145, 0.0, 0.23665], [0.33142, 0.31532, 0.35769, 0.2217, 0.16764, 0.24379, 0.30699, 0.23665, 0.0]], "features_1": [[0.5738337454769029, 0.9274306647052732, 0.0, 0.23795328060305587, 0.5120026084419431, 0.14479697368106725, 0.3131379705653082, 0.6600482596188989, 0.47392741322284704, 0.22156616109508787, 0.008618141428105908, 0.615341956932349, 0.6344297696352472, 0.6417286927931726, 0.7961656230462507, 0.7182584642063238, 0.627118839469393], [0.35071363463704586, 0.8902350563470404, 0.0, 0.22026222038692206, 0.49112038716152306, 0.15027708575842924, 0.1379874771171515, 0.645958150299188, 0.4986291461525878, 0.2241429042644505, 0.008618141428105908, 0.6186573941435745, 0.635099359417114, 0.6492097781855058, 0.7967369465384038, 0.718872267601268, 0.6203031022864117], [0.4648891796429915, 1.0434906557236003, 0.0, 0.25257456375671666, 0.5352544906525306, 0.14520271749632785, 0.2142917627847055, 0.6567396158733647, 0.476320365290128, 0.2476037798121382, 0.008284682400665488, 0.6206896853472226, 0.6248628362082783, 0.6372869749608816, 0.7906086517196166, 0.7227012716497836, 0.6258966362301565], [0.3778861143329362, 0.9700657917718544, 0.0, 0.22233732931202152, 0.5166939993048846, 0.1458475957744894, 0.19006430434353802, 0.6542063099577762, 0.47384894242218367, 0.2338261620739297, 0.008618141428105908, 0.6184284715889461, 0.6128975084054523, 0.6311796553459885, 0.7871215509778173, 0.7141131059643303, 0.6227984061118381], [0.22326267704011737, 0.8634081998767711, 0.0, 0.20758615738801675, 0.4860919976747413, 0.14928606072251338, 0.1253523757996895, 0.6478889923481232, 0.4786701831772866, 0.2196910076225982, 0.008729175733573014, 0.6186919976173226, 0.6354873948500375, 0.6618794349822779, 0.7939836811848846, 0.7115191377584543, 0.6158151065634356], [0.2090023374145149, 1.009284975785313, 0.0, 0.21306874071735407, 0.5238567512170836, 0.14611102510492716, 0.13532137902035543, 0.6531211747681203, 0.4616537243030203, 0.24323641833271603, 0.008284682400665488, 0.6177501240683583, 0.6172380702812985, 0.6377645291061618, 0.788875755735539, 0.7094384197086994, 0.6204577208111947], [0.5212995012327113, 0.9164306896954798, 0.0, 0.19651416838817787, 0.5002442202925018, 0.14597931924195046, 0.10076869352660936, 0.6514850166346133, 0.4628730874222533, 0.22212609387591886, 0.008840150818991033, 0.606087174220741, 0.6016567001708225, 0.6188189440881522, 0.7849856806859825, 0.7144733044668655, 0.6256197649518628], [0.3137280095296102, 0.8383859918058469, 0.0, 0.24884075254769164, 0.49435314228025284, 0.13973020759190274, 0.23429403462662252, 0.6668465239646999, 0.42475066023805064, 0.20231817695022158, 0.008062078829516484, 0.6118840101880436, 0.638664689939714, 0.6824416812964994, 0.7879993290089559, 0.7009604273666831, 0.6107703883530544], [0.003639065794045493, 0.8972525182618624, 0.0, 0.21872318969590837, 0.5141968689706323, 0.13524492407031785, 0.24407789053114826, 0.6723014984711218, 0.39270871857837375, 0.2092374728690063, 0.007950687539111767, 0.6187223964201665, 0.6442938610770669, 0.6647382105343683, 0.7801858327950709, 0.6824437135027347, 0.6142354652714213]], "features_2": [[0.012879255405214618, 0.8401433304127628, 0.0, 0.2056958903320928, 0.5130082873741726, 0.1378077934619964, 0.26228333026885975, 0.6741725983849016, 0.4535387807463973, 0.20579124002938354, 0.008507047823598457, 0.6337087522245042, 0.6751318128208331, 0.7050982154978239, 0.8022281005618704, 0.7248040440273096, 0.6430309671847894], [-0.23816048182767702, 0.8133647555124304, 0.0, 0.23093044170025304, 0.5053422752754916, 0.1421015044792161, 0.29615384765729474, 0.6713205433291031, 0.47199545985202507, 0.20744578064292174, 0.008507047823598457, 0.6368761259169, 0.6786563231000363, 0.710205000359671, 0.8140362122893389, 0.7287915900725284, 0.6415433762064544], [-0.3332601831384352, 0.912880456422282, 0.0, 0.21236595147945542, 0.5327196633253259, 0.1401062540617593, 0.2828623577084663, 0.6728338756740275, 0.4665985409112632, 0.22677931211316515, 0.008507047823598457, 0.6465843366065889, 0.6687282704994448, 0.7077638555581445, 0.807964847417584, 0.7224021062690679, 0.6455299774849323], [-0.0008537152545669002, 0.7971077255873058, 0.0, 0.21780043501230634, 0.5074750462518423, 0.1360508758772387, 0.3086395786213011, 0.6775520386311933, 0.441040241439139, 0.19442237505467141, 0.008062078829516484, 0.6185533145925464, 0.6746128737366176, 0.7048239492150933, 0.8027571422132302, 0.7213906290218437, 0.6391958514859954], [-0.00955302769184696, 0.7689679732391835, 0.0, 0.24847051747588922, 0.4954588765536855, 0.13817735219376087, 0.31032453114547776, 0.675331103796103, 0.4500153642583993, 0.19278914389296142, 0.008729175733573014, 0.6132531399720289, 0.6579291374949067, 0.6892275994367686, 0.8071287727619282, 0.7072417964385986, 0.6306477742399513], [-0.25373328997011857, 0.8752758247839798, 0.0, 0.21952205040300193, 0.5270996563658914, 0.1387417388327924, 0.3194160210366867, 0.675483829664422, 0.45416252113549493, 0.2168243399612415, 0.008062078829516484, 0.6329476852668554, 0.6776040379155605, 0.7134645809679354, 0.8088419448704901, 0.706325863281901, 0.6399691805615522], [-0.20030020314566777, 0.7327944325029019, 0.0, 0.2026344749482803, 0.47634665245574914, 0.13954497692741216, 0.20636278822489657, 0.6701513378373759, 0.4514933278929085, 0.1839320018942865, 0.00839589484089287, 0.6282279233768273, 0.6680795551977113, 0.6911900854678255, 0.798404523105163, 0.6963488190375905, 0.6251388181309838], [-0.28667384675781626, 0.7989840801263947, 0.0, 0.24761395112040796, 0.5011903791234152, 0.13445901835326504, 0.24375362506208517, 0.6762319053776377, 0.4043923260104094, 0.1938942976422997, 0.008062078829516484, 0.6348400908907141, 0.6633101614031894, 0.6949767394148987, 0.7918491277970614, 0.7005071631664916, 0.6113646200708838], [0.19314774533724455, 0.8783908099531571, 0.0, 0.2553316931182404, 0.5224798923771456, 0.1317599177000752, 0.18499746127866387, 0.6769647041194122, 0.38991241096668094, 0.20588702964630046, 0.00783923647221818, 0.6087117603767682, 0.6464558088045786, 0.6668657703811698, 0.7766580918353838, 0.6816509006620393, 0.6024497756164624]]}