{"labels_1": ["1", "2", "3", "4", "5", "6", "7", "8", "9"], "labels_2": ["1", "2", "3", "4", "5", "6", "7", "8", "9"], "adj_matrix_1": [[0.0, 0.03874, 0.05062, 0.02529, 0.24791, 0.07001, 0.21981, 0.07704, 0.00393], [0.03874, 0.0, 0.08857, 0.06374, 0.2237, 0.03168, 0.191, 0.03887, 0.04264], [0.05062, 0.08857, 0.0, 0.02548, 0.27505, 0.1187, 0.25331, 0.12534, 0.04673], [0.02529, 0.06374, 0.02548, 0.0, 0.26209, 0.09453, 0.23711, 0.10139, 0.02137], [0.24791, 0.2237, 0.27505, 0.26209, 0.0, 0.2016, 0.04819, 0.19644, 0.25023], [0.07001, 0.03168, 0.1187, 0.09453, 0.2016, 0.0, 0.16545, 0.00723, 0.07385], [0.21981, 0.191, 0.25331, 0.23711, 0.04819, 0.16545, 0.0, 0.15946, 0.22259], [0.07704, 0.03887, 0.12534, 0.10139, 0.19644, 0.00723, 0.15946, 0.0, 0.08086], [0.00393, 0.04264, 0.04673, 0.02137, 0.25023, 0.07385, 0.22259, 0.08086, 0.0]], "adj_matrix_2": [[0.0, 0.11498, 0.04574, 0.00026, 0.14982, 0.18733, 0.25521, 0.21787, 0.29907], [0.11498, 0.0, 0.07385, 0.1152, 0.21788, 0.23574, 0.25594, 0.24733, 0.24237], [0.04574, 0.07385, 0.0, 0.046, 0.18227, 0.21305, 0.26303, 0.23666, 0.28306], [0.00026, 0.1152, 0.046, 0.0, 0.14962, 0.18716, 0.25515, 0.21774, 0.29914], [0.14982, 0.21788, 0.18227, 0.14962, 0.0, 0.05015, 0.16397, 0.09652, 0.29227], [0.18733, 0.23574, 0.21305, 0.18716, 0.05015, 0.0, 0.12044, 0.04793, 0.27023], [0.25521, 0.25594, 0.26303, 0.25515, 0.16397, 0.12044, 0.0, 0.07515, 0.18421], [0.21787, 0.24733, 0.23666, 0.21774, 0.09652, 0.04793, 0.07515, 0.0, 0.24154], [0.29907, 0.24237, 0.28306, 0.29914, 0.29227, 0.27023, 0.18421, 0.24154, 0.0]], "features_1": [[0.5738337454769029, 0.9274306647052732, 0.0, 0.23795328060305587, 0.5120026084419431, 0.14479697368106725, 0.3131379705653082, 0.6600482596188989, 0.47392741322284704, 0.22156616109508787, 0.008618141428105908, 0.615341956932349, 0.6344297696352472, 0.6417286927931726, 0.7961656230462507, 0.7182584642063238, 0.627118839469393], [0.35071363463704586, 0.8902350563470404, 0.0, 0.22026222038692206, 0.49112038716152306, 0.15027708575842924, 0.1379874771171515, 0.645958150299188, 0.4986291461525878, 0.2241429042644505, 0.008618141428105908, 0.6186573941435745, 0.635099359417114, 0.6492097781855058, 0.7967369465384038, 0.718872267601268, 0.6203031022864117], [0.4648891796429915, 1.0434906557236003, 0.0, 0.25257456375671666, 0.5352544906525306, 0.14520271749632785, 0.2142917627847055, 0.6567396158733647, 0.476320365290128, 0.2476037798121382, 0.008284682400665488, 0.6206896853472226, 0.6248628362082783, 0.6372869749608816, 0.7906086517196166, 0.7227012716497836, 0.6258966362301565], [0.3778861143329362, 0.9700657917718544, 0.0, 0.22233732931202152, 0.5166939993048846, 0.1458475957744894, 0.19006430434353802, 0.6542063099577762, 0.47384894242218367, 0.2338261620739297, 0.008618141428105908, 0.6184284715889461, 0.6128975084054523, 0.6311796553459885, 0.7871215509778173, 0.7141131059643303, 0.6227984061118381], [0.22326267704011737, 0.8634081998767711, 0.0, 0.20758615738801675, 0.4860919976747413, 0.14928606072251338, 0.1253523757996895, 0.6478889923481232, 0.4786701831772866, 0.2196910076225982, 0.008729175733573014, 0.6186919976173226, 0.6354873948500375, 0.6618794349822779, 0.7939836811848846, 0.7115191377584543, 0.6158151065634356], [0.2090023374145149, 1.009284975785313, 0.0, 0.21306874071735407, 0.5238567512170836, 0.14611102510492716, 0.13532137902035543, 0.6531211747681203, 0.4616537243030203, 0.24323641833271603, 0.008284682400665488, 0.6177501240683583, 0.6172380702812985, 0.6377645291061618, 0.788875755735539, 0.7094384197086994, 0.6204577208111947], [0.5212995012327113, 0.9164306896954798, 0.0, 0.19651416838817787, 0.5002442202925018, 0.14597931924195046, 0.10076869352660936, 0.6514850166346133, 0.4628730874222533, 0.22212609387591886, 0.008840150818991033, 0.606087174220741, 0.6016567001708225, 0.6188189440881522, 0.7849856806859825, 0.7144733044668655, 0.6256197649518628], [0.3137280095296102, 0.8383859918058469, 0.0, 0.24884075254769164, 0.49435314228025284, 0.13973020759190274, 0.23429403462662252, 0.6668465239646999, 0.42475066023805064, 0.20231817695022158, 0.008062078829516484, 0.6118840101880436, 0.638664689939714, 0.6824416812964994, 0.7879993290089559, 0.7009604273666831, 0.6107703883530544], [0.003639065794045493, 0.8972525182618624, 0.0, 0.21872318969590837, 0.5141968689706323, 0.13524492407031785, 0.24407789053114826, 0.6723014984711218, 0.39270871857837375, 0.2092374728690063, 0.007950687539111767, 0.6187223964201665, 0.6442938610770669, 0.6647382105343683, 0.7801858327950709, 0.6824437135027347, 0.6142354652714213]], "features_2": [[1.8089822352937297, 0.9622823602666627, 0.0, 0.25981352380724426, 0.5386238779092785, 0.14176291453498743, 0.2580500640353186, 0.67173450485658, 0.45730310994628276, 0.22338534533270948, 0.00822905385914674, 0.5863451870255891, 0.6552353316445421, 0.6699105216148091, 0.8087894255674791, 0.7443045806030913, 0.6123251868397078], [1.849786053401946, 0.9671067553126687, 0.0, 0.25623448045051067, 0.5319793118544268, 0.14688558037235902, 0.18025685172298864, 0.6625696715155909, 0.49460079640002785, 0.23140782086531342, 0.008895616178821175, 0.5895525967407433, 0.6404956515371351, 0.6625457976534587, 0.8098161842624192, 0.7528162215655757, 0.6222637339509736], [1.5343021548614706, 1.0768129718264263, 0.0, 0.2575954883317848, 0.5634783532921829, 0.14148492655722658, 0.24514387017338635, 0.6715020958469736, 0.46497910230063266, 0.2479278392966433, 0.008562602043175715, 0.5923928609843467, 0.6417942036349225, 0.6733433963912778, 0.8067533052996644, 0.7442499595991154, 0.614776230438269], [1.280496080449347, 0.9525455162550215, 0.0, 0.2281270072533835, 0.5333490563152542, 0.1440799965826214, 0.2243765813925606, 0.6681010231603375, 0.4784686360699786, 0.22785433298458502, 0.00822905385914674, 0.5968911361006297, 0.6380934043500361, 0.6778416673284603, 0.8096145115859629, 0.7283240485407604, 0.6207271673362055], [1.0157442092573943, 0.9505942068068068, 0.0, 0.20164249486784114, 0.5275018371877863, 0.14626452587045374, 0.1759206680235806, 0.6620372517128105, 0.49063356834158967, 0.2324937578997197, 0.00822905385914674, 0.6076528942822372, 0.6351363313586313, 0.6699206584147945, 0.8076869843001915, 0.7323270390267193, 0.6261912821117039], [0.702956775432261, 1.0268522953079597, 0.0, 0.20997498087506028, 0.5452126518137184, 0.14681042068142008, 0.17158354408082702, 0.6618207907334077, 0.4960561622712103, 0.24995614872445704, 0.008673665988278678, 0.6152868127341771, 0.6567300937086923, 0.694894610267314, 0.8091222054331731, 0.7255468456266916, 0.6352411611441644], [0.15333539885953273, 0.8914173980968377, 0.0, 0.20059514193584546, 0.5092927859127815, 0.14772194699247987, 0.1839925017984676, 0.6594590890966376, 0.5001056204946821, 0.22602644293019836, 0.008784670673857464, 0.6198338561844017, 0.6645505405127653, 0.7086993642983686, 0.8078412953514135, 0.745086744116798, 0.6325647611274707], [0.4231591980414464, 0.9333853006410382, 0.0, 0.15131736614267818, 0.5303129206203858, 0.13948938989037307, 0.25444795078040416, 0.6713984212477513, 0.4387374814941998, 0.2219008567602745, 0.008507047823598457, 0.6050508949850284, 0.6593719608463289, 0.6930811369050653, 0.7992712407422389, 0.7294082767196347, 0.6160178648098611], [0.27079757103510627, 0.9703317569724019, 0.0, 0.22089842076098523, 0.5389423008699211, 0.13788241001148652, 0.22316785896599284, 0.6719144007964983, 0.42787622620318055, 0.22552096441592107, 0.007894969482732161, 0.6212376239070911, 0.6504093690650689, 0.6695787736481512, 0.7923118772871963, 0.7295865879916863, 0.6214434717209838]]}