{"labels_1": ["1", "2", "3", "4", "5", "6", "7", "8", "9"], "labels_2": ["1", "2", "3", "4", "5", "6", "7", "8", "9"], "adj_matrix_1": [[0.0, 0.2442, 0.01613, 0.03895, 0.25996, 0.2581, 0.30223, 0.25417, 0.29982], [0.2442, 0.0, 0.23257, 0.27049, 0.02581, 0.02255, 0.2015, 0.01594, 0.11877], [0.01613, 0.23257, 0.0, 0.05496, 0.24924, 0.24727, 0.29989, 0.2431, 0.29299], [0.03895, 0.27049, 0.05496, 0.0, 0.28398, 0.28241, 0.30607, 0.27908, 0.3144], [0.25996, 0.02581, 0.24924, 0.28398, 0.0, 0.00327, 0.18386, 0.0099, 0.09501], [0.2581, 0.02255, 0.24727, 0.28241, 0.00327, 0.0, 0.18612, 0.00663, 0.09807], [0.30223, 0.2015, 0.29989, 0.30607, 0.18386, 0.18612, 0.0, 0.19075, 0.105], [0.25417, 0.01594, 0.2431, 0.27908, 0.0099, 0.00663, 0.19075, 0.0, 0.10422], [0.29982, 0.11877, 0.29299, 0.3144, 0.09501, 0.09807, 0.105, 0.10422, 0.0]], "adj_matrix_2": [[0.0, 0.24031, 0.12569, 0.00973, 0.28452, 0.00127, 0.11928, 0.03074, 0.07987], [0.24031, 0.0, 0.33, 0.24792, 0.0657, 0.23932, 0.13629, 0.21555, 0.17314], [0.12569, 0.33, 0.0, 0.11632, 0.35762, 0.1269, 0.23456, 0.15479, 0.19989], [0.00973, 0.24792, 0.11632, 0.0, 0.29094, 0.011, 0.12856, 0.04044, 0.0894], [0.28452, 0.0657, 0.35762, 0.29094, 0.0, 0.28369, 0.19373, 0.2635, 0.22657], [0.00127, 0.23932, 0.1269, 0.011, 0.28369, 0.0, 0.11808, 0.02947, 0.07863], [0.11928, 0.13629, 0.23456, 0.12856, 0.19373, 0.11808, 0.0, 0.0896, 0.04069], [0.03074, 0.21555, 0.15479, 0.04044, 0.2635, 0.02947, 0.0896, 0.0, 0.0495], [0.07987, 0.17314, 0.19989, 0.0894, 0.22657, 0.07863, 0.04069, 0.0495, 0.0]], "features_1": [[-0.2706085864699759, 0.9075313836345159, 0.0, 0.26089726818664105, 0.5179778852368743, 0.14117675212312222, 0.15374103128697528, 0.6677834737790165, 0.4421455174297584, 0.22493880168894287, 0.007894969482732161, 0.6302376713280604, 0.6459028748261896, 0.6868969304246701, 0.7958827941747764, 0.7091446041977025, 0.6036856926316245], [0.02095361888738312, 0.9136134467419832, 0.0, 0.2276959048310309, 0.5138855184024895, 0.1450624494944302, 0.12582813370159868, 0.6621042934572958, 0.4688829572452031, 0.22825829568449185, 0.00822905385914674, 0.6132626757236861, 0.6686836231746714, 0.7115641797882889, 0.8031047806809611, 0.7250462783764037, 0.6106042624268612], [-0.18596658216573125, 0.9884507944653695, 0.0, 0.24284476113831188, 0.5330442618143324, 0.14295149012424774, 0.1358415688194768, 0.6644695296250187, 0.44601585131168564, 0.24147750350823216, 0.007783488497544067, 0.6267324224551969, 0.6510967482183144, 0.6896934533512965, 0.7981722046096503, 0.7144975540312052, 0.6086994436860352], [-0.13675310038488497, 0.887011672108194, 0.0, 0.2508059798178328, 0.5108351661946647, 0.14008775917056976, 0.11843095874323595, 0.6672087251522465, 0.43873976729873787, 0.21857541498423982, 0.008117752083540042, 0.6294752224700364, 0.6450315359285818, 0.6867311256767307, 0.7882986911014602, 0.7042627940678664, 0.5954398161974799], [0.09735083786877263, 0.9302670236539486, 0.0, 0.21341555904798115, 0.5192997461108007, 0.14206714952336952, 0.13278703926101657, 0.6651777958664274, 0.44468170551475383, 0.22660826187065908, 0.008340296057933516, 0.6067374006065549, 0.6390996629841188, 0.6653323187044329, 0.794975968726065, 0.726085121826026, 0.5995278381186878], [0.18002607983272068, 0.9896571126496233, 0.0, 0.24488229114129487, 0.5296976595435502, 0.1433060094699133, 0.10763998744175254, 0.6622637578524933, 0.4539602322617633, 0.240065379502566, 0.00822905385914674, 0.6116931717555902, 0.6548409967335592, 0.6950846789235687, 0.7944509713139987, 0.7149102312687826, 0.607110562525499], [0.7257193830273247, 0.8527554255307742, 0.0, 0.2520224662766537, 0.4988560439097097, 0.14050878739140044, 0.13469281685654763, 0.6660658011863929, 0.435668521976601, 0.20496206938606254, 0.008284682400665488, 0.6004868824504506, 0.628776812127819, 0.6656641525052607, 0.78835879980628, 0.7124248665068678, 0.5946005881316759], [0.5838623054010839, 0.9720569632013, 0.0, 0.22144830016119257, 0.5352839843854986, 0.13748144829408276, 0.1421975916871702, 0.6708031021474163, 0.41034446982639405, 0.2246137329313549, 0.007783488497544067, 0.6012440621362538, 0.6246649633461112, 0.6689575860888323, 0.7867835162812987, 0.7318892424290724, 0.5981111940450818], [0.9950610130886259, 1.008053215133994, 0.0, 0.2569225791540639, 0.5518027943476417, 0.13266055989082243, 0.18167872603634905, 0.6769132713288899, 0.3773099813471765, 0.22140601158477757, 0.007448685839370306, 0.5866753571830172, 0.6430485820864249, 0.667809890438687, 0.780007223630578, 0.7409547995435242, 0.5961895246720533]], "features_2": [[-0.027428581390950946, 0.8045418094154038, 0.0, 0.1902304372429924, 0.49273818621959353, 0.14330886266346116, 0.2734651342986389, 0.6670308298432633, 0.43867883158203647, 0.20018623884071096, 0.008173410423425675, 0.6332260211127503, 0.6670341787960711, 0.701151399385749, 0.8081940901432662, 0.7307614426293705, 0.6315933279886168], [0.18315658432682191, 0.7386153546714342, 0.0, 0.21157259779004037, 0.46847324059533707, 0.14778506233111238, 0.24947648787531804, 0.6629210143819456, 0.4640953505185246, 0.19142437063363027, 0.008507047823598457, 0.6315832597913547, 0.6850788434066534, 0.7268500040950681, 0.8191194791229296, 0.7548648756290289, 0.643743183599868], [-0.2319016270266614, 0.8359045940608347, 0.0, 0.19596677542080157, 0.49905624523332304, 0.1457849319421799, 0.28513697397570326, 0.6655375689668226, 0.4578541075704339, 0.21402225161019084, 0.008507047823598457, 0.6502846953991022, 0.6849275844728453, 0.732234042008547, 0.8149657247169423, 0.7361623178264005, 0.6304178065743712], [-0.18185333397772263, 0.7731662635766703, 0.0, 0.17636037928755466, 0.4832884204817024, 0.1436282527063457, 0.29668155472773067, 0.667699584203694, 0.43998291088930874, 0.19540405744525668, 0.00822905385914674, 0.6393337878558376, 0.6814311690438803, 0.7155033434892972, 0.8106838449937744, 0.7244548043938038, 0.6282703765926847], [0.202764037352952, 0.679506594162606, 0.0, 0.20925889910582762, 0.44574709047190636, 0.15096965498745815, 0.2421117729730476, 0.6589763549586156, 0.4772816576511614, 0.1802892693381679, 0.008451478759474051, 0.6300995011757111, 0.6767023889060201, 0.7152016330972953, 0.8233437876922861, 0.7382493795805262, 0.6457263420658346], [-0.26147725682245104, 0.7868096562610283, 0.0, 0.1951711939470575, 0.48063681337790504, 0.1491077433672009, 0.2895995806596659, 0.6607521616500274, 0.47953918007869456, 0.2074275663541616, 0.008673665988278678, 0.6442103483873192, 0.6779886918395381, 0.7182596286503006, 0.8172010295172754, 0.7460182968476973, 0.6335739502043778], [-0.17220895273021464, 0.689340848933752, 0.0, 0.20191572982128062, 0.4544742374395218, 0.14518263470953363, 0.3675746699293498, 0.6678177360324234, 0.4426992022230445, 0.17743255781271716, 0.008173410423425675, 0.6371086550470131, 0.688392466421836, 0.7177811610374918, 0.8164418105066996, 0.7378772207353309, 0.6324533670410352], [-0.44774210149884697, 0.702127154306726, 0.0, 0.23129231741756534, 0.46114731485172783, 0.14301636789623973, 0.3430142134970133, 0.6692129778039461, 0.4316868767563602, 0.17926339854454998, 0.008006390651371653, 0.637365737979654, 0.6814665747131089, 0.7170465775685334, 0.8096576430824729, 0.7275062969807318, 0.6276392303393256], [-0.15486890733368774, 0.7734573310351017, 0.0, 0.2254521730017212, 0.487802690714468, 0.13775900635468388, 0.427053106576443, 0.6749404160049193, 0.404149943909774, 0.18805742097941036, 0.007950687539111767, 0.626845726953094, 0.6653490731040841, 0.7016542501545475, 0.7978642915045152, 0.7241227725786618, 0.6078006677613206]]}