{"labels_1": ["1", "2", "3", "4", "5", "6", "7", "8", "9"], "labels_2": ["1", "2", "3", "4", "5", "6", "7", "8", "9"], "adj_matrix_1": [[0.0, 0.17221, 0.10288, 0.24191, 0.07618, 0.23297, 0.32049, 0.12715, 0.25761], [0.17221, 0.0, 0.26114, 0.35669, 0.09937, 0.35191, 0.3764, 0.28021, 0.36446], [0.10288, 0.26114, 0.0, 0.15491, 0.17481, 0.14407, 0.266, 0.02544, 0.17443], [0.24191, 0.35669, 0.15491, 0.0, 0.29681, 0.01214, 0.14625, 0.13173, 0.02247], [0.07618, 0.09937, 0.17481, 0.29681, 0.0, 0.28959, 0.34976, 0.19721, 0.30918], [0.23297, 0.35191, 0.14407, 0.01214, 0.28959, 0.0, 0.15671, 0.12049, 0.03455], [0.32049, 0.3764, 0.266, 0.14625, 0.34976, 0.15671, 0.0, 0.25004, 0.12625], [0.12715, 0.28021, 0.02544, 0.13173, 0.19721, 0.12049, 0.25004, 0.0, 0.15202], [0.25761, 0.36446, 0.17443, 0.02247, 0.30918, 0.03455, 0.12625, 0.15202, 0.0]], "adj_matrix_2": [[0.0, 0.18656, 0.04231, 0.06556, 0.33019, 0.26464, 0.05605, 0.11271, 0.06764], [0.18656, 0.0, 0.14809, 0.12596, 0.17405, 0.09115, 0.13507, 0.07904, 0.12395], [0.04231, 0.14809, 0.0, 0.02347, 0.30134, 0.2307, 0.01385, 0.07154, 0.02558], [0.06556, 0.12596, 0.02347, 0.0, 0.28381, 0.21062, 0.00963, 0.04833, 0.00211], [0.33019, 0.17405, 0.30134, 0.28381, 0.0, 0.08581, 0.29105, 0.24478, 0.28219], [0.26464, 0.09115, 0.2307, 0.21062, 0.08581, 0.0, 0.21886, 0.16711, 0.20878], [0.05605, 0.13507, 0.01385, 0.00963, 0.29105, 0.21886, 0.0, 0.05787, 0.01174], [0.11271, 0.07904, 0.07154, 0.04833, 0.24478, 0.16711, 0.05787, 0.0, 0.04624], [0.06764, 0.12395, 0.02558, 0.00211, 0.28219, 0.20878, 0.01174, 0.04624, 0.0]], "features_1": [[-0.3028162627596931, 0.845839642781326, 0.0, 0.22551507602274534, 0.4972308082725547, 0.14800672794433734, 0.12960191990928038, 0.6557676688023875, 0.49002370674282925, 0.21973377014740691, 0.008673665988278678, 0.6453879890584995, 0.6659932191346384, 0.6963922663155732, 0.8041265175830714, 0.7253752372910215, 0.6371540877245321], [-0.42206529105265567, 0.8598352167080201, 0.0, 0.21087661559110055, 0.49760358691294304, 0.14917520050400251, 0.10089935758032453, 0.6525533784882396, 0.49786791544341447, 0.2259148171945624, 0.00839589484089287, 0.6568317941059361, 0.6726530400430364, 0.6963232083121534, 0.8026569791771687, 0.7185566026597007, 0.6208289044268183], [-0.21512520123120416, 0.9337011149156783, 0.0, 0.22717362432996324, 0.5201260798578518, 0.14708598534867762, 0.11352613977111972, 0.6561775481857917, 0.48887600390632735, 0.23681999368445417, 0.008840150818991033, 0.6430606497781683, 0.6557651826212441, 0.6839652089232883, 0.8001748825453557, 0.7206067274991554, 0.6298573945684343], [-0.028224356397077877, 0.8478109399683541, 0.0, 0.21322463370913167, 0.4949015809413322, 0.14798357614781485, 0.08884234816056917, 0.6529185241205363, 0.4923504516934747, 0.21730760753463163, 0.00839589484089287, 0.6232602028500269, 0.6506895051209709, 0.6833845603568401, 0.7974137159650879, 0.7178159194275681, 0.6311634175148106], [-0.16858234278825002, 0.8492844157212952, 0.0, 0.22514950848005086, 0.49081203754508973, 0.15042933125342234, 0.07743995466540525, 0.6492545153052798, 0.5085032956236628, 0.22306650453835686, 0.009061923644820391, 0.6462971530742996, 0.6513701755862996, 0.6799982557144204, 0.801949084136709, 0.7326411248770852, 0.6173836192771421], [0.08691466975615958, 0.9430174258920048, 0.0, 0.20925689904420686, 0.513526337312039, 0.1503204715191308, 0.05586544041757975, 0.6476018653107125, 0.5102820290911398, 0.2392351841057001, 0.008951066763186244, 0.6298138066789587, 0.6555753383948396, 0.6729044340039668, 0.7974540999432214, 0.7106334621933346, 0.622814950791862], [-0.01770333857010087, 0.8123952047889417, 0.0, 0.20159570399003623, 0.47795588991412913, 0.14951602587254673, 0.07120250138227036, 0.647604809733368, 0.4900104760513848, 0.20996101043929838, 0.00839589484089287, 0.6237645413559403, 0.6474757439264869, 0.6739624606991033, 0.7910949414379603, 0.7233621886116675, 0.6174114052652753], [0.0327792599848733, 0.8205853563186293, 0.0, 0.24269514606703935, 0.4906308022531283, 0.14569296754540387, 0.14351224101738466, 0.6595192026275907, 0.47262150458208363, 0.20769809733053535, 0.008507047823598457, 0.6334551697704889, 0.6663758909137847, 0.7017039926099617, 0.801386630013917, 0.7287649127803244, 0.616802408910025], [0.0258515389218803, 0.8359067780241821, 0.0, 0.2601349947819376, 0.4966426758991376, 0.1435475302357661, 0.15931609969985344, 0.6618612384565579, 0.45552242199088866, 0.20866677261524869, 0.00839589484089287, 0.6284699447998934, 0.6620479318919201, 0.695654075831217, 0.7937007024243242, 0.7068405473016198, 0.6189188996321604]], "features_2": [[0.09355768652931928, 1.0788420232088003, 0.0, 0.2694530877462136, 0.570146770900632, 0.13200827574491728, 0.2857085881645226, 0.6803461927078351, 0.4049314068389076, 0.24210234796510477, 0.008006390651371653, 0.6272853377760508, 0.657505995096845, 0.6773751675506435, 0.7890847380442532, 0.7257164384233271, 0.5604822917569394], [-0.13334039463756486, 1.04503833171087, 0.0, 0.27470602545949413, 0.5524357252700715, 0.14180984413092254, 0.24524573469181946, 0.6707662134188905, 0.46544096119252143, 0.2514477499176917, 0.008729175733573014, 0.6493489704327655, 0.6715496256376814, 0.6870378255091802, 0.8083519440652677, 0.7275085681622566, 0.5840364355712747], [0.06070091409523526, 1.1899716750576494, 0.0, 0.2474862404627247, 0.5905236902603891, 0.13518080842304644, 0.2803680615553425, 0.6777583808444867, 0.42279993396300175, 0.2667654371512138, 0.008117752083540042, 0.6314981164194242, 0.6454664609946591, 0.6678063994230652, 0.7966535190771419, 0.7296224352927853, 0.5635583903806145], [0.04344913712659393, 1.0428632069675268, 0.0, 0.25738072182848637, 0.5589519423089597, 0.13657640109120792, 0.2536340770999551, 0.6761297418227978, 0.43211030088069546, 0.2428369772619705, 0.008062078829516484, 0.6333697453055338, 0.6595466976786086, 0.6890069499877133, 0.7962809391704899, 0.7185180258759043, 0.5667592266067277], [-0.3407294942833059, 0.9969877602246601, 0.0, 0.29336937199639634, 0.5391954024229915, 0.14665684228663298, 0.22065892455581917, 0.6654919541075439, 0.4937624599446915, 0.24930239431280699, 0.008618141428105908, 0.6563518886161166, 0.6823841488266966, 0.6955835950694744, 0.8134432250849467, 0.7164745898123943, 0.6057890030381036], [-0.1691670983014859, 1.1002701122048806, 0.0, 0.24278064185816556, 0.5656603052804882, 0.1418948896269468, 0.2288039760614012, 0.6702331773581982, 0.4555063420243146, 0.2621166428813315, 0.008284682400665488, 0.6469660231576486, 0.6630554821175831, 0.695756030973164, 0.8056235115990068, 0.7275205826573693, 0.6021010054068168], [-0.30985234088935654, 0.9452409727681761, 0.0, 0.24249349294255956, 0.5266948572651763, 0.14313244209660267, 0.2107940619262422, 0.6680815725243594, 0.4712582816648214, 0.23444669518127537, 0.008507047823598457, 0.6460205140943651, 0.6680020830642497, 0.7028090914716821, 0.8030668406076238, 0.7122555191265069, 0.5956789870749425], [-0.5538303297616727, 1.0507898697499578, 0.0, 0.27998040331877033, 0.5607228912351649, 0.13708020565822865, 0.2771545050509069, 0.6757421498788035, 0.4124692545137023, 0.24763170426392445, 0.007504523810135222, 0.6379250627868978, 0.6623162631071768, 0.7009400231140621, 0.7975326944978994, 0.7055904383654495, 0.6024471492030209], [-0.39728224193177564, 1.052805423267946, 0.0, 0.2968992137819622, 0.5580040165510455, 0.1354224597481531, 0.2334623538484486, 0.675151936040914, 0.4001462374278575, 0.24463633369644633, 0.007616154688146137, 0.6327061552184818, 0.6678436288009794, 0.687550700562624, 0.7863649184996458, 0.6989137738037495, 0.5948331680204251]]}