{"labels_1": ["1", "2", "3", "4", "5", "6", "7", "8", "9"], "labels_2": ["1", "2", "3", "4", "5", "6", "7", "8", "9"], "adj_matrix_1": [[0.0, 0.24572, 0.17666, 0.25881, 0.29224, 0.3082, 0.29316, 0.21541, 0.0763], [0.24572, 0.0, 0.11012, 0.02869, 0.1281, 0.22107, 0.13184, 0.05501, 0.20517], [0.17666, 0.11012, 0.0, 0.13634, 0.22056, 0.29049, 0.22351, 0.05713, 0.11389], [0.25881, 0.02869, 0.13634, 0.0, 0.1012, 0.19839, 0.10506, 0.08298, 0.22452], [0.29224, 0.1281, 0.22056, 0.1012, 0.0, 0.10621, 0.00405, 0.17657, 0.28059], [0.3082, 0.22107, 0.29049, 0.19839, 0.10621, 0.0, 0.10231, 0.25933, 0.31823], [0.29316, 0.13184, 0.22351, 0.10506, 0.00405, 0.10231, 0.0, 0.18002, 0.28244], [0.21541, 0.05501, 0.05713, 0.08298, 0.17657, 0.25933, 0.18002, 0.0, 0.16339], [0.0763, 0.20517, 0.11389, 0.22452, 0.28059, 0.31823, 0.28244, 0.16339, 0.0]], "adj_matrix_2": [[0.0, 0.08158, 0.11015, 0.12458, 0.15785, 0.014, 0.16795, 0.23575, 0.17328], [0.08158, 0.0, 0.16898, 0.17767, 0.08964, 0.06853, 0.19484, 0.2051, 0.10992], [0.11015, 0.16898, 0.0, 0.01856, 0.20873, 0.12142, 0.08945, 0.2256, 0.21457], [0.12458, 0.17767, 0.01856, 0.0, 0.21062, 0.13497, 0.07308, 0.21853, 0.21484], [0.15785, 0.08964, 0.20873, 0.21062, 0.0, 0.14791, 0.20098, 0.14084, 0.02241], [0.014, 0.06853, 0.12142, 0.13497, 0.14791, 0.0, 0.17407, 0.2328, 0.16433], [0.16795, 0.19484, 0.08945, 0.07308, 0.20098, 0.17407, 0.0, 0.1791, 0.1995], [0.23575, 0.2051, 0.2256, 0.21853, 0.14084, 0.2328, 0.1791, 0.0, 0.12162], [0.17328, 0.10992, 0.21457, 0.21484, 0.02241, 0.16433, 0.1995, 0.12162, 0.0]], "features_1": [[0.7712100113288276, 1.0886183676674335, 0.0, 0.2463136657680594, 0.5595680378007948, 0.1406450995800383, 0.1557293203757851, 0.666731483004134, 0.44983189717387906, 0.2548681061430773, 0.008673665988278678, 0.5945496885410493, 0.6253943266186986, 0.6575418704940365, 0.7906201771937234, 0.7304686817543213, 0.6035183739334481], [0.23655065533455089, 0.9990040242052034, 0.0, 0.21214965577113487, 0.540084070543842, 0.14374768004538946, 0.19325258434047116, 0.665557012437298, 0.4680615240402881, 0.2433111020225971, 0.008618141428105908, 0.6168471732097656, 0.6690002888212138, 0.7067557408281766, 0.803073291984691, 0.7479942836914574, 0.6133718699463079], [0.22846393975002366, 1.1261726562980359, 0.0, 0.23030542658322498, 0.5660706716391279, 0.1428920106936658, 0.16636232404650214, 0.6647742542848372, 0.4624306397982072, 0.2679884472721976, 0.008729175733573014, 0.6134125543276632, 0.6511979181201188, 0.6769670840531143, 0.7968014038954048, 0.728670660199663, 0.6115187687341129], [0.21394956702128587, 1.0173913822674712, 0.0, 0.2304128540407374, 0.541794100826357, 0.14381559102158042, 0.15059179692989916, 0.6630328161790406, 0.46586058247964224, 0.24697876773930227, 0.008507047823598457, 0.6203843269339933, 0.6573815690162008, 0.6930060870852846, 0.7962914715683367, 0.726105477240296, 0.6097261456010321], [0.12970534254033872, 0.9114304132763331, 0.0, 0.18606618025592142, 0.5173948855688166, 0.14758148022146164, 0.20739385434835853, 0.6615903352319458, 0.4971999213991172, 0.23020018261339836, 0.009061923644820391, 0.6387142652117395, 0.6724336953305365, 0.6845360162378656, 0.8082354484306132, 0.7323985035658792, 0.6134754500991321], [-0.19419442704221623, 1.0285650800395587, 0.0, 0.20539298615951335, 0.5391589336192604, 0.14946317109613544, 0.15184109379565455, 0.6555110954517661, 0.50061592710427, 0.25976673117825144, 0.008507047823598457, 0.6389806124679682, 0.6742996980502806, 0.6976194599283398, 0.8046777491316979, 0.7187773731934712, 0.6215890405657556], [0.036612420101590715, 0.8502217790859181, 0.0, 0.23649081971993255, 0.4988057766469639, 0.14689548099605623, 0.20223592183591704, 0.6602630648115919, 0.47357656880424814, 0.21484543990115368, 0.008117752083540042, 0.6272341652770024, 0.6637162276422642, 0.688499501391882, 0.8020735114108893, 0.7273380749593272, 0.6141172121499626], [-0.028380668403813925, 0.8620832245304426, 0.0, 0.2517551941959204, 0.50529045461579, 0.14500290608226427, 0.25110686904769963, 0.6641500660254762, 0.46960700727511795, 0.21819002297087264, 0.008340296057933516, 0.6203881701970362, 0.6697207383408303, 0.70797347332569, 0.8029374018617094, 0.7179625216442791, 0.6174693090366828], [0.04239843860850767, 0.8974386224064207, 0.0, 0.281263017172921, 0.5159162462706398, 0.14138145849960865, 0.23325409004968378, 0.6668652989382968, 0.4408572087156266, 0.2208969871731692, 0.008117752083540042, 0.6111844441352698, 0.6566824113735997, 0.6927869370314268, 0.7922721810659438, 0.695183091243439, 0.6142742314418533]], "features_2": [[0.659668381084348, 0.8323557690399468, 0.0, 0.27638661270529247, 0.5036743016586324, 0.1402857920071809, 0.21868646727462676, 0.6704411251542985, 0.42284122275816416, 0.200390711335644, 0.007504523810135222, 0.5822685880861007, 0.6561653133596013, 0.6725601342612474, 0.8030015696765079, 0.7210816610630935, 0.6354240651039115], [0.5282943113056846, 0.8748199627005309, 0.0, 0.2574285622909129, 0.5021107693020714, 0.14535226362283, 0.1671642470715355, 0.6615885359184525, 0.4537577834118758, 0.2173331559123226, 0.008173410423425675, 0.5949523089630793, 0.6549782386911756, 0.6885142787291676, 0.8062235089506232, 0.7229903696339365, 0.6328654553739205], [0.9165873526770754, 0.9073089859604758, 0.0, 0.27676851571125133, 0.5213320235475714, 0.14165069270955533, 0.2380741088249998, 0.6701611457004244, 0.43952255952680686, 0.21869217915439543, 0.008062078829516484, 0.5792982778926938, 0.6902043997546629, 0.7176711907093111, 0.8090368926789496, 0.7148684643661652, 0.6397386854758931], [0.9628704775551253, 0.8167726745510248, 0.0, 0.28741772252342934, 0.49966779706116227, 0.1393921542594222, 0.22341022213766165, 0.6717242282545133, 0.42226719034893945, 0.1946371259845452, 0.007727725548673403, 0.577168171265773, 0.6477333784184592, 0.6801863393137297, 0.801574896734276, 0.7154990951378469, 0.6350632724806277], [0.3252540919650917, 0.8437777216456717, 0.0, 0.2585487388950815, 0.4944645097211112, 0.14441154610420764, 0.18204086156522264, 0.6635694611993919, 0.45632622771950637, 0.21049389596826495, 0.008340296057933516, 0.6071800961673479, 0.6549039334920863, 0.684632837276693, 0.8056745534880189, 0.715697763032886, 0.6367126332430446], [0.4232201473645887, 0.8700901817612122, 0.0, 0.26072703573508804, 0.5048680972334605, 0.1442218619914272, 0.1903871974032306, 0.6653130859302046, 0.4600048085434538, 0.21640709936318214, 0.008451478759474051, 0.5941031173990576, 0.6695937053970186, 0.7039190179525967, 0.8083945107279551, 0.7176859560250934, 0.6386906020830736], [1.0078267240608714, 0.8448657482649506, 0.0, 0.3050508581907215, 0.5067505796737897, 0.13775166748185416, 0.25765256082681204, 0.6743385062989612, 0.4229035626380082, 0.19909618719068534, 0.007894969482732161, 0.589750559649233, 0.6524403098856384, 0.6838400438283114, 0.7997200552502858, 0.7172497734526108, 0.6247170751888163], [0.44296368349687576, 0.8760223699832411, 0.0, 0.2322024938572755, 0.5215466527309908, 0.13195755288836009, 0.3551217883650729, 0.6812350296025922, 0.3793786389020093, 0.1987190312116207, 0.007560346756364078, 0.608722926480675, 0.6564347931695719, 0.6656586180302004, 0.792672344985418, 0.7051223003093176, 0.5913689450269846], [0.3630891483440637, 0.9301285657202116, 0.0, 0.25139860114875623, 0.5407313779313379, 0.12697735989034376, 0.3636017439959254, 0.6849010295422351, 0.3454978787328862, 0.20240824220950948, 0.006889477554966383, 0.6007646198166625, 0.6442642582411684, 0.6645772097656895, 0.7788439636708662, 0.7109672467706799, 0.5686101196770456]]}