{"labels_1": ["1", "2", "3", "4", "5", "6", "7", "8", "9"], "labels_2": ["1", "2", "3", "4", "5", "6", "7", "8", "9"], "adj_matrix_1": [[0.0, 0.23896, 0.04803, 0.00107, 0.2745, 0.22021, 0.27199, 0.29777, 0.29898], [0.23896, 0.0, 0.21651, 0.23933, 0.09281, 0.03597, 0.08448, 0.22152, 0.25471], [0.04803, 0.21651, 0.0, 0.04907, 0.26565, 0.19263, 0.26188, 0.30816, 0.31431], [0.00107, 0.23933, 0.04907, 0.0, 0.27458, 0.22069, 0.27211, 0.29743, 0.29853], [0.2745, 0.09281, 0.26565, 0.27458, 0.0, 0.12643, 0.00867, 0.14302, 0.18292], [0.22021, 0.03597, 0.19263, 0.22069, 0.12643, 0.0, 0.11844, 0.24658, 0.27648], [0.27199, 0.08448, 0.26188, 0.27211, 0.00867, 0.11844, 0.0, 0.15086, 0.19027], [0.29777, 0.22152, 0.30816, 0.29743, 0.14302, 0.24658, 0.15086, 0.0, 0.04444], [0.29898, 0.25471, 0.31431, 0.29853, 0.18292, 0.27648, 0.19027, 0.04444, 0.0]], "adj_matrix_2": [[0.0, 0.09639, 0.1117, 0.00892, 0.06473, 0.01262, 0.19961, 0.17048, 0.17036], [0.09639, 0.0, 0.01569, 0.10509, 0.03212, 0.08401, 0.2801, 0.25503, 0.25495], [0.1117, 0.01569, 0.0, 0.12032, 0.04775, 0.09941, 0.29203, 0.26773, 0.26768], [0.00892, 0.10509, 0.12032, 0.0, 0.07355, 0.02154, 0.19176, 0.16231, 0.16218], [0.06473, 0.03212, 0.04775, 0.07355, 0.0, 0.05221, 0.25461, 0.22807, 0.22796], [0.01262, 0.08401, 0.09941, 0.02154, 0.05221, 0.0, 0.2106, 0.18195, 0.18184], [0.19961, 0.2801, 0.29203, 0.19176, 0.25461, 0.2106, 0.0, 0.03295, 0.0331], [0.17048, 0.25503, 0.26773, 0.16231, 0.22807, 0.18195, 0.03295, 0.0, 0.00016], [0.17036, 0.25495, 0.26768, 0.16218, 0.22796, 0.18184, 0.0331, 0.00016, 0.0]], "features_1": [[0.7751768585110432, 1.025090526337599, 0.0, 0.21295609505998492, 0.5477918818764077, 0.13263931939362142, 0.29723560041020247, 0.6763450550883751, 0.4255501406312556, 0.2315642334184489, 0.007616154688146137, 0.5853912143544395, 0.646420360617858, 0.6759387678503235, 0.7892457991160178, 0.7069279961608081, 0.6139704541457552], [0.1968615647113916, 0.9630850624190647, 0.0, 0.22888727107975973, 0.5351584690620281, 0.13738825250051578, 0.342777290931334, 0.6745121866711794, 0.43914225004400054, 0.22660415368072373, 0.007894969482732161, 0.6135039060246006, 0.6507908905218249, 0.6872191650651134, 0.8057051800420235, 0.7399285192743614, 0.6177521765950466], [0.7965328873029094, 1.1332792409241508, 0.0, 0.18750696019313415, 0.5713225830507698, 0.13373644162761272, 0.3008541624002568, 0.6757352562547322, 0.4326478602345263, 0.2535405690994146, 0.008062078829516484, 0.5873373554387129, 0.6393571101110134, 0.6853232746250879, 0.7928740093536837, 0.7143224488708644, 0.6134973512333295], [0.8830902396627152, 0.988314099417517, 0.0, 0.2031428563790883, 0.537749487677657, 0.1338022513367523, 0.27428152842113107, 0.6744202050747445, 0.4360905811447664, 0.22526254590264672, 0.007950687539111767, 0.5854352431654211, 0.6356330097155168, 0.6703626387067437, 0.7884290488995133, 0.7015285568060724, 0.6126670651403721], [-0.2278789764495066, 0.8252290169133809, 0.0, 0.21473240415281422, 0.4992227913017433, 0.1420130669317662, 0.3347500869880484, 0.6707460189068118, 0.4519975908625762, 0.2056313022199452, 0.008006390651371653, 0.6287177890364357, 0.6786764832208741, 0.7243671979211594, 0.8125755442144629, 0.7295135418415158, 0.6125309041287953], [0.23086176188706098, 0.9948967208360876, 0.0, 0.19712725348365492, 0.5417300255800418, 0.13772005126686257, 0.29884179661782256, 0.672700940812774, 0.4397251154608357, 0.2344278399748203, 0.007894969482732161, 0.606522595032922, 0.6664159954583367, 0.7052245377344883, 0.8027343367034279, 0.7242164507499709, 0.6221688247843323], [-0.0913916162934365, 0.8068635137146032, 0.0, 0.21725587927879442, 0.4925958075449941, 0.14131129412555615, 0.24846649303904086, 0.6693144270066336, 0.44155213609571353, 0.19841933935309286, 0.007727725548673403, 0.6284246128965227, 0.6824271256469402, 0.7080237244058067, 0.8054381192128518, 0.7309492994521459, 0.6222466894522586], [-0.13753958274739775, 0.8066241256804645, 0.0, 0.24614062005011605, 0.5045113208248599, 0.13331823560009062, 0.3456251100197818, 0.680052902596916, 0.3832013079796075, 0.19031578308485186, 0.007727725548673403, 0.6209949229353011, 0.671567357077405, 0.7011536284536866, 0.7992665056595595, 0.7296566161763325, 0.5943526020168667], [-0.23624595922831393, 0.8297043161710413, 0.0, 0.23956012299723523, 0.5111427862911259, 0.13219254176197207, 0.31760131659275004, 0.6799264223594428, 0.373554016000325, 0.1926982630870233, 0.007504523810135222, 0.620981829879689, 0.6703048484839013, 0.6824690225043814, 0.7897896014642866, 0.7040103708660579, 0.5960039400781252]], "features_2": [[-0.42490846752407263, 0.9861298640903106, 0.0, 0.18036278818791876, 0.547901896569116, 0.13379801012532902, 0.16964726138322064, 0.6746561491051257, 0.3888302852901506, 0.23042998849423801, 0.007392832833969631, 0.6348877642596475, 0.6493336231865333, 0.6740672009728644, 0.7793140623805012, 0.7095886143696076, 0.5987571306915173], [-0.4220960912310794, 0.9849710086128949, 0.0, 0.15044500135074537, 0.5426216060362286, 0.13375107853494092, 0.18957379680662853, 0.6744383963269336, 0.37734913590723074, 0.22896131710747292, 0.007504523810135222, 0.6371141900664341, 0.6620354319876586, 0.6780652321248845, 0.7785891285714777, 0.6806256489386451, 0.58950899400105], [-0.4186261225862986, 1.0855108729812835, 0.0, 0.18353091569676058, 0.5673541190736663, 0.13418939169983266, 0.18934855788291854, 0.6742473205703241, 0.3902980986265958, 0.2503160409261389, 0.007616154688146137, 0.6447018170465268, 0.6275881014759547, 0.6545091755592146, 0.7802243497213015, 0.6964920294259075, 0.5982812805841611], [-0.35441095826919655, 0.9315226494959854, 0.0, 0.1786356897657687, 0.5305424249563504, 0.13592007967849545, 0.17320608729361311, 0.6721457136563792, 0.3998006244614136, 0.220755974794125, 0.007727725548673403, 0.6381217796909928, 0.6563586972207939, 0.685391066678828, 0.7829781794446719, 0.6932623855441107, 0.5997059656371224], [-0.32873234093631476, 0.9085331345981642, 0.0, 0.15175602629428053, 0.519754621759702, 0.13507496652183157, 0.19061031780984267, 0.6725182141419279, 0.3873972478761005, 0.21408278201859665, 0.007392832833969631, 0.6368754323112551, 0.653284621134004, 0.683425804563656, 0.779891122822847, 0.7057533748774185, 0.58675191613803], [-0.429489556816526, 1.0030718478417489, 0.0, 0.15480620968897654, 0.5440225967609389, 0.13671073669308742, 0.1994588905975533, 0.6711201980575288, 0.40256003864197343, 0.23711522757422165, 0.00783923647221818, 0.6384120079781797, 0.6394458520655429, 0.6732167767872411, 0.7845383556719896, 0.7163625233430203, 0.5926668785702622], [-0.024225527679941905, 0.847221569790199, 0.0, 0.20537696091689897, 0.5010670367749696, 0.13757897067640548, 0.15858400348634943, 0.6692668021477357, 0.4096014962039387, 0.20218598016500255, 0.007504523810135222, 0.621001137681354, 0.6414215141259345, 0.6620103025513571, 0.7832071984806788, 0.7263550566163862, 0.5822308169040976], [-0.08971641123943508, 0.8603661343692776, 0.0, 0.18235961851388424, 0.5064681519305665, 0.13418533844797068, 0.17451174279052922, 0.6729085610364252, 0.39683085336599033, 0.2041833624371232, 0.008062078829516484, 0.6314897199816354, 0.6479676138277994, 0.6707712638544134, 0.775580268151577, 0.7209201610852434, 0.5788577196134485], [0.1559782029878587, 0.9259757828187738, 0.0, 0.21466855676454896, 0.5301446073149788, 0.13135597750990893, 0.17363403364996371, 0.6765456361079654, 0.3797385033781364, 0.21046510245133843, 0.007336964783822175, 0.6149577312515602, 0.6298451689463027, 0.6589103354250748, 0.7709884544043899, 0.7157005249356115, 0.5756454740813399]]}