{"labels_1": ["1", "2", "3", "4", "5", "6", "7", "8", "9"], "labels_2": ["1", "2", "3", "4", "5", "6", "7", "8", "9"], "adj_matrix_1": [[0.0, 0.23896, 0.04803, 0.00107, 0.2745, 0.22021, 0.27199, 0.29777, 0.29898], [0.23896, 0.0, 0.21651, 0.23933, 0.09281, 0.03597, 0.08448, 0.22152, 0.25471], [0.04803, 0.21651, 0.0, 0.04907, 0.26565, 0.19263, 0.26188, 0.30816, 0.31431], [0.00107, 0.23933, 0.04907, 0.0, 0.27458, 0.22069, 0.27211, 0.29743, 0.29853], [0.2745, 0.09281, 0.26565, 0.27458, 0.0, 0.12643, 0.00867, 0.14302, 0.18292], [0.22021, 0.03597, 0.19263, 0.22069, 0.12643, 0.0, 0.11844, 0.24658, 0.27648], [0.27199, 0.08448, 0.26188, 0.27211, 0.00867, 0.11844, 0.0, 0.15086, 0.19027], [0.29777, 0.22152, 0.30816, 0.29743, 0.14302, 0.24658, 0.15086, 0.0, 0.04444], [0.29898, 0.25471, 0.31431, 0.29853, 0.18292, 0.27648, 0.19027, 0.04444, 0.0]], "adj_matrix_2": [[0.0, 0.2057, 0.10698, 0.09979, 0.08613, 0.17697, 0.18089, 0.16828, 0.24491], [0.2057, 0.0, 0.10726, 0.11438, 0.12766, 0.0334, 0.02895, 0.33572, 0.04965], [0.10698, 0.10726, 0.0, 0.00744, 0.02147, 0.07493, 0.07929, 0.26191, 0.15345], [0.09979, 0.11438, 0.00744, 0.0, 0.01404, 0.08221, 0.08656, 0.25599, 0.16018], [0.08613, 0.12766, 0.02147, 0.01404, 0.0, 0.09586, 0.10016, 0.2446, 0.17268], [0.17697, 0.0334, 0.07493, 0.08221, 0.09586, 0.0, 0.00447, 0.31585, 0.08245], [0.18089, 0.02895, 0.07929, 0.08656, 0.10016, 0.00447, 0.0, 0.31861, 0.0781], [0.16828, 0.33572, 0.26191, 0.25599, 0.2446, 0.31585, 0.31861, 0.0, 0.36], [0.24491, 0.04965, 0.15345, 0.16018, 0.17268, 0.08245, 0.0781, 0.36, 0.0]], "features_1": [[0.7751768585110432, 1.025090526337599, 0.0, 0.21295609505998492, 0.5477918818764077, 0.13263931939362142, 0.29723560041020247, 0.6763450550883751, 0.4255501406312556, 0.2315642334184489, 0.007616154688146137, 0.5853912143544395, 0.646420360617858, 0.6759387678503235, 0.7892457991160178, 0.7069279961608081, 0.6139704541457552], [0.1968615647113916, 0.9630850624190647, 0.0, 0.22888727107975973, 0.5351584690620281, 0.13738825250051578, 0.342777290931334, 0.6745121866711794, 0.43914225004400054, 0.22660415368072373, 0.007894969482732161, 0.6135039060246006, 0.6507908905218249, 0.6872191650651134, 0.8057051800420235, 0.7399285192743614, 0.6177521765950466], [0.7965328873029094, 1.1332792409241508, 0.0, 0.18750696019313415, 0.5713225830507698, 0.13373644162761272, 0.3008541624002568, 0.6757352562547322, 0.4326478602345263, 0.2535405690994146, 0.008062078829516484, 0.5873373554387129, 0.6393571101110134, 0.6853232746250879, 0.7928740093536837, 0.7143224488708644, 0.6134973512333295], [0.8830902396627152, 0.988314099417517, 0.0, 0.2031428563790883, 0.537749487677657, 0.1338022513367523, 0.27428152842113107, 0.6744202050747445, 0.4360905811447664, 0.22526254590264672, 0.007950687539111767, 0.5854352431654211, 0.6356330097155168, 0.6703626387067437, 0.7884290488995133, 0.7015285568060724, 0.6126670651403721], [-0.2278789764495066, 0.8252290169133809, 0.0, 0.21473240415281422, 0.4992227913017433, 0.1420130669317662, 0.3347500869880484, 0.6707460189068118, 0.4519975908625762, 0.2056313022199452, 0.008006390651371653, 0.6287177890364357, 0.6786764832208741, 0.7243671979211594, 0.8125755442144629, 0.7295135418415158, 0.6125309041287953], [0.23086176188706098, 0.9948967208360876, 0.0, 0.19712725348365492, 0.5417300255800418, 0.13772005126686257, 0.29884179661782256, 0.672700940812774, 0.4397251154608357, 0.2344278399748203, 0.007894969482732161, 0.606522595032922, 0.6664159954583367, 0.7052245377344883, 0.8027343367034279, 0.7242164507499709, 0.6221688247843323], [-0.0913916162934365, 0.8068635137146032, 0.0, 0.21725587927879442, 0.4925958075449941, 0.14131129412555615, 0.24846649303904086, 0.6693144270066336, 0.44155213609571353, 0.19841933935309286, 0.007727725548673403, 0.6284246128965227, 0.6824271256469402, 0.7080237244058067, 0.8054381192128518, 0.7309492994521459, 0.6222466894522586], [-0.13753958274739775, 0.8066241256804645, 0.0, 0.24614062005011605, 0.5045113208248599, 0.13331823560009062, 0.3456251100197818, 0.680052902596916, 0.3832013079796075, 0.19031578308485186, 0.007727725548673403, 0.6209949229353011, 0.671567357077405, 0.7011536284536866, 0.7992665056595595, 0.7296566161763325, 0.5943526020168667], [-0.23624595922831393, 0.8297043161710413, 0.0, 0.23956012299723523, 0.5111427862911259, 0.13219254176197207, 0.31760131659275004, 0.6799264223594428, 0.373554016000325, 0.1926982630870233, 0.007504523810135222, 0.620981829879689, 0.6703048484839013, 0.6824690225043814, 0.7897896014642866, 0.7040103708660579, 0.5960039400781252]], "features_2": [[-0.20852526405612348, 0.8168528251340772, 0.0, 0.2480406276074617, 0.5105228640864585, 0.13381170388410996, 0.37229856175724263, 0.6798330805629467, 0.40485511337097413, 0.19459508401998948, 0.007560346756364078, 0.6296001190821638, 0.669278360118843, 0.7039505125698269, 0.7996732006716082, 0.7173651475173097, 0.6053876228604791], [-0.09986426478994392, 0.8010508828771278, 0.0, 0.2666115071438432, 0.5015310950653037, 0.1367190399751509, 0.40529491418955743, 0.6768186593532841, 0.4146117689600104, 0.194281938498033, 0.007894969482732161, 0.6157263421969417, 0.664629592424542, 0.6987089703313268, 0.8037720527468598, 0.7177212514976355, 0.6194287612116022], [-0.1293655466162278, 0.9050965279509925, 0.0, 0.2432582739240442, 0.5345432039737533, 0.1318482861582149, 0.3743074393873222, 0.6809635925454683, 0.388295433264795, 0.21051487432198313, 0.007894969482732161, 0.6202699250772734, 0.6635371955039691, 0.6941246294962464, 0.7934273334196335, 0.7084712287895965, 0.5951486147203539], [-0.21482976684236776, 0.8092807954364892, 0.0, 0.21645124832055584, 0.5053297133782466, 0.13482040682298316, 0.3311113793670593, 0.6779248691707194, 0.41104127044849426, 0.1954490422701951, 0.007894969482732161, 0.6282542142682412, 0.6736404973252637, 0.7048254041680405, 0.7969737119809647, 0.7151131485489131, 0.5961476922917999], [-0.2880838148504177, 0.7713953519450601, 0.0, 0.24217067334264505, 0.4883857457429239, 0.13815915915357926, 0.33116618416466537, 0.6743800732553302, 0.426261607608196, 0.19097178915922508, 0.00822905385914674, 0.6371645425484074, 0.6649573263246216, 0.7030232621495665, 0.8045549261971473, 0.7498162829412318, 0.6229518328898834], [-0.3658597272389521, 0.8588074506882506, 0.0, 0.23180577603943242, 0.517211680801589, 0.13671538734135616, 0.3450974045105724, 0.6762111236046159, 0.40525291818074494, 0.20787848362569705, 0.007671947615560004, 0.6318692251950526, 0.6723609967252951, 0.7127245058553973, 0.8014093782844078, 0.7247200934728493, 0.613427125770012], [-0.346741113364029, 0.7589255692713841, 0.0, 0.23552238292336472, 0.4809417703761031, 0.1392565062355996, 0.25519407486750795, 0.670701084545826, 0.41691859508447715, 0.18875890258107564, 0.007783488497544067, 0.6286597079647633, 0.659454469660438, 0.6946406097502992, 0.7967861728554801, 0.7205585925330705, 0.6024581007942321], [-0.45335580815792076, 0.7924438547550879, 0.0, 0.16615407239144678, 0.49625028146013006, 0.134278054345274, 0.26558569150744943, 0.6769635659459716, 0.3860075107063603, 0.1897487468672192, 0.007448685839370306, 0.6454388366175456, 0.6656608909478207, 0.6981448369982329, 0.7927940118204425, 0.7091856260380857, 0.6144740138102974], [-0.04542940811496754, 0.8896354514239628, 0.0, 0.21190662968064766, 0.5230318674666903, 0.1324549791199331, 0.22498885678082486, 0.6768490545398136, 0.3752485655266806, 0.2055146553737961, 0.007560346756364078, 0.6136982378494933, 0.638202098695514, 0.662732749214303, 0.7779741502052532, 0.6995241778746245, 0.5941524199447604]]}