{"labels_1": ["1", "2", "3", "4", "5", "6", "7", "8", "9"], "labels_2": ["1", "2", "3", "4", "5", "6", "7", "8", "9"], "adj_matrix_1": [[0.0, 0.04636, 0.19518, 0.25648, 0.23676, 0.31553, 0.36499, 0.29656, 0.38279], [0.04636, 0.0, 0.15833, 0.22854, 0.20554, 0.30066, 0.36844, 0.27682, 0.40004], [0.19518, 0.15833, 0.0, 0.08773, 0.05754, 0.19398, 0.32018, 0.15648, 0.40349], [0.25648, 0.22854, 0.08773, 0.0, 0.03086, 0.11416, 0.26212, 0.07288, 0.36948], [0.23676, 0.20554, 0.05754, 0.03086, 0.0, 0.14306, 0.28437, 0.10284, 0.38379], [0.31553, 0.30066, 0.19398, 0.11416, 0.14306, 0.0, 0.16395, 0.04253, 0.29544], [0.36499, 0.36844, 0.32018, 0.26212, 0.28437, 0.16395, 0.0, 0.20224, 0.1491], [0.29656, 0.27682, 0.15648, 0.07288, 0.10284, 0.04253, 0.20224, 0.0, 0.32593], [0.38279, 0.40004, 0.40349, 0.36948, 0.38379, 0.29544, 0.1491, 0.32593, 0.0]], "adj_matrix_2": [[0.0, 0.09639, 0.1117, 0.00892, 0.06473, 0.01262, 0.19961, 0.17048, 0.17036], [0.09639, 0.0, 0.01569, 0.10509, 0.03212, 0.08401, 0.2801, 0.25503, 0.25495], [0.1117, 0.01569, 0.0, 0.12032, 0.04775, 0.09941, 0.29203, 0.26773, 0.26768], [0.00892, 0.10509, 0.12032, 0.0, 0.07355, 0.02154, 0.19176, 0.16231, 0.16218], [0.06473, 0.03212, 0.04775, 0.07355, 0.0, 0.05221, 0.25461, 0.22807, 0.22796], [0.01262, 0.08401, 0.09941, 0.02154, 0.05221, 0.0, 0.2106, 0.18195, 0.18184], [0.19961, 0.2801, 0.29203, 0.19176, 0.25461, 0.2106, 0.0, 0.03295, 0.0331], [0.17048, 0.25503, 0.26773, 0.16231, 0.22807, 0.18195, 0.03295, 0.0, 0.00016], [0.17036, 0.25495, 0.26768, 0.16218, 0.22796, 0.18184, 0.0331, 0.00016, 0.0]], "features_1": [[0.6933178508767002, 0.7812427115237278, 0.0, 0.2743298938701953, 0.48491758254334777, 0.1409131010148545, 0.3059069259462518, 0.6696360682362115, 0.42188640460126403, 0.18759893850455822, 0.008173410423425675, 0.5980886265350578, 0.6338314059632105, 0.6752069743956776, 0.7988070782578988, 0.7213442014160276, 0.6108530730818592], [0.3639227932558109, 0.7426841781143041, 0.0, 0.2575724752714316, 0.470561459430253, 0.14153740724489858, 0.32798436235813566, 0.6682626920565125, 0.4296787528722745, 0.18267323688265247, 0.008507047823598457, 0.6065086268798292, 0.6473769538435166, 0.6638316652179855, 0.7996042304007841, 0.728350113796731, 0.6151675628329607], [0.23829785006056303, 0.8470126095696735, 0.0, 0.2566997790666489, 0.5024514788736922, 0.1398618246667849, 0.3411065705542967, 0.6703376783133623, 0.4110200644074129, 0.20247683129973448, 0.008062078829516484, 0.6120824929247743, 0.6411045136773458, 0.6641856484455653, 0.7949737929333677, 0.7101735241063543, 0.596441583766982], [0.13673230241662715, 0.7339925707652781, 0.0, 0.25446289256097043, 0.46885185190910605, 0.14119356009083137, 0.32168878839873616, 0.6686670138946571, 0.4190774407501554, 0.17941377814876014, 0.008173410423425675, 0.6177867276321094, 0.6412065541185425, 0.6778632607563995, 0.7949217053768565, 0.7359710152150973, 0.5998399643915894], [0.19765562275903292, 0.6972759366498095, 0.0, 0.23461332330241297, 0.4576399146035204, 0.14124776223491547, 0.33883030429279015, 0.6696548492308381, 0.4279164100679256, 0.17262312821732828, 0.008507047823598457, 0.6202064943575336, 0.6724987733162284, 0.6901114579196418, 0.8017617302416316, 0.7458698276787499, 0.6167959401604721], [-0.07147920767570604, 0.8029033325842887, 0.0, 0.21872519460652823, 0.49328508203873267, 0.13889572382103696, 0.37136972530899115, 0.6724296115701317, 0.3996979758938617, 0.19345142470568533, 0.00783923647221818, 0.6309386934946688, 0.6681923523452421, 0.6795670140029193, 0.7961397414920721, 0.7080535757467682, 0.5983731779105518], [-0.12328468454904096, 0.6628040997297453, 0.0, 0.22583068906928255, 0.43887598895413055, 0.14410235072038297, 0.24217719138594163, 0.661506218897927, 0.4282512663344311, 0.16823777724653377, 0.007950687539111767, 0.6422692013998272, 0.6339232107482773, 0.6831258285334704, 0.7935466878175439, 0.7150746185333319, 0.6182043307943713], [0.167168095483182, 0.6848792277920219, 0.0, 0.24876633259974318, 0.4605797409086963, 0.13499315257077127, 0.41781796055243986, 0.6780308388011482, 0.4014376139791196, 0.16399212119506612, 0.00783923647221818, 0.6209572955293443, 0.6581919418408155, 0.6861058162212482, 0.7954968718313916, 0.7220202893967121, 0.5938919598340285], [-0.41947374008567984, 0.7428726095954494, 0.0, 0.24608156766266068, 0.4758943419830107, 0.13481185400505963, 0.27804278090843654, 0.6750519093103279, 0.38620880140068836, 0.17994459282486575, 0.00783923647221818, 0.6461333967511571, 0.6584306317168986, 0.6940961896467556, 0.7837788387401159, 0.6807779174645995, 0.5882403713102994]], "features_2": [[-0.42490846752407263, 0.9861298640903106, 0.0, 0.18036278818791876, 0.547901896569116, 0.13379801012532902, 0.16964726138322064, 0.6746561491051257, 0.3888302852901506, 0.23042998849423801, 0.007392832833969631, 0.6348877642596475, 0.6493336231865333, 0.6740672009728644, 0.7793140623805012, 0.7095886143696076, 0.5987571306915173], [-0.4220960912310794, 0.9849710086128949, 0.0, 0.15044500135074537, 0.5426216060362286, 0.13375107853494092, 0.18957379680662853, 0.6744383963269336, 0.37734913590723074, 0.22896131710747292, 0.007504523810135222, 0.6371141900664341, 0.6620354319876586, 0.6780652321248845, 0.7785891285714777, 0.6806256489386451, 0.58950899400105], [-0.4186261225862986, 1.0855108729812835, 0.0, 0.18353091569676058, 0.5673541190736663, 0.13418939169983266, 0.18934855788291854, 0.6742473205703241, 0.3902980986265958, 0.2503160409261389, 0.007616154688146137, 0.6447018170465268, 0.6275881014759547, 0.6545091755592146, 0.7802243497213015, 0.6964920294259075, 0.5982812805841611], [-0.35441095826919655, 0.9315226494959854, 0.0, 0.1786356897657687, 0.5305424249563504, 0.13592007967849545, 0.17320608729361311, 0.6721457136563792, 0.3998006244614136, 0.220755974794125, 0.007727725548673403, 0.6381217796909928, 0.6563586972207939, 0.685391066678828, 0.7829781794446719, 0.6932623855441107, 0.5997059656371224], [-0.32873234093631476, 0.9085331345981642, 0.0, 0.15175602629428053, 0.519754621759702, 0.13507496652183157, 0.19061031780984267, 0.6725182141419279, 0.3873972478761005, 0.21408278201859665, 0.007392832833969631, 0.6368754323112551, 0.653284621134004, 0.683425804563656, 0.779891122822847, 0.7057533748774185, 0.58675191613803], [-0.429489556816526, 1.0030718478417489, 0.0, 0.15480620968897654, 0.5440225967609389, 0.13671073669308742, 0.1994588905975533, 0.6711201980575288, 0.40256003864197343, 0.23711522757422165, 0.00783923647221818, 0.6384120079781797, 0.6394458520655429, 0.6732167767872411, 0.7845383556719896, 0.7163625233430203, 0.5926668785702622], [-0.024225527679941905, 0.847221569790199, 0.0, 0.20537696091689897, 0.5010670367749696, 0.13757897067640548, 0.15858400348634943, 0.6692668021477357, 0.4096014962039387, 0.20218598016500255, 0.007504523810135222, 0.621001137681354, 0.6414215141259345, 0.6620103025513571, 0.7832071984806788, 0.7263550566163862, 0.5822308169040976], [-0.08971641123943508, 0.8603661343692776, 0.0, 0.18235961851388424, 0.5064681519305665, 0.13418533844797068, 0.17451174279052922, 0.6729085610364252, 0.39683085336599033, 0.2041833624371232, 0.008062078829516484, 0.6314897199816354, 0.6479676138277994, 0.6707712638544134, 0.775580268151577, 0.7209201610852434, 0.5788577196134485], [0.1559782029878587, 0.9259757828187738, 0.0, 0.21466855676454896, 0.5301446073149788, 0.13135597750990893, 0.17363403364996371, 0.6765456361079654, 0.3797385033781364, 0.21046510245133843, 0.007336964783822175, 0.6149577312515602, 0.6298451689463027, 0.6589103354250748, 0.7709884544043899, 0.7157005249356115, 0.5756454740813399]]}