{"labels_1": ["1", "2", "3", "4", "5", "6", "7", "8", "9"], "labels_2": ["1", "2", "3", "4", "5", "6", "7", "8", "9"], "adj_matrix_1": [[0.0, 0.04636, 0.19518, 0.25648, 0.23676, 0.31553, 0.36499, 0.29656, 0.38279], [0.04636, 0.0, 0.15833, 0.22854, 0.20554, 0.30066, 0.36844, 0.27682, 0.40004], [0.19518, 0.15833, 0.0, 0.08773, 0.05754, 0.19398, 0.32018, 0.15648, 0.40349], [0.25648, 0.22854, 0.08773, 0.0, 0.03086, 0.11416, 0.26212, 0.07288, 0.36948], [0.23676, 0.20554, 0.05754, 0.03086, 0.0, 0.14306, 0.28437, 0.10284, 0.38379], [0.31553, 0.30066, 0.19398, 0.11416, 0.14306, 0.0, 0.16395, 0.04253, 0.29544], [0.36499, 0.36844, 0.32018, 0.26212, 0.28437, 0.16395, 0.0, 0.20224, 0.1491], [0.29656, 0.27682, 0.15648, 0.07288, 0.10284, 0.04253, 0.20224, 0.0, 0.32593], [0.38279, 0.40004, 0.40349, 0.36948, 0.38379, 0.29544, 0.1491, 0.32593, 0.0]], "adj_matrix_2": [[0.0, 0.35169, 0.0535, 0.03111, 0.36575, 0.19203, 0.23443, 0.31995, 0.23533], [0.35169, 0.0, 0.36311, 0.34071, 0.03092, 0.23133, 0.18537, 0.0611, 0.1843], [0.0535, 0.36311, 0.0, 0.0838, 0.37352, 0.232, 0.26861, 0.33872, 0.26939], [0.03111, 0.34071, 0.0838, 0.0, 0.35682, 0.16602, 0.21126, 0.3049, 0.21223], [0.36575, 0.03092, 0.37352, 0.35682, 0.0, 0.25696, 0.213, 0.09162, 0.21197], [0.19203, 0.23133, 0.232, 0.16602, 0.25696, 0.0, 0.05339, 0.17773, 0.0546], [0.23443, 0.18537, 0.26861, 0.21126, 0.213, 0.05339, 0.0, 0.12834, 0.00123], [0.31995, 0.0611, 0.33872, 0.3049, 0.09162, 0.17773, 0.12834, 0.0, 0.1272], [0.23533, 0.1843, 0.26939, 0.21223, 0.21197, 0.0546, 0.00123, 0.1272, 0.0]], "features_1": [[0.6933178508767002, 0.7812427115237278, 0.0, 0.2743298938701953, 0.48491758254334777, 0.1409131010148545, 0.3059069259462518, 0.6696360682362115, 0.42188640460126403, 0.18759893850455822, 0.008173410423425675, 0.5980886265350578, 0.6338314059632105, 0.6752069743956776, 0.7988070782578988, 0.7213442014160276, 0.6108530730818592], [0.3639227932558109, 0.7426841781143041, 0.0, 0.2575724752714316, 0.470561459430253, 0.14153740724489858, 0.32798436235813566, 0.6682626920565125, 0.4296787528722745, 0.18267323688265247, 0.008507047823598457, 0.6065086268798292, 0.6473769538435166, 0.6638316652179855, 0.7996042304007841, 0.728350113796731, 0.6151675628329607], [0.23829785006056303, 0.8470126095696735, 0.0, 0.2566997790666489, 0.5024514788736922, 0.1398618246667849, 0.3411065705542967, 0.6703376783133623, 0.4110200644074129, 0.20247683129973448, 0.008062078829516484, 0.6120824929247743, 0.6411045136773458, 0.6641856484455653, 0.7949737929333677, 0.7101735241063543, 0.596441583766982], [0.13673230241662715, 0.7339925707652781, 0.0, 0.25446289256097043, 0.46885185190910605, 0.14119356009083137, 0.32168878839873616, 0.6686670138946571, 0.4190774407501554, 0.17941377814876014, 0.008173410423425675, 0.6177867276321094, 0.6412065541185425, 0.6778632607563995, 0.7949217053768565, 0.7359710152150973, 0.5998399643915894], [0.19765562275903292, 0.6972759366498095, 0.0, 0.23461332330241297, 0.4576399146035204, 0.14124776223491547, 0.33883030429279015, 0.6696548492308381, 0.4279164100679256, 0.17262312821732828, 0.008507047823598457, 0.6202064943575336, 0.6724987733162284, 0.6901114579196418, 0.8017617302416316, 0.7458698276787499, 0.6167959401604721], [-0.07147920767570604, 0.8029033325842887, 0.0, 0.21872519460652823, 0.49328508203873267, 0.13889572382103696, 0.37136972530899115, 0.6724296115701317, 0.3996979758938617, 0.19345142470568533, 0.00783923647221818, 0.6309386934946688, 0.6681923523452421, 0.6795670140029193, 0.7961397414920721, 0.7080535757467682, 0.5983731779105518], [-0.12328468454904096, 0.6628040997297453, 0.0, 0.22583068906928255, 0.43887598895413055, 0.14410235072038297, 0.24217719138594163, 0.661506218897927, 0.4282512663344311, 0.16823777724653377, 0.007950687539111767, 0.6422692013998272, 0.6339232107482773, 0.6831258285334704, 0.7935466878175439, 0.7150746185333319, 0.6182043307943713], [0.167168095483182, 0.6848792277920219, 0.0, 0.24876633259974318, 0.4605797409086963, 0.13499315257077127, 0.41781796055243986, 0.6780308388011482, 0.4014376139791196, 0.16399212119506612, 0.00783923647221818, 0.6209572955293443, 0.6581919418408155, 0.6861058162212482, 0.7954968718313916, 0.7220202893967121, 0.5938919598340285], [-0.41947374008567984, 0.7428726095954494, 0.0, 0.24608156766266068, 0.4758943419830107, 0.13481185400505963, 0.27804278090843654, 0.6750519093103279, 0.38620880140068836, 0.17994459282486575, 0.00783923647221818, 0.6461333967511571, 0.6584306317168986, 0.6940961896467556, 0.7837788387401159, 0.6807779174645995, 0.5882403713102994]], "features_2": [[0.16193786521849907, 0.79774454785602, 0.0, 0.2337729004474758, 0.4910613010153262, 0.14612652466603265, 0.22574587920150863, 0.6644857175564557, 0.47599738939833247, 0.20242209707510073, 0.008117752083540042, 0.6124047731026221, 0.6752656865229608, 0.704847367214316, 0.8151770112697763, 0.7439989639700463, 0.6362687113571572], [-0.20704087419789508, 0.765530503817712, 0.0, 0.2193884959504696, 0.47231373134934196, 0.15299745813721513, 0.19665326847905717, 0.6556348188418657, 0.519189274471396, 0.20492997192504392, 0.008562602043175715, 0.6500258419013982, 0.6989858619759363, 0.7285666418420645, 0.8273358423412539, 0.7492464880575467, 0.6386460735137685], [0.20480555733087558, 0.8606601745401415, 0.0, 0.23539364947485555, 0.5079704348907241, 0.14628262103304157, 0.2508716615542184, 0.665206165102912, 0.4777724506471017, 0.2153567722224481, 0.008117752083540042, 0.611553416461692, 0.691551277115954, 0.7208553227559388, 0.8193232551480502, 0.7460656032371503, 0.6409538624537607], [0.17817230863338018, 0.7780765632361399, 0.0, 0.24390203989773798, 0.48659720444672416, 0.1449692861123978, 0.24193813515692994, 0.6659232104532333, 0.47138330058041134, 0.19570317198013654, 0.008117752083540042, 0.6142738943596786, 0.6632101420873651, 0.6961046434260639, 0.813832593994287, 0.7180875827299239, 0.638618121094779], [-0.33991096645131424, 0.7963381324455401, 0.0, 0.18751742077884803, 0.4908311402483736, 0.14680241197204205, 0.26012532533828503, 0.6661238061493078, 0.4703898879751929, 0.20367920319574417, 0.00822905385914674, 0.6457044253733581, 0.6912651424461324, 0.7239141286559427, 0.8206780703919251, 0.7367563612293079, 0.6222209558631799], [0.14846407942336004, 0.8438099453355399, 0.0, 0.23690241870647397, 0.5011122349525471, 0.14928065908991298, 0.239245446375854, 0.6617010953455915, 0.5133496847557908, 0.215404311099197, 0.009006502581913711, 0.6282728147901504, 0.679000627677926, 0.7037811131435875, 0.8229426733045743, 0.751700669464997, 0.6367835678870424], [-0.16511886458455471, 0.7014323468589327, 0.0, 0.2290615492482966, 0.4570189846631125, 0.14841554306521637, 0.23474688907149144, 0.6615937970990271, 0.49212627038976153, 0.18316984918670554, 0.008006390651371653, 0.637426195859248, 0.6859289289221877, 0.7161019788529694, 0.819378410041892, 0.727103467069783, 0.6414407329426818], [-0.11770581887280196, 0.8205707159367512, 0.0, 0.23329333025325447, 0.505460481552037, 0.13819825553427148, 0.3533089663140558, 0.6771653843253198, 0.42935928520499167, 0.1990081439410607, 0.007671947615560004, 0.636580083158738, 0.6922527498954404, 0.721709245862462, 0.8111439710749884, 0.736585370904361, 0.6032472398113518], [-0.12053051056780761, 0.792964697439494, 0.0, 0.23076468105502446, 0.4901762562560581, 0.14107157021809763, 0.26691091433071606, 0.6714411590534582, 0.44881083611407124, 0.1961202864139171, 0.007783488497544067, 0.633735469729692, 0.6688879377981948, 0.6999633504476159, 0.8086260689319617, 0.7293541634001297, 0.6324488099893608]]}