{"labels_1": ["1", "2", "3", "4", "5", "6", "7", "8", "9"], "labels_2": ["1", "2", "3", "4", "5", "6", "7", "8", "9"], "adj_matrix_1": [[0.0, 0.04636, 0.19518, 0.25648, 0.23676, 0.31553, 0.36499, 0.29656, 0.38279], [0.04636, 0.0, 0.15833, 0.22854, 0.20554, 0.30066, 0.36844, 0.27682, 0.40004], [0.19518, 0.15833, 0.0, 0.08773, 0.05754, 0.19398, 0.32018, 0.15648, 0.40349], [0.25648, 0.22854, 0.08773, 0.0, 0.03086, 0.11416, 0.26212, 0.07288, 0.36948], [0.23676, 0.20554, 0.05754, 0.03086, 0.0, 0.14306, 0.28437, 0.10284, 0.38379], [0.31553, 0.30066, 0.19398, 0.11416, 0.14306, 0.0, 0.16395, 0.04253, 0.29544], [0.36499, 0.36844, 0.32018, 0.26212, 0.28437, 0.16395, 0.0, 0.20224, 0.1491], [0.29656, 0.27682, 0.15648, 0.07288, 0.10284, 0.04253, 0.20224, 0.0, 0.32593], [0.38279, 0.40004, 0.40349, 0.36948, 0.38379, 0.29544, 0.1491, 0.32593, 0.0]], "adj_matrix_2": [[0.0, 0.11728, 0.25176, 0.00105, 0.30499, 0.31504, 0.09282, 0.31361, 0.31243], [0.11728, 0.0, 0.17821, 0.11635, 0.2784, 0.30512, 0.02687, 0.30048, 0.29736], [0.25176, 0.17821, 0.0, 0.25131, 0.14253, 0.18937, 0.19827, 0.18071, 0.17515], [0.00105, 0.11635, 0.25131, 0.0, 0.30497, 0.31515, 0.09185, 0.31371, 0.3125], [0.30499, 0.2784, 0.14253, 0.30497, 0.0, 0.05261, 0.28897, 0.04265, 0.03632], [0.31504, 0.30512, 0.18937, 0.31515, 0.05261, 0.0, 0.312, 0.01004, 0.0164], [0.09282, 0.02687, 0.19827, 0.09185, 0.28897, 0.312, 0.0, 0.30814, 0.30541], [0.31361, 0.30048, 0.18071, 0.31371, 0.04265, 0.01004, 0.30814, 0.0, 0.00637], [0.31243, 0.29736, 0.17515, 0.3125, 0.03632, 0.0164, 0.30541, 0.00637, 0.0]], "features_1": [[0.6933178508767002, 0.7812427115237278, 0.0, 0.2743298938701953, 0.48491758254334777, 0.1409131010148545, 0.3059069259462518, 0.6696360682362115, 0.42188640460126403, 0.18759893850455822, 0.008173410423425675, 0.5980886265350578, 0.6338314059632105, 0.6752069743956776, 0.7988070782578988, 0.7213442014160276, 0.6108530730818592], [0.3639227932558109, 0.7426841781143041, 0.0, 0.2575724752714316, 0.470561459430253, 0.14153740724489858, 0.32798436235813566, 0.6682626920565125, 0.4296787528722745, 0.18267323688265247, 0.008507047823598457, 0.6065086268798292, 0.6473769538435166, 0.6638316652179855, 0.7996042304007841, 0.728350113796731, 0.6151675628329607], [0.23829785006056303, 0.8470126095696735, 0.0, 0.2566997790666489, 0.5024514788736922, 0.1398618246667849, 0.3411065705542967, 0.6703376783133623, 0.4110200644074129, 0.20247683129973448, 0.008062078829516484, 0.6120824929247743, 0.6411045136773458, 0.6641856484455653, 0.7949737929333677, 0.7101735241063543, 0.596441583766982], [0.13673230241662715, 0.7339925707652781, 0.0, 0.25446289256097043, 0.46885185190910605, 0.14119356009083137, 0.32168878839873616, 0.6686670138946571, 0.4190774407501554, 0.17941377814876014, 0.008173410423425675, 0.6177867276321094, 0.6412065541185425, 0.6778632607563995, 0.7949217053768565, 0.7359710152150973, 0.5998399643915894], [0.19765562275903292, 0.6972759366498095, 0.0, 0.23461332330241297, 0.4576399146035204, 0.14124776223491547, 0.33883030429279015, 0.6696548492308381, 0.4279164100679256, 0.17262312821732828, 0.008507047823598457, 0.6202064943575336, 0.6724987733162284, 0.6901114579196418, 0.8017617302416316, 0.7458698276787499, 0.6167959401604721], [-0.07147920767570604, 0.8029033325842887, 0.0, 0.21872519460652823, 0.49328508203873267, 0.13889572382103696, 0.37136972530899115, 0.6724296115701317, 0.3996979758938617, 0.19345142470568533, 0.00783923647221818, 0.6309386934946688, 0.6681923523452421, 0.6795670140029193, 0.7961397414920721, 0.7080535757467682, 0.5983731779105518], [-0.12328468454904096, 0.6628040997297453, 0.0, 0.22583068906928255, 0.43887598895413055, 0.14410235072038297, 0.24217719138594163, 0.661506218897927, 0.4282512663344311, 0.16823777724653377, 0.007950687539111767, 0.6422692013998272, 0.6339232107482773, 0.6831258285334704, 0.7935466878175439, 0.7150746185333319, 0.6182043307943713], [0.167168095483182, 0.6848792277920219, 0.0, 0.24876633259974318, 0.4605797409086963, 0.13499315257077127, 0.41781796055243986, 0.6780308388011482, 0.4014376139791196, 0.16399212119506612, 0.00783923647221818, 0.6209572955293443, 0.6581919418408155, 0.6861058162212482, 0.7954968718313916, 0.7220202893967121, 0.5938919598340285], [-0.41947374008567984, 0.7428726095954494, 0.0, 0.24608156766266068, 0.4758943419830107, 0.13481185400505963, 0.27804278090843654, 0.6750519093103279, 0.38620880140068836, 0.17994459282486575, 0.00783923647221818, 0.6461333967511571, 0.6584306317168986, 0.6940961896467556, 0.7837788387401159, 0.6807779174645995, 0.5882403713102994]], "features_2": [[0.7535244982933085, 0.9120928286860194, 0.0, 0.2285871559904602, 0.5175150907978225, 0.13969930105505157, 0.056918425353671157, 0.6622134995183917, 0.4184082331876353, 0.2168664974941712, 0.007894969482732161, 0.5915135366598012, 0.6095660462465039, 0.6552702298897127, 0.7739221043364125, 0.6920101673380871, 0.5869413609804327], [0.12622592091807405, 0.9903056992362361, 0.0, 0.17126026164998895, 0.528671274503279, 0.14166723954112262, 0.05814115531028889, 0.6580664866319903, 0.4274447089004747, 0.23638645106491007, 0.00839589484089287, 0.6133165963330871, 0.6171551618350051, 0.6452154143026525, 0.7754914854860141, 0.7187386506219858, 0.5823407701854111], [0.1218074527447901, 1.0203618553309617, 0.0, 0.1706661713667285, 0.5373982850680191, 0.14150413627078282, 0.0490571866231555, 0.6585833016990743, 0.4262747965589657, 0.24211195513982942, 0.008284682400665488, 0.6145435028985535, 0.6215695722452577, 0.6549877107447991, 0.7758418031726714, 0.7014551274705721, 0.5842317042503873], [0.5660054648358988, 0.8829677564880843, 0.0, 0.2086212393063601, 0.5085886441460211, 0.1411228293836445, 0.08040348052864346, 0.6614560787556274, 0.42968846605034794, 0.21343735967675803, 0.008006390651371653, 0.600982727409721, 0.6342180714729113, 0.6798100930284076, 0.7811598766728036, 0.7205841480899784, 0.594884534675967], [0.02504426089194567, 0.9379368376420611, 0.0, 0.16817453397639257, 0.5163756266786629, 0.14232824489439944, 0.09045068785086059, 0.6590821535902435, 0.43521259311075444, 0.22723498803748954, 0.008173410423425675, 0.6237401310594781, 0.6368202269831434, 0.6562903548176973, 0.7830667351441838, 0.7312342242567199, 0.5926428869252677], [-0.11245886946805106, 1.007435619104518, 0.0, 0.15549368809529257, 0.5326503744683498, 0.14273268589580757, 0.07704116041583334, 0.6579951661750283, 0.4339877323117971, 0.24292511343633194, 0.008284682400665488, 0.6299025832737888, 0.6467294442435862, 0.674135335444495, 0.7827808015121007, 0.7060362471176065, 0.5898954930571814], [0.45171479402814185, 0.856313921281974, 0.0, 0.20492552346998696, 0.5035548277329107, 0.13885684244225036, 0.149820595344368, 0.667811957191524, 0.42204912280327567, 0.2053203116228972, 0.00822905385914674, 0.6016021071533735, 0.6422374962820147, 0.6715826545607994, 0.7868059423107631, 0.7227970635843876, 0.5942118799576033], [0.03206664695285788, 0.9042018266107978, 0.0, 0.16176492296165065, 0.5158316589208186, 0.1369416610797946, 0.15919954439155076, 0.6698362222774572, 0.4005368423506537, 0.21269780941234173, 0.008173410423425675, 0.6222962046295395, 0.6611066379636967, 0.6722204425266933, 0.7830263075926062, 0.719060162290558, 0.5792222295136026], [-0.07231688266980507, 0.9494698565865265, 0.0, 0.15774559818779416, 0.5319136522647149, 0.13256950792228692, 0.1719421209849692, 0.6754485354328431, 0.3646324913569454, 0.2164742900684502, 0.007336964783822175, 0.6276813650696309, 0.6454215463286993, 0.6641448284329073, 0.7745217839010987, 0.6854253208607686, 0.5569332498835848]]}