{"labels_1": ["1", "2", "3", "4", "5", "6", "7", "8", "9"], "labels_2": ["1", "2", "3", "4", "5", "6", "7", "8", "9"], "adj_matrix_1": [[0.0, 0.22732, 0.12158, 0.18054, 0.04224, 0.05833, 0.02127, 0.16731, 0.10937], [0.22732, 0.0, 0.18602, 0.22424, 0.23212, 0.23285, 0.23023, 0.22629, 0.23218], [0.12158, 0.18602, 0.0, 0.25348, 0.15704, 0.1698, 0.1398, 0.24556, 0.20754], [0.18054, 0.22424, 0.25348, 0.0, 0.14582, 0.13144, 0.1636, 0.01627, 0.08146], [0.04224, 0.23212, 0.15704, 0.14582, 0.0, 0.01637, 0.0211, 0.13135, 0.06931], [0.05833, 0.23285, 0.1698, 0.13144, 0.01637, 0.0, 0.03739, 0.11659, 0.05336], [0.02127, 0.23023, 0.1398, 0.1636, 0.0211, 0.03739, 0.0, 0.1497, 0.08953], [0.16731, 0.22629, 0.24556, 0.01627, 0.13135, 0.11659, 0.1497, 0.0, 0.06567], [0.10937, 0.23218, 0.20754, 0.08146, 0.06931, 0.05336, 0.08953, 0.06567, 0.0]], "adj_matrix_2": [[0.0, 0.27256, 0.15705, 0.12054, 0.30444, 0.21358, 0.25155, 0.27334, 0.29111], [0.27256, 0.0, 0.15751, 0.19256, 0.06299, 0.09091, 0.03558, 0.0014, 0.03525], [0.15705, 0.15751, 0.0, 0.04153, 0.21144, 0.07132, 0.12505, 0.15875, 0.18821], [0.12054, 0.19256, 0.04153, 0.0, 0.24204, 0.11112, 0.16225, 0.19372, 0.22084], [0.30444, 0.06299, 0.21144, 0.24204, 0.0, 0.1505, 0.09775, 0.06161, 0.02796], [0.21358, 0.09091, 0.07132, 0.11112, 0.1505, 0.0, 0.05607, 0.09226, 0.12456], [0.25155, 0.03558, 0.12505, 0.16225, 0.09775, 0.05607, 0.0, 0.03697, 0.07049], [0.27334, 0.0014, 0.15875, 0.19372, 0.06161, 0.09226, 0.03697, 0.0, 0.03385], [0.29111, 0.03525, 0.18821, 0.22084, 0.02796, 0.12456, 0.07049, 0.03385, 0.0]], "features_1": [[0.23191458376329166, 0.7871941582215133, 0.0, 0.25682028181422123, 0.5027611641442408, 0.14104841793225606, 0.2882491090803391, 0.6727803608210363, 0.4556736402150321, 0.19322292496840188, 0.008062078829516484, 0.6049116376448804, 0.663230821895788, 0.6880440731473223, 0.8114007407920919, 0.7299781599055387, 0.6531295586276474], [0.47189750057304547, 0.7820016863801883, 0.0, 0.275407108775456, 0.4906742985544824, 0.14539347289480692, 0.23491476024469976, 0.6661634610134671, 0.4900805755941604, 0.19975759782695035, 0.008451478759474051, 0.6027997785340602, 0.6953849796727244, 0.7267184434840374, 0.8178634655683424, 0.738491087620277, 0.6561935845958383], [0.29143731175356935, 0.8561685428136079, 0.0, 0.281405248788847, 0.5194007961066919, 0.14074866356958501, 0.2767255593252749, 0.6726327755938455, 0.45906969707199896, 0.20884129981289834, 0.008673665988278678, 0.6062691571981267, 0.6802239057707268, 0.7082278476429789, 0.8127756768062603, 0.7412131869739069, 0.6576500413843519], [0.18592824705508582, 0.7465890085101163, 0.0, 0.2822625228645788, 0.49012646436941565, 0.13956743597086269, 0.2871532518285214, 0.6740840423763867, 0.4566597143864648, 0.18342639517730164, 0.008451478759474051, 0.6212514561828173, 0.6551690058233457, 0.6862154504603754, 0.8099265036239554, 0.7335953006817739, 0.6588791621721551], [0.07267594938749022, 0.7354815750973945, 0.0, 0.2729733064734106, 0.4667089322595507, 0.14654847231722504, 0.1946254178601606, 0.6618557487503238, 0.49466141997859836, 0.1922364556288092, 0.008895616178821175, 0.6279449186125134, 0.6713464118712749, 0.7091475219063865, 0.8136857067207436, 0.7196879695563602, 0.6549801634903466], [0.172737328450411, 0.8453553587620312, 0.0, 0.28545345796447563, 0.502511087864918, 0.14337811539292544, 0.19836075364832767, 0.6655083042414913, 0.4701744607299636, 0.2114699094027761, 0.008451478759474051, 0.6219229150039531, 0.652920130667781, 0.688502085838158, 0.8081113121442864, 0.7241243217947431, 0.6558781393830625], [0.03677245782769534, 0.73063477200965, 0.0, 0.2961733260156743, 0.4737356266829504, 0.13878999261697322, 0.2718249370978064, 0.6724318477829774, 0.4453968919566149, 0.18049407326976108, 0.008340296057933516, 0.6175859172570886, 0.6718644823074889, 0.7029019455801417, 0.8044034787870811, 0.7356226623070136, 0.6389637056173374], [-0.11976356731453341, 0.8494710845451013, 0.0, 0.2704925711560271, 0.5001412517402035, 0.13945533246451702, 0.21273615117371278, 0.6694418077579503, 0.42480376994245694, 0.20739511529749022, 0.007894969482732161, 0.6199039006728295, 0.6517512713366722, 0.6898733789382032, 0.7953726591080629, 0.7250477690654284, 0.6223962739238785], [-0.11360806425332282, 0.9362808279357739, 0.0, 0.26565459153747256, 0.5337885365703409, 0.13226388456979093, 0.2623936539966373, 0.6781810073546026, 0.380048074899489, 0.2152394625400691, 0.007448685839370306, 0.6124206990738017, 0.6557417909159089, 0.6838282149425269, 0.7846872824986503, 0.6958733103484946, 0.5951604922845777]], "features_2": [[0.011419166626580601, 0.7548203946707067, 0.0, 0.22566594781595226, 0.47246236618950016, 0.14611569845549957, 0.21300410491482466, 0.6629565680526803, 0.46626307509789, 0.19500400924773587, 0.008173410423425675, 0.6190135824483098, 0.6687395784025605, 0.7108681133164606, 0.8133907985135275, 0.7102441531788213, 0.6347905029027093], [-0.0935621536226856, 0.7758738061636092, 0.0, 0.21182704503223096, 0.4724984242741539, 0.14997520219915766, 0.18720836285680775, 0.6557097683659775, 0.4896612335751316, 0.2040597785733067, 0.008507047823598457, 0.6337752397050247, 0.66899018957855, 0.7032276783715633, 0.8155350186203071, 0.717160043441615, 0.6326809280824471], [0.05547966111056413, 0.8500775247043113, 0.0, 0.22592056144222014, 0.49664669640387094, 0.14771262382603678, 0.202382833884284, 0.6599299789446995, 0.4826609273550486, 0.21722228023680845, 0.008451478759474051, 0.6214046847398598, 0.6733812357545782, 0.7060389795534721, 0.8134322099013817, 0.7138955050287996, 0.6378334728400425], [-0.050888308750218325, 0.749336650618801, 0.0, 0.2313108232378184, 0.4754146995022677, 0.14347494465565605, 0.23552840236337644, 0.6671775182056872, 0.44803528197823494, 0.18926259641615895, 0.008284682400665488, 0.6169997980005368, 0.6719720221663043, 0.7067247208997629, 0.8102667118770014, 0.7312365786140705, 0.636788830709635], [-0.14076316891874185, 0.7453236709956187, 0.0, 0.2060629728189756, 0.464306698239302, 0.14825332275109815, 0.18708082936683965, 0.6579920359608817, 0.4787781846781545, 0.19523414260872918, 0.008618141428105908, 0.6409183404727188, 0.6864661276900831, 0.7136021780310515, 0.8115748356484858, 0.7175623486059408, 0.6294713179538911], [-0.07673683021554778, 0.8349981302030554, 0.0, 0.19912968114401267, 0.48952708336317274, 0.14880874938272298, 0.18637551998774313, 0.6566737722951621, 0.4848617772582344, 0.2150184371773316, 0.008340296057933516, 0.6277874601558842, 0.664318991048693, 0.701542163186572, 0.8099154539900529, 0.7240093593055018, 0.6309788109808239], [-0.1386635209391689, 0.7364412906145319, 0.0, 0.19955457451314557, 0.4660390819639602, 0.14402253911428192, 0.23864174269295332, 0.6650948683418936, 0.44544862893713333, 0.18720494390063447, 0.008284682400665488, 0.6332433719637285, 0.6689911661052477, 0.6958612845550264, 0.8050818612801637, 0.7056686288050986, 0.6212096110026255], [0.17354267688866898, 0.7719047512051398, 0.0, 0.22590672188339378, 0.46959115382739713, 0.14648607266810101, 0.2714450195472565, 0.6595590720607112, 0.4547795745120038, 0.19514711142995433, 0.008451478759474051, 0.6251313725529322, 0.6484450855925401, 0.6669388776044928, 0.8022683997836021, 0.735981557531917, 0.6106988330806066], [-0.12059755364255853, 0.8295951026220749, 0.0, 0.19889452379971317, 0.4889498457220314, 0.14310375179615784, 0.296981451084001, 0.6632459700451652, 0.4219059935472176, 0.20371932734503795, 0.008006390651371653, 0.6265781930894416, 0.6542930917854959, 0.6797487712552501, 0.7910518879728672, 0.7168289680518577, 0.5968914037292209]]}