{"labels_1": ["1", "2", "3", "4", "5", "6", "7", "8", "9"], "labels_2": ["1", "2", "3", "4", "5", "6", "7", "8", "9"], "adj_matrix_1": [[0.0, 0.13388, 0.09492, 0.2355, 0.0354, 0.26574, 0.14339, 0.01741, 0.02493], [0.13388, 0.0, 0.04184, 0.12912, 0.10086, 0.18211, 0.01077, 0.11782, 0.15603], [0.09492, 0.04184, 0.0, 0.16494, 0.06046, 0.21167, 0.05244, 0.0781, 0.11842], [0.2355, 0.12912, 0.16494, 0.0, 0.21116, 0.06547, 0.11927, 0.22379, 0.2505], [0.0354, 0.10086, 0.06046, 0.21116, 0.0, 0.2476, 0.11104, 0.01806, 0.06013], [0.26574, 0.18211, 0.21167, 0.06547, 0.2476, 0.0, 0.17362, 0.25708, 0.27616], [0.14339, 0.01077, 0.05244, 0.11927, 0.11104, 0.17362, 0.0, 0.12774, 0.16538], [0.01741, 0.11782, 0.0781, 0.22379, 0.01806, 0.25708, 0.12774, 0.0, 0.04228], [0.02493, 0.15603, 0.11842, 0.2505, 0.06013, 0.27616, 0.16538, 0.04228, 0.0]], "adj_matrix_2": [[0.0, 0.14888, 0.03968, 0.13766, 0.097, 0.19586, 0.18291, 0.17573, 0.34856], [0.14888, 0.0, 0.11166, 0.26232, 0.0545, 0.05221, 0.2928, 0.02982, 0.24123], [0.03968, 0.11166, 0.0, 0.17299, 0.05829, 0.16082, 0.21501, 0.13983, 0.32559], [0.13766, 0.26232, 0.17299, 0.0, 0.221, 0.2973, 0.05259, 0.28226, 0.39658], [0.097, 0.0545, 0.05829, 0.221, 0.0, 0.10582, 0.25776, 0.08395, 0.28534], [0.19586, 0.05221, 0.16082, 0.2973, 0.10582, 0.0, 0.3221, 0.02246, 0.19561], [0.18291, 0.2928, 0.21501, 0.05259, 0.25776, 0.3221, 0.0, 0.30993, 0.39936], [0.17573, 0.02982, 0.13983, 0.28226, 0.08395, 0.02246, 0.30993, 0.0, 0.21584], [0.34856, 0.24123, 0.32559, 0.39658, 0.28534, 0.19561, 0.39936, 0.21584, 0.0]], "features_1": [[0.3157983066690173, 0.9532282405973419, 0.0, 0.2610625463769916, 0.5535062324250127, 0.13451684540682368, 0.2691706712481185, 0.6783621651033103, 0.4207646651114958, 0.21886006029749838, 0.007894969482732161, 0.6099492088105767, 0.6609873351539662, 0.6846831021478159, 0.7913622809858835, 0.7254477835246458, 0.6060194699736287], [0.368949862419615, 0.9965137863115417, 0.0, 0.2841056657362283, 0.5662496113628671, 0.1317297762280029, 0.3342522924743612, 0.6830296191252782, 0.4208232544027637, 0.22535496592576987, 0.007616154688146137, 0.6032609269905702, 0.6547779311448, 0.6855300306164914, 0.7942095951805784, 0.7103137641391951, 0.5939755769793216], [0.3911645115672546, 1.0000641427816455, 0.0, 0.2817181504132421, 0.5662660942573383, 0.13455722501523265, 0.24673016468020706, 0.6779260540563521, 0.4225890093061173, 0.2291887826771586, 0.008006390651371653, 0.6053191607066197, 0.6486039379307899, 0.7002618350767039, 0.7880194227834412, 0.7093486265028695, 0.6040876100307221], [0.4766029849191251, 0.9569086810327597, 0.0, 0.25014832949233934, 0.5603922420710572, 0.13208417561921665, 0.2823294330217074, 0.6807087942297262, 0.39650785476822037, 0.21432624910491938, 0.007448685839370306, 0.5944641226652205, 0.6598445632743787, 0.6885713741617999, 0.7856062836471982, 0.7084723338438694, 0.5995087976548609], [0.42388578588024073, 1.2547990564086364, 0.0, 0.31527038511813804, 0.6343401975899747, 0.1191858350391764, 0.5316450125061536, 0.691352895055266, 0.3447293967996061, 0.24727301390346756, 0.00716927026363523, 0.5987813497750916, 0.6478345031604656, 0.6567379760633071, 0.7787551087188966, 0.6999288246765378, 0.5218225325065654], [0.525075774583804, 0.9852840110898965, 0.0, 0.23983479398536484, 0.5645497145826592, 0.13464982947050502, 0.29665197183139114, 0.6788848883690213, 0.4100057518790243, 0.22238886698485616, 0.007225183508792421, 0.5888748589289223, 0.6490672798102601, 0.6726140930413665, 0.7922124448987665, 0.7077354103807069, 0.6062622832721035], [0.3716775132604959, 1.300397109711017, 0.0, 0.21558863578923165, 0.6375985483883694, 0.12281289058284817, 0.39990026070223195, 0.6886822013593173, 0.346768839146649, 0.257398557655099, 0.006497131753992358, 0.6011041896303555, 0.6455289947521424, 0.6516565704655182, 0.7783482815270965, 0.7009667414202934, 0.5210633283020315], [0.25647136027426587, 1.1679949308512685, 0.0, 0.21008565211362557, 0.6229917320282218, 0.11576728355717049, 0.495993340295216, 0.6917005873860429, 0.3220558455849991, 0.2258815959620919, 0.006721420376576193, 0.5924332117741447, 0.6468101712494737, 0.6398907601842002, 0.7595693709309213, 0.7058013393095438, 0.5358019362129219], [0.048873309675460774, 1.2326767651180472, 0.0, 0.2132451803947479, 0.6368062513503672, 0.11307044837078235, 0.49909035791955747, 0.6924134917844116, 0.2887323283368959, 0.2324086002690322, 0.006272599803500922, 0.5891254785641853, 0.6318707993642394, 0.6459860102282509, 0.7522316568271638, 0.6702151726581507, 0.5194663194464982]], "features_2": [[-0.06528231371327964, 1.1068521955086414, 0.0, 0.19072128935863983, 0.5935600747600787, 0.12931406555099953, 0.31756329660928984, 0.6825128363876801, 0.39332011831580305, 0.24515287178801892, 0.007560346756364078, 0.613871730437511, 0.6578320603791776, 0.6886411307426018, 0.7825810338142549, 0.7050937540113775, 0.6054695679838339], [-0.18378512899311206, 1.2281695931653722, 0.0, 0.20281405075515335, 0.6168101497501473, 0.12971084174275588, 0.3018596128002862, 0.6829228244282668, 0.4046466532251405, 0.2702107074565756, 0.007448685839370306, 0.62956219908885, 0.679957665624736, 0.6925302985362016, 0.7861580720986567, 0.7120961469117103, 0.6006662137643264], [-0.055110011169838824, 1.2293027030042973, 0.0, 0.189369473510876, 0.6290210538339243, 0.12404030735031346, 0.345015794584009, 0.6871226607110839, 0.36389864496290736, 0.25706310694261925, 0.007336964783822175, 0.6100799940586961, 0.6482892764118001, 0.6598649894355254, 0.7745431898217977, 0.6960000849379503, 0.5932575442816814], [0.3922869706339158, 1.204118192441398, 0.0, 0.25264110008905694, 0.6263077912194785, 0.12214164428488067, 0.3745318801092708, 0.6885084671877821, 0.35782958572638757, 0.24901824649352067, 0.007448685839370306, 0.5950493914162096, 0.632488186749357, 0.6456011949729213, 0.7721665349618759, 0.6818812060875563, 0.5828958597215359], [0.12037935752038909, 1.5386258576344092, 0.0, 0.20927582863189068, 0.6765386099211028, 0.12269218952610564, 0.3914567467785176, 0.6886680016437409, 0.3526792053237504, 0.30167820347984997, 0.007336964783822175, 0.6128305008818367, 0.6579456591302367, 0.6789895952693578, 0.7740313331834305, 0.706444822727819, 0.5363345882830198], [-0.2883732845213296, 1.330360701507828, 0.0, 0.18562806382025643, 0.6543686344011139, 0.11968279103927146, 0.42521512496267844, 0.6900543225321805, 0.3410059322093204, 0.2689365819055156, 0.006609306440138685, 0.621809622710709, 0.6667506368294558, 0.6843832141224943, 0.7694006662746594, 0.6844863353198372, 0.5766471435522095], [0.04434522642792471, 1.6283126622759467, 0.0, 0.2624943747724293, 0.7041613315811543, 0.11331627918615043, 0.4727389021580734, 0.692524214786185, 0.29135849330986385, 0.29414279224243645, 0.005935344193631176, 0.5910792809325742, 0.6214377237735647, 0.6366039729813775, 0.7595847912271905, 0.6658615662936146, 0.49366256195379804], [-0.30768107719906324, 1.5375750280660336, 0.0, 0.21934278807847113, 0.700573364049477, 0.1079869405940192, 0.5487951532803365, 0.6931380779065872, 0.2695919857982241, 0.27578322377893727, 0.005822803276368971, 0.6014059845011359, 0.6368581168233008, 0.6512004280564879, 0.7457306794810536, 0.6617520285332354, 0.4974257464893231], [-0.49289098836902356, 1.5985858174692897, 0.0, 0.19780070418666654, 0.7094791025182743, 0.1075905011874127, 0.6137096173145679, 0.6931470874818477, 0.25396133162316703, 0.28054537090409126, 0.005484812216699497, 0.6124462025855915, 0.6516576817696432, 0.6581908277877133, 0.7410565212370754, 0.6607320631216945, 0.4909578977794406]]}