{"labels_1": ["1", "2", "3", "4", "5", "6", "7", "8", "9"], "labels_2": ["1", "2", "3", "4", "5", "6", "7", "8", "9"], "adj_matrix_1": [[0.0, 0.03197, 0.13179, 0.135, 0.01795, 0.15098, 0.127, 0.19842, 0.28867], [0.03197, 0.0, 0.10188, 0.10521, 0.04974, 0.12184, 0.09701, 0.17164, 0.26857], [0.13179, 0.10188, 0.0, 0.00351, 0.14804, 0.02117, 0.00483, 0.07551, 0.18848], [0.135, 0.10521, 0.00351, 0.0, 0.1512, 0.01766, 0.00834, 0.07208, 0.18548], [0.01795, 0.04974, 0.14804, 0.1512, 0.0, 0.16685, 0.14359, 0.2129, 0.29939], [0.15098, 0.12184, 0.02117, 0.01766, 0.16685, 0.0, 0.02598, 0.0547, 0.16989], [0.127, 0.09701, 0.00483, 0.00834, 0.14359, 0.02598, 0.0, 0.08026, 0.19291], [0.19842, 0.17164, 0.07551, 0.07208, 0.2129, 0.0547, 0.08026, 0.0, 0.11896], [0.28867, 0.26857, 0.18848, 0.18548, 0.29939, 0.16989, 0.19291, 0.11896, 0.0]], "adj_matrix_2": [[0.0, 0.23886, 0.16778, 0.03493, 0.17763, 0.22313, 0.07765, 0.26815, 0.27614], [0.23886, 0.0, 0.10033, 0.21621, 0.32006, 0.02706, 0.18472, 0.07202, 0.12937], [0.16778, 0.10033, 0.0, 0.1374, 0.29623, 0.07482, 0.09744, 0.16235, 0.20421], [0.03493, 0.21621, 0.1374, 0.0, 0.20683, 0.19816, 0.04332, 0.25267, 0.26728], [0.17763, 0.32006, 0.29623, 0.20683, 0.0, 0.31777, 0.23975, 0.31304, 0.29051], [0.22313, 0.02706, 0.07482, 0.19816, 0.31777, 0.0, 0.16401, 0.09747, 0.15138], [0.07765, 0.18472, 0.09744, 0.04332, 0.23975, 0.16401, 0.0, 0.22981, 0.25279], [0.26815, 0.07202, 0.16235, 0.25267, 0.31304, 0.09747, 0.22981, 0.0, 0.0631], [0.27614, 0.12937, 0.20421, 0.26728, 0.29051, 0.15138, 0.25279, 0.0631, 0.0]], "features_1": [[0.1268530437352937, 1.1662706937571223, 0.0, 0.2141493796668851, 0.5958249806955483, 0.13103254341567988, 0.21578515686959393, 0.679591274788224, 0.39397044332056885, 0.2545140440550575, 0.007671947615560004, 0.6150420387728803, 0.6549899507298867, 0.6695803181910215, 0.7765558404745182, 0.6897488249057855, 0.5679473132987908], [0.3490067920080926, 1.1506534063801181, 0.0, 0.18438790015305917, 0.5910783268013379, 0.13412648428953927, 0.19380892276445394, 0.6762381788851065, 0.4147821961993805, 0.2551591962807025, 0.007727725548673403, 0.6116816198034787, 0.6379433522193605, 0.6615824466794267, 0.7813487461666009, 0.7084534998489276, 0.5850149822928109], [0.33219086556051547, 1.2795584022898954, 0.0, 0.20955955695241915, 0.6205200525771356, 0.12919177726740944, 0.19525299080994712, 0.6806840944805475, 0.3889217907879814, 0.2689279597710583, 0.00711334193318236, 0.6144249014724572, 0.629532704297657, 0.6442458230722617, 0.7693188973413491, 0.6760960690139162, 0.563892945749161], [0.10142566058655644, 1.329793949121726, 0.0, 0.22801836192918304, 0.6354117765229489, 0.12482141420769385, 0.2438907643894744, 0.6851955414791395, 0.3589097909917327, 0.2707065396170456, 0.007336964783822175, 0.6111425032814042, 0.6363377172573403, 0.6510013669070344, 0.7648318151623003, 0.6821675816759049, 0.5391902513345621], [0.31538238487091164, 1.483463111016513, 0.0, 0.21964092032888802, 0.6633403885227026, 0.12515762197174973, 0.3146856512010757, 0.6863780689135042, 0.3552407410018279, 0.29374026669825004, 0.00716927026363523, 0.6026727614597915, 0.638303457960551, 0.6647898389936558, 0.7753679448222068, 0.7005730938981131, 0.5471778977652054], [0.3590188206661744, 1.4103307509782905, 0.0, 0.25233112849572653, 0.657853030239609, 0.12152577005868685, 0.3013003691987997, 0.6880346538463105, 0.34317284553631433, 0.2747940318844606, 0.00677745458930179, 0.6026146811630135, 0.624390345905627, 0.6234505983231913, 0.7629347210239936, 0.6802048096702239, 0.5632274357629425], [-0.13306007619873572, 1.649614836866787, 0.0, 0.19643421848362566, 0.7009032895446224, 0.11550571387968647, 0.4515099896605932, 0.691875744933648, 0.30145909119682357, 0.30168130978344765, 0.006216428718621936, 0.5967181115842513, 0.6295055031933208, 0.6544033401998582, 0.7621074854810724, 0.6558690167311486, 0.4530643361099605], [-0.024966385410743808, 1.467480873909215, 0.0, 0.2659832029990667, 0.6858550122181367, 0.10946832435507316, 0.44018472617350496, 0.6929810708224637, 0.2852366231573289, 0.2655293755527701, 0.006104040759826512, 0.5978759295258793, 0.6328583975854387, 0.6260658760856476, 0.7417669928020802, 0.6789428809214397, 0.5261746109261553], [-0.236572307607418, 1.5512464791770313, 0.0, 0.2591007728994525, 0.7005630974597439, 0.10526500942287886, 0.44920980809917166, 0.6931120994958179, 0.24736197676764116, 0.26937499757413996, 0.005653876882570019, 0.5989329025246866, 0.6305795918367918, 0.6316862258721708, 0.7302509183697392, 0.6436500110894164, 0.4637808972682948]], "features_2": [[0.27614090679590575, 1.0476905073713025, 0.0, 0.28018302049431176, 0.5752366304527333, 0.13307404008123686, 0.2188619797215985, 0.677653257727332, 0.4173468647385088, 0.23567033948369498, 0.007894969482732161, 0.606776681870947, 0.6471106530616225, 0.657210055304155, 0.7831080124929722, 0.7141502260729055, 0.6212931617986773], [0.3854566827817858, 1.1332051488011177, 0.0, 0.2944387778895556, 0.603385938167708, 0.12687955018771907, 0.31382605444313966, 0.6847911528197179, 0.38095513746521514, 0.24203612559690768, 0.007504523810135222, 0.596337360555677, 0.6516362981692319, 0.6668531467302433, 0.7771003009650206, 0.6991990634215687, 0.6012896452119726], [0.5993687140799344, 1.1812737825350432, 0.0, 0.31088764346083414, 0.6094718957695454, 0.13011183655395211, 0.2347533786581401, 0.6809823515194942, 0.40725098391703374, 0.25386736438278756, 0.00822905385914674, 0.5931477786185968, 0.6320456446350616, 0.6357299324198505, 0.7772806667951443, 0.7059329352287113, 0.6135983569407485], [0.5611553170852943, 1.1220132424263343, 0.0, 0.2756135174150506, 0.5971487694387675, 0.1298716808706777, 0.24855727402251232, 0.6813785654640183, 0.4079698733163968, 0.24290164951518767, 0.007894969482732161, 0.5998588025779488, 0.633319686637087, 0.6406800976355587, 0.7780232143244517, 0.6939642755416222, 0.6080085561284518], [-0.05735850674158938, 1.2787947315400803, 0.0, 0.26664569018607526, 0.6425611934397584, 0.12064217859937368, 0.6794084227823312, 0.6903840362729909, 0.3189563846377217, 0.2520057056121425, 0.006497131753992358, 0.605639072050931, 0.6388808220224605, 0.6609465048365407, 0.766772864740115, 0.6902104775577189, 0.5678647827088948], [1.059103735183144, 1.2377712669869556, 0.0, 0.29623372570769924, 0.629720292024017, 0.12432341088568574, 0.30617545076949637, 0.6864583761796104, 0.37705816747562815, 0.2513418143053736, 0.007225183508792421, 0.5796797633708888, 0.6353602346046903, 0.6503766724028358, 0.7704674675810219, 0.7038427784108587, 0.5969224274922373], [0.8788840572772258, 1.2462418567814493, 0.0, 0.27461291409292554, 0.6392379206379937, 0.11887927564389539, 0.5179492987334591, 0.691007546473744, 0.33708484554155715, 0.2422535302600295, 0.006889477554966383, 0.58448993704532, 0.6270940082284571, 0.6441300002773684, 0.773533038821937, 0.7099319637695254, 0.5626904929253542], [1.337675587721721, 1.2875457662297658, 0.0, 0.28530309340375504, 0.6536175012648171, 0.11434128750664826, 0.3927595287136313, 0.6918820168229097, 0.3083915308623977, 0.23842121214299494, 0.00655322669591385, 0.5598482378076315, 0.6102467442956166, 0.6205945441333296, 0.7543888375549614, 0.6902894236406601, 0.5450245401704087], [1.2858271647735728, 1.2159631343232378, 0.0, 0.31922340964410917, 0.6411192421150732, 0.11330631833094926, 0.5387903098341547, 0.6924149526785759, 0.2927400149532684, 0.2236056668354809, 0.006160242374180447, 0.5639206479864369, 0.6224693612936346, 0.5985402551137669, 0.7546336286386536, 0.6836220084074435, 0.5442936145006733]]}