{"labels_1": ["1", "2", "3", "4", "5", "6", "7", "8", "9"], "labels_2": ["1", "2", "3", "4", "5", "6", "7", "8", "9"], "adj_matrix_1": [[0.0, 0.16783, 0.03842, 0.13134, 0.04458, 0.14266, 0.24405, 0.02467, 0.07954], [0.16783, 0.0, 0.15066, 0.18684, 0.18002, 0.0564, 0.11713, 0.15721, 0.18546], [0.03842, 0.15066, 0.0, 0.15825, 0.08111, 0.11595, 0.23091, 0.01392, 0.11319], [0.13134, 0.18684, 0.15825, 0.0, 0.09398, 0.19703, 0.24426, 0.14932, 0.05962], [0.04458, 0.18002, 0.08111, 0.09398, 0.0, 0.1674, 0.25512, 0.06837, 0.03679], [0.14266, 0.0564, 0.11595, 0.19703, 0.1674, 0.0, 0.15694, 0.1262, 0.18223], [0.24405, 0.11713, 0.23091, 0.24426, 0.25512, 0.15694, 0.0, 0.23721, 0.25615], [0.02467, 0.15721, 0.01392, 0.14932, 0.06837, 0.1262, 0.23721, 0.0, 0.10171], [0.07954, 0.18546, 0.11319, 0.05962, 0.03679, 0.18223, 0.25615, 0.10171, 0.0]], "adj_matrix_2": [[0.0, 0.06397, 0.17774, 0.15554, 0.29378, 0.29047, 0.31917, 0.06477, 0.03109], [0.06397, 0.0, 0.23318, 0.21289, 0.33159, 0.32906, 0.3491, 0.12724, 0.03302], [0.17774, 0.23318, 0.0, 0.02468, 0.15229, 0.14691, 0.19796, 0.11738, 0.20498], [0.15554, 0.21289, 0.02468, 0.0, 0.17389, 0.16876, 0.21727, 0.09371, 0.18364], [0.29378, 0.33159, 0.15229, 0.17389, 0.0, 0.00614, 0.05474, 0.24941, 0.31284], [0.29047, 0.32906, 0.14691, 0.16876, 0.00614, 0.0, 0.06078, 0.24505, 0.30967], [0.31917, 0.3491, 0.19796, 0.21727, 0.05474, 0.06078, 0.0, 0.28223, 0.33414], [0.06477, 0.12724, 0.11738, 0.09371, 0.24941, 0.24505, 0.28223, 0.0, 0.09538], [0.03109, 0.03302, 0.20498, 0.18364, 0.31284, 0.30967, 0.33414, 0.09538, 0.0]], "features_1": [[0.4714635506007987, 1.1189899468807498, 0.0, 0.27236640006861407, 0.5969065336123233, 0.13096844001936078, 0.267286831037233, 0.6813314042463184, 0.3909962655596462, 0.24459580985667495, 0.007448685839370306, 0.5965658979952244, 0.6540093886388041, 0.6741517040654115, 0.7845560328334511, 0.7157664013001585, 0.587991159515982], [1.0382324378836438, 1.2395841690880995, 0.0, 0.29808573288661067, 0.6296694556728217, 0.12550462777449037, 0.38213884276941884, 0.6869911152187962, 0.3777801920431374, 0.2585190469004772, 0.0069454663283523566, 0.5741388304869561, 0.6543042343141401, 0.6796032321416156, 0.781545890922411, 0.7057987300647555, 0.5681725255159166], [0.6243787845065163, 1.3282481194485947, 0.0, 0.265663817329164, 0.6451192046517479, 0.12525943538715717, 0.3083066074381513, 0.6862420071053323, 0.3772592881968788, 0.272119346647675, 0.007336964783822175, 0.5874520797987164, 0.6452505573841332, 0.6624812033859577, 0.7743793992006323, 0.6843186578194244, 0.5682267742667604], [0.5162871047967363, 1.3447050017656814, 0.0, 0.251638074145355, 0.6478442364916527, 0.12373320712219346, 0.3119615793796363, 0.6872926600189606, 0.3642950101504199, 0.27149670574023554, 0.007225183508792421, 0.5866804290758303, 0.6381786328703308, 0.6556817600174951, 0.7710759405864075, 0.6943623231035088, 0.5598825821864396], [0.8762164898121867, 1.5488446062701122, 0.0, 0.26687905145293084, 0.6910103442654902, 0.11702710408759877, 0.505580637986877, 0.6916450417928466, 0.3241974885184049, 0.2860382597909461, 0.006384896235913207, 0.5699563079458181, 0.6358197695829582, 0.6516178528101314, 0.7671538215814679, 0.6857889966324604, 0.521430739159588], [1.2652683285988902, 1.4956853435171473, 0.0, 0.28876119805230144, 0.6867436853094251, 0.11576108872489652, 0.4469758462269482, 0.6918756061322987, 0.33746218757163593, 0.27883756079655386, 0.007225183508792421, 0.5627443608973035, 0.6292839841648437, 0.6309710389948445, 0.7631506971556956, 0.6907255870729925, 0.5495531774470743], [0.3073057933642356, 1.8194301824160328, 0.0, 0.2591409679699466, 0.7221275322218882, 0.11763025513183839, 0.3904828186092054, 0.6911348680926174, 0.32603886508904356, 0.3260637746473414, 0.0069454663283523566, 0.5888781660613138, 0.6325658774196585, 0.6382190133934043, 0.7639564264899679, 0.6945700122485021, 0.4961320766900529], [1.6034969154167795, 1.4680360887652046, 0.0, 0.3010434975711738, 0.6945535779413456, 0.10511658011451552, 0.5718710110092509, 0.6930399455371719, 0.26896664818195837, 0.2521842059082371, 0.006328755639155359, 0.5450639653031497, 0.6179262556551807, 0.6286321747249585, 0.7374856303738015, 0.6697541157854922, 0.5089896172914379], [0.8511500797486051, 1.5516981493970872, 0.0, 0.28201976947533813, 0.6989147010153932, 0.10824504462203174, 0.5152669881684127, 0.6931031371130179, 0.26701760938826835, 0.26620920721042673, 0.006104040759826512, 0.5594471605260329, 0.6226727687943778, 0.6121634160356284, 0.7399030602162544, 0.6817166281981707, 0.5097363731101341]], "features_2": [[-0.15527216196066984, 0.9940271480882658, 0.0, 0.18714343294968383, 0.5616461925010066, 0.1373225365447842, 0.26840920802358215, 0.6756455910868492, 0.43804386676452745, 0.23485378493924158, 0.007727725548673403, 0.6319982546425638, 0.6901593024005154, 0.7164609433472897, 0.796788269873423, 0.712990166999342, 0.6101185322850979], [-0.5341026589002085, 1.025748189890192, 0.0, 0.1944751262988654, 0.5722289466303119, 0.1329194374812634, 0.3479604564187163, 0.6807248458470059, 0.4123651871249179, 0.2356230848453018, 0.007281081678807366, 0.6347959861361969, 0.6672252704269953, 0.689824678406371, 0.7934579382687347, 0.6997962853318793, 0.608081970336545], [-0.061616966084671265, 1.078937754820202, 0.0, 0.19170421049411157, 0.5880349567125036, 0.131280237536613, 0.2627159117986729, 0.6810191592057295, 0.3981733330582107, 0.24179382852170828, 0.00716927026363523, 0.6225765173212237, 0.6611192014154321, 0.691982756989218, 0.7839877410633148, 0.6936466289696389, 0.6114208073135572], [-0.10658473825687587, 1.01793270512818, 0.0, 0.1578611314611801, 0.572663515246517, 0.1332386203933192, 0.2662395565323628, 0.6792912300209639, 0.4129979095971097, 0.23385619178310124, 0.007504523810135222, 0.6274447859234265, 0.6618410664995857, 0.6913447537288229, 0.7891500916848198, 0.685466824763464, 0.6137521219165042], [-0.13002640407477806, 1.3807433109939096, 0.0, 0.24472979537863437, 0.6527810749350706, 0.11887564311431523, 0.4349965183897687, 0.6905946156187933, 0.3381202696081753, 0.2743113396652923, 0.00716927026363523, 0.6068373069260695, 0.6512755480823849, 0.6627877582995036, 0.7710740721518219, 0.6942115038206953, 0.5266675699579731], [0.18055551140915682, 1.2139425640926775, 0.0, 0.23779815920831343, 0.6260930454115172, 0.12126031745985694, 0.33010114429252224, 0.6887741141372969, 0.34354287285526897, 0.24808749663533458, 0.0069454663283523566, 0.5963183842853856, 0.6416304467159071, 0.6684530842889479, 0.7667110433568761, 0.6712183077801414, 0.5873218659591383], [0.003324100086210535, 1.2496890697380236, 0.0, 0.19486558742391297, 0.6213721719273259, 0.12799654130283802, 0.31611608486515974, 0.6841197533955357, 0.38204915658997796, 0.266565388634906, 0.007448685839370306, 0.6210722284276275, 0.6659009859840307, 0.6921386076050605, 0.7829614159149237, 0.6951544627946881, 0.5658354664528833], [-0.30080919136661377, 1.3907851339494843, 0.0, 0.1988902768852228, 0.6697908718762479, 0.11201398901924531, 0.4115232878352785, 0.6925568993106183, 0.29127597067929334, 0.2608742913429516, 0.005991591679928909, 0.6107447701879936, 0.6453826850439602, 0.6493240792471356, 0.7486229523773095, 0.6757267782833493, 0.5041138299935464], [-0.4189315253642696, 1.2976630920962016, 0.0, 0.21602623896451773, 0.6454301051715171, 0.11625535169832518, 0.3278755600847674, 0.6909118472305315, 0.3093958208581431, 0.25614952981317596, 0.00655322669591385, 0.6150218069896716, 0.6373233474528762, 0.6463179397035538, 0.7538711416910264, 0.6472656066927104, 0.5203339021646778]]}