{"labels_1": ["1", "2", "3", "4", "5", "6", "7", "8", "9"], "labels_2": ["1", "2", "3", "4", "5", "6", "7", "8", "9"], "adj_matrix_1": [[0.0, 0.31912, 0.06028, 0.04407, 0.32497, 0.01461, 0.17923, 0.32952, 0.21081], [0.31912, 0.0, 0.28843, 0.33784, 0.13148, 0.31207, 0.20448, 0.05005, 0.17475], [0.06028, 0.28843, 0.0, 0.10353, 0.31506, 0.0458, 0.12386, 0.30641, 0.1582], [0.04407, 0.33784, 0.10353, 0.0, 0.32946, 0.05857, 0.21741, 0.34296, 0.24659], [0.32497, 0.13148, 0.31506, 0.32946, 0.0, 0.32304, 0.27602, 0.08599, 0.25904], [0.01461, 0.31207, 0.0458, 0.05857, 0.32304, 0.0, 0.16627, 0.32442, 0.19857], [0.17923, 0.20448, 0.12386, 0.21741, 0.27602, 0.16627, 0.0, 0.23794, 0.03738], [0.32952, 0.05005, 0.30641, 0.34296, 0.08599, 0.32442, 0.23794, 0.0, 0.21228], [0.21081, 0.17475, 0.1582, 0.24659, 0.25904, 0.19857, 0.03738, 0.21228, 0.0]], "adj_matrix_2": [[0.0, 0.31008, 0.07929, 0.23693, 0.16146, 0.24338, 0.15625, 0.27224, 0.31424], [0.31008, 0.0, 0.26501, 0.12649, 0.20326, 0.11838, 0.20798, 0.07706, 0.01233], [0.07929, 0.26501, 0.0, 0.17083, 0.08635, 0.17845, 0.08067, 0.21367, 0.27156], [0.23693, 0.12649, 0.17083, 0.0, 0.09008, 0.00888, 0.09582, 0.0524, 0.13742], [0.16146, 0.20326, 0.08635, 0.09008, 0.0, 0.09865, 0.00589, 0.13926, 0.21236], [0.24338, 0.11838, 0.17845, 0.00888, 0.09865, 0.0, 0.10433, 0.04365, 0.12951], [0.15625, 0.20798, 0.08067, 0.09582, 0.00589, 0.10433, 0.0, 0.14465, 0.21688], [0.27224, 0.07706, 0.21367, 0.0524, 0.13926, 0.04365, 0.14465, 0.0, 0.08887], [0.31424, 0.01233, 0.27156, 0.13742, 0.21236, 0.12951, 0.21688, 0.08887, 0.0]], "features_1": [[-0.0818286814892728, 1.0279439560454535, 0.0, 0.25083883267803797, 0.5559248484495801, 0.14206747753066215, 0.17184130008472637, 0.6633938011996201, 0.46969666121883535, 0.24820032632897693, 0.00839589484089287, 0.6374214795573212, 0.637403425743038, 0.6644802484512635, 0.7816937702221108, 0.6885719572226605, 0.6118304383939404], [0.36791242867034457, 1.166198946040438, 0.0, 0.23605715732037993, 0.5970651090478865, 0.13163558477071072, 0.263555882099719, 0.6790952343371204, 0.39694729508068005, 0.25169467805268564, 0.007504523810135222, 0.6067954872984513, 0.6356666258547683, 0.6426949739497981, 0.7790519918103748, 0.6950895387336955, 0.6018497413311704], [0.15946334399238227, 1.1351730708827117, 0.0, 0.268366252397725, 0.5911857656599895, 0.13406061720817894, 0.23174052365283515, 0.6754545223399164, 0.4166606136698552, 0.2509501798510412, 0.007616154688146137, 0.6221354974592643, 0.6422916788053549, 0.6555278959713028, 0.7761836047522197, 0.6850684864959324, 0.6062251662607088], [-0.0344996448744781, 1.0733085282330124, 0.0, 0.23386629770939232, 0.5775367029721363, 0.1341490072646822, 0.2316618230220932, 0.6757410524123937, 0.4273697704288282, 0.24389358589515298, 0.007950687539111767, 0.6272298302164154, 0.657870068138324, 0.6682991239516057, 0.7794585617700116, 0.6883028687668195, 0.6101867578620592], [1.0841161387146947, 1.4918541879211626, 0.0, 0.28517520466307317, 0.6736232246933542, 0.11815906637460503, 0.4902117239975105, 0.6907230806009542, 0.33760102928831826, 0.27207853422867356, 0.0069454663283523566, 0.5882138574666929, 0.6255086978256938, 0.5928159684592964, 0.770556358406156, 0.6930717263156865, 0.5312942978505946], [0.03597627175944851, 1.200360929237061, 0.0, 0.24538175399849893, 0.6246954354586403, 0.12091086149481468, 0.46344463915234896, 0.6891201895139976, 0.3476616145641609, 0.24093529414810577, 0.006721420376576193, 0.6084048607073425, 0.627615436540099, 0.6500746853938509, 0.7695784369574865, 0.6753251241170027, 0.5857731131285269], [0.049242160414491476, 1.4694626781609086, 0.0, 0.1682061497055266, 0.6775018881654661, 0.11498167229250776, 0.46458196228421683, 0.6919560694300664, 0.3113718052842389, 0.2733265749674165, 0.006497131753992358, 0.597660806554889, 0.6350588511855186, 0.6351313079044576, 0.7632850192093186, 0.6912586344028836, 0.5066957345997767], [0.30712177222668924, 1.3608608915394305, 0.0, 0.28490076325325947, 0.6662951188269596, 0.10946975792116229, 0.48999186295002845, 0.6929486155738782, 0.28923889437471284, 0.2504985468493166, 0.006497131753992358, 0.5897639892154594, 0.636567541960214, 0.6531525712215374, 0.7465697502691317, 0.6695592194517329, 0.5072588542984309], [-0.22148658487518347, 1.4245421718109348, 0.0, 0.21809597454083096, 0.6791342149323852, 0.10638274353127573, 0.4501429653461827, 0.6931408578192206, 0.2689968849530677, 0.25656524718390084, 0.006216428718621936, 0.5955699457175401, 0.6358343549337048, 0.6542794890549699, 0.7359771756680142, 0.6611609671342381, 0.479881183198287]], "features_2": [[0.07201882607333365, 0.9121515942090673, 0.0, 0.24718719584416565, 0.5370707763259254, 0.13339256260457144, 0.13736326031915666, 0.6744098395667514, 0.387083724289609, 0.2075020435069248, 0.007448685839370306, 0.6244840966759588, 0.6374471598367788, 0.6523276404821697, 0.7736101873943154, 0.692368306208212, 0.6154971352000135], [0.26253229857457816, 1.0627104520179746, 0.0, 0.23579616812768386, 0.5730238328896994, 0.13104078223888038, 0.24214145987059865, 0.6794681902563269, 0.3809384129178741, 0.23209304255370067, 0.007504523810135222, 0.5948170848358403, 0.6433917564346322, 0.6704457156812953, 0.775172587197273, 0.6959220235608522, 0.5893384749255574], [0.32626547573904974, 1.0259610824408147, 0.0, 0.2519019752973923, 0.5693726449882038, 0.13111537788810057, 0.13551763709469428, 0.6775475252295591, 0.392298849622003, 0.22645252496924728, 0.007671947615560004, 0.6140070621625995, 0.6320924370928303, 0.6486307395380084, 0.7668902500089448, 0.6747438382394092, 0.616856442122559], [0.523751615197257, 0.9245787816234742, 0.0, 0.23498619962996814, 0.5464001088899947, 0.13177429986336162, 0.19306859566099774, 0.6779809344246754, 0.40009280139587444, 0.20756317976721572, 0.008117752083540042, 0.6043867752498917, 0.6282980469176677, 0.6523367407889811, 0.7751606339202884, 0.7100746315686425, 0.6237491398966692], [0.12658309258782774, 1.4145226865380258, 0.0, 0.18994276445320224, 0.6583221096222953, 0.12068112725210439, 0.4301588349429579, 0.6898088324004075, 0.3319211633735142, 0.2725553275967558, 0.006497131753992358, 0.5996928002585413, 0.629169113144241, 0.6429504353159369, 0.7683680743770429, 0.6920919613039681, 0.5435159934837298], [0.3162298536950523, 1.0538310952078018, 0.0, 0.24905650602980484, 0.5765957057789448, 0.13046412198968757, 0.19636305127944453, 0.6800424924682809, 0.40391195505349486, 0.23357588320144074, 0.007894969482732161, 0.6083147261431237, 0.6317506796602207, 0.6496102827031759, 0.7742691006587601, 0.689015105341108, 0.6153042581878475], [0.07867249996394365, 1.3044964691606644, 0.0, 0.22757716813739232, 0.6410755914317542, 0.12028884577463851, 0.484581734433872, 0.6900134791102313, 0.34535206030209165, 0.25993602472287103, 0.006889477554966383, 0.6065231857700808, 0.648140507797254, 0.6589396226597496, 0.7718615299715604, 0.6847383196528856, 0.5261935092932957], [0.7336113206785897, 1.1954525776105833, 0.0, 0.31818422792519024, 0.6294085067119493, 0.11603085055343532, 0.3977741492480142, 0.6917124001739723, 0.3336514292708692, 0.23420120584349613, 0.006497131753992358, 0.5825253246621434, 0.6348161844547219, 0.6480811064004154, 0.7623532439815417, 0.6940205818707456, 0.5796441451381315], [0.4202130228835603, 1.1915338349851532, 0.0, 0.29719279486630706, 0.6261018356475103, 0.11555524501942513, 0.40314164602894137, 0.6918007457415962, 0.32291167434522516, 0.23386697751790142, 0.006497131753992358, 0.5900729893533883, 0.6484853771010914, 0.6650261109012365, 0.7604161576532275, 0.6882621970439255, 0.5571407755106993]]}