{"labels_1": ["1", "2", "3", "4", "5", "6", "7", "8", "9"], "labels_2": ["1", "2", "3", "4", "5", "6", "7", "8", "9"], "adj_matrix_1": [[0.0, 0.31912, 0.06028, 0.04407, 0.32497, 0.01461, 0.17923, 0.32952, 0.21081], [0.31912, 0.0, 0.28843, 0.33784, 0.13148, 0.31207, 0.20448, 0.05005, 0.17475], [0.06028, 0.28843, 0.0, 0.10353, 0.31506, 0.0458, 0.12386, 0.30641, 0.1582], [0.04407, 0.33784, 0.10353, 0.0, 0.32946, 0.05857, 0.21741, 0.34296, 0.24659], [0.32497, 0.13148, 0.31506, 0.32946, 0.0, 0.32304, 0.27602, 0.08599, 0.25904], [0.01461, 0.31207, 0.0458, 0.05857, 0.32304, 0.0, 0.16627, 0.32442, 0.19857], [0.17923, 0.20448, 0.12386, 0.21741, 0.27602, 0.16627, 0.0, 0.23794, 0.03738], [0.32952, 0.05005, 0.30641, 0.34296, 0.08599, 0.32442, 0.23794, 0.0, 0.21228], [0.21081, 0.17475, 0.1582, 0.24659, 0.25904, 0.19857, 0.03738, 0.21228, 0.0]], "adj_matrix_2": [[0.0, 0.31991, 0.1425, 0.0509, 0.21718, 0.20889, 0.31981, 0.2805, 0.31411], [0.31991, 0.0, 0.2546, 0.33448, 0.21218, 0.20454, 0.05498, 0.11754, 0.03468], [0.1425, 0.2546, 0.0, 0.18856, 0.24127, 0.07618, 0.27599, 0.17299, 0.23569], [0.0509, 0.33448, 0.18856, 0.0, 0.20713, 0.24935, 0.32756, 0.31011, 0.3331], [0.21718, 0.21218, 0.24127, 0.20713, 0.0, 0.24794, 0.18478, 0.24423, 0.22497], [0.20889, 0.20454, 0.07618, 0.24935, 0.24794, 0.0, 0.23734, 0.10412, 0.17922], [0.31981, 0.05498, 0.27599, 0.32756, 0.18478, 0.23734, 0.0, 0.16399, 0.08829], [0.2805, 0.11754, 0.17299, 0.31011, 0.24423, 0.10412, 0.16399, 0.0, 0.08542], [0.31411, 0.03468, 0.23569, 0.3331, 0.22497, 0.17922, 0.08829, 0.08542, 0.0]], "features_1": [[-0.0818286814892728, 1.0279439560454535, 0.0, 0.25083883267803797, 0.5559248484495801, 0.14206747753066215, 0.17184130008472637, 0.6633938011996201, 0.46969666121883535, 0.24820032632897693, 0.00839589484089287, 0.6374214795573212, 0.637403425743038, 0.6644802484512635, 0.7816937702221108, 0.6885719572226605, 0.6118304383939404], [0.36791242867034457, 1.166198946040438, 0.0, 0.23605715732037993, 0.5970651090478865, 0.13163558477071072, 0.263555882099719, 0.6790952343371204, 0.39694729508068005, 0.25169467805268564, 0.007504523810135222, 0.6067954872984513, 0.6356666258547683, 0.6426949739497981, 0.7790519918103748, 0.6950895387336955, 0.6018497413311704], [0.15946334399238227, 1.1351730708827117, 0.0, 0.268366252397725, 0.5911857656599895, 0.13406061720817894, 0.23174052365283515, 0.6754545223399164, 0.4166606136698552, 0.2509501798510412, 0.007616154688146137, 0.6221354974592643, 0.6422916788053549, 0.6555278959713028, 0.7761836047522197, 0.6850684864959324, 0.6062251662607088], [-0.0344996448744781, 1.0733085282330124, 0.0, 0.23386629770939232, 0.5775367029721363, 0.1341490072646822, 0.2316618230220932, 0.6757410524123937, 0.4273697704288282, 0.24389358589515298, 0.007950687539111767, 0.6272298302164154, 0.657870068138324, 0.6682991239516057, 0.7794585617700116, 0.6883028687668195, 0.6101867578620592], [1.0841161387146947, 1.4918541879211626, 0.0, 0.28517520466307317, 0.6736232246933542, 0.11815906637460503, 0.4902117239975105, 0.6907230806009542, 0.33760102928831826, 0.27207853422867356, 0.0069454663283523566, 0.5882138574666929, 0.6255086978256938, 0.5928159684592964, 0.770556358406156, 0.6930717263156865, 0.5312942978505946], [0.03597627175944851, 1.200360929237061, 0.0, 0.24538175399849893, 0.6246954354586403, 0.12091086149481468, 0.46344463915234896, 0.6891201895139976, 0.3476616145641609, 0.24093529414810577, 0.006721420376576193, 0.6084048607073425, 0.627615436540099, 0.6500746853938509, 0.7695784369574865, 0.6753251241170027, 0.5857731131285269], [0.049242160414491476, 1.4694626781609086, 0.0, 0.1682061497055266, 0.6775018881654661, 0.11498167229250776, 0.46458196228421683, 0.6919560694300664, 0.3113718052842389, 0.2733265749674165, 0.006497131753992358, 0.597660806554889, 0.6350588511855186, 0.6351313079044576, 0.7632850192093186, 0.6912586344028836, 0.5066957345997767], [0.30712177222668924, 1.3608608915394305, 0.0, 0.28490076325325947, 0.6662951188269596, 0.10946975792116229, 0.48999186295002845, 0.6929486155738782, 0.28923889437471284, 0.2504985468493166, 0.006497131753992358, 0.5897639892154594, 0.636567541960214, 0.6531525712215374, 0.7465697502691317, 0.6695592194517329, 0.5072588542984309], [-0.22148658487518347, 1.4245421718109348, 0.0, 0.21809597454083096, 0.6791342149323852, 0.10638274353127573, 0.4501429653461827, 0.6931408578192206, 0.2689968849530677, 0.25656524718390084, 0.006216428718621936, 0.5955699457175401, 0.6358343549337048, 0.6542794890549699, 0.7359771756680142, 0.6611609671342381, 0.479881183198287]], "features_2": [[-0.06243814590162167, 0.9065668973878019, 0.0, 0.262377777721477, 0.5398798971421904, 0.1348226743650215, 0.2607999122907231, 0.6777212466676811, 0.43381055904238974, 0.2119871005060514, 0.008062078829516484, 0.635784290188643, 0.6508453403912052, 0.6847264904420997, 0.7931655870013348, 0.7042154019993411, 0.6156630526572057], [0.806654958078592, 0.9271456087457779, 0.0, 0.2394583418689713, 0.5412598674058975, 0.1365018230630203, 0.2002525821575624, 0.6744215628318679, 0.4242359265378719, 0.21180726824083917, 0.007616154688146137, 0.5932806132631832, 0.6450178304169937, 0.6706250769671169, 0.7860139375128843, 0.7120107270204387, 0.6182609283365537], [-0.10299754754376567, 0.9429717743529066, 0.0, 0.2199125060882895, 0.5611712226890825, 0.12955456424304995, 0.3047139454427139, 0.6835715874839685, 0.39955302401725157, 0.21048378985035887, 0.007616154688146137, 0.6161239659937314, 0.6405974478350572, 0.6639493608555113, 0.7848732253963884, 0.7013957414498907, 0.6123669753010412], [-0.1253930871460449, 0.9100496016105047, 0.0, 0.23366264384860508, 0.552217825017218, 0.12691311162494512, 0.3442226602549866, 0.685734627974813, 0.3910491412767978, 0.20289693063796221, 0.00716927026363523, 0.6246452279547592, 0.6391144356267224, 0.6785130834258021, 0.7835675641991356, 0.6905249227810102, 0.6115989899675174], [1.4519502767920693, 1.0534210212410033, 0.0, 0.2771239750534514, 0.5835148721744471, 0.12679948852475972, 0.39326406923249807, 0.6854662137081675, 0.36836141152183255, 0.21931362311869873, 0.00716927026363523, 0.5734545617353555, 0.6347270996247324, 0.6582270868724284, 0.7710056236534392, 0.677455762287295, 0.5824966696774752], [0.03641917988742893, 0.9676872813199029, 0.0, 0.23489752107342698, 0.575107793522271, 0.1249284383814437, 0.3726419216892033, 0.6877667828762588, 0.3802165153573873, 0.21040583116790756, 0.007504523810135222, 0.6037767566472554, 0.6571501709448815, 0.6902103208866356, 0.7806453113482541, 0.6803474614122685, 0.6092018659819679], [0.3395970675499558, 0.9673888882822896, 0.0, 0.28462792633991246, 0.5821937361365975, 0.11521383405458308, 0.5251212520059447, 0.6924031684714966, 0.3274875648661959, 0.1923961979802724, 0.00683347364535547, 0.579898756624579, 0.644576641054537, 0.6497974042995648, 0.7668040794879627, 0.6709228132241024, 0.5509495911758469], [0.3381459730297496, 1.0510238683067332, 0.0, 0.28118359743657, 0.6019959423567367, 0.11715639205008319, 0.4929022552724156, 0.6915840071050279, 0.3207691616139796, 0.20760700245953534, 0.006216428718621936, 0.584467436276398, 0.6397130840900882, 0.6389936534389423, 0.7633609305008774, 0.6729982888539143, 0.6006429311262381], [0.2061792189086975, 1.076594810914925, 0.0, 0.27891760255115533, 0.6126916786320661, 0.11244955547483376, 0.4967729887147122, 0.6928151133577005, 0.30548483414035976, 0.20824360060944103, 0.00655322669591385, 0.5845226667631032, 0.6343259573781305, 0.651600794485644, 0.754837505241498, 0.6605725135861693, 0.5724315736572073]]}