{"labels_1": ["1", "2", "3", "4", "5", "6", "7", "8", "9"], "labels_2": ["1", "2", "3", "4", "5", "6", "7", "8", "9"], "adj_matrix_1": [[0.0, 0.31912, 0.06028, 0.04407, 0.32497, 0.01461, 0.17923, 0.32952, 0.21081], [0.31912, 0.0, 0.28843, 0.33784, 0.13148, 0.31207, 0.20448, 0.05005, 0.17475], [0.06028, 0.28843, 0.0, 0.10353, 0.31506, 0.0458, 0.12386, 0.30641, 0.1582], [0.04407, 0.33784, 0.10353, 0.0, 0.32946, 0.05857, 0.21741, 0.34296, 0.24659], [0.32497, 0.13148, 0.31506, 0.32946, 0.0, 0.32304, 0.27602, 0.08599, 0.25904], [0.01461, 0.31207, 0.0458, 0.05857, 0.32304, 0.0, 0.16627, 0.32442, 0.19857], [0.17923, 0.20448, 0.12386, 0.21741, 0.27602, 0.16627, 0.0, 0.23794, 0.03738], [0.32952, 0.05005, 0.30641, 0.34296, 0.08599, 0.32442, 0.23794, 0.0, 0.21228], [0.21081, 0.17475, 0.1582, 0.24659, 0.25904, 0.19857, 0.03738, 0.21228, 0.0]], "adj_matrix_2": [[0.0, 0.38799, 0.25562, 0.21615, 0.04339, 0.15992, 0.24052, 0.22789, 0.19273], [0.38799, 0.0, 0.25668, 0.29739, 0.38565, 0.33993, 0.23734, 0.28614, 0.31699], [0.25562, 0.25668, 0.0, 0.0541, 0.28, 0.12041, 0.27523, 0.03837, 0.08288], [0.21615, 0.29739, 0.0541, 0.0, 0.24562, 0.06802, 0.2778, 0.01584, 0.02927], [0.04339, 0.38565, 0.28, 0.24562, 0.0, 0.19528, 0.22139, 0.25609, 0.22497], [0.15992, 0.33993, 0.12041, 0.06802, 0.19528, 0.0, 0.27625, 0.0835, 0.03905], [0.24052, 0.23734, 0.27523, 0.2778, 0.22139, 0.27625, 0.0, 0.27703, 0.27761], [0.22789, 0.28614, 0.03837, 0.01584, 0.25609, 0.0835, 0.27703, 0.0, 0.04504], [0.19273, 0.31699, 0.08288, 0.02927, 0.22497, 0.03905, 0.27761, 0.04504, 0.0]], "features_1": [[-0.0818286814892728, 1.0279439560454535, 0.0, 0.25083883267803797, 0.5559248484495801, 0.14206747753066215, 0.17184130008472637, 0.6633938011996201, 0.46969666121883535, 0.24820032632897693, 0.00839589484089287, 0.6374214795573212, 0.637403425743038, 0.6644802484512635, 0.7816937702221108, 0.6885719572226605, 0.6118304383939404], [0.36791242867034457, 1.166198946040438, 0.0, 0.23605715732037993, 0.5970651090478865, 0.13163558477071072, 0.263555882099719, 0.6790952343371204, 0.39694729508068005, 0.25169467805268564, 0.007504523810135222, 0.6067954872984513, 0.6356666258547683, 0.6426949739497981, 0.7790519918103748, 0.6950895387336955, 0.6018497413311704], [0.15946334399238227, 1.1351730708827117, 0.0, 0.268366252397725, 0.5911857656599895, 0.13406061720817894, 0.23174052365283515, 0.6754545223399164, 0.4166606136698552, 0.2509501798510412, 0.007616154688146137, 0.6221354974592643, 0.6422916788053549, 0.6555278959713028, 0.7761836047522197, 0.6850684864959324, 0.6062251662607088], [-0.0344996448744781, 1.0733085282330124, 0.0, 0.23386629770939232, 0.5775367029721363, 0.1341490072646822, 0.2316618230220932, 0.6757410524123937, 0.4273697704288282, 0.24389358589515298, 0.007950687539111767, 0.6272298302164154, 0.657870068138324, 0.6682991239516057, 0.7794585617700116, 0.6883028687668195, 0.6101867578620592], [1.0841161387146947, 1.4918541879211626, 0.0, 0.28517520466307317, 0.6736232246933542, 0.11815906637460503, 0.4902117239975105, 0.6907230806009542, 0.33760102928831826, 0.27207853422867356, 0.0069454663283523566, 0.5882138574666929, 0.6255086978256938, 0.5928159684592964, 0.770556358406156, 0.6930717263156865, 0.5312942978505946], [0.03597627175944851, 1.200360929237061, 0.0, 0.24538175399849893, 0.6246954354586403, 0.12091086149481468, 0.46344463915234896, 0.6891201895139976, 0.3476616145641609, 0.24093529414810577, 0.006721420376576193, 0.6084048607073425, 0.627615436540099, 0.6500746853938509, 0.7695784369574865, 0.6753251241170027, 0.5857731131285269], [0.049242160414491476, 1.4694626781609086, 0.0, 0.1682061497055266, 0.6775018881654661, 0.11498167229250776, 0.46458196228421683, 0.6919560694300664, 0.3113718052842389, 0.2733265749674165, 0.006497131753992358, 0.597660806554889, 0.6350588511855186, 0.6351313079044576, 0.7632850192093186, 0.6912586344028836, 0.5066957345997767], [0.30712177222668924, 1.3608608915394305, 0.0, 0.28490076325325947, 0.6662951188269596, 0.10946975792116229, 0.48999186295002845, 0.6929486155738782, 0.28923889437471284, 0.2504985468493166, 0.006497131753992358, 0.5897639892154594, 0.636567541960214, 0.6531525712215374, 0.7465697502691317, 0.6695592194517329, 0.5072588542984309], [-0.22148658487518347, 1.4245421718109348, 0.0, 0.21809597454083096, 0.6791342149323852, 0.10638274353127573, 0.4501429653461827, 0.6931408578192206, 0.2689968849530677, 0.25656524718390084, 0.006216428718621936, 0.5955699457175401, 0.6358343549337048, 0.6542794890549699, 0.7359771756680142, 0.6611609671342381, 0.479881183198287]], "features_2": [[0.15123225750295344, 0.8905134017212504, 0.0, 0.2685556861417528, 0.5362779267499188, 0.1346024861543083, 0.20378545070140747, 0.6756497581033627, 0.4141450029925269, 0.20742112263666268, 0.007616154688146137, 0.6127080843517154, 0.6435772130587005, 0.6434591775563911, 0.7860144339801818, 0.6950208048889774, 0.6250291838835254], [-0.03218782535448694, 0.9791319535728398, 0.0, 0.25303032831896355, 0.5626328182548392, 0.131331504819828, 0.2418562549265552, 0.6797809104455594, 0.3901875674990747, 0.2190941931581485, 0.007448685839370306, 0.632432221132891, 0.6544557804966904, 0.6567884868171248, 0.7804977587782619, 0.7003420865668674, 0.6241533816610131], [-0.03114633058008387, 0.9985116710046974, 0.0, 0.267056898995034, 0.5725467501462609, 0.12971804110201496, 0.2601374609555542, 0.6814363036022814, 0.3870502174035333, 0.2220482231071077, 0.007448685839370306, 0.6180742248444375, 0.6571460097365059, 0.6781634213136227, 0.7771491620898886, 0.7048600558718456, 0.621376933621168], [0.24649994181422352, 0.9520345901991686, 0.0, 0.29244036455803, 0.553622435163095, 0.13296697267994292, 0.2645566498831933, 0.6775211872295841, 0.40920972207512185, 0.21535086973683937, 0.007671947615560004, 0.61378074798125, 0.63286100440343, 0.6536783746186894, 0.7792649545776782, 0.6934488216697042, 0.6171908307526385], [0.6610469445707827, 1.1555516095068177, 0.0, 0.28064680242634193, 0.6145853569231067, 0.12300604274231174, 0.5718077460074845, 0.6886568906301527, 0.3526003887358993, 0.2359512545464777, 0.00716927026363523, 0.5888304920633027, 0.6353722198664504, 0.6506895138050143, 0.7726094101882215, 0.6986339642257101, 0.5828851657076883], [0.02035229970546437, 1.0652834328373921, 0.0, 0.27406126315079726, 0.5966974307745986, 0.12490515740051317, 0.45021425928139036, 0.6869765670317123, 0.360235611391716, 0.22537377854331586, 0.007225183508792421, 0.6090206961758391, 0.654085472259354, 0.6862959699612619, 0.7748623433539931, 0.6832504740730411, 0.6038113050473101], [0.8247078877498661, 1.1469117738297718, 0.0, 0.285514761745669, 0.6049718286679652, 0.12772839067038122, 0.4483856687935351, 0.685246598275217, 0.36125022722471356, 0.2357049777864122, 0.007057398507269275, 0.5776191736984886, 0.6420878559673453, 0.6505108182646577, 0.7803856495677438, 0.6901547416628959, 0.5773296456346536], [-0.18666164725476575, 1.1592254073077108, 0.0, 0.24599205798162396, 0.6280568243538828, 0.11701753863033867, 0.8477357711513698, 0.6920779438052949, 0.31476874646365904, 0.22825117743352097, 0.00655322669591385, 0.6033544257590022, 0.6368669995523097, 0.6596867010543968, 0.7631092218539848, 0.6741531304192134, 0.5469025891853481], [-0.18005108236471346, 1.1538493729195476, 0.0, 0.2566863797790048, 0.6250652984988128, 0.11633759473952189, 0.7403032773363236, 0.6920848596990841, 0.30473133535624974, 0.22656529094677214, 0.0066653709969386465, 0.5983208803006308, 0.6485153704523925, 0.6703534874006533, 0.7633263235839979, 0.6831584232950331, 0.5458734512546384]]}