{"labels_1": ["1", "2", "3", "4", "5", "6", "7", "8", "9"], "labels_2": ["1", "2", "3", "4", "5", "6", "7", "8", "9"], "adj_matrix_1": [[0.0, 0.23092, 0.12475, 0.34791, 0.08141, 0.16631, 0.00342, 0.25209, 0.01044], [0.23092, 0.0, 0.15454, 0.25021, 0.25621, 0.11337, 0.23161, 0.27159, 0.22619], [0.12475, 0.15454, 0.0, 0.34109, 0.1912, 0.05052, 0.12747, 0.30223, 0.11537], [0.34791, 0.25021, 0.34109, 0.0, 0.32082, 0.32226, 0.34732, 0.17542, 0.34978], [0.08141, 0.25621, 0.1912, 0.32082, 0.0, 0.22244, 0.07854, 0.19331, 0.09159], [0.16631, 0.11337, 0.05052, 0.32226, 0.22244, 0.0, 0.1686, 0.3047, 0.15803], [0.00342, 0.23161, 0.12747, 0.34732, 0.07854, 0.1686, 0.0, 0.25048, 0.01386], [0.25209, 0.27159, 0.30223, 0.17542, 0.19331, 0.3047, 0.25048, 0.0, 0.25858], [0.01044, 0.22619, 0.11537, 0.34978, 0.09159, 0.15803, 0.01386, 0.25858, 0.0]], "adj_matrix_2": [[0.0, 0.26445, 0.11221, 0.14798, 0.25474, 0.01174, 0.10587, 0.22058, 0.1137], [0.26445, 0.0, 0.22389, 0.20246, 0.06985, 0.2614, 0.22665, 0.27544, 0.27895], [0.11221, 0.22389, 0.0, 0.04004, 0.23996, 0.10121, 0.00673, 0.29192, 0.21088], [0.14798, 0.20246, 0.04004, 0.0, 0.22818, 0.13762, 0.04663, 0.30724, 0.23774], [0.25474, 0.06985, 0.23996, 0.22818, 0.0, 0.25425, 0.24128, 0.2311, 0.24909], [0.01174, 0.2614, 0.10121, 0.13762, 0.25425, 0.0, 0.09488, 0.22954, 0.12468], [0.10587, 0.22665, 0.00673, 0.04663, 0.24128, 0.09488, 0.0, 0.28892, 0.206], [0.22058, 0.27544, 0.29192, 0.30724, 0.2311, 0.22954, 0.28892, 0.0, 0.12007], [0.1137, 0.27895, 0.21088, 0.23774, 0.24909, 0.12468, 0.206, 0.12007, 0.0]], "features_1": [[0.27731769427147945, 1.0103565823430845, 0.0, 0.22355642085633134, 0.5681587993996998, 0.13082197502436288, 0.31366724948880176, 0.6821080911204926, 0.39999104837448995, 0.22453933803960013, 0.007504523810135222, 0.5978773669376483, 0.6471492149553032, 0.666203043972988, 0.7912761110958336, 0.7256736070537909, 0.6195737306877097], [1.138950208873644, 1.197975818282003, 0.0, 0.2634911227719904, 0.6215042684554837, 0.12166992935435215, 0.5174891616540762, 0.690021809851729, 0.3600280082916265, 0.24211958743662754, 0.007392832833969631, 0.5640841839657313, 0.6452198522062621, 0.6694535909207343, 0.7838018618078341, 0.7047720114067162, 0.5733672207103195], [0.5066697354249712, 1.126924811227551, 0.0, 0.2653752931031862, 0.6031173372313036, 0.12448357036921527, 0.3840630536843683, 0.6874223036346707, 0.36221647080329045, 0.23326349621378384, 0.007281081678807366, 0.5824745770539037, 0.640352007152157, 0.6244593197224894, 0.7791645156999437, 0.7107055253840382, 0.6084642535483271], [-0.0660960736310745, 1.0156008432548722, 0.0, 0.2827491868000914, 0.5718351886168926, 0.1304918789526169, 0.29745288945865056, 0.682288728154431, 0.3928030429705609, 0.22683673388559122, 0.007616154688146137, 0.6256665076626802, 0.6544814211047214, 0.6754977691212479, 0.7886612643267451, 0.7048665446204149, 0.6220675625814632], [0.00865475222966472, 1.7282400612342796, 0.0, 0.2589118532658966, 0.7185130915106956, 0.1130391027487729, 0.6015998194173143, 0.6928404957352887, 0.3113681272186042, 0.3112523585799465, 0.006272599803500922, 0.5965264610853818, 0.6278375082811172, 0.6282373361812299, 0.7662839640290138, 0.675833362569452, 0.48607362456740766], [0.5777782419445372, 1.1898472308167722, 0.0, 0.28986102563841915, 0.6213854041335017, 0.12238392554715546, 0.5222500003256776, 0.6897405814137346, 0.353832694081452, 0.24032189989646313, 0.00683347364535547, 0.5807129633028008, 0.6359110490099978, 0.6626373006288293, 0.7807633448719924, 0.7244301516530116, 0.5900284289318102], [0.03929236027956806, 1.5091420466067342, 0.0, 0.2615616471697691, 0.6710459889324027, 0.12642727789330152, 0.44451592488223424, 0.6870242407995599, 0.3691807738592152, 0.30166302989105764, 0.007001439975721224, 0.6145822475720033, 0.641452245552471, 0.6679984199938587, 0.7879809179084432, 0.7132118314164334, 0.5116700502849599], [-0.11773259012646564, 1.29783039187196, 0.0, 0.2881061980458058, 0.6523604264489042, 0.11686733692301249, 0.6061858498645464, 0.6922015463471147, 0.31132376603123135, 0.24998089859005068, 0.006272599803500922, 0.6023713967726578, 0.6537153243912668, 0.6682133904546612, 0.7739925636598005, 0.6811769377361386, 0.5362196978963535], [0.28995548378813263, 1.2616212478999569, 0.0, 0.2948680314883382, 0.6326440337056936, 0.12206093310624677, 0.44989410898647864, 0.6894770737148723, 0.3290517331468208, 0.2511285785116335, 0.006609306440138685, 0.5843383071675028, 0.6318549779365479, 0.6548559544371916, 0.7794537611107355, 0.6698118308638401, 0.5361715450640799]], "features_2": [[-0.07512510932861849, 1.083477508066984, 0.0, 0.2170059472513844, 0.5739670360883383, 0.13707456312213345, 0.16841241958559436, 0.6724045138781841, 0.4331646701858587, 0.2515156968875505, 0.007950687539111767, 0.6215199624578482, 0.6468416283737005, 0.6915618231622497, 0.7861171962724143, 0.6888645914245266, 0.6142355424062609], [0.3149979643689882, 1.2230133080490975, 0.0, 0.23417283777932815, 0.6114339957280823, 0.13297036504194523, 0.26827499815984834, 0.6797607550963106, 0.4079867875960299, 0.26586641055287297, 0.007281081678807366, 0.5912735071446602, 0.6417772791371326, 0.6680364467477751, 0.7872150996356482, 0.7005259297768445, 0.5893685379466743], [0.13527427575667472, 1.201585201145802, 0.0, 0.21815862943304437, 0.599625300488207, 0.1375351491291072, 0.16587617468524485, 0.6719405327462762, 0.44235912786458753, 0.269739059677073, 0.007504523810135222, 0.6086571368950411, 0.6519220292042995, 0.6589330607825955, 0.7828178710681444, 0.6935005508725042, 0.6085156286749414], [0.09793490603779453, 1.1458901311037768, 0.0, 0.21229704466755747, 0.5846908838148053, 0.13859846143454288, 0.14390304880230076, 0.6699573441407694, 0.44824106685382215, 0.2638865106637964, 0.008062078829516484, 0.6089724014503006, 0.643627001670273, 0.6582715678628779, 0.784580140278767, 0.6758139899810633, 0.611304797246473], [0.786762372648679, 1.41438526178447, 0.0, 0.31048244033947214, 0.658628367484371, 0.1245284258396505, 0.4924070022467134, 0.6884802656989962, 0.35451103883913926, 0.27805837443543124, 0.0069454663283523566, 0.5804654817383748, 0.6513626462126731, 0.6588372066283258, 0.7835065479684327, 0.6992783258038193, 0.5469539638523285], [0.2256188175837872, 1.2700926520406286, 0.0, 0.21161807871057237, 0.6203199194783284, 0.13431721073698932, 0.2941580874257511, 0.6779011111381524, 0.4204318087578025, 0.27421804274542927, 0.007727725548673403, 0.6015776762867175, 0.6420389363011086, 0.6657776498978512, 0.7833994925491727, 0.7048066263187717, 0.5956719256746649], [0.018442680505130316, 1.4616618633769032, 0.0, 0.17710971190320046, 0.6539299776586438, 0.1296035155569392, 0.3064553126013735, 0.6826462111576475, 0.37801618751377175, 0.29933290705047666, 0.0069454663283523566, 0.613212668460474, 0.6478419652898929, 0.6637061184127412, 0.7802859217959812, 0.681481148890359, 0.5687471955139696], [0.2907441735295171, 1.2046721254437083, 0.0, 0.23877933913939706, 0.6292840572319479, 0.12025698686158409, 0.7134295695473775, 0.6906466451786665, 0.3379015919011883, 0.23924030950516006, 0.007001439975721224, 0.6055020736809693, 0.6353244826967805, 0.6428129708162256, 0.7687269317438028, 0.6978349377927586, 0.5825359987661839], [-0.11456275985214859, 1.2404857044561812, 0.0, 0.2287265480481747, 0.62947027378369, 0.12235919800370441, 0.5621684022384145, 0.6890517312257954, 0.3430993379017546, 0.25293771683706456, 0.00716927026363523, 0.6151864023415916, 0.6710139271050769, 0.691393673096612, 0.7694656160502837, 0.6864219033196545, 0.5985080948008821]]}