{"labels_1": ["1", "2", "3", "4", "5", "6", "7", "8", "9"], "labels_2": ["1", "2", "3", "4", "5", "6", "7", "8", "9"], "adj_matrix_1": [[0.0, 0.33515, 0.1847, 0.271, 0.11209, 0.31543, 0.26851, 0.29914, 0.33624], [0.33515, 0.0, 0.28187, 0.22156, 0.21234, 0.06266, 0.22365, 0.09496, 0.10139], [0.1847, 0.28187, 0.0, 0.10952, 0.15342, 0.29217, 0.10601, 0.29087, 0.23274], [0.271, 0.22156, 0.10952, 0.0, 0.17967, 0.25181, 0.0037, 0.26158, 0.14443], [0.11209, 0.21234, 0.15342, 0.17967, 0.0, 0.20375, 0.17855, 0.19436, 0.20784], [0.31543, 0.06266, 0.29217, 0.25181, 0.20375, 0.0, 0.25336, 0.03433, 0.15551], [0.26851, 0.22365, 0.10601, 0.0037, 0.17855, 0.25336, 0.0, 0.26287, 0.14769], [0.29914, 0.09496, 0.29087, 0.26158, 0.19436, 0.03433, 0.26287, 0.0, 0.18049], [0.33624, 0.10139, 0.23274, 0.14443, 0.20784, 0.15551, 0.14769, 0.18049, 0.0]], "adj_matrix_2": [[0.0, 0.26445, 0.11221, 0.14798, 0.25474, 0.01174, 0.10587, 0.22058, 0.1137], [0.26445, 0.0, 0.22389, 0.20246, 0.06985, 0.2614, 0.22665, 0.27544, 0.27895], [0.11221, 0.22389, 0.0, 0.04004, 0.23996, 0.10121, 0.00673, 0.29192, 0.21088], [0.14798, 0.20246, 0.04004, 0.0, 0.22818, 0.13762, 0.04663, 0.30724, 0.23774], [0.25474, 0.06985, 0.23996, 0.22818, 0.0, 0.25425, 0.24128, 0.2311, 0.24909], [0.01174, 0.2614, 0.10121, 0.13762, 0.25425, 0.0, 0.09488, 0.22954, 0.12468], [0.10587, 0.22665, 0.00673, 0.04663, 0.24128, 0.09488, 0.0, 0.28892, 0.206], [0.22058, 0.27544, 0.29192, 0.30724, 0.2311, 0.22954, 0.28892, 0.0, 0.12007], [0.1137, 0.27895, 0.21088, 0.23774, 0.24909, 0.12468, 0.206, 0.12007, 0.0]], "features_1": [[-0.09481246422620604, 0.9968474313748471, 0.0, 0.2436643284686191, 0.5756000582287275, 0.13221873342713142, 0.3395621398679509, 0.6808208569306876, 0.4105766189512454, 0.22689678249935197, 0.00783923647221818, 0.6270987994344457, 0.6591286963482184, 0.6762999292696383, 0.7880822424791442, 0.6968261274932837, 0.6309404428465628], [0.8220930065384784, 1.0738181463780896, 0.0, 0.29474545985689066, 0.5985220291921222, 0.127881626341237, 0.3161030996452986, 0.6855025435894473, 0.3869462910331327, 0.22975637853575082, 0.007281081678807366, 0.5852784337504449, 0.6309343974251247, 0.6575374876249602, 0.7855987515727971, 0.7046326722594207, 0.617906511969056], [0.122362228193575, 1.1408859399485423, 0.0, 0.25794669738055054, 0.616571743852258, 0.12712463691368003, 0.30859112941607164, 0.6852736529543954, 0.39672841334468467, 0.2473428495464589, 0.007504523810135222, 0.6080943551819697, 0.640471454959456, 0.6641325106943293, 0.7791722678230434, 0.6790008198897481, 0.6193518637662915], [0.1945177249012353, 1.1301633579176682, 0.0, 0.2509509076611971, 0.6086517259893307, 0.1278060595894979, 0.2856276417359595, 0.6838997262864024, 0.39280029529489613, 0.24558670176792607, 0.007392832833969631, 0.6042329298456033, 0.6511805729795157, 0.6769621543354206, 0.7787978006004294, 0.6847678885117046, 0.6169362253531164], [2.097968495741412, 1.3753919278292173, 0.0, 0.32196804533918394, 0.6661221593387325, 0.11765978881155384, 0.5241204980361189, 0.6918678637721409, 0.33436601611640104, 0.2544196167877735, 0.00677745458930179, 0.557464289139328, 0.6273017732077723, 0.6409063395701962, 0.7717868071638115, 0.6704876652258703, 0.5861721678680737], [0.9208586121186793, 1.277809321141303, 0.0, 0.28673477612051274, 0.6567704629084081, 0.11854135597406429, 0.4496658826322495, 0.6911696233292717, 0.3642306764096006, 0.25599756226042025, 0.00711334193318236, 0.5769593515510312, 0.6424447649220385, 0.6725102118610717, 0.7727210147603506, 0.6802749554192605, 0.5993309127175676], [0.32266021357417785, 1.330195318159024, 0.0, 0.25407427559142504, 0.6506248142130123, 0.11907127520577751, 0.42269915108992323, 0.6903321833154796, 0.3553909403976625, 0.26401366272006044, 0.007616154688146137, 0.5984019519197803, 0.6385827994011767, 0.655383131903128, 0.7710978208091066, 0.6711355430528526, 0.5571602190283045], [2.084694370435847, 1.411090768361025, 0.0, 0.3223536144397904, 0.6895135578261424, 0.10856607638838858, 0.6503928663208086, 0.6931440763551882, 0.30595510676227033, 0.24771230018945833, 0.00677745458930179, 0.5545099070488915, 0.5994254190550364, 0.6102817789228054, 0.7503750856243749, 0.685560896388717, 0.5621194754464197], [0.8323174608888055, 1.3527279029862422, 0.0, 0.2715222667773546, 0.6740440443974587, 0.10877885533515647, 0.499966803082426, 0.6931033332632108, 0.2980753113821628, 0.24619920779354287, 0.00655322669591385, 0.5684058078948029, 0.6199041294384213, 0.6345118979742773, 0.7474661887080751, 0.6686453132868072, 0.5603290640513794]], "features_2": [[-0.07512510932861849, 1.083477508066984, 0.0, 0.2170059472513844, 0.5739670360883383, 0.13707456312213345, 0.16841241958559436, 0.6724045138781841, 0.4331646701858587, 0.2515156968875505, 0.007950687539111767, 0.6215199624578482, 0.6468416283737005, 0.6915618231622497, 0.7861171962724143, 0.6888645914245266, 0.6142355424062609], [0.3149979643689882, 1.2230133080490975, 0.0, 0.23417283777932815, 0.6114339957280823, 0.13297036504194523, 0.26827499815984834, 0.6797607550963106, 0.4079867875960299, 0.26586641055287297, 0.007281081678807366, 0.5912735071446602, 0.6417772791371326, 0.6680364467477751, 0.7872150996356482, 0.7005259297768445, 0.5893685379466743], [0.13527427575667472, 1.201585201145802, 0.0, 0.21815862943304437, 0.599625300488207, 0.1375351491291072, 0.16587617468524485, 0.6719405327462762, 0.44235912786458753, 0.269739059677073, 0.007504523810135222, 0.6086571368950411, 0.6519220292042995, 0.6589330607825955, 0.7828178710681444, 0.6935005508725042, 0.6085156286749414], [0.09793490603779453, 1.1458901311037768, 0.0, 0.21229704466755747, 0.5846908838148053, 0.13859846143454288, 0.14390304880230076, 0.6699573441407694, 0.44824106685382215, 0.2638865106637964, 0.008062078829516484, 0.6089724014503006, 0.643627001670273, 0.6582715678628779, 0.784580140278767, 0.6758139899810633, 0.611304797246473], [0.786762372648679, 1.41438526178447, 0.0, 0.31048244033947214, 0.658628367484371, 0.1245284258396505, 0.4924070022467134, 0.6884802656989962, 0.35451103883913926, 0.27805837443543124, 0.0069454663283523566, 0.5804654817383748, 0.6513626462126731, 0.6588372066283258, 0.7835065479684327, 0.6992783258038193, 0.5469539638523285], [0.2256188175837872, 1.2700926520406286, 0.0, 0.21161807871057237, 0.6203199194783284, 0.13431721073698932, 0.2941580874257511, 0.6779011111381524, 0.4204318087578025, 0.27421804274542927, 0.007727725548673403, 0.6015776762867175, 0.6420389363011086, 0.6657776498978512, 0.7833994925491727, 0.7048066263187717, 0.5956719256746649], [0.018442680505130316, 1.4616618633769032, 0.0, 0.17710971190320046, 0.6539299776586438, 0.1296035155569392, 0.3064553126013735, 0.6826462111576475, 0.37801618751377175, 0.29933290705047666, 0.0069454663283523566, 0.613212668460474, 0.6478419652898929, 0.6637061184127412, 0.7802859217959812, 0.681481148890359, 0.5687471955139696], [0.2907441735295171, 1.2046721254437083, 0.0, 0.23877933913939706, 0.6292840572319479, 0.12025698686158409, 0.7134295695473775, 0.6906466451786665, 0.3379015919011883, 0.23924030950516006, 0.007001439975721224, 0.6055020736809693, 0.6353244826967805, 0.6428129708162256, 0.7687269317438028, 0.6978349377927586, 0.5825359987661839], [-0.11456275985214859, 1.2404857044561812, 0.0, 0.2287265480481747, 0.62947027378369, 0.12235919800370441, 0.5621684022384145, 0.6890517312257954, 0.3430993379017546, 0.25293771683706456, 0.00716927026363523, 0.6151864023415916, 0.6710139271050769, 0.691393673096612, 0.7694656160502837, 0.6864219033196545, 0.5985080948008821]]}