{"labels_1": ["1", "2", "3", "4", "5", "6", "7", "8", "9"], "labels_2": ["1", "2", "3", "4", "5", "6", "7", "8", "9"], "adj_matrix_1": [[0.0, 0.03906, 0.27537, 0.1292, 0.12046, 0.02898, 0.1682, 0.0947, 0.11978], [0.03906, 0.0, 0.24719, 0.09208, 0.1559, 0.01013, 0.20011, 0.13142, 0.08238], [0.27537, 0.24719, 0.0, 0.16882, 0.33918, 0.25486, 0.35188, 0.32884, 0.17784], [0.1292, 0.09208, 0.16882, 0.0, 0.23183, 0.10182, 0.26608, 0.2116, 0.00997], [0.12046, 0.1559, 0.33918, 0.23183, 0.0, 0.14697, 0.05401, 0.02757, 0.22437], [0.02898, 0.01013, 0.25486, 0.10182, 0.14697, 0.0, 0.19206, 0.12208, 0.09221], [0.1682, 0.20011, 0.35188, 0.26608, 0.05401, 0.19206, 0.0, 0.0809, 0.25962], [0.0947, 0.13142, 0.32884, 0.2116, 0.02757, 0.12208, 0.0809, 0.0, 0.20354], [0.11978, 0.08238, 0.17784, 0.00997, 0.22437, 0.09221, 0.25962, 0.20354, 0.0]], "adj_matrix_2": [[0.0, 0.23886, 0.16778, 0.03493, 0.17763, 0.22313, 0.07765, 0.26815, 0.27614], [0.23886, 0.0, 0.10033, 0.21621, 0.32006, 0.02706, 0.18472, 0.07202, 0.12937], [0.16778, 0.10033, 0.0, 0.1374, 0.29623, 0.07482, 0.09744, 0.16235, 0.20421], [0.03493, 0.21621, 0.1374, 0.0, 0.20683, 0.19816, 0.04332, 0.25267, 0.26728], [0.17763, 0.32006, 0.29623, 0.20683, 0.0, 0.31777, 0.23975, 0.31304, 0.29051], [0.22313, 0.02706, 0.07482, 0.19816, 0.31777, 0.0, 0.16401, 0.09747, 0.15138], [0.07765, 0.18472, 0.09744, 0.04332, 0.23975, 0.16401, 0.0, 0.22981, 0.25279], [0.26815, 0.07202, 0.16235, 0.25267, 0.31304, 0.09747, 0.22981, 0.0, 0.0631], [0.27614, 0.12937, 0.20421, 0.26728, 0.29051, 0.15138, 0.25279, 0.0631, 0.0]], "features_1": [[-0.15903030264774776, 0.9671028924282695, 0.0, 0.21717451972237184, 0.5592385495827823, 0.13307445839501336, 0.36690245453346504, 0.6806322797768558, 0.3992155446097245, 0.21740214668867042, 0.007225183508792421, 0.6206003813295156, 0.6490267371170197, 0.6609224903323087, 0.7937540287640986, 0.7050020096410485, 0.6113806367568951], [-0.14341553076785107, 1.0712722615876797, 0.0, 0.23648521178944604, 0.5883902248723435, 0.12839321986653485, 0.359180448573477, 0.6846119264551174, 0.39267857169597975, 0.23440392831234735, 0.00711334193318236, 0.6101895306399028, 0.6253561158852365, 0.6572928442532576, 0.784102953103558, 0.6905735437254413, 0.5841791941423462], [-0.40530463961872965, 1.099222065000396, 0.0, 0.222347102154934, 0.5962780991330963, 0.1278498136883777, 0.39744088970249647, 0.6853538844940584, 0.3856550337316602, 0.23983930138768628, 0.007560346756364078, 0.6262525681403699, 0.6620752325477137, 0.6771845584091846, 0.7854890127213715, 0.7019263540204539, 0.5993199381160372], [-0.14909087660727982, 1.0350185386644533, 0.0, 0.2069623841343613, 0.5796025506553354, 0.12856383484034933, 0.42008004115019304, 0.6847741512985855, 0.3859381688725281, 0.22507141853976975, 0.007225183508792421, 0.6179737122680362, 0.6494190190655043, 0.6688764396069873, 0.7868457473079311, 0.692978119036814, 0.597459997329385], [0.6257510695231141, 1.3950264873788345, 0.0, 0.2624559808582216, 0.6610621529702264, 0.11587086303493788, 0.4462350142965377, 0.6917395614921241, 0.3147415624475445, 0.2596336492760234, 0.006497131753992358, 0.5926998693967667, 0.6255795766455402, 0.6218805369233551, 0.7630929338770506, 0.6852359261378209, 0.5058913145111085], [-0.22368432199978328, 1.1572294587684908, 0.0, 0.24786497312079347, 0.6181042426834492, 0.11982564077006307, 0.44631197664820943, 0.6904100954452159, 0.33995658438033294, 0.23713114920970924, 0.00716927026363523, 0.6011054689242381, 0.6506106026397146, 0.6650710110262747, 0.7747456092678671, 0.7027967694943724, 0.5758941762388995], [0.7051908653381886, 1.147209888504317, 0.0, 0.2381927788821202, 0.6071179438888819, 0.1250808419281631, 0.43932133828863656, 0.6873632341098378, 0.36517897896123386, 0.23727009373437524, 0.007001439975721224, 0.5868726858982469, 0.6310389304460359, 0.6560366531154476, 0.7823377767535513, 0.6933874148322441, 0.5671120846843134], [0.3120442217588977, 1.1998149162944083, 0.0, 0.29452681313053714, 0.6272927674859834, 0.11593197628390965, 0.36451796783475104, 0.6913020221102332, 0.32387754905400246, 0.23681656594685752, 0.006609306440138685, 0.5890234898869402, 0.6203869146524907, 0.6419758589958393, 0.7565395760476749, 0.6892947637473043, 0.545332139436265], [-0.033690422005877796, 1.1718609281121495, 0.0, 0.203887725356947, 0.6222281125348536, 0.11658053142329637, 0.3773319608085643, 0.6912525135730903, 0.3271561219481012, 0.2350729103336553, 0.006609306440138685, 0.6043174643824107, 0.6352830021426681, 0.6539688943204187, 0.7609904839721513, 0.6783154438730735, 0.5439587475072842]], "features_2": [[0.27614090679590575, 1.0476905073713025, 0.0, 0.28018302049431176, 0.5752366304527333, 0.13307404008123686, 0.2188619797215985, 0.677653257727332, 0.4173468647385088, 0.23567033948369498, 0.007894969482732161, 0.606776681870947, 0.6471106530616225, 0.657210055304155, 0.7831080124929722, 0.7141502260729055, 0.6212931617986773], [0.3854566827817858, 1.1332051488011177, 0.0, 0.2944387778895556, 0.603385938167708, 0.12687955018771907, 0.31382605444313966, 0.6847911528197179, 0.38095513746521514, 0.24203612559690768, 0.007504523810135222, 0.596337360555677, 0.6516362981692319, 0.6668531467302433, 0.7771003009650206, 0.6991990634215687, 0.6012896452119726], [0.5993687140799344, 1.1812737825350432, 0.0, 0.31088764346083414, 0.6094718957695454, 0.13011183655395211, 0.2347533786581401, 0.6809823515194942, 0.40725098391703374, 0.25386736438278756, 0.00822905385914674, 0.5931477786185968, 0.6320456446350616, 0.6357299324198505, 0.7772806667951443, 0.7059329352287113, 0.6135983569407485], [0.5611553170852943, 1.1220132424263343, 0.0, 0.2756135174150506, 0.5971487694387675, 0.1298716808706777, 0.24855727402251232, 0.6813785654640183, 0.4079698733163968, 0.24290164951518767, 0.007894969482732161, 0.5998588025779488, 0.633319686637087, 0.6406800976355587, 0.7780232143244517, 0.6939642755416222, 0.6080085561284518], [-0.05735850674158938, 1.2787947315400803, 0.0, 0.26664569018607526, 0.6425611934397584, 0.12064217859937368, 0.6794084227823312, 0.6903840362729909, 0.3189563846377217, 0.2520057056121425, 0.006497131753992358, 0.605639072050931, 0.6388808220224605, 0.6609465048365407, 0.766772864740115, 0.6902104775577189, 0.5678647827088948], [1.059103735183144, 1.2377712669869556, 0.0, 0.29623372570769924, 0.629720292024017, 0.12432341088568574, 0.30617545076949637, 0.6864583761796104, 0.37705816747562815, 0.2513418143053736, 0.007225183508792421, 0.5796797633708888, 0.6353602346046903, 0.6503766724028358, 0.7704674675810219, 0.7038427784108587, 0.5969224274922373], [0.8788840572772258, 1.2462418567814493, 0.0, 0.27461291409292554, 0.6392379206379937, 0.11887927564389539, 0.5179492987334591, 0.691007546473744, 0.33708484554155715, 0.2422535302600295, 0.006889477554966383, 0.58448993704532, 0.6270940082284571, 0.6441300002773684, 0.773533038821937, 0.7099319637695254, 0.5626904929253542], [1.337675587721721, 1.2875457662297658, 0.0, 0.28530309340375504, 0.6536175012648171, 0.11434128750664826, 0.3927595287136313, 0.6918820168229097, 0.3083915308623977, 0.23842121214299494, 0.00655322669591385, 0.5598482378076315, 0.6102467442956166, 0.6205945441333296, 0.7543888375549614, 0.6902894236406601, 0.5450245401704087], [1.2858271647735728, 1.2159631343232378, 0.0, 0.31922340964410917, 0.6411192421150732, 0.11330631833094926, 0.5387903098341547, 0.6924149526785759, 0.2927400149532684, 0.2236056668354809, 0.006160242374180447, 0.5639206479864369, 0.6224693612936346, 0.5985402551137669, 0.7546336286386536, 0.6836220084074435, 0.5442936145006733]]}