{"labels_1": ["1", "2", "3", "4", "5", "6", "7", "8", "9"], "labels_2": ["1", "2", "3", "4", "5", "6", "7", "8", "9"], "adj_matrix_1": [[0.0, 0.22428, 0.17646, 0.07161, 0.24761, 0.23798, 0.24747, 0.25181, 0.2548], [0.22428, 0.0, 0.09336, 0.19478, 0.25169, 0.0443, 0.09068, 0.22721, 0.17876], [0.17646, 0.09336, 0.0, 0.1245, 0.28841, 0.13338, 0.17268, 0.27329, 0.24039], [0.07161, 0.19478, 0.1245, 0.0, 0.28013, 0.21971, 0.24098, 0.27846, 0.26987], [0.24761, 0.25169, 0.28841, 0.28013, 0.0, 0.2244, 0.18877, 0.03723, 0.10021], [0.23798, 0.0443, 0.13338, 0.21971, 0.2244, 0.0, 0.04775, 0.19607, 0.14192], [0.24747, 0.09068, 0.17268, 0.24098, 0.18877, 0.04775, 0.0, 0.15702, 0.09811], [0.25181, 0.22721, 0.27329, 0.27846, 0.03723, 0.19607, 0.15702, 0.0, 0.06403], [0.2548, 0.17876, 0.24039, 0.26987, 0.10021, 0.14192, 0.09811, 0.06403, 0.0]], "adj_matrix_2": [[0.0, 0.31008, 0.07929, 0.23693, 0.16146, 0.24338, 0.15625, 0.27224, 0.31424], [0.31008, 0.0, 0.26501, 0.12649, 0.20326, 0.11838, 0.20798, 0.07706, 0.01233], [0.07929, 0.26501, 0.0, 0.17083, 0.08635, 0.17845, 0.08067, 0.21367, 0.27156], [0.23693, 0.12649, 0.17083, 0.0, 0.09008, 0.00888, 0.09582, 0.0524, 0.13742], [0.16146, 0.20326, 0.08635, 0.09008, 0.0, 0.09865, 0.00589, 0.13926, 0.21236], [0.24338, 0.11838, 0.17845, 0.00888, 0.09865, 0.0, 0.10433, 0.04365, 0.12951], [0.15625, 0.20798, 0.08067, 0.09582, 0.00589, 0.10433, 0.0, 0.14465, 0.21688], [0.27224, 0.07706, 0.21367, 0.0524, 0.13926, 0.04365, 0.14465, 0.0, 0.08887], [0.31424, 0.01233, 0.27156, 0.13742, 0.21236, 0.12951, 0.21688, 0.08887, 0.0]], "features_1": [[0.900497236259465, 1.0577225028594202, 0.0, 0.2425485413670812, 0.5815684278284942, 0.1324312728620802, 0.20162888563505987, 0.6781107952429596, 0.4173372193294047, 0.23262940993326908, 0.007727725548673403, 0.5809196995489232, 0.6296164440913251, 0.6507061060145453, 0.7759498644310464, 0.6975992925489133, 0.5812439185086878], [0.6073253311687754, 1.107701922024776, 0.0, 0.2285125483991025, 0.5925853753567534, 0.13319890443149884, 0.2223302273338305, 0.6781066356905541, 0.4318236083445379, 0.24622197218417763, 0.007727725548673403, 0.6045811288921796, 0.6153555160901318, 0.6419313438909463, 0.780614101928679, 0.6928188105080926, 0.603338489443436], [0.8381088479036385, 1.225576040893745, 0.0, 0.22535648630344945, 0.6172574513858786, 0.13245009690283915, 0.21454316388753442, 0.6784374000112017, 0.4082401384163652, 0.25991638395758376, 0.007392832833969631, 0.585896519982569, 0.6303070242524877, 0.6546355882340327, 0.7754022616026178, 0.7044811926767091, 0.5851090492583588], [1.3448983532928036, 1.1609858055096018, 0.0, 0.2773887241393863, 0.607059055343247, 0.13059066860683252, 0.246081494314425, 0.6808178542276163, 0.4015554091871374, 0.24433836456647517, 0.00716927026363523, 0.5704373642261287, 0.6311818704590799, 0.6405291764515828, 0.7755531927817242, 0.6932879099429813, 0.5773444518574514], [0.22093987677091542, 1.3198537303870452, 0.0, 0.2444716588733663, 0.6515353544453663, 0.11930417085322652, 0.4756511216604252, 0.690744139415976, 0.3290736257128317, 0.25889419224018373, 0.006384896235913207, 0.6003474354286671, 0.6489694111124692, 0.6532918153862081, 0.7730016871017735, 0.664830973693377, 0.5478545401445581], [0.6672086752498454, 1.276050302281889, 0.0, 0.23142065523632352, 0.6343378144195294, 0.12752066805505252, 0.2693528220419907, 0.6838046508499882, 0.36762454817819634, 0.2580227519475502, 0.006721420376576193, 0.5848596401642472, 0.6269791914682946, 0.6330921763273724, 0.77327248938695, 0.6689662725738996, 0.567722782947294], [0.29584708090427236, 1.4154029455938504, 0.0, 0.19836219667058494, 0.6567965781273273, 0.1257548087711225, 0.38047494594271425, 0.6863831660814029, 0.35519526243524635, 0.280368836562634, 0.007057398507269275, 0.5969259296003555, 0.6362484998265769, 0.6487862934762483, 0.7764660685514932, 0.6921319318808443, 0.5519210750876121], [0.2427710657558011, 1.1960174290447818, 0.0, 0.2476565990740936, 0.6215788740779558, 0.12039495738800476, 0.3340538666000299, 0.688576009350766, 0.33479986221254077, 0.2401979255144866, 0.006272599803500922, 0.5993518033526799, 0.6252036629896826, 0.6480738536657866, 0.7622953969414327, 0.6831343205951784, 0.5728900694512029], [0.0962384502023359, 1.2557956347271317, 0.0, 0.24396623265180398, 0.6321552195646718, 0.12017725191595995, 0.339756581848912, 0.6886882738255863, 0.3308007109722415, 0.24942703353823537, 0.00683347364535547, 0.6081981754253327, 0.6320233201794907, 0.6477842748510203, 0.7611975452345017, 0.6718716634633275, 0.5665227026112075]], "features_2": [[0.07201882607333365, 0.9121515942090673, 0.0, 0.24718719584416565, 0.5370707763259254, 0.13339256260457144, 0.13736326031915666, 0.6744098395667514, 0.387083724289609, 0.2075020435069248, 0.007448685839370306, 0.6244840966759588, 0.6374471598367788, 0.6523276404821697, 0.7736101873943154, 0.692368306208212, 0.6154971352000135], [0.26253229857457816, 1.0627104520179746, 0.0, 0.23579616812768386, 0.5730238328896994, 0.13104078223888038, 0.24214145987059865, 0.6794681902563269, 0.3809384129178741, 0.23209304255370067, 0.007504523810135222, 0.5948170848358403, 0.6433917564346322, 0.6704457156812953, 0.775172587197273, 0.6959220235608522, 0.5893384749255574], [0.32626547573904974, 1.0259610824408147, 0.0, 0.2519019752973923, 0.5693726449882038, 0.13111537788810057, 0.13551763709469428, 0.6775475252295591, 0.392298849622003, 0.22645252496924728, 0.007671947615560004, 0.6140070621625995, 0.6320924370928303, 0.6486307395380084, 0.7668902500089448, 0.6747438382394092, 0.616856442122559], [0.523751615197257, 0.9245787816234742, 0.0, 0.23498619962996814, 0.5464001088899947, 0.13177429986336162, 0.19306859566099774, 0.6779809344246754, 0.40009280139587444, 0.20756317976721572, 0.008117752083540042, 0.6043867752498917, 0.6282980469176677, 0.6523367407889811, 0.7751606339202884, 0.7100746315686425, 0.6237491398966692], [0.12658309258782774, 1.4145226865380258, 0.0, 0.18994276445320224, 0.6583221096222953, 0.12068112725210439, 0.4301588349429579, 0.6898088324004075, 0.3319211633735142, 0.2725553275967558, 0.006497131753992358, 0.5996928002585413, 0.629169113144241, 0.6429504353159369, 0.7683680743770429, 0.6920919613039681, 0.5435159934837298], [0.3162298536950523, 1.0538310952078018, 0.0, 0.24905650602980484, 0.5765957057789448, 0.13046412198968757, 0.19636305127944453, 0.6800424924682809, 0.40391195505349486, 0.23357588320144074, 0.007894969482732161, 0.6083147261431237, 0.6317506796602207, 0.6496102827031759, 0.7742691006587601, 0.689015105341108, 0.6153042581878475], [0.07867249996394365, 1.3044964691606644, 0.0, 0.22757716813739232, 0.6410755914317542, 0.12028884577463851, 0.484581734433872, 0.6900134791102313, 0.34535206030209165, 0.25993602472287103, 0.006889477554966383, 0.6065231857700808, 0.648140507797254, 0.6589396226597496, 0.7718615299715604, 0.6847383196528856, 0.5261935092932957], [0.7336113206785897, 1.1954525776105833, 0.0, 0.31818422792519024, 0.6294085067119493, 0.11603085055343532, 0.3977741492480142, 0.6917124001739723, 0.3336514292708692, 0.23420120584349613, 0.006497131753992358, 0.5825253246621434, 0.6348161844547219, 0.6480811064004154, 0.7623532439815417, 0.6940205818707456, 0.5796441451381315], [0.4202130228835603, 1.1915338349851532, 0.0, 0.29719279486630706, 0.6261018356475103, 0.11555524501942513, 0.40314164602894137, 0.6918007457415962, 0.32291167434522516, 0.23386697751790142, 0.006497131753992358, 0.5900729893533883, 0.6484853771010914, 0.6650261109012365, 0.7604161576532275, 0.6882621970439255, 0.5571407755106993]]}