{"labels_1": ["1", "2", "3", "4", "5", "6", "7", "8", "9"], "labels_2": ["1", "2", "3", "4", "5", "6", "7", "8", "9"], "adj_matrix_1": [[0.0, 0.22428, 0.17646, 0.07161, 0.24761, 0.23798, 0.24747, 0.25181, 0.2548], [0.22428, 0.0, 0.09336, 0.19478, 0.25169, 0.0443, 0.09068, 0.22721, 0.17876], [0.17646, 0.09336, 0.0, 0.1245, 0.28841, 0.13338, 0.17268, 0.27329, 0.24039], [0.07161, 0.19478, 0.1245, 0.0, 0.28013, 0.21971, 0.24098, 0.27846, 0.26987], [0.24761, 0.25169, 0.28841, 0.28013, 0.0, 0.2244, 0.18877, 0.03723, 0.10021], [0.23798, 0.0443, 0.13338, 0.21971, 0.2244, 0.0, 0.04775, 0.19607, 0.14192], [0.24747, 0.09068, 0.17268, 0.24098, 0.18877, 0.04775, 0.0, 0.15702, 0.09811], [0.25181, 0.22721, 0.27329, 0.27846, 0.03723, 0.19607, 0.15702, 0.0, 0.06403], [0.2548, 0.17876, 0.24039, 0.26987, 0.10021, 0.14192, 0.09811, 0.06403, 0.0]], "adj_matrix_2": [[0.0, 0.18563, 0.26939, 0.31204, 0.23623, 0.21473, 0.0011, 0.32917, 0.29832], [0.18563, 0.0, 0.11436, 0.18385, 0.06634, 0.03703, 0.18483, 0.21594, 0.1614], [0.26939, 0.11436, 0.0, 0.07533, 0.04948, 0.07866, 0.26887, 0.11175, 0.05061], [0.31204, 0.18385, 0.07533, 0.0, 0.12322, 0.15083, 0.31169, 0.03743, 0.02497], [0.23623, 0.06634, 0.04948, 0.12322, 0.0, 0.02961, 0.23574, 0.15829, 0.09924], [0.21473, 0.03703, 0.07866, 0.15083, 0.02961, 0.0, 0.21401, 0.18466, 0.12738], [0.0011, 0.18483, 0.26887, 0.31169, 0.23574, 0.21401, 0.0, 0.32941, 0.29841], [0.32917, 0.21594, 0.11175, 0.03743, 0.15829, 0.18466, 0.32941, 0.0, 0.06227], [0.29832, 0.1614, 0.05061, 0.02497, 0.09924, 0.12738, 0.29841, 0.06227, 0.0]], "features_1": [[0.900497236259465, 1.0577225028594202, 0.0, 0.2425485413670812, 0.5815684278284942, 0.1324312728620802, 0.20162888563505987, 0.6781107952429596, 0.4173372193294047, 0.23262940993326908, 0.007727725548673403, 0.5809196995489232, 0.6296164440913251, 0.6507061060145453, 0.7759498644310464, 0.6975992925489133, 0.5812439185086878], [0.6073253311687754, 1.107701922024776, 0.0, 0.2285125483991025, 0.5925853753567534, 0.13319890443149884, 0.2223302273338305, 0.6781066356905541, 0.4318236083445379, 0.24622197218417763, 0.007727725548673403, 0.6045811288921796, 0.6153555160901318, 0.6419313438909463, 0.780614101928679, 0.6928188105080926, 0.603338489443436], [0.8381088479036385, 1.225576040893745, 0.0, 0.22535648630344945, 0.6172574513858786, 0.13245009690283915, 0.21454316388753442, 0.6784374000112017, 0.4082401384163652, 0.25991638395758376, 0.007392832833969631, 0.585896519982569, 0.6303070242524877, 0.6546355882340327, 0.7754022616026178, 0.7044811926767091, 0.5851090492583588], [1.3448983532928036, 1.1609858055096018, 0.0, 0.2773887241393863, 0.607059055343247, 0.13059066860683252, 0.246081494314425, 0.6808178542276163, 0.4015554091871374, 0.24433836456647517, 0.00716927026363523, 0.5704373642261287, 0.6311818704590799, 0.6405291764515828, 0.7755531927817242, 0.6932879099429813, 0.5773444518574514], [0.22093987677091542, 1.3198537303870452, 0.0, 0.2444716588733663, 0.6515353544453663, 0.11930417085322652, 0.4756511216604252, 0.690744139415976, 0.3290736257128317, 0.25889419224018373, 0.006384896235913207, 0.6003474354286671, 0.6489694111124692, 0.6532918153862081, 0.7730016871017735, 0.664830973693377, 0.5478545401445581], [0.6672086752498454, 1.276050302281889, 0.0, 0.23142065523632352, 0.6343378144195294, 0.12752066805505252, 0.2693528220419907, 0.6838046508499882, 0.36762454817819634, 0.2580227519475502, 0.006721420376576193, 0.5848596401642472, 0.6269791914682946, 0.6330921763273724, 0.77327248938695, 0.6689662725738996, 0.567722782947294], [0.29584708090427236, 1.4154029455938504, 0.0, 0.19836219667058494, 0.6567965781273273, 0.1257548087711225, 0.38047494594271425, 0.6863831660814029, 0.35519526243524635, 0.280368836562634, 0.007057398507269275, 0.5969259296003555, 0.6362484998265769, 0.6487862934762483, 0.7764660685514932, 0.6921319318808443, 0.5519210750876121], [0.2427710657558011, 1.1960174290447818, 0.0, 0.2476565990740936, 0.6215788740779558, 0.12039495738800476, 0.3340538666000299, 0.688576009350766, 0.33479986221254077, 0.2401979255144866, 0.006272599803500922, 0.5993518033526799, 0.6252036629896826, 0.6480738536657866, 0.7622953969414327, 0.6831343205951784, 0.5728900694512029], [0.0962384502023359, 1.2557956347271317, 0.0, 0.24396623265180398, 0.6321552195646718, 0.12017725191595995, 0.339756581848912, 0.6886882738255863, 0.3308007109722415, 0.24942703353823537, 0.00683347364535547, 0.6081981754253327, 0.6320233201794907, 0.6477842748510203, 0.7611975452345017, 0.6718716634633275, 0.5665227026112075]], "features_2": [[0.27585502725742383, 0.8714419284881914, 0.0, 0.28831223335749406, 0.5335486260335405, 0.13416860917729972, 0.2526346402569736, 0.6777259935046092, 0.42619924152872213, 0.2042042164874931, 0.007894969482732161, 0.611751268292378, 0.653761271772753, 0.6820094361494893, 0.7920501907106362, 0.6927556710715072, 0.6225097497607401], [0.19738903949205255, 0.9891228549277316, 0.0, 0.2259141204633774, 0.5724757630385102, 0.1294310544734798, 0.2939370763090494, 0.6829392205799326, 0.390365063676684, 0.2188402445785489, 0.007504523810135222, 0.6129776936639124, 0.6469665324838195, 0.6776099678662887, 0.7864797499412399, 0.71459656422198, 0.6092287075678479], [0.060404721885371604, 0.9198254719181055, 0.0, 0.25980243497083655, 0.5581869840815519, 0.12775322432620584, 0.28782375092416, 0.6842861651962376, 0.3942393706512466, 0.2062757206668253, 0.007281081678807366, 0.6190234506786199, 0.6475466453557811, 0.6763336152267598, 0.7814788864846565, 0.6849338526383673, 0.6097212047449234], [0.09572047704067943, 0.8686620208849258, 0.0, 0.24527638804170757, 0.5387548898668085, 0.12987368093136642, 0.2781054735614582, 0.6824898304652603, 0.40696183328636715, 0.199626701016407, 0.007894969482732161, 0.62635406012833, 0.6724057021708664, 0.6795088835498281, 0.7857411459757621, 0.6821447453608768, 0.6146119990798798], [0.08882510790695308, 1.0718159387805288, 0.0, 0.24222623474467891, 0.6034664190825177, 0.11984723945096218, 0.46553265932017285, 0.6904945739806243, 0.3464229875895031, 0.22142533744996507, 0.006889477554966383, 0.6028505895064828, 0.6505191566001507, 0.6634023868176188, 0.7763417474294247, 0.6946578313768159, 0.597254040694096], [-0.2208891109781428, 0.9534746104227971, 0.0, 0.22292226841579382, 0.5747115485643834, 0.12342407674927941, 0.384735179978194, 0.6884618943724969, 0.36044901179294997, 0.2069055144191787, 0.007336964783822175, 0.6141223232725421, 0.6482255535523707, 0.6675130082191257, 0.7788955689628961, 0.6821467347275506, 0.6032887500722591], [0.286802851692443, 1.1578627892117683, 0.0, 0.2467352171914237, 0.619988528375641, 0.11593733670411249, 0.5033442872253993, 0.6920480194325711, 0.3116424828669522, 0.22634514018188523, 0.006216428718621936, 0.6016474568192711, 0.6432453042956985, 0.6480516391692717, 0.7698498183953777, 0.6681699930562672, 0.5571675114236393], [-0.1478906856625839, 1.1555865599341892, 0.0, 0.21567080432885802, 0.6340074787918273, 0.10794256629153157, 0.5624697195362593, 0.6931447901389609, 0.2702946759673439, 0.21508862065501844, 0.006216428718621936, 0.6034227708701891, 0.6545602400268123, 0.6595333486695996, 0.7528498869187942, 0.6808553960137691, 0.5191764140940592], [-0.2551753285046754, 1.2117589504613975, 0.0, 0.21171514452906554, 0.6493138942832056, 0.10457598940523377, 0.5394892595078374, 0.6929651114870194, 0.24612648414288496, 0.21959322927459968, 0.005935344193631176, 0.5976449984867793, 0.6476100007483867, 0.6581985688472164, 0.7400565749702573, 0.6540134503670104, 0.5019014008162322]]}