{"labels_1": ["1", "2", "3", "4", "5", "6", "7", "8", "9"], "labels_2": ["1", "2", "3", "4", "5", "6", "7", "8", "9"], "adj_matrix_1": [[0.0, 0.22428, 0.17646, 0.07161, 0.24761, 0.23798, 0.24747, 0.25181, 0.2548], [0.22428, 0.0, 0.09336, 0.19478, 0.25169, 0.0443, 0.09068, 0.22721, 0.17876], [0.17646, 0.09336, 0.0, 0.1245, 0.28841, 0.13338, 0.17268, 0.27329, 0.24039], [0.07161, 0.19478, 0.1245, 0.0, 0.28013, 0.21971, 0.24098, 0.27846, 0.26987], [0.24761, 0.25169, 0.28841, 0.28013, 0.0, 0.2244, 0.18877, 0.03723, 0.10021], [0.23798, 0.0443, 0.13338, 0.21971, 0.2244, 0.0, 0.04775, 0.19607, 0.14192], [0.24747, 0.09068, 0.17268, 0.24098, 0.18877, 0.04775, 0.0, 0.15702, 0.09811], [0.25181, 0.22721, 0.27329, 0.27846, 0.03723, 0.19607, 0.15702, 0.0, 0.06403], [0.2548, 0.17876, 0.24039, 0.26987, 0.10021, 0.14192, 0.09811, 0.06403, 0.0]], "adj_matrix_2": [[0.0, 0.01022, 0.22905, 0.26166, 0.18544, 0.10322, 0.19206, 0.02652, 0.04566], [0.01022, 0.0, 0.23584, 0.26671, 0.19373, 0.11291, 0.20025, 0.03672, 0.05581], [0.22905, 0.23584, 0.0, 0.06232, 0.06092, 0.14767, 0.05241, 0.20991, 0.1955], [0.26166, 0.26671, 0.06232, 0.0, 0.11971, 0.19609, 0.11178, 0.24655, 0.23514], [0.18544, 0.19373, 0.06092, 0.11971, 0.0, 0.09232, 0.00866, 0.16326, 0.14653], [0.10322, 0.11291, 0.14767, 0.19609, 0.09232, 0.0, 0.10046, 0.07769, 0.05885], [0.19206, 0.20025, 0.05241, 0.11178, 0.00866, 0.10046, 0.0, 0.17049, 0.15405], [0.02652, 0.03672, 0.20991, 0.24655, 0.16326, 0.07769, 0.17049, 0.0, 0.01929], [0.04566, 0.05581, 0.1955, 0.23514, 0.14653, 0.05885, 0.15405, 0.01929, 0.0]], "features_1": [[0.900497236259465, 1.0577225028594202, 0.0, 0.2425485413670812, 0.5815684278284942, 0.1324312728620802, 0.20162888563505987, 0.6781107952429596, 0.4173372193294047, 0.23262940993326908, 0.007727725548673403, 0.5809196995489232, 0.6296164440913251, 0.6507061060145453, 0.7759498644310464, 0.6975992925489133, 0.5812439185086878], [0.6073253311687754, 1.107701922024776, 0.0, 0.2285125483991025, 0.5925853753567534, 0.13319890443149884, 0.2223302273338305, 0.6781066356905541, 0.4318236083445379, 0.24622197218417763, 0.007727725548673403, 0.6045811288921796, 0.6153555160901318, 0.6419313438909463, 0.780614101928679, 0.6928188105080926, 0.603338489443436], [0.8381088479036385, 1.225576040893745, 0.0, 0.22535648630344945, 0.6172574513858786, 0.13245009690283915, 0.21454316388753442, 0.6784374000112017, 0.4082401384163652, 0.25991638395758376, 0.007392832833969631, 0.585896519982569, 0.6303070242524877, 0.6546355882340327, 0.7754022616026178, 0.7044811926767091, 0.5851090492583588], [1.3448983532928036, 1.1609858055096018, 0.0, 0.2773887241393863, 0.607059055343247, 0.13059066860683252, 0.246081494314425, 0.6808178542276163, 0.4015554091871374, 0.24433836456647517, 0.00716927026363523, 0.5704373642261287, 0.6311818704590799, 0.6405291764515828, 0.7755531927817242, 0.6932879099429813, 0.5773444518574514], [0.22093987677091542, 1.3198537303870452, 0.0, 0.2444716588733663, 0.6515353544453663, 0.11930417085322652, 0.4756511216604252, 0.690744139415976, 0.3290736257128317, 0.25889419224018373, 0.006384896235913207, 0.6003474354286671, 0.6489694111124692, 0.6532918153862081, 0.7730016871017735, 0.664830973693377, 0.5478545401445581], [0.6672086752498454, 1.276050302281889, 0.0, 0.23142065523632352, 0.6343378144195294, 0.12752066805505252, 0.2693528220419907, 0.6838046508499882, 0.36762454817819634, 0.2580227519475502, 0.006721420376576193, 0.5848596401642472, 0.6269791914682946, 0.6330921763273724, 0.77327248938695, 0.6689662725738996, 0.567722782947294], [0.29584708090427236, 1.4154029455938504, 0.0, 0.19836219667058494, 0.6567965781273273, 0.1257548087711225, 0.38047494594271425, 0.6863831660814029, 0.35519526243524635, 0.280368836562634, 0.007057398507269275, 0.5969259296003555, 0.6362484998265769, 0.6487862934762483, 0.7764660685514932, 0.6921319318808443, 0.5519210750876121], [0.2427710657558011, 1.1960174290447818, 0.0, 0.2476565990740936, 0.6215788740779558, 0.12039495738800476, 0.3340538666000299, 0.688576009350766, 0.33479986221254077, 0.2401979255144866, 0.006272599803500922, 0.5993518033526799, 0.6252036629896826, 0.6480738536657866, 0.7622953969414327, 0.6831343205951784, 0.5728900694512029], [0.0962384502023359, 1.2557956347271317, 0.0, 0.24396623265180398, 0.6321552195646718, 0.12017725191595995, 0.339756581848912, 0.6886882738255863, 0.3308007109722415, 0.24942703353823537, 0.00683347364535547, 0.6081981754253327, 0.6320233201794907, 0.6477842748510203, 0.7611975452345017, 0.6718716634633275, 0.5665227026112075]], "features_2": [[0.17217518844606783, 1.0873883605205648, 0.0, 0.27077487752947776, 0.5975639258440772, 0.12645674854447433, 0.3633937547564692, 0.6864472409888795, 0.39320853237992925, 0.23565938999240577, 0.007448685839370306, 0.6068368908230055, 0.6680690216104415, 0.6893215963838478, 0.7845166222889831, 0.6976195485818752, 0.6136239743407899], [0.24025741418845836, 1.2308049034618953, 0.0, 0.31470438029507075, 0.6385126180613201, 0.11885773677024894, 0.4838554355118866, 0.69111977025767, 0.3565713043501908, 0.24771715740900824, 0.007281081678807366, 0.6025250013271894, 0.6669203058252657, 0.6664056288757494, 0.7753413921948835, 0.7004458085814825, 0.5995572014999013], [0.5065891745990245, 1.2093084141266195, 0.0, 0.28282413052790506, 0.6293838147385852, 0.12211702980328484, 0.4383026207762676, 0.6896352730652515, 0.37510632047085557, 0.2492373635317826, 0.007504523810135222, 0.5858851982544953, 0.6378774023385536, 0.6712525586641063, 0.7795498277531876, 0.6928929535796113, 0.5990939420982931], [0.5909120018003531, 1.1797811624546866, 0.0, 0.24301626987715516, 0.6246967822315918, 0.12137342165831845, 0.4671207758918065, 0.690181295232194, 0.35970568472453435, 0.24064885302745975, 0.007057398507269275, 0.5832698480155758, 0.6533782082774847, 0.6760618428459029, 0.7806128853126675, 0.6969554479617233, 0.5976428990952637], [0.06743867382210134, 1.3797670736900771, 0.0, 0.27702187982963256, 0.6773882757600773, 0.10917471001117263, 0.6214098751764773, 0.6931452743440072, 0.2920196573692857, 0.2517746742628897, 0.006384896235913207, 0.5875952434558216, 0.6504584927349127, 0.660891539169695, 0.7590070675088836, 0.6995889878304266, 0.5600516892617209], [0.13230110693790964, 1.3234880298321088, 0.0, 0.2480042687480588, 0.6605040411836893, 0.11493314787990815, 0.5637184012275653, 0.6924753943718407, 0.3266575640122089, 0.25509368341519467, 0.0069454663283523566, 0.5891314273844881, 0.640507684279804, 0.6703682361496668, 0.7684025655696715, 0.7033269680286031, 0.5813777596611261], [0.6638963619719411, 1.5280040104851558, 0.0, 0.2614590059207698, 0.6822857629127816, 0.12016290413236216, 0.4661684345420255, 0.6907409655125731, 0.34065639238563006, 0.2848828728644959, 0.00655322669591385, 0.5816176583577313, 0.627997194627318, 0.631972382842397, 0.7764646345045403, 0.6816760610374888, 0.5667887831873023], [-0.06711099222026107, 1.492109674312978, 0.0, 0.2952945318380332, 0.6987029440999089, 0.10795283921948444, 0.5506198690037394, 0.6931271812103084, 0.2790919881221485, 0.26429726492136996, 0.006104040759826512, 0.5915361778848904, 0.6334860602939766, 0.6339961697442671, 0.7471385800401185, 0.6485218137099299, 0.5554788921511411], [0.3014164302040587, 1.5254773862345452, 0.0, 0.30697818425363976, 0.6997393028573514, 0.10929415787765978, 0.5174731373380951, 0.6930810562373413, 0.2781259366845972, 0.268348232263971, 0.006160242374180447, 0.5804151309293544, 0.6327366099921222, 0.6401237128565906, 0.7456957063091935, 0.6362791900713107, 0.549674592569902]]}