{"labels_1": ["1", "2", "3", "4", "5", "6", "7", "8", "9"], "labels_2": ["1", "2", "3", "4", "5", "6", "7", "8", "9"], "adj_matrix_1": [[0.0, 0.03197, 0.13179, 0.135, 0.01795, 0.15098, 0.127, 0.19842, 0.28867], [0.03197, 0.0, 0.10188, 0.10521, 0.04974, 0.12184, 0.09701, 0.17164, 0.26857], [0.13179, 0.10188, 0.0, 0.00351, 0.14804, 0.02117, 0.00483, 0.07551, 0.18848], [0.135, 0.10521, 0.00351, 0.0, 0.1512, 0.01766, 0.00834, 0.07208, 0.18548], [0.01795, 0.04974, 0.14804, 0.1512, 0.0, 0.16685, 0.14359, 0.2129, 0.29939], [0.15098, 0.12184, 0.02117, 0.01766, 0.16685, 0.0, 0.02598, 0.0547, 0.16989], [0.127, 0.09701, 0.00483, 0.00834, 0.14359, 0.02598, 0.0, 0.08026, 0.19291], [0.19842, 0.17164, 0.07551, 0.07208, 0.2129, 0.0547, 0.08026, 0.0, 0.11896], [0.28867, 0.26857, 0.18848, 0.18548, 0.29939, 0.16989, 0.19291, 0.11896, 0.0]], "adj_matrix_2": [[0.0, 0.18563, 0.26939, 0.31204, 0.23623, 0.21473, 0.0011, 0.32917, 0.29832], [0.18563, 0.0, 0.11436, 0.18385, 0.06634, 0.03703, 0.18483, 0.21594, 0.1614], [0.26939, 0.11436, 0.0, 0.07533, 0.04948, 0.07866, 0.26887, 0.11175, 0.05061], [0.31204, 0.18385, 0.07533, 0.0, 0.12322, 0.15083, 0.31169, 0.03743, 0.02497], [0.23623, 0.06634, 0.04948, 0.12322, 0.0, 0.02961, 0.23574, 0.15829, 0.09924], [0.21473, 0.03703, 0.07866, 0.15083, 0.02961, 0.0, 0.21401, 0.18466, 0.12738], [0.0011, 0.18483, 0.26887, 0.31169, 0.23574, 0.21401, 0.0, 0.32941, 0.29841], [0.32917, 0.21594, 0.11175, 0.03743, 0.15829, 0.18466, 0.32941, 0.0, 0.06227], [0.29832, 0.1614, 0.05061, 0.02497, 0.09924, 0.12738, 0.29841, 0.06227, 0.0]], "features_1": [[0.1268530437352937, 1.1662706937571223, 0.0, 0.2141493796668851, 0.5958249806955483, 0.13103254341567988, 0.21578515686959393, 0.679591274788224, 0.39397044332056885, 0.2545140440550575, 0.007671947615560004, 0.6150420387728803, 0.6549899507298867, 0.6695803181910215, 0.7765558404745182, 0.6897488249057855, 0.5679473132987908], [0.3490067920080926, 1.1506534063801181, 0.0, 0.18438790015305917, 0.5910783268013379, 0.13412648428953927, 0.19380892276445394, 0.6762381788851065, 0.4147821961993805, 0.2551591962807025, 0.007727725548673403, 0.6116816198034787, 0.6379433522193605, 0.6615824466794267, 0.7813487461666009, 0.7084534998489276, 0.5850149822928109], [0.33219086556051547, 1.2795584022898954, 0.0, 0.20955955695241915, 0.6205200525771356, 0.12919177726740944, 0.19525299080994712, 0.6806840944805475, 0.3889217907879814, 0.2689279597710583, 0.00711334193318236, 0.6144249014724572, 0.629532704297657, 0.6442458230722617, 0.7693188973413491, 0.6760960690139162, 0.563892945749161], [0.10142566058655644, 1.329793949121726, 0.0, 0.22801836192918304, 0.6354117765229489, 0.12482141420769385, 0.2438907643894744, 0.6851955414791395, 0.3589097909917327, 0.2707065396170456, 0.007336964783822175, 0.6111425032814042, 0.6363377172573403, 0.6510013669070344, 0.7648318151623003, 0.6821675816759049, 0.5391902513345621], [0.31538238487091164, 1.483463111016513, 0.0, 0.21964092032888802, 0.6633403885227026, 0.12515762197174973, 0.3146856512010757, 0.6863780689135042, 0.3552407410018279, 0.29374026669825004, 0.00716927026363523, 0.6026727614597915, 0.638303457960551, 0.6647898389936558, 0.7753679448222068, 0.7005730938981131, 0.5471778977652054], [0.3590188206661744, 1.4103307509782905, 0.0, 0.25233112849572653, 0.657853030239609, 0.12152577005868685, 0.3013003691987997, 0.6880346538463105, 0.34317284553631433, 0.2747940318844606, 0.00677745458930179, 0.6026146811630135, 0.624390345905627, 0.6234505983231913, 0.7629347210239936, 0.6802048096702239, 0.5632274357629425], [-0.13306007619873572, 1.649614836866787, 0.0, 0.19643421848362566, 0.7009032895446224, 0.11550571387968647, 0.4515099896605932, 0.691875744933648, 0.30145909119682357, 0.30168130978344765, 0.006216428718621936, 0.5967181115842513, 0.6295055031933208, 0.6544033401998582, 0.7621074854810724, 0.6558690167311486, 0.4530643361099605], [-0.024966385410743808, 1.467480873909215, 0.0, 0.2659832029990667, 0.6858550122181367, 0.10946832435507316, 0.44018472617350496, 0.6929810708224637, 0.2852366231573289, 0.2655293755527701, 0.006104040759826512, 0.5978759295258793, 0.6328583975854387, 0.6260658760856476, 0.7417669928020802, 0.6789428809214397, 0.5261746109261553], [-0.236572307607418, 1.5512464791770313, 0.0, 0.2591007728994525, 0.7005630974597439, 0.10526500942287886, 0.44920980809917166, 0.6931120994958179, 0.24736197676764116, 0.26937499757413996, 0.005653876882570019, 0.5989329025246866, 0.6305795918367918, 0.6316862258721708, 0.7302509183697392, 0.6436500110894164, 0.4637808972682948]], "features_2": [[0.27585502725742383, 0.8714419284881914, 0.0, 0.28831223335749406, 0.5335486260335405, 0.13416860917729972, 0.2526346402569736, 0.6777259935046092, 0.42619924152872213, 0.2042042164874931, 0.007894969482732161, 0.611751268292378, 0.653761271772753, 0.6820094361494893, 0.7920501907106362, 0.6927556710715072, 0.6225097497607401], [0.19738903949205255, 0.9891228549277316, 0.0, 0.2259141204633774, 0.5724757630385102, 0.1294310544734798, 0.2939370763090494, 0.6829392205799326, 0.390365063676684, 0.2188402445785489, 0.007504523810135222, 0.6129776936639124, 0.6469665324838195, 0.6776099678662887, 0.7864797499412399, 0.71459656422198, 0.6092287075678479], [0.060404721885371604, 0.9198254719181055, 0.0, 0.25980243497083655, 0.5581869840815519, 0.12775322432620584, 0.28782375092416, 0.6842861651962376, 0.3942393706512466, 0.2062757206668253, 0.007281081678807366, 0.6190234506786199, 0.6475466453557811, 0.6763336152267598, 0.7814788864846565, 0.6849338526383673, 0.6097212047449234], [0.09572047704067943, 0.8686620208849258, 0.0, 0.24527638804170757, 0.5387548898668085, 0.12987368093136642, 0.2781054735614582, 0.6824898304652603, 0.40696183328636715, 0.199626701016407, 0.007894969482732161, 0.62635406012833, 0.6724057021708664, 0.6795088835498281, 0.7857411459757621, 0.6821447453608768, 0.6146119990798798], [0.08882510790695308, 1.0718159387805288, 0.0, 0.24222623474467891, 0.6034664190825177, 0.11984723945096218, 0.46553265932017285, 0.6904945739806243, 0.3464229875895031, 0.22142533744996507, 0.006889477554966383, 0.6028505895064828, 0.6505191566001507, 0.6634023868176188, 0.7763417474294247, 0.6946578313768159, 0.597254040694096], [-0.2208891109781428, 0.9534746104227971, 0.0, 0.22292226841579382, 0.5747115485643834, 0.12342407674927941, 0.384735179978194, 0.6884618943724969, 0.36044901179294997, 0.2069055144191787, 0.007336964783822175, 0.6141223232725421, 0.6482255535523707, 0.6675130082191257, 0.7788955689628961, 0.6821467347275506, 0.6032887500722591], [0.286802851692443, 1.1578627892117683, 0.0, 0.2467352171914237, 0.619988528375641, 0.11593733670411249, 0.5033442872253993, 0.6920480194325711, 0.3116424828669522, 0.22634514018188523, 0.006216428718621936, 0.6016474568192711, 0.6432453042956985, 0.6480516391692717, 0.7698498183953777, 0.6681699930562672, 0.5571675114236393], [-0.1478906856625839, 1.1555865599341892, 0.0, 0.21567080432885802, 0.6340074787918273, 0.10794256629153157, 0.5624697195362593, 0.6931447901389609, 0.2702946759673439, 0.21508862065501844, 0.006216428718621936, 0.6034227708701891, 0.6545602400268123, 0.6595333486695996, 0.7528498869187942, 0.6808553960137691, 0.5191764140940592], [-0.2551753285046754, 1.2117589504613975, 0.0, 0.21171514452906554, 0.6493138942832056, 0.10457598940523377, 0.5394892595078374, 0.6929651114870194, 0.24612648414288496, 0.21959322927459968, 0.005935344193631176, 0.5976449984867793, 0.6476100007483867, 0.6581985688472164, 0.7400565749702573, 0.6540134503670104, 0.5019014008162322]]}