{"labels_1": ["1", "2", "3", "4", "5", "6", "7", "8", "9"], "labels_2": ["1", "2", "3", "4", "5", "6", "7", "8", "9"], "adj_matrix_1": [[0.0, 0.20489, 0.18176, 0.17419, 0.15521, 0.14864, 0.19232, 0.20305, 0.19799], [0.20489, 0.0, 0.09854, 0.11054, 0.13313, 0.14018, 0.07617, 0.03587, 0.0598], [0.18176, 0.09854, 0.0, 0.01468, 0.04487, 0.05445, 0.02541, 0.06659, 0.04292], [0.17419, 0.11054, 0.01468, 0.0, 0.0305, 0.04022, 0.03983, 0.07999, 0.05702], [0.15521, 0.13313, 0.04487, 0.0305, 0.0, 0.0098, 0.06925, 0.10662, 0.08542], [0.14864, 0.14018, 0.05445, 0.04022, 0.0098, 0.0, 0.07827, 0.11454, 0.09407], [0.19232, 0.07617, 0.02541, 0.03983, 0.06925, 0.07827, 0.0, 0.04237, 0.01781], [0.20305, 0.03587, 0.06659, 0.07999, 0.10662, 0.11454, 0.04237, 0.0, 0.02486], [0.19799, 0.0598, 0.04292, 0.05702, 0.08542, 0.09407, 0.01781, 0.02486, 0.0]], "adj_matrix_2": [[0.0, 0.21208, 0.10157, 0.14208, 0.25409, 0.08723, 0.14488, 0.14079, 0.22276], [0.21208, 0.0, 0.13201, 0.09146, 0.09434, 0.14493, 0.28938, 0.28775, 0.31608], [0.10157, 0.13201, 0.0, 0.04474, 0.20209, 0.01515, 0.22735, 0.22408, 0.28666], [0.14208, 0.09146, 0.04474, 0.0, 0.17167, 0.0596, 0.25449, 0.25173, 0.30373], [0.25409, 0.09434, 0.20209, 0.17167, 0.0, 0.21127, 0.28984, 0.28937, 0.29424], [0.08723, 0.14493, 0.01515, 0.0596, 0.21127, 0.0, 0.2169, 0.21348, 0.27943], [0.14488, 0.28938, 0.22735, 0.25449, 0.28984, 0.2169, 0.0, 0.00455, 0.09129], [0.14079, 0.28775, 0.22408, 0.25173, 0.28937, 0.21348, 0.00455, 0.0, 0.09568], [0.22276, 0.31608, 0.28666, 0.30373, 0.29424, 0.27943, 0.09129, 0.09568, 0.0]], "features_1": [[1.088418512658727, 1.23037463482812, 0.0, 0.23899828500950973, 0.5852474503840983, 0.1516195578592008, 0.14981803085092693, 0.6531469193076895, 0.4911343871770202, 0.2829610111730445, 0.008451478759474051, 0.5930074048371661, 0.6339142787494388, 0.6482945401641071, 0.8188274774064314, 0.7083162876880773, 0.6313584505053667], [2.016224010942608, 1.3751069850561592, 0.0, 0.29818324437936905, 0.6251461738803161, 0.14626771248940024, 0.3523494599457827, 0.6715871048837381, 0.43734222548050705, 0.2870383496375164, 0.007671947615560004, 0.5666512397367236, 0.6439781922325517, 0.6265931654079141, 0.8326307152697455, 0.71693797773311, 0.620584608827546], [1.5363775707139693, 1.3304932657083766, 0.0, 0.24782382406350173, 0.6064934354121473, 0.1509396262589986, 0.18355961027978013, 0.6569459717849737, 0.47568898318713204, 0.29530368624467696, 0.008006390651371653, 0.579487948224815, 0.6377047713971108, 0.6391107853352144, 0.822536262824678, 0.7205600174073843, 0.6298836460966439], [1.6841636328472003, 1.284651192242564, 0.0, 0.2656740876226627, 0.5975612870132357, 0.15065129577915282, 0.19054085785593955, 0.6573659319861097, 0.4642231986462715, 0.2838817749256841, 0.007727725548673403, 0.5751411227447436, 0.6204258200925036, 0.6186282266581088, 0.8225961404292066, 0.6994203997189994, 0.6286291793000036], [1.7714373915477424, 1.6800888205506563, 0.0, 0.2450694769102669, 0.6865175555939966, 0.13267969648301306, 0.5201603953684873, 0.6852105517812084, 0.3545516587533475, 0.304408831020784, 0.006889477554966383, 0.5592648949902175, 0.6368297697328998, 0.5808011065218434, 0.8153784668145313, 0.6886621227372135, 0.5320632085016758], [1.6611390498701049, 1.394849991783923, 0.0, 0.253004819655028, 0.631692435816017, 0.14585613137327227, 0.3442253420362036, 0.671917375374618, 0.4239637411414696, 0.29060213175628813, 0.007336964783822175, 0.5702805685183983, 0.6436633279372973, 0.6516527762111441, 0.831352518070187, 0.7082936577604804, 0.6294111179467666], [1.8506872954300624, 1.650410573368407, 0.0, 0.24286912492934168, 0.6800828096248975, 0.1354225930346273, 0.46801416982994726, 0.6822785347003301, 0.3730284638886756, 0.3100912882103901, 0.00677745458930179, 0.5635795926809646, 0.6239861657928999, 0.6220735205262939, 0.815831242082538, 0.6997081304237179, 0.5733702681061073], [1.000749703721076, 1.6666204319275164, 0.0, 0.2564034607272196, 0.6997305155063093, 0.1250644279596407, 0.6679565384464283, 0.6904614003450424, 0.30908245769525844, 0.3022837167231538, 0.006216428718621936, 0.5589822538772213, 0.6288239265158854, 0.6476257971142988, 0.8091413018577729, 0.6617516436148272, 0.5557375246178288], [1.0854558663966918, 1.601933322303507, 0.0, 0.25040264339490986, 0.6880981700992057, 0.12796996448107198, 0.639127779587632, 0.6892630323125803, 0.336753509971754, 0.29881572314113347, 0.006721420376576193, 0.5695494958766214, 0.6434329800122933, 0.6219664501650709, 0.8148554608720794, 0.6819030089069125, 0.5678167502145552]], "features_2": [[0.32929112012710693, 1.097965639161403, 0.0, 0.20822202003746904, 0.5970926074244871, 0.128429340294578, 0.3237924159680837, 0.6839498807984057, 0.3971923770728003, 0.23781292392408826, 0.007560346756364078, 0.6033882815296878, 0.6565000729551224, 0.667826376774271, 0.7839780264126395, 0.6963494608916581, 0.6003948729124599], [0.8090708469626677, 1.2227889499278053, 0.0, 0.2454359609457456, 0.6195535025294671, 0.1271396573362796, 0.35701855391047277, 0.6856312446394743, 0.3603145624860078, 0.25022670334894936, 0.007616154688146137, 0.5766795810873901, 0.6395226058220487, 0.6428547633686862, 0.7843546974219558, 0.7130260169936026, 0.5870828429194287], [0.31895825045784987, 1.2459211821681393, 0.0, 0.25427104928608624, 0.6363723380934581, 0.12112813350138843, 0.3731849771229797, 0.6890671032334929, 0.34847815027307316, 0.2524135430054899, 0.007001439975721224, 0.5869502629287489, 0.651936813739933, 0.6690524138872493, 0.7697956514609614, 0.6820617194704788, 0.5861495829312257], [0.33381756422603726, 1.1652379752044508, 0.0, 0.22506440718321508, 0.6234699602139433, 0.11951349517559691, 0.38038188352475116, 0.6899826533682621, 0.3413889584139711, 0.23509079490983242, 0.00683347364535547, 0.5887305316668894, 0.6504504205693981, 0.6695457552318909, 0.7682333787546879, 0.6933466410954435, 0.5840611769639518], [1.3815609759026497, 1.465943443861478, 0.0, 0.19677482217187747, 0.6681433827392341, 0.12079126359640634, 0.4497762954520631, 0.6898770913075818, 0.3164082242531969, 0.26767010174544126, 0.006497131753992358, 0.5623347958580496, 0.618564207039742, 0.6056001131865396, 0.7725054487260783, 0.6809866537099373, 0.5323696665118306], [0.3876897397506758, 1.3089781971256205, 0.0, 0.26339530594553573, 0.6592839607693189, 0.11266728218201941, 0.5011888140959293, 0.6926114241115355, 0.29583523731765693, 0.2437971231272209, 0.006047823865199753, 0.5753863736452698, 0.6400481047314465, 0.6492041601177754, 0.7555626575097161, 0.6786160201670003, 0.5580905794999929], [0.19452621657570468, 1.3595492678240877, 0.0, 0.21500412927799706, 0.6554093664616714, 0.1205171715925816, 0.4440039616494225, 0.6901309739994685, 0.3326173787940734, 0.26435586307453307, 0.00655322669591385, 0.6035218662104676, 0.6418020862172288, 0.639993192380703, 0.7734441297023464, 0.6934653761843801, 0.5679935495853208], [0.3268010626916613, 1.3241589921915204, 0.0, 0.23484843740102812, 0.6645605292642656, 0.11202127099118234, 0.6957547679227545, 0.6930366299880689, 0.2795092818522602, 0.23829450551474163, 0.006047823865199753, 0.5828438147385353, 0.6353635094535544, 0.6315900204541336, 0.7559105650338964, 0.6783144243500373, 0.5619822508125704], [0.18818386804566423, 1.4634270561609846, 0.0, 0.2645524382750634, 0.6920294711627345, 0.10734276099710974, 0.7831793119446402, 0.6930803946395828, 0.261228592015907, 0.2522993570458205, 0.006047823865199753, 0.5878774766238974, 0.6460820671855674, 0.6221664702315737, 0.7415214342639344, 0.6543080993143854, 0.5342660804933587]]}