{"labels_1": ["1", "2", "3", "4", "5", "6", "7", "8", "9"], "labels_2": ["1", "2", "3", "4", "5", "6", "7", "8", "9"], "adj_matrix_1": [[0.0, 0.20489, 0.18176, 0.17419, 0.15521, 0.14864, 0.19232, 0.20305, 0.19799], [0.20489, 0.0, 0.09854, 0.11054, 0.13313, 0.14018, 0.07617, 0.03587, 0.0598], [0.18176, 0.09854, 0.0, 0.01468, 0.04487, 0.05445, 0.02541, 0.06659, 0.04292], [0.17419, 0.11054, 0.01468, 0.0, 0.0305, 0.04022, 0.03983, 0.07999, 0.05702], [0.15521, 0.13313, 0.04487, 0.0305, 0.0, 0.0098, 0.06925, 0.10662, 0.08542], [0.14864, 0.14018, 0.05445, 0.04022, 0.0098, 0.0, 0.07827, 0.11454, 0.09407], [0.19232, 0.07617, 0.02541, 0.03983, 0.06925, 0.07827, 0.0, 0.04237, 0.01781], [0.20305, 0.03587, 0.06659, 0.07999, 0.10662, 0.11454, 0.04237, 0.0, 0.02486], [0.19799, 0.0598, 0.04292, 0.05702, 0.08542, 0.09407, 0.01781, 0.02486, 0.0]], "adj_matrix_2": [[0.0, 0.26237, 0.05448, 0.10792, 0.2495, 0.07789, 0.0897, 0.15833, 0.25434], [0.26237, 0.0, 0.28515, 0.19775, 0.03128, 0.21868, 0.21066, 0.15508, 0.16758], [0.05448, 0.28515, 0.0, 0.15777, 0.27732, 0.12977, 0.14089, 0.20333, 0.24989], [0.10792, 0.19775, 0.15777, 0.0, 0.17563, 0.0314, 0.01917, 0.05592, 0.2512], [0.2495, 0.03128, 0.27732, 0.17563, 0.0, 0.19923, 0.19028, 0.12895, 0.18693], [0.07789, 0.21868, 0.12977, 0.0314, 0.19923, 0.0, 0.01227, 0.08641, 0.25383], [0.0897, 0.21066, 0.14089, 0.01917, 0.19028, 0.01227, 0.0, 0.07459, 0.25283], [0.15833, 0.15508, 0.20333, 0.05592, 0.12895, 0.08641, 0.07459, 0.0, 0.24139], [0.25434, 0.16758, 0.24989, 0.2512, 0.18693, 0.25383, 0.25283, 0.24139, 0.0]], "features_1": [[1.088418512658727, 1.23037463482812, 0.0, 0.23899828500950973, 0.5852474503840983, 0.1516195578592008, 0.14981803085092693, 0.6531469193076895, 0.4911343871770202, 0.2829610111730445, 0.008451478759474051, 0.5930074048371661, 0.6339142787494388, 0.6482945401641071, 0.8188274774064314, 0.7083162876880773, 0.6313584505053667], [2.016224010942608, 1.3751069850561592, 0.0, 0.29818324437936905, 0.6251461738803161, 0.14626771248940024, 0.3523494599457827, 0.6715871048837381, 0.43734222548050705, 0.2870383496375164, 0.007671947615560004, 0.5666512397367236, 0.6439781922325517, 0.6265931654079141, 0.8326307152697455, 0.71693797773311, 0.620584608827546], [1.5363775707139693, 1.3304932657083766, 0.0, 0.24782382406350173, 0.6064934354121473, 0.1509396262589986, 0.18355961027978013, 0.6569459717849737, 0.47568898318713204, 0.29530368624467696, 0.008006390651371653, 0.579487948224815, 0.6377047713971108, 0.6391107853352144, 0.822536262824678, 0.7205600174073843, 0.6298836460966439], [1.6841636328472003, 1.284651192242564, 0.0, 0.2656740876226627, 0.5975612870132357, 0.15065129577915282, 0.19054085785593955, 0.6573659319861097, 0.4642231986462715, 0.2838817749256841, 0.007727725548673403, 0.5751411227447436, 0.6204258200925036, 0.6186282266581088, 0.8225961404292066, 0.6994203997189994, 0.6286291793000036], [1.7714373915477424, 1.6800888205506563, 0.0, 0.2450694769102669, 0.6865175555939966, 0.13267969648301306, 0.5201603953684873, 0.6852105517812084, 0.3545516587533475, 0.304408831020784, 0.006889477554966383, 0.5592648949902175, 0.6368297697328998, 0.5808011065218434, 0.8153784668145313, 0.6886621227372135, 0.5320632085016758], [1.6611390498701049, 1.394849991783923, 0.0, 0.253004819655028, 0.631692435816017, 0.14585613137327227, 0.3442253420362036, 0.671917375374618, 0.4239637411414696, 0.29060213175628813, 0.007336964783822175, 0.5702805685183983, 0.6436633279372973, 0.6516527762111441, 0.831352518070187, 0.7082936577604804, 0.6294111179467666], [1.8506872954300624, 1.650410573368407, 0.0, 0.24286912492934168, 0.6800828096248975, 0.1354225930346273, 0.46801416982994726, 0.6822785347003301, 0.3730284638886756, 0.3100912882103901, 0.00677745458930179, 0.5635795926809646, 0.6239861657928999, 0.6220735205262939, 0.815831242082538, 0.6997081304237179, 0.5733702681061073], [1.000749703721076, 1.6666204319275164, 0.0, 0.2564034607272196, 0.6997305155063093, 0.1250644279596407, 0.6679565384464283, 0.6904614003450424, 0.30908245769525844, 0.3022837167231538, 0.006216428718621936, 0.5589822538772213, 0.6288239265158854, 0.6476257971142988, 0.8091413018577729, 0.6617516436148272, 0.5557375246178288], [1.0854558663966918, 1.601933322303507, 0.0, 0.25040264339490986, 0.6880981700992057, 0.12796996448107198, 0.639127779587632, 0.6892630323125803, 0.336753509971754, 0.29881572314113347, 0.006721420376576193, 0.5695494958766214, 0.6434329800122933, 0.6219664501650709, 0.8148554608720794, 0.6819030089069125, 0.5678167502145552]], "features_2": [[0.24620154595686472, 0.8795136259978749, 0.0, 0.2562726379706182, 0.5429417577548902, 0.13022607101735412, 0.3667606823152546, 0.6833353526000079, 0.39466052114744965, 0.1977275465729298, 0.007671947615560004, 0.6054670392781125, 0.6636582457326393, 0.6782604151276584, 0.7961096553511126, 0.7065075050866423, 0.6258684774002883], [0.8588671108165902, 0.9502746146284307, 0.0, 0.24732954015610487, 0.5567634729950731, 0.12945149231993724, 0.39628885095786615, 0.6836437546794248, 0.38545685813444197, 0.20467605434759206, 0.00711334193318236, 0.5922675067128149, 0.6425149490808686, 0.6613513694202358, 0.7944934544986575, 0.6946413778450937, 0.6058223621345904], [0.0406878139246718, 1.02116768646123, 0.0, 0.23716026609964913, 0.5850216462090643, 0.12490300500164384, 0.3861194743679143, 0.6869940037908988, 0.3619870652875681, 0.21828682572845182, 0.00711334193318236, 0.6051371347454828, 0.6596686046906035, 0.6693819791148069, 0.7827909067482934, 0.712867783541639, 0.6159798798514574], [0.33816933045239894, 0.9280532124195641, 0.0, 0.2551115495782723, 0.5627438490426954, 0.12471917889574252, 0.387646663758855, 0.6872096523891162, 0.3672245092545172, 0.20009881945802843, 0.00683347364535547, 0.5972680302647686, 0.650813494780876, 0.6524165034374, 0.784436409673582, 0.7001374040205531, 0.6280059251007296], [1.0700350061901762, 1.1938730588682258, 0.0, 0.23805354704727635, 0.6157986765448531, 0.12152873996982261, 0.4449345794340431, 0.689011596351986, 0.3500726435893571, 0.23412192161920187, 0.0066653709969386465, 0.5938121391689299, 0.6221755257227912, 0.616350793846771, 0.7784700621961584, 0.6860695766526068, 0.5542174331725628], [0.11369537209907765, 1.0494521294930144, 0.0, 0.21726735504762534, 0.5944754676500966, 0.12269221832139425, 0.3934342384982877, 0.6883652224171934, 0.35338078615182034, 0.2190063330610239, 0.00683347364535547, 0.5982291562492055, 0.6406390761450519, 0.6392268098694688, 0.7779690168769274, 0.6832651193571244, 0.6124795690940066], [0.6087112114225475, 1.106980567226024, 0.0, 0.2676626174680886, 0.6022604475213824, 0.12313609890574459, 0.44552329665603807, 0.688739932708643, 0.3564676101871449, 0.22537821609056619, 0.007057398507269275, 0.5974305077218558, 0.627007818115935, 0.646440274564457, 0.7843702842639196, 0.6839272519867002, 0.5736557251584605], [0.3349973606860508, 0.9203683436352126, 0.0, 0.24018941861127704, 0.5623768326068839, 0.12233210617144276, 0.39223395862959337, 0.6879999939141083, 0.3638888993845184, 0.19597367137712007, 0.007057398507269275, 0.5965256869773432, 0.6484748828358692, 0.6645296726934165, 0.7743000375795152, 0.6942751647492084, 0.5959832769670534], [0.717039365604744, 0.9845451472631443, 0.0, 0.25407526463172764, 0.5837465097598457, 0.11780772759126057, 0.4712192757461587, 0.6908762768571612, 0.33382485190303246, 0.19899077725684777, 0.00683347364535547, 0.577254715880062, 0.6379782314932683, 0.6452121839567891, 0.767850931439728, 0.6855982443594368, 0.5939134764446594]]}