{"labels_1": ["1", "2", "3", "4", "5", "6", "7", "8", "9"], "labels_2": ["1", "2", "3", "4", "5", "6", "7", "8", "9"], "adj_matrix_1": [[0.0, 0.20489, 0.18176, 0.17419, 0.15521, 0.14864, 0.19232, 0.20305, 0.19799], [0.20489, 0.0, 0.09854, 0.11054, 0.13313, 0.14018, 0.07617, 0.03587, 0.0598], [0.18176, 0.09854, 0.0, 0.01468, 0.04487, 0.05445, 0.02541, 0.06659, 0.04292], [0.17419, 0.11054, 0.01468, 0.0, 0.0305, 0.04022, 0.03983, 0.07999, 0.05702], [0.15521, 0.13313, 0.04487, 0.0305, 0.0, 0.0098, 0.06925, 0.10662, 0.08542], [0.14864, 0.14018, 0.05445, 0.04022, 0.0098, 0.0, 0.07827, 0.11454, 0.09407], [0.19232, 0.07617, 0.02541, 0.03983, 0.06925, 0.07827, 0.0, 0.04237, 0.01781], [0.20305, 0.03587, 0.06659, 0.07999, 0.10662, 0.11454, 0.04237, 0.0, 0.02486], [0.19799, 0.0598, 0.04292, 0.05702, 0.08542, 0.09407, 0.01781, 0.02486, 0.0]], "adj_matrix_2": [[0.0, 0.31991, 0.1425, 0.0509, 0.21718, 0.20889, 0.31981, 0.2805, 0.31411], [0.31991, 0.0, 0.2546, 0.33448, 0.21218, 0.20454, 0.05498, 0.11754, 0.03468], [0.1425, 0.2546, 0.0, 0.18856, 0.24127, 0.07618, 0.27599, 0.17299, 0.23569], [0.0509, 0.33448, 0.18856, 0.0, 0.20713, 0.24935, 0.32756, 0.31011, 0.3331], [0.21718, 0.21218, 0.24127, 0.20713, 0.0, 0.24794, 0.18478, 0.24423, 0.22497], [0.20889, 0.20454, 0.07618, 0.24935, 0.24794, 0.0, 0.23734, 0.10412, 0.17922], [0.31981, 0.05498, 0.27599, 0.32756, 0.18478, 0.23734, 0.0, 0.16399, 0.08829], [0.2805, 0.11754, 0.17299, 0.31011, 0.24423, 0.10412, 0.16399, 0.0, 0.08542], [0.31411, 0.03468, 0.23569, 0.3331, 0.22497, 0.17922, 0.08829, 0.08542, 0.0]], "features_1": [[1.088418512658727, 1.23037463482812, 0.0, 0.23899828500950973, 0.5852474503840983, 0.1516195578592008, 0.14981803085092693, 0.6531469193076895, 0.4911343871770202, 0.2829610111730445, 0.008451478759474051, 0.5930074048371661, 0.6339142787494388, 0.6482945401641071, 0.8188274774064314, 0.7083162876880773, 0.6313584505053667], [2.016224010942608, 1.3751069850561592, 0.0, 0.29818324437936905, 0.6251461738803161, 0.14626771248940024, 0.3523494599457827, 0.6715871048837381, 0.43734222548050705, 0.2870383496375164, 0.007671947615560004, 0.5666512397367236, 0.6439781922325517, 0.6265931654079141, 0.8326307152697455, 0.71693797773311, 0.620584608827546], [1.5363775707139693, 1.3304932657083766, 0.0, 0.24782382406350173, 0.6064934354121473, 0.1509396262589986, 0.18355961027978013, 0.6569459717849737, 0.47568898318713204, 0.29530368624467696, 0.008006390651371653, 0.579487948224815, 0.6377047713971108, 0.6391107853352144, 0.822536262824678, 0.7205600174073843, 0.6298836460966439], [1.6841636328472003, 1.284651192242564, 0.0, 0.2656740876226627, 0.5975612870132357, 0.15065129577915282, 0.19054085785593955, 0.6573659319861097, 0.4642231986462715, 0.2838817749256841, 0.007727725548673403, 0.5751411227447436, 0.6204258200925036, 0.6186282266581088, 0.8225961404292066, 0.6994203997189994, 0.6286291793000036], [1.7714373915477424, 1.6800888205506563, 0.0, 0.2450694769102669, 0.6865175555939966, 0.13267969648301306, 0.5201603953684873, 0.6852105517812084, 0.3545516587533475, 0.304408831020784, 0.006889477554966383, 0.5592648949902175, 0.6368297697328998, 0.5808011065218434, 0.8153784668145313, 0.6886621227372135, 0.5320632085016758], [1.6611390498701049, 1.394849991783923, 0.0, 0.253004819655028, 0.631692435816017, 0.14585613137327227, 0.3442253420362036, 0.671917375374618, 0.4239637411414696, 0.29060213175628813, 0.007336964783822175, 0.5702805685183983, 0.6436633279372973, 0.6516527762111441, 0.831352518070187, 0.7082936577604804, 0.6294111179467666], [1.8506872954300624, 1.650410573368407, 0.0, 0.24286912492934168, 0.6800828096248975, 0.1354225930346273, 0.46801416982994726, 0.6822785347003301, 0.3730284638886756, 0.3100912882103901, 0.00677745458930179, 0.5635795926809646, 0.6239861657928999, 0.6220735205262939, 0.815831242082538, 0.6997081304237179, 0.5733702681061073], [1.000749703721076, 1.6666204319275164, 0.0, 0.2564034607272196, 0.6997305155063093, 0.1250644279596407, 0.6679565384464283, 0.6904614003450424, 0.30908245769525844, 0.3022837167231538, 0.006216428718621936, 0.5589822538772213, 0.6288239265158854, 0.6476257971142988, 0.8091413018577729, 0.6617516436148272, 0.5557375246178288], [1.0854558663966918, 1.601933322303507, 0.0, 0.25040264339490986, 0.6880981700992057, 0.12796996448107198, 0.639127779587632, 0.6892630323125803, 0.336753509971754, 0.29881572314113347, 0.006721420376576193, 0.5695494958766214, 0.6434329800122933, 0.6219664501650709, 0.8148554608720794, 0.6819030089069125, 0.5678167502145552]], "features_2": [[-0.06243814590162167, 0.9065668973878019, 0.0, 0.262377777721477, 0.5398798971421904, 0.1348226743650215, 0.2607999122907231, 0.6777212466676811, 0.43381055904238974, 0.2119871005060514, 0.008062078829516484, 0.635784290188643, 0.6508453403912052, 0.6847264904420997, 0.7931655870013348, 0.7042154019993411, 0.6156630526572057], [0.806654958078592, 0.9271456087457779, 0.0, 0.2394583418689713, 0.5412598674058975, 0.1365018230630203, 0.2002525821575624, 0.6744215628318679, 0.4242359265378719, 0.21180726824083917, 0.007616154688146137, 0.5932806132631832, 0.6450178304169937, 0.6706250769671169, 0.7860139375128843, 0.7120107270204387, 0.6182609283365537], [-0.10299754754376567, 0.9429717743529066, 0.0, 0.2199125060882895, 0.5611712226890825, 0.12955456424304995, 0.3047139454427139, 0.6835715874839685, 0.39955302401725157, 0.21048378985035887, 0.007616154688146137, 0.6161239659937314, 0.6405974478350572, 0.6639493608555113, 0.7848732253963884, 0.7013957414498907, 0.6123669753010412], [-0.1253930871460449, 0.9100496016105047, 0.0, 0.23366264384860508, 0.552217825017218, 0.12691311162494512, 0.3442226602549866, 0.685734627974813, 0.3910491412767978, 0.20289693063796221, 0.00716927026363523, 0.6246452279547592, 0.6391144356267224, 0.6785130834258021, 0.7835675641991356, 0.6905249227810102, 0.6115989899675174], [1.4519502767920693, 1.0534210212410033, 0.0, 0.2771239750534514, 0.5835148721744471, 0.12679948852475972, 0.39326406923249807, 0.6854662137081675, 0.36836141152183255, 0.21931362311869873, 0.00716927026363523, 0.5734545617353555, 0.6347270996247324, 0.6582270868724284, 0.7710056236534392, 0.677455762287295, 0.5824966696774752], [0.03641917988742893, 0.9676872813199029, 0.0, 0.23489752107342698, 0.575107793522271, 0.1249284383814437, 0.3726419216892033, 0.6877667828762588, 0.3802165153573873, 0.21040583116790756, 0.007504523810135222, 0.6037767566472554, 0.6571501709448815, 0.6902103208866356, 0.7806453113482541, 0.6803474614122685, 0.6092018659819679], [0.3395970675499558, 0.9673888882822896, 0.0, 0.28462792633991246, 0.5821937361365975, 0.11521383405458308, 0.5251212520059447, 0.6924031684714966, 0.3274875648661959, 0.1923961979802724, 0.00683347364535547, 0.579898756624579, 0.644576641054537, 0.6497974042995648, 0.7668040794879627, 0.6709228132241024, 0.5509495911758469], [0.3381459730297496, 1.0510238683067332, 0.0, 0.28118359743657, 0.6019959423567367, 0.11715639205008319, 0.4929022552724156, 0.6915840071050279, 0.3207691616139796, 0.20760700245953534, 0.006216428718621936, 0.584467436276398, 0.6397130840900882, 0.6389936534389423, 0.7633609305008774, 0.6729982888539143, 0.6006429311262381], [0.2061792189086975, 1.076594810914925, 0.0, 0.27891760255115533, 0.6126916786320661, 0.11244955547483376, 0.4967729887147122, 0.6928151133577005, 0.30548483414035976, 0.20824360060944103, 0.00655322669591385, 0.5845226667631032, 0.6343259573781305, 0.651600794485644, 0.754837505241498, 0.6605725135861693, 0.5724315736572073]]}