{"labels_1": ["1", "2", "3", "4", "5", "6", "7", "8", "9"], "labels_2": ["1", "2", "3", "4", "5", "6", "7", "8", "9"], "adj_matrix_1": [[0.0, 0.29374, 0.03601, 0.02483, 0.16623, 0.07438, 0.26838, 0.15027, 0.29957], [0.29374, 0.0, 0.31607, 0.30932, 0.1613, 0.33802, 0.26063, 0.17659, 0.2509], [0.03601, 0.31607, 0.0, 0.01121, 0.19864, 0.03865, 0.26331, 0.18334, 0.29698], [0.02483, 0.30932, 0.01121, 0.0, 0.1887, 0.0498, 0.26494, 0.17318, 0.29788], [0.16623, 0.1613, 0.19864, 0.1887, 0.0, 0.23199, 0.28081, 0.01748, 0.2954], [0.07438, 0.33802, 0.03865, 0.0498, 0.23199, 0.0, 0.25736, 0.2175, 0.29333], [0.26838, 0.26063, 0.26331, 0.26494, 0.28081, 0.25736, 0.0, 0.28072, 0.05152], [0.15027, 0.17659, 0.18334, 0.17318, 0.01748, 0.2175, 0.28072, 0.0, 0.29739], [0.29957, 0.2509, 0.29698, 0.29788, 0.2954, 0.29333, 0.05152, 0.29739, 0.0]], "adj_matrix_2": [[0.0, 0.01022, 0.22905, 0.26166, 0.18544, 0.10322, 0.19206, 0.02652, 0.04566], [0.01022, 0.0, 0.23584, 0.26671, 0.19373, 0.11291, 0.20025, 0.03672, 0.05581], [0.22905, 0.23584, 0.0, 0.06232, 0.06092, 0.14767, 0.05241, 0.20991, 0.1955], [0.26166, 0.26671, 0.06232, 0.0, 0.11971, 0.19609, 0.11178, 0.24655, 0.23514], [0.18544, 0.19373, 0.06092, 0.11971, 0.0, 0.09232, 0.00866, 0.16326, 0.14653], [0.10322, 0.11291, 0.14767, 0.19609, 0.09232, 0.0, 0.10046, 0.07769, 0.05885], [0.19206, 0.20025, 0.05241, 0.11178, 0.00866, 0.10046, 0.0, 0.17049, 0.15405], [0.02652, 0.03672, 0.20991, 0.24655, 0.16326, 0.07769, 0.17049, 0.0, 0.01929], [0.04566, 0.05581, 0.1955, 0.23514, 0.14653, 0.05885, 0.15405, 0.01929, 0.0]], "features_1": [[-0.19014908872608816, 1.1362793938449882, 0.0, 0.2479861321995522, 0.5789361383835611, 0.13726234826796416, 0.232294459701356, 0.6708147155997515, 0.4241366108775724, 0.2596603528040087, 0.007783488497544067, 0.6297508614610028, 0.6547700766770813, 0.691092118362003, 0.7783761621542624, 0.7053919926602791, 0.5975186211397818], [-0.13825350756712806, 1.0865113704515648, 0.0, 0.21414701304691994, 0.5702297229535372, 0.135578661955103, 0.28828633419225086, 0.6757498457279258, 0.4230424978762477, 0.25063261676706916, 0.008006390651371653, 0.6263494174663786, 0.6493224030721955, 0.6862378464464236, 0.791988293171634, 0.6978178385559527, 0.5847837005116777], [-0.33434954311102416, 1.2620273110201004, 0.0, 0.2721292272889699, 0.6091189602346108, 0.1333706886454209, 0.3172202711805653, 0.6767771112849623, 0.4035444626621554, 0.27757452679307937, 0.007560346756364078, 0.6319215976005088, 0.6375792281610146, 0.670554951655018, 0.7755916416800582, 0.6732998890771759, 0.5933109433989517], [-0.18791178614789805, 1.2331416095135062, 0.0, 0.2759076147938111, 0.6129315164302206, 0.13001324472916953, 0.3732241235734179, 0.681728815519643, 0.3907382012328997, 0.26666591309350385, 0.007448685839370306, 0.6278885858840519, 0.6388219604511304, 0.6528043897850784, 0.7744618094145198, 0.6979852631458295, 0.5862489433639443], [-0.1133875993886182, 1.469354282147255, 0.0, 0.2071479582004288, 0.6653550946402266, 0.12002639651300098, 0.4876483986826294, 0.690259493180605, 0.31946042319417134, 0.2831649656692401, 0.006328755639155359, 0.602167376524946, 0.6387888579106247, 0.6737090524136128, 0.7778409637498848, 0.6836322813735249, 0.5071315955423551], [-0.3358273493563315, 1.344920062458845, 0.0, 0.26076455424320755, 0.6431201496544401, 0.12354932261881572, 0.570374999597987, 0.6881745889444995, 0.36429468949402266, 0.2762858579009202, 0.007336964783822175, 0.631592789611672, 0.6439040555082974, 0.6719562848578143, 0.7737604492313134, 0.6933497828154704, 0.5735716618865325], [0.49105779311853226, 1.5300589171020256, 0.0, 0.3016669857255441, 0.6833184390666059, 0.11749484906594068, 0.573525116081418, 0.6916106134026936, 0.3308635187693745, 0.2894958527153375, 0.006889477554966383, 0.583189683055187, 0.6487023947431256, 0.6565729734713371, 0.7653110639753435, 0.697393140586972, 0.5134425196071126], [-0.04026185600571175, 1.427071182471459, 0.0, 0.2547029599645277, 0.6805681420365747, 0.10663217457295829, 0.5879776496832413, 0.6931398865575454, 0.25622967371400795, 0.25303001045960216, 0.005653876882570019, 0.5922497598602383, 0.6431753181728633, 0.6251796116621647, 0.7422894244877261, 0.6562807120546964, 0.48624972370427044], [0.4429948176029437, 1.5135642275692385, 0.0, 0.30264798168640245, 0.6958238077723986, 0.10414439061264316, 0.6166740830545777, 0.6929720412501315, 0.252380955451019, 0.25889161873793, 0.006216428718621936, 0.5728946994420268, 0.6259209489741022, 0.6276948274093244, 0.7325141126495249, 0.6627622128601987, 0.46065690849093477]], "features_2": [[0.17217518844606783, 1.0873883605205648, 0.0, 0.27077487752947776, 0.5975639258440772, 0.12645674854447433, 0.3633937547564692, 0.6864472409888795, 0.39320853237992925, 0.23565938999240577, 0.007448685839370306, 0.6068368908230055, 0.6680690216104415, 0.6893215963838478, 0.7845166222889831, 0.6976195485818752, 0.6136239743407899], [0.24025741418845836, 1.2308049034618953, 0.0, 0.31470438029507075, 0.6385126180613201, 0.11885773677024894, 0.4838554355118866, 0.69111977025767, 0.3565713043501908, 0.24771715740900824, 0.007281081678807366, 0.6025250013271894, 0.6669203058252657, 0.6664056288757494, 0.7753413921948835, 0.7004458085814825, 0.5995572014999013], [0.5065891745990245, 1.2093084141266195, 0.0, 0.28282413052790506, 0.6293838147385852, 0.12211702980328484, 0.4383026207762676, 0.6896352730652515, 0.37510632047085557, 0.2492373635317826, 0.007504523810135222, 0.5858851982544953, 0.6378774023385536, 0.6712525586641063, 0.7795498277531876, 0.6928929535796113, 0.5990939420982931], [0.5909120018003531, 1.1797811624546866, 0.0, 0.24301626987715516, 0.6246967822315918, 0.12137342165831845, 0.4671207758918065, 0.690181295232194, 0.35970568472453435, 0.24064885302745975, 0.007057398507269275, 0.5832698480155758, 0.6533782082774847, 0.6760618428459029, 0.7806128853126675, 0.6969554479617233, 0.5976428990952637], [0.06743867382210134, 1.3797670736900771, 0.0, 0.27702187982963256, 0.6773882757600773, 0.10917471001117263, 0.6214098751764773, 0.6931452743440072, 0.2920196573692857, 0.2517746742628897, 0.006384896235913207, 0.5875952434558216, 0.6504584927349127, 0.660891539169695, 0.7590070675088836, 0.6995889878304266, 0.5600516892617209], [0.13230110693790964, 1.3234880298321088, 0.0, 0.2480042687480588, 0.6605040411836893, 0.11493314787990815, 0.5637184012275653, 0.6924753943718407, 0.3266575640122089, 0.25509368341519467, 0.0069454663283523566, 0.5891314273844881, 0.640507684279804, 0.6703682361496668, 0.7684025655696715, 0.7033269680286031, 0.5813777596611261], [0.6638963619719411, 1.5280040104851558, 0.0, 0.2614590059207698, 0.6822857629127816, 0.12016290413236216, 0.4661684345420255, 0.6907409655125731, 0.34065639238563006, 0.2848828728644959, 0.00655322669591385, 0.5816176583577313, 0.627997194627318, 0.631972382842397, 0.7764646345045403, 0.6816760610374888, 0.5667887831873023], [-0.06711099222026107, 1.492109674312978, 0.0, 0.2952945318380332, 0.6987029440999089, 0.10795283921948444, 0.5506198690037394, 0.6931271812103084, 0.2790919881221485, 0.26429726492136996, 0.006104040759826512, 0.5915361778848904, 0.6334860602939766, 0.6339961697442671, 0.7471385800401185, 0.6485218137099299, 0.5554788921511411], [0.3014164302040587, 1.5254773862345452, 0.0, 0.30697818425363976, 0.6997393028573514, 0.10929415787765978, 0.5174731373380951, 0.6930810562373413, 0.2781259366845972, 0.268348232263971, 0.006160242374180447, 0.5804151309293544, 0.6327366099921222, 0.6401237128565906, 0.7456957063091935, 0.6362791900713107, 0.549674592569902]]}