{"labels_1": ["1", "2", "3", "4", "5", "6", "7", "8", "9"], "labels_2": ["1", "2", "3", "4", "5", "6", "7", "8", "9"], "adj_matrix_1": [[0.0, 0.12219, 0.11237, 0.27685, 0.182, 0.24112, 0.03108, 0.06103, 0.07184], [0.12219, 0.0, 0.01064, 0.18793, 0.06776, 0.14051, 0.14989, 0.17511, 0.05292], [0.11237, 0.01064, 0.0, 0.19692, 0.07812, 0.15018, 0.14046, 0.16615, 0.04237], [0.27685, 0.18793, 0.19692, 0.0, 0.12701, 0.05313, 0.29204, 0.30366, 0.22994], [0.182, 0.06776, 0.07812, 0.12701, 0.0, 0.07585, 0.20611, 0.22721, 0.11862], [0.24112, 0.14051, 0.15018, 0.05313, 0.07585, 0.0, 0.26017, 0.27579, 0.18679], [0.03108, 0.14989, 0.14046, 0.29204, 0.20611, 0.26017, 0.0, 0.03038, 0.10158], [0.06103, 0.17511, 0.16615, 0.30366, 0.22721, 0.27579, 0.03038, 0.0, 0.12939], [0.07184, 0.05292, 0.04237, 0.22994, 0.11862, 0.18679, 0.10158, 0.12939, 0.0]], "adj_matrix_2": [[0.0, 0.15299, 0.26133, 0.321, 0.2773, 0.24152, 0.32013, 0.31303, 0.3464], [0.15299, 0.0, 0.15241, 0.27206, 0.18032, 0.12041, 0.2699, 0.25285, 0.36207], [0.26133, 0.15241, 0.0, 0.15084, 0.03237, 0.03536, 0.14775, 0.12422, 0.29242], [0.321, 0.27206, 0.15084, 0.0, 0.12079, 0.18212, 0.00337, 0.0286, 0.16739], [0.2773, 0.18032, 0.03237, 0.12079, 0.0, 0.0674, 0.11759, 0.09335, 0.26991], [0.24152, 0.12041, 0.03536, 0.18212, 0.0674, 0.0, 0.17917, 0.15668, 0.31417], [0.32013, 0.2699, 0.14775, 0.00337, 0.11759, 0.17917, 0.0, 0.02524, 0.17048], [0.31303, 0.25285, 0.12422, 0.0286, 0.09335, 0.15668, 0.02524, 0.0, 0.1932], [0.3464, 0.36207, 0.29242, 0.16739, 0.26991, 0.31417, 0.17048, 0.1932, 0.0]], "features_1": [[0.055581327235543654, 1.0246877382430193, 0.0, 0.21731423889658222, 0.5605914430452581, 0.12967293320748582, 0.4154144701099078, 0.6816633130623474, 0.3821503049378072, 0.224802971104344, 0.007448685839370306, 0.6039411491937667, 0.6440866207434103, 0.6806972726364003, 0.7818044271839939, 0.6869856767503902, 0.596928876765924], [0.5397490242881005, 0.7831598178963878, 0.0, 0.2614288514495222, 0.5159009561556611, 0.1223879954120751, 0.5158122595505148, 0.6890331084166819, 0.34316198314451585, 0.16401107383658675, 0.007225183508792421, 0.5901898307211164, 0.6453905071561602, 0.6591160266549242, 0.7828452818749871, 0.7266829178801546, 0.5795175123837154], [0.09541623885314898, 0.9680975254531282, 0.0, 0.21009345416273123, 0.5563409193112805, 0.12604609867912644, 0.4269542056081619, 0.6852171294038651, 0.3625311906926665, 0.20859151595692382, 0.007671947615560004, 0.604440267195278, 0.6460116402848286, 0.6693264544645839, 0.7778867805976201, 0.706003831956163, 0.5865266354114824], [-0.038574275689841286, 1.0003223823708407, 0.0, 0.2081458320175409, 0.5590385070443313, 0.12767237249151864, 0.45244881090033784, 0.6834944013004551, 0.3644788967143031, 0.2178175633512287, 0.007560346756364078, 0.615190800697692, 0.6410511374822987, 0.6739561486784978, 0.7746889217378491, 0.7065087917994817, 0.5823982407146922], [0.2608842609335027, 0.7518306505219505, 0.0, 0.2219233584195165, 0.506842972060817, 0.12140268499276906, 0.4604722294384203, 0.6890950861863502, 0.3265224712425876, 0.15870043663065192, 0.00711334193318236, 0.5961998035993741, 0.6466517831508662, 0.6575499198239978, 0.7781554566151136, 0.6926211158776188, 0.5638884556890768], [0.1507459154090811, 0.9226391597292061, 0.0, 0.19511543760000613, 0.5418661444085396, 0.13117621593865153, 0.47978553296055965, 0.6831869234315326, 0.3854971445110562, 0.2053866396769899, 0.007560346756364078, 0.6142573748474249, 0.6743026533325781, 0.6904043786908398, 0.7983367220983882, 0.726216743843565, 0.6031599429609936], [0.49472178974311776, 0.8629044232689622, 0.0, 0.32642592892083844, 0.5338110056253305, 0.12209471149277809, 0.4476039375278404, 0.6878215845864737, 0.3494034520473541, 0.18486315414160437, 0.00711334193318236, 0.5908648251757243, 0.6258523302933632, 0.638073120213197, 0.7738100040189494, 0.6831236778646854, 0.5873006532982938], [-0.09387718059977423, 0.7089680371160133, 0.0, 0.2389202164280561, 0.48580106959897756, 0.12628118494516943, 0.3403492401465719, 0.685245130729317, 0.3484024878544436, 0.16101680352101821, 0.00711334193318236, 0.6076348766521253, 0.6592048926749192, 0.680757064443376, 0.7822562123984899, 0.7026619054419336, 0.5725595350677105], [0.38365312646117244, 0.7627706481925492, 0.0, 0.32042606502987064, 0.5103871116523685, 0.12235946659799396, 0.4038631259779635, 0.6882547432405415, 0.3432890899678869, 0.16685140509053564, 0.007336964783822175, 0.5983542719843968, 0.6522356157906634, 0.677890627188131, 0.7765576613931028, 0.699982955685461, 0.5825921836489988]], "features_2": [[0.4374871123412052, 1.111600168204455, 0.0, 0.26921091659766005, 0.5665433045394783, 0.1403392601101145, 0.29701058622080223, 0.6709026552949029, 0.42619823761541054, 0.2562087908129933, 0.008062078829516484, 0.6007668464430418, 0.6646605131769149, 0.7001409016706253, 0.809951352436532, 0.7412364555519332, 0.6263704998177261], [0.18958701843587766, 0.8721219576208847, 0.0, 0.28585902693356363, 0.5193295581321721, 0.14194121694932038, 0.43410644212687616, 0.6748722898456792, 0.44524494980402274, 0.21338178642448313, 0.00822905385914674, 0.6206475177356015, 0.7078997015312626, 0.7486852066254442, 0.8268012207040576, 0.767574732269499, 0.6447110479082238], [-0.007755746908932437, 0.9433552708102585, 0.0, 0.262495793051214, 0.5384750444150267, 0.14181488522160157, 0.4420469442065539, 0.6746738064610847, 0.4408057317151146, 0.22875987424534094, 0.008117752083540042, 0.6238048311581461, 0.695634901359778, 0.7245873237269206, 0.8250339540345754, 0.7551531581790795, 0.6482981306360663], [-0.010394458481450819, 0.9241856344491938, 0.0, 0.24721220911031602, 0.5310694265129522, 0.14303654702039686, 0.43605855096200585, 0.6724917436294402, 0.45067087324946886, 0.22665847828625973, 0.008117752083540042, 0.6315828779031796, 0.6842339764323839, 0.7269778077347281, 0.822653120268502, 0.7476545901251745, 0.6416185836289172], [-0.03723402690003619, 0.845527379486522, 0.0, 0.27638933022375634, 0.5164543577102005, 0.14249798449841752, 0.47349361156919656, 0.6765945983005004, 0.4537748259926515, 0.2107662568382045, 0.008173410423425675, 0.6289660036068339, 0.7248897443738289, 0.7542133094544229, 0.8330519131833843, 0.761693064068002, 0.6530385586211626], [-0.14244639894828826, 0.9294677024263984, 0.0, 0.26256675419737163, 0.5346647417785638, 0.14593737116575028, 0.4674800496842174, 0.6726426866548869, 0.4721100790327739, 0.2333124523942074, 0.008673665988278678, 0.6308302288648266, 0.7123733313392965, 0.7498388153196982, 0.8321869519653262, 0.7458349248367078, 0.6541845519368754], [-0.28864170350352714, 0.867487076870628, 0.0, 0.2008622839204733, 0.5157212110375078, 0.14539282091620528, 0.5982030976284605, 0.6724161724494702, 0.44628369352949315, 0.21649858404825206, 0.008451478759474051, 0.638126851990581, 0.6936558486780333, 0.7389998460169779, 0.8273044835411514, 0.751843932215746, 0.638014480374829], [-0.06293815516819734, 0.7938144857820619, 0.0, 0.23617923872598573, 0.5045790250253172, 0.14245441957193272, 0.4910734411935117, 0.6766670284972298, 0.45320677588629876, 0.19894182284070028, 0.00822905385914674, 0.6298075238495007, 0.7161862990785494, 0.7369931949488338, 0.8315534441974572, 0.7662477956546508, 0.6484726000551915], [-0.17534169180966286, 0.8277948805056816, 0.0, 0.2339149190639154, 0.5116321411048701, 0.1421617021922562, 0.5384774269978052, 0.675667070078645, 0.43276980327636694, 0.20371706344426244, 0.008117752083540042, 0.6386625692740129, 0.702060785442977, 0.7442602586506737, 0.8245292080972416, 0.754995356600892, 0.6400872578629058]]}