{"labels_1": ["1", "2", "3", "4", "5", "6", "7", "8", "9"], "labels_2": ["1", "2", "3", "4", "5", "6", "7", "8", "9"], "adj_matrix_1": [[0.0, 0.03996, 0.08664, 0.09924, 0.14206, 0.1174, 0.00854, 0.16038, 0.06915], [0.03996, 0.0, 0.12372, 0.06066, 0.17476, 0.07956, 0.0315, 0.191, 0.02968], [0.08664, 0.12372, 0.0, 0.17573, 0.06141, 0.19096, 0.09471, 0.08321, 0.14977], [0.09924, 0.06066, 0.17573, 0.0, 0.21829, 0.01944, 0.09115, 0.23082, 0.0313], [0.14206, 0.17476, 0.06141, 0.21829, 0.0, 0.23048, 0.14932, 0.02283, 0.19693], [0.1174, 0.07956, 0.19096, 0.01944, 0.23048, 0.0, 0.10949, 0.24176, 0.05056], [0.00854, 0.0315, 0.09471, 0.09115, 0.14932, 0.10949, 0.0, 0.16724, 0.06084], [0.16038, 0.191, 0.08321, 0.23082, 0.02283, 0.24176, 0.16724, 0.0, 0.21144], [0.06915, 0.02968, 0.14977, 0.0313, 0.19693, 0.05056, 0.06084, 0.21144, 0.0]], "adj_matrix_2": [[0.0, 0.1327, 0.10114, 0.18476, 0.20007, 0.06485, 0.08196, 0.08874, 0.2035], [0.1327, 0.0, 0.0344, 0.06088, 0.07998, 0.18611, 0.1988, 0.04736, 0.26152], [0.10114, 0.0344, 0.0, 0.09429, 0.11275, 0.15856, 0.1726, 0.01306, 0.25091], [0.18476, 0.06088, 0.09429, 0.0, 0.01952, 0.22963, 0.23954, 0.10653, 0.27384], [0.20007, 0.07998, 0.11275, 0.01952, 0.0, 0.24202, 0.25109, 0.12485, 0.27683], [0.06485, 0.18611, 0.15856, 0.22963, 0.24202, 0.0, 0.01786, 0.14752, 0.16001], [0.08196, 0.1988, 0.1726, 0.23954, 0.25109, 0.01786, 0.0, 0.16209, 0.14637], [0.08874, 0.04736, 0.01306, 0.10653, 0.12485, 0.14752, 0.16209, 0.0, 0.24653], [0.2035, 0.26152, 0.25091, 0.27384, 0.27683, 0.16001, 0.14637, 0.24653, 0.0]], "features_1": [[0.3287430085632508, 1.0690481866385007, 0.0, 0.22609421916521086, 0.544287001290896, 0.14702628922032868, 0.1662834088728175, 0.6569806096108854, 0.4675559958312958, 0.2599406971758198, 0.008340296057933516, 0.6211403804794007, 0.6485206622920106, 0.6828291860663034, 0.806400057945232, 0.7132733363309159, 0.6233591903620909], [0.2364510972599172, 0.8823387473728524, 0.0, 0.24196267098135754, 0.5017767369839189, 0.14875745903108628, 0.160253685187309, 0.6561016835385842, 0.48147540328811966, 0.2244852498813441, 0.008284682400665488, 0.6154641326775265, 0.6591597558504232, 0.700368440951243, 0.810674627272221, 0.735496978166528, 0.6348565359154092], [0.507596941165759, 1.0329130719400252, 0.0, 0.2360563332717705, 0.5463063105144128, 0.14541088385318932, 0.181197096468032, 0.6623328200963817, 0.4679502729165148, 0.24941419699271528, 0.00839589484089287, 0.6081956855952271, 0.649667409288219, 0.6990361203120038, 0.8083511317608207, 0.7374242437072033, 0.6332218013696851], [0.18426612490467953, 1.0163910984543603, 0.0, 0.2072366061686067, 0.5412305501688239, 0.14610344425388994, 0.19618660004374747, 0.6620861979458694, 0.46932787658380515, 0.24978896926482363, 0.008562602043175715, 0.6196150058834455, 0.665518155077506, 0.7156849735853116, 0.8112793570163782, 0.7269905704836485, 0.6272227296862443], [0.27325733712712275, 0.8600636779521672, 0.0, 0.24504071088548643, 0.49308530637307835, 0.1501254558853305, 0.13887830987404115, 0.6534581640515813, 0.47856900548356496, 0.22024489568082517, 0.008284682400665488, 0.6132062655854882, 0.6621455148857738, 0.7074164966398772, 0.811366947209134, 0.7282880866476946, 0.6354329001134339], [0.46709684299860665, 1.082754337648714, 0.0, 0.2616143886661489, 0.5532350942301748, 0.14969069343015287, 0.13991528188589086, 0.6556373166187681, 0.492616200060912, 0.26376944793918145, 0.00839589484089287, 0.6194639244805291, 0.6364405897036236, 0.68949037415546, 0.8103103421917816, 0.7397346527320959, 0.6309902622719035], [0.08282420198956864, 0.9671000339925722, 0.0, 0.1986774535354077, 0.5386666588560199, 0.14267494203617195, 0.29993814855902345, 0.6713560836971528, 0.44907390390726976, 0.2355232191909169, 0.008117752083540042, 0.6246650993262048, 0.6923711283280874, 0.7324114012944295, 0.8179548276995608, 0.7460297602006363, 0.6220983593282567], [0.30698818459128985, 0.813689469216977, 0.0, 0.27446082083615486, 0.4877418301012293, 0.1483500371622455, 0.21462276551664203, 0.6618934797117961, 0.49244758750428974, 0.20902689060791468, 0.009061923644820391, 0.620124685517593, 0.6950558608480738, 0.7105536909394832, 0.8190008577669756, 0.7449142708671771, 0.6424289323139848], [0.004423098224291877, 0.8903711382878369, 0.0, 0.2507192219332579, 0.5214918155449753, 0.1410116252011866, 0.3324042765109823, 0.6744619392901386, 0.44241476237695765, 0.21801794083208215, 0.008284682400665488, 0.6273097791935776, 0.6871769416353884, 0.7218758923307275, 0.8171409764329447, 0.7398466315583118, 0.6248215629966]], "features_2": [[0.15300353874605355, 0.8890731709467996, 0.0, 0.30663679809902383, 0.5204469880502653, 0.14156468318837526, 0.271138166953066, 0.6708342886739931, 0.45053584225125465, 0.21810636113167092, 0.007950687539111767, 0.6169932555115105, 0.6716784477729081, 0.684711812834531, 0.8119052271090199, 0.7278202964033337, 0.6379848037956943], [0.7179669571242986, 0.6925590426024424, 0.0, 0.30161744510203703, 0.4736495092392686, 0.13939681384725133, 0.3783758153785158, 0.6773767492115979, 0.4365363389673731, 0.1653017834123438, 0.00783923647221818, 0.6066291005666273, 0.653902483698723, 0.6370489469307962, 0.8198479342651506, 0.740754778464427, 0.637001223810797], [0.5173497569424605, 0.8703526891010975, 0.0, 0.3101037632873539, 0.5272534609358794, 0.13698390601599103, 0.298483886124086, 0.67646795823851, 0.42739021832290947, 0.20416369546623248, 0.008117752083540042, 0.60415045373022, 0.6572229858427896, 0.6781484488143159, 0.8053831726422808, 0.7189357097814869, 0.6334976912196453], [0.1719821402544448, 0.8926059108408508, 0.0, 0.24385483792701812, 0.525953295199265, 0.13966444225514843, 0.2398195644101399, 0.6716076020768647, 0.437623568527151, 0.21478979656288666, 0.008006390651371653, 0.6176187232868597, 0.6666789713192498, 0.6908824848110982, 0.8043551481206035, 0.7149468601121298, 0.6340238345526109], [0.6076829802986281, 0.6376073117327747, 0.0, 0.27469459021280457, 0.454094415042517, 0.14146743359912814, 0.34473473448337943, 0.6746348473141588, 0.44188949861800886, 0.1539477409577903, 0.008062078829516484, 0.615500996275737, 0.6740726779574076, 0.6700293714446401, 0.8208220938313274, 0.7441894289918597, 0.6475645728493753], [0.46412445488176646, 0.861355034164011, 0.0, 0.30878474719425314, 0.5241045012517018, 0.1414473910173669, 0.3114680250760166, 0.6733339755223346, 0.4592117750072029, 0.20835422418636518, 0.008673665988278678, 0.6113364130263177, 0.6776952981497958, 0.6861190062067329, 0.8123417946556473, 0.7256932902353077, 0.6399179353558226], [0.6201445326829438, 0.8196604645627289, 0.0, 0.23011239916272214, 0.5137057818410455, 0.13634481537428042, 0.2937415172029077, 0.6767544725098555, 0.41633817948328966, 0.19317464009319396, 0.008117752083540042, 0.5936028700323002, 0.651457758509957, 0.6876884764488981, 0.802840029186893, 0.7184615817869768, 0.6330646970298069], [0.3966259582669869, 0.6007904448263589, 0.0, 0.3047819478925145, 0.44353320531379065, 0.13977912579810042, 0.3163135080879897, 0.6749608697270584, 0.44627715895541664, 0.14752410930040627, 0.00822905385914674, 0.6186890454424803, 0.6606532051261779, 0.6871731368185799, 0.8127553756058189, 0.7323389123353952, 0.6468782738907063], [1.0145725521253652, 0.7202750950601939, 0.0, 0.3569254857606759, 0.4911028405151364, 0.1331601267296793, 0.3603785981409537, 0.681184257841607, 0.4138913773293118, 0.16690101673545255, 0.008117752083540042, 0.5867065541048948, 0.654799262022518, 0.6612642118457794, 0.8008653179768062, 0.7382845455932394, 0.632914825297049]]}