{"labels_1": ["1", "2", "3", "4", "5", "6", "7", "8", "9"], "labels_2": ["1", "2", "3", "4", "5", "6", "7", "8", "9"], "adj_matrix_1": [[0.0, 0.00018, 0.1051, 0.04944, 0.0446, 0.16937, 0.20631, 0.19655, 0.04638], [0.00018, 0.0, 0.10525, 0.04961, 0.04444, 0.16944, 0.20623, 0.19658, 0.04657], [0.1051, 0.10525, 0.0, 0.05687, 0.14661, 0.06901, 0.2763, 0.26977, 0.0599], [0.04944, 0.04961, 0.05687, 0.0, 0.0931, 0.12409, 0.24136, 0.23306, 0.00308], [0.0446, 0.04444, 0.14661, 0.0931, 0.0, 0.20697, 0.17112, 0.16031, 0.09016], [0.16937, 0.16944, 0.06901, 0.12409, 0.20697, 0.0, 0.31108, 0.30673, 0.12694], [0.20631, 0.20623, 0.2763, 0.24136, 0.17112, 0.31108, 0.0, 0.01323, 0.23936], [0.19655, 0.19658, 0.26977, 0.23306, 0.16031, 0.30673, 0.01323, 0.0, 0.23106], [0.04638, 0.04657, 0.0599, 0.00308, 0.09016, 0.12694, 0.23936, 0.23106, 0.0]], "adj_matrix_2": [[0.0, 0.29404, 0.28283, 0.23315, 0.34142, 0.32519, 0.30602, 0.32824, 0.28328], [0.29404, 0.0, 0.01941, 0.08933, 0.17569, 0.22443, 0.02234, 0.07622, 0.01863], [0.28283, 0.01941, 0.0, 0.07058, 0.19064, 0.23596, 0.04167, 0.09482, 0.00078], [0.23315, 0.08933, 0.07058, 0.0, 0.23987, 0.27111, 0.11058, 0.15953, 0.07133], [0.34142, 0.17569, 0.19064, 0.23987, 0.0, 0.07302, 0.15734, 0.10949, 0.19011], [0.32519, 0.22443, 0.23596, 0.27111, 0.07302, 0.0, 0.21037, 0.17126, 0.23552], [0.30602, 0.02234, 0.04167, 0.11058, 0.15734, 0.21037, 0.0, 0.05439, 0.0409], [0.32824, 0.07622, 0.09482, 0.15953, 0.10949, 0.17126, 0.05439, 0.0, 0.0941], [0.28328, 0.01863, 0.00078, 0.07133, 0.19011, 0.23552, 0.0409, 0.0941, 0.0]], "features_1": [[-0.14761424981055615, 1.027918643658089, 0.0, 0.22698178581068834, 0.5428431114147372, 0.15369735363959908, 0.15634908966367006, 0.6582852040780249, 0.5507860521108738, 0.26600894495856897, 0.008784670673857464, 0.6464951214693024, 0.6994342106341966, 0.7559122227965693, 0.8230415043489616, 0.7417254964549644, 0.6140568777532975], [0.24863365801888104, 0.8327353583757041, 0.0, 0.23891766914078588, 0.5123780317606418, 0.14275983317447677, 0.3074867416588333, 0.6754411513949055, 0.49417455035355573, 0.20676423535758048, 0.008618141428105908, 0.6248807730608879, 0.6833486640954418, 0.7072660250597651, 0.8168615160462858, 0.7404232197543477, 0.5944094776354871], [0.07172343442101381, 0.9755887664732131, 0.0, 0.23281709299706066, 0.5473692477793564, 0.14368716003489224, 0.2729198911267822, 0.6734675704986235, 0.5031072554123299, 0.2391141386625819, 0.008673665988278678, 0.6276717879371914, 0.6881433852402475, 0.7292679947038887, 0.8157547790484339, 0.7487824403145671, 0.612356088748135], [0.02453938036861425, 0.9824592482103023, 0.0, 0.22709113145030457, 0.5470347387965986, 0.14471255311023773, 0.2660130679274516, 0.6718678353043619, 0.5054803150635225, 0.2439336815133939, 0.008895616178821175, 0.6284617470686842, 0.6817839991182703, 0.7267843867723325, 0.8169946231350311, 0.7326760515136923, 0.6127416959190727], [0.301557564196826, 0.8207628748895078, 0.0, 0.25415195885424746, 0.5163724837079322, 0.13542552956520928, 0.35827070144640627, 0.681827063734846, 0.4443922410212857, 0.19399692051092576, 0.007950687539111767, 0.6113012622177554, 0.6784720632060302, 0.6981986776044681, 0.8062944567031458, 0.7241549833602072, 0.5857736919917685], [-0.020331614466921888, 1.0385598349291538, 0.0, 0.222680425444167, 0.557370452124688, 0.14590595870384504, 0.2591720506493047, 0.6705558867654089, 0.5113711178524285, 0.25543012230105155, 0.00822905385914674, 0.6379185927112965, 0.6787024554297388, 0.7254492453603626, 0.8159081259589396, 0.7316344244104059, 0.6185264840027747], [0.37749721191925145, 0.9812216607545957, 0.0, 0.2544140040898448, 0.547306693606935, 0.14039856311024299, 0.27977979860876945, 0.6765068993626014, 0.4699890002684426, 0.2337568811136279, 0.008340296057933516, 0.6137336735547507, 0.67435742705129, 0.7169974702358108, 0.8103349814838421, 0.7307408381166747, 0.5997033791424432], [0.40078616705437, 0.8051761139330789, 0.0, 0.22207492969800297, 0.5080502259213437, 0.13437969975736397, 0.3080942011919099, 0.6810642358777756, 0.414262020001118, 0.18697381559506177, 0.007783488497544067, 0.594421124537929, 0.675402680083491, 0.6730487811594913, 0.7989547640500039, 0.7109809601618102, 0.5769217188247832], [0.12475856690184228, 0.844241167221174, 0.0, 0.21336995975988268, 0.5165549414057895, 0.13439422245182447, 0.29694447942814933, 0.6806184564901749, 0.41102238177023587, 0.19549758462137246, 0.007560346756364078, 0.618447100515831, 0.6564470958198052, 0.6788763083474971, 0.7970909002045654, 0.7193557088030921, 0.5889671152805479]], "features_2": [[-0.37755808647465194, 0.7804384192510148, 0.0, 0.2395083727445554, 0.4855269920832452, 0.1379415842676293, 0.15506814334180347, 0.6694168478340483, 0.42520079272049593, 0.19431149344149623, 0.008117752083540042, 0.6363651123288441, 0.6556944248373603, 0.6814493867015997, 0.7887953361211625, 0.7035019362163365, 0.5944805406927487], [0.3294467376845467, 0.6140982351218176, 0.0, 0.29439326079112965, 0.44654556590587297, 0.1307377260276108, 0.3285256400409217, 0.6821737417985194, 0.3963376612955427, 0.14342218498833503, 0.007560346756364078, 0.6012140774238834, 0.6616955270336428, 0.6823187395291499, 0.7939483702862989, 0.7103523765502524, 0.6008598678319811], [0.1148049130323936, 0.8330307168254615, 0.0, 0.2856647978356438, 0.5085862828610076, 0.13397128256203822, 0.20894454755046682, 0.6761433915173296, 0.41325644683610663, 0.19831978740182965, 0.00822905385914674, 0.6107915487715179, 0.638576903741774, 0.6738248939077836, 0.7867809933494052, 0.6990549139059491, 0.5953261970979158], [-0.08440196861070737, 0.843347427291158, 0.0, 0.25535879265772754, 0.5109201482299713, 0.13329334865791062, 0.18697489579123355, 0.676094453745425, 0.41069415701796963, 0.20059270737964296, 0.008340296057933516, 0.6230648594183159, 0.639900207758043, 0.674460203409492, 0.7821390187384927, 0.6934083284728285, 0.5931982136758359], [0.9265143352610976, 0.6364188419625868, 0.0, 0.3303783334061968, 0.4634925977640084, 0.12705663634726877, 0.4073134237155848, 0.6857740317306418, 0.39037695092206315, 0.14359511303854156, 0.00783923647221818, 0.5848489696034327, 0.6502148326667248, 0.679155942294951, 0.7888410879761787, 0.712189166707601, 0.5864988344166661], [0.8940336095678965, 0.913985559791868, 0.0, 0.2951527333709572, 0.5332976247444955, 0.13410700799984293, 0.25675048330901545, 0.6775218097068885, 0.4175780182084594, 0.21044871252825104, 0.007894969482732161, 0.5859716900826204, 0.6419935196750062, 0.6600868234300515, 0.7907223218447194, 0.7113422056198194, 0.5940797513314942], [0.37479313446776974, 0.850640718695395, 0.0, 0.2549194133622518, 0.5181387947148051, 0.13063632060302235, 0.22943926246937707, 0.6790681437741606, 0.39119364480601226, 0.19448707004478294, 0.007950687539111767, 0.6017855611328136, 0.635285547587011, 0.6452999118034488, 0.7766735987153639, 0.6983600007239474, 0.5969448578535478], [0.6579725424981149, 0.6975212968915191, 0.0, 0.278938139535383, 0.4928098516715026, 0.1225312028566157, 0.42296129655802017, 0.6884126629004138, 0.3640938923538066, 0.15126893393027596, 0.00716927026363523, 0.5926099621000782, 0.6370022642794627, 0.6510038751700754, 0.7769189842488503, 0.7261386138835048, 0.5680751557080722], [0.5579390975330627, 0.7765968542123277, 0.0, 0.25061742067364506, 0.5070770325197331, 0.12536439106829894, 0.3107236803492768, 0.6846158466623237, 0.369813937910209, 0.1702710129088998, 0.007504523810135222, 0.5976287640564486, 0.6435649766395023, 0.6442181326947017, 0.7691648843705317, 0.7219619393503085, 0.5864713020352931]]}