{"labels_1": ["1", "2", "3", "4", "5", "6", "7", "8", "9"], "labels_2": ["1", "2", "3", "4", "5", "6", "7", "8", "9"], "adj_matrix_1": [[0.0, 0.00018, 0.1051, 0.04944, 0.0446, 0.16937, 0.20631, 0.19655, 0.04638], [0.00018, 0.0, 0.10525, 0.04961, 0.04444, 0.16944, 0.20623, 0.19658, 0.04657], [0.1051, 0.10525, 0.0, 0.05687, 0.14661, 0.06901, 0.2763, 0.26977, 0.0599], [0.04944, 0.04961, 0.05687, 0.0, 0.0931, 0.12409, 0.24136, 0.23306, 0.00308], [0.0446, 0.04444, 0.14661, 0.0931, 0.0, 0.20697, 0.17112, 0.16031, 0.09016], [0.16937, 0.16944, 0.06901, 0.12409, 0.20697, 0.0, 0.31108, 0.30673, 0.12694], [0.20631, 0.20623, 0.2763, 0.24136, 0.17112, 0.31108, 0.0, 0.01323, 0.23936], [0.19655, 0.19658, 0.26977, 0.23306, 0.16031, 0.30673, 0.01323, 0.0, 0.23106], [0.04638, 0.04657, 0.0599, 0.00308, 0.09016, 0.12694, 0.23936, 0.23106, 0.0]], "adj_matrix_2": [[0.0, 0.03998, 0.17065, 0.0388, 0.19513, 0.25843, 0.26672, 0.18244, 0.25716], [0.03998, 0.0, 0.19421, 0.07735, 0.21393, 0.25778, 0.26191, 0.20388, 0.25728], [0.17065, 0.19421, 0.0, 0.14218, 0.03696, 0.17016, 0.19753, 0.01718, 0.16591], [0.0388, 0.07735, 0.14218, 0.0, 0.17076, 0.25216, 0.26466, 0.15578, 0.25017], [0.19513, 0.21393, 0.03696, 0.17076, 0.0, 0.13942, 0.16944, 0.01988, 0.13489], [0.25843, 0.25778, 0.17016, 0.25216, 0.13942, 0.0, 0.03517, 0.15621, 0.00523], [0.26672, 0.26191, 0.19753, 0.26466, 0.16944, 0.03517, 0.0, 0.18487, 0.04036], [0.18244, 0.20388, 0.01718, 0.15578, 0.01988, 0.15621, 0.18487, 0.0, 0.1519], [0.25716, 0.25728, 0.16591, 0.25017, 0.13489, 0.00523, 0.04036, 0.1519, 0.0]], "features_1": [[-0.14761424981055615, 1.027918643658089, 0.0, 0.22698178581068834, 0.5428431114147372, 0.15369735363959908, 0.15634908966367006, 0.6582852040780249, 0.5507860521108738, 0.26600894495856897, 0.008784670673857464, 0.6464951214693024, 0.6994342106341966, 0.7559122227965693, 0.8230415043489616, 0.7417254964549644, 0.6140568777532975], [0.24863365801888104, 0.8327353583757041, 0.0, 0.23891766914078588, 0.5123780317606418, 0.14275983317447677, 0.3074867416588333, 0.6754411513949055, 0.49417455035355573, 0.20676423535758048, 0.008618141428105908, 0.6248807730608879, 0.6833486640954418, 0.7072660250597651, 0.8168615160462858, 0.7404232197543477, 0.5944094776354871], [0.07172343442101381, 0.9755887664732131, 0.0, 0.23281709299706066, 0.5473692477793564, 0.14368716003489224, 0.2729198911267822, 0.6734675704986235, 0.5031072554123299, 0.2391141386625819, 0.008673665988278678, 0.6276717879371914, 0.6881433852402475, 0.7292679947038887, 0.8157547790484339, 0.7487824403145671, 0.612356088748135], [0.02453938036861425, 0.9824592482103023, 0.0, 0.22709113145030457, 0.5470347387965986, 0.14471255311023773, 0.2660130679274516, 0.6718678353043619, 0.5054803150635225, 0.2439336815133939, 0.008895616178821175, 0.6284617470686842, 0.6817839991182703, 0.7267843867723325, 0.8169946231350311, 0.7326760515136923, 0.6127416959190727], [0.301557564196826, 0.8207628748895078, 0.0, 0.25415195885424746, 0.5163724837079322, 0.13542552956520928, 0.35827070144640627, 0.681827063734846, 0.4443922410212857, 0.19399692051092576, 0.007950687539111767, 0.6113012622177554, 0.6784720632060302, 0.6981986776044681, 0.8062944567031458, 0.7241549833602072, 0.5857736919917685], [-0.020331614466921888, 1.0385598349291538, 0.0, 0.222680425444167, 0.557370452124688, 0.14590595870384504, 0.2591720506493047, 0.6705558867654089, 0.5113711178524285, 0.25543012230105155, 0.00822905385914674, 0.6379185927112965, 0.6787024554297388, 0.7254492453603626, 0.8159081259589396, 0.7316344244104059, 0.6185264840027747], [0.37749721191925145, 0.9812216607545957, 0.0, 0.2544140040898448, 0.547306693606935, 0.14039856311024299, 0.27977979860876945, 0.6765068993626014, 0.4699890002684426, 0.2337568811136279, 0.008340296057933516, 0.6137336735547507, 0.67435742705129, 0.7169974702358108, 0.8103349814838421, 0.7307408381166747, 0.5997033791424432], [0.40078616705437, 0.8051761139330789, 0.0, 0.22207492969800297, 0.5080502259213437, 0.13437969975736397, 0.3080942011919099, 0.6810642358777756, 0.414262020001118, 0.18697381559506177, 0.007783488497544067, 0.594421124537929, 0.675402680083491, 0.6730487811594913, 0.7989547640500039, 0.7109809601618102, 0.5769217188247832], [0.12475856690184228, 0.844241167221174, 0.0, 0.21336995975988268, 0.5165549414057895, 0.13439422245182447, 0.29694447942814933, 0.6806184564901749, 0.41102238177023587, 0.19549758462137246, 0.007560346756364078, 0.618447100515831, 0.6564470958198052, 0.6788763083474971, 0.7970909002045654, 0.7193557088030921, 0.5889671152805479]], "features_2": [[0.7302105413759734, 0.912255630579097, 0.0, 0.29820112695875806, 0.5478846775707689, 0.12816428728319332, 0.5398185531485253, 0.6858026964011638, 0.3776093694305682, 0.20255358520370637, 0.007448685839370306, 0.5836315215849999, 0.6602446413982365, 0.6780704616665792, 0.7935092804414583, 0.7113723742294169, 0.6041262898153187], [1.6465656037860947, 0.8025154357078138, 0.0, 0.3318551006343266, 0.5306752209828024, 0.1170242230244533, 0.6407760543717977, 0.6911703847764343, 0.32447391112679624, 0.15986399549288666, 0.007001439975721224, 0.5616634211984879, 0.6085907952451306, 0.616916304487732, 0.7652498452948012, 0.6793615984479892, 0.5864212805945483], [1.1941736768953328, 0.9627794812326836, 0.0, 0.3290735667100521, 0.5737778691453514, 0.11639048925392723, 0.618073983847966, 0.6914027110985352, 0.3259149346003787, 0.19292316845714175, 0.006889477554966383, 0.5727573270886965, 0.6287489995980893, 0.62945524591546, 0.764956496661487, 0.6859173709245295, 0.5842479460545867], [1.2569561494623596, 0.956946497668709, 0.0, 0.33433281213387056, 0.5690194754278025, 0.11888761568146766, 0.590172448443741, 0.6904451916821042, 0.3376236834593005, 0.19521417588423495, 0.006889477554966383, 0.5715245663801043, 0.6209864212121916, 0.6277508425136709, 0.7714362052881073, 0.6995820143959445, 0.5902678450970279], [1.0561564480134988, 0.7638388620898209, 0.0, 0.2914436998763858, 0.5136359708401567, 0.1199034004062899, 0.525765452453632, 0.6894221870083971, 0.3386224257666728, 0.15686295653544025, 0.007336964783822175, 0.5738210170823892, 0.6282677791276371, 0.6412218359843302, 0.7694645201294583, 0.6947414923992383, 0.5801315416919927], [0.6216516320250833, 0.976459398286982, 0.0, 0.2977997507195835, 0.5748597735790131, 0.11857290348102247, 0.6427036975138855, 0.6908907343307003, 0.32990440532016807, 0.19911063615848068, 0.007336964783822175, 0.5859282864751507, 0.6361420324291183, 0.6514477460127303, 0.7722059294900323, 0.7102254415125993, 0.5650549739902494], [0.5033672270227285, 0.9220421378971068, 0.0, 0.28914476211560475, 0.558316613922158, 0.11611184796876575, 0.6330458493933137, 0.6911106436389987, 0.31884197954252547, 0.1869849381362143, 0.00677745458930179, 0.5872129581112491, 0.637095568387389, 0.6475332207882563, 0.7626898733743485, 0.6892918837222817, 0.5526585902208173], [0.24964374979561477, 0.7508766597685153, 0.0, 0.22105093948238091, 0.4984785180442969, 0.12242638872640216, 0.33581555393558915, 0.6868432116763179, 0.33940857389480716, 0.1596993411627925, 0.0069454663283523566, 0.5948935929380852, 0.6299446108544531, 0.6400567987722753, 0.7703821993191974, 0.6832136661351105, 0.5346798186191721], [0.22395268055792616, 0.805741356017031, 0.0, 0.22783483043116665, 0.519122935280185, 0.1176300535793237, 0.41180996469331105, 0.6895808657516137, 0.3214529190577671, 0.16590087935824416, 0.007001439975721224, 0.5900131277388141, 0.6426455286969623, 0.6499890201296246, 0.761795003968822, 0.6936610062743976, 0.522950231243833]]}