{"labels_1": ["1", "2", "3", "4", "5", "6", "7", "8", "9"], "labels_2": ["1", "2", "3", "4", "5", "6", "7", "8", "9"], "adj_matrix_1": [[0.0, 0.17962, 0.04428, 0.23221, 0.22445, 0.06925, 0.05958, 0.26088, 0.10122], [0.17962, 0.0, 0.14308, 0.0816, 0.2221, 0.12061, 0.22333, 0.1671, 0.25063], [0.04428, 0.14308, 0.0, 0.20468, 0.22917, 0.02541, 0.10242, 0.24742, 0.14216], [0.23221, 0.0816, 0.20468, 0.0, 0.19543, 0.18694, 0.26272, 0.09938, 0.28015], [0.22445, 0.2221, 0.22917, 0.19543, 0.0, 0.23045, 0.21531, 0.13456, 0.20747], [0.06925, 0.12061, 0.02541, 0.18694, 0.23045, 0.0, 0.12599, 0.23753, 0.16424], [0.05958, 0.22333, 0.10242, 0.26272, 0.21531, 0.12599, 0.0, 0.27289, 0.04288], [0.26088, 0.1671, 0.24742, 0.09938, 0.13456, 0.23753, 0.27289, 0.0, 0.27779], [0.10122, 0.25063, 0.14216, 0.28015, 0.20747, 0.16424, 0.04288, 0.27779, 0.0]], "adj_matrix_2": [[0.0, 0.00628, 0.18703, 0.14408, 0.02902, 0.18208, 0.11623, 0.21808, 0.08733], [0.00628, 0.0, 0.18482, 0.13962, 0.02282, 0.17956, 0.12156, 0.22115, 0.0932], [0.18703, 0.18482, 0.0, 0.08404, 0.17479, 0.01539, 0.21181, 0.20075, 0.20925], [0.14408, 0.13962, 0.08404, 0.0, 0.12204, 0.07019, 0.20999, 0.23642, 0.19693], [0.02902, 0.02282, 0.17479, 0.12204, 0.0, 0.16807, 0.14014, 0.23012, 0.11343], [0.18208, 0.17956, 0.01539, 0.07019, 0.16807, 0.0, 0.21414, 0.20886, 0.2099], [0.11623, 0.12156, 0.21181, 0.20999, 0.14014, 0.21414, 0.0, 0.13569, 0.03193], [0.21808, 0.22115, 0.20075, 0.23642, 0.23012, 0.20886, 0.13569, 0.0, 0.16181], [0.08733, 0.0932, 0.20925, 0.19693, 0.11343, 0.2099, 0.03193, 0.16181, 0.0]], "features_1": [[0.05312075200279143, 1.0585811272967702, 0.0, 0.2601391100865894, 0.5620407511464035, 0.13369940746648967, 0.22174337564264662, 0.675844252036422, 0.40088509370754344, 0.24101108705690422, 0.00783923647221818, 0.6147628046918523, 0.6308707127292603, 0.6424788321747972, 0.7831469026430075, 0.7064081902768609, 0.608265123480041], [0.9441269708510451, 0.8369617932025344, 0.0, 0.29037438466843607, 0.5258528123065507, 0.12460127860865344, 0.3729411922204712, 0.6862116517836554, 0.37736673629240713, 0.18087878789184186, 0.007950687539111767, 0.5849865233546352, 0.6199419050984741, 0.6328188454997277, 0.7756702476176108, 0.7059230646326178, 0.5984543463488069], [0.3614759863240997, 1.0164872291108225, 0.0, 0.2644776091125604, 0.56777171540394, 0.12929750741497598, 0.30671972838598266, 0.6824948963513106, 0.38594089009947274, 0.22177415485137253, 0.00783923647221818, 0.6005138999261534, 0.6544602983954579, 0.6612440894887146, 0.7840491273984521, 0.7189797616563516, 0.613030936334977], [0.6301905927959854, 1.0652323533991335, 0.0, 0.27897642771971165, 0.5776041995232631, 0.12746569855097076, 0.31447209807564674, 0.6833321502583883, 0.3712710058356885, 0.22805546837886226, 0.007504523810135222, 0.5873837992122859, 0.6425793755436412, 0.6609825459370422, 0.7769273662565139, 0.7037675038432557, 0.6019430944055649], [1.6991987055303062, 0.9028576758426365, 0.0, 0.2906289643453065, 0.5470179243094517, 0.1213655788133006, 0.3368494893286346, 0.687883770291845, 0.3596508760525243, 0.18599597887871888, 0.007616154688146137, 0.558636550299672, 0.610486364574713, 0.6200618542652657, 0.7636127525315838, 0.703072029329505, 0.593977942286871], [0.41016474755819754, 1.1207043448817735, 0.0, 0.2700990972581834, 0.5929018383546125, 0.13053826106084426, 0.36047934425647626, 0.6832477127602006, 0.3969256990298202, 0.2430372940227068, 0.007616154688146137, 0.5938997758219342, 0.6521785701590082, 0.6836250657015276, 0.7931923494089883, 0.7206159241415572, 0.6165173947625464], [0.2801481645142787, 1.0536638262159648, 0.0, 0.2931184677346754, 0.5878791878462231, 0.12055003951286594, 0.3640876069153549, 0.688904348282072, 0.33742130652530644, 0.2187905413292246, 0.007057398507269275, 0.5953799277747649, 0.642468738947931, 0.6587233860769711, 0.7685550153492889, 0.6925761953349611, 0.5928621747128995], [1.1113625256943056, 0.9513669393226952, 0.0, 0.30047582863127137, 0.5684170105565318, 0.11802208920024618, 0.35024482550334923, 0.6900674141838288, 0.3243386189721831, 0.19171929740063387, 0.007057398507269275, 0.5656207051933013, 0.6267092693869147, 0.6391225492716603, 0.7591470165189431, 0.6845099506282359, 0.5831351575524092], [-0.15849859813865486, 0.9830976778115725, 0.0, 0.2633123762383248, 0.5797064980362576, 0.11644643096035012, 0.3735770869790748, 0.6908617769968782, 0.30018080963917404, 0.20122273521479306, 0.006609306440138685, 0.6019430363678633, 0.641134282886838, 0.6647194791583718, 0.7585534617468433, 0.6794099831828518, 0.5797966887076835]], "features_2": [[0.8519423324770381, 1.2089884111288307, 0.0, 0.2649082483000285, 0.5854138999066233, 0.13586422841038595, 0.17806797014017164, 0.6717816063197986, 0.41285351028068185, 0.26959599112140387, 0.008340296057933516, 0.5916202805548056, 0.6254315720554846, 0.6552892815934815, 0.785137466486573, 0.7178461863017814, 0.5917565832424735], [1.5931249537851935, 0.8974702074942871, 0.0, 0.30109461725480036, 0.526066243304989, 0.1319158209340224, 0.2281740334987859, 0.6779107428035018, 0.38793681372217126, 0.19960337864044053, 0.007671947615560004, 0.5750681214622315, 0.6397210135372413, 0.6501569956285771, 0.7842061627207091, 0.7382891380276076, 0.5901512863044451], [2.0292409465428225, 1.0557655993208512, 0.0, 0.32793620178526833, 0.5675092706597215, 0.12985576582935884, 0.2416831529023824, 0.6803667444376509, 0.3884925482988626, 0.22722335097568958, 0.007783488497544067, 0.5621311651600212, 0.6184350997486863, 0.6461882500506091, 0.7800640884082571, 0.7141211008204419, 0.5863924693175545], [1.4721878228973857, 1.0438881956910446, 0.0, 0.31797831888257405, 0.5660676143277847, 0.13118865790220188, 0.2471604830384976, 0.6797862037091362, 0.39914622852798853, 0.23016794508520522, 0.008006390651371653, 0.5714853265304223, 0.6158854931136795, 0.6456407013168065, 0.7857790261247702, 0.7127651992435902, 0.5970999887990645], [1.3860079691655596, 0.8805510618173775, 0.0, 0.3127506521494473, 0.523946363378173, 0.1313972257367364, 0.2858660616007043, 0.679013948550992, 0.3795020506911422, 0.1941446131989648, 0.007392832833969631, 0.5723955055574095, 0.6269509708176364, 0.6364522633589148, 0.7810261932855381, 0.7298262934795966, 0.6008168823030514], [2.2307496871675863, 0.9896386702012933, 0.0, 0.3451005879882983, 0.5594876801009068, 0.1292799720265857, 0.340516386189357, 0.6833697314639575, 0.3883993702326083, 0.21172965564235158, 0.007448685839370306, 0.5620939535975178, 0.630869239904067, 0.6512777263362026, 0.7880880287434944, 0.7359463333579211, 0.5967789100392357], [0.8337545061405454, 1.0177069586146075, 0.0, 0.27234135658656516, 0.5693809893116243, 0.12611475686438775, 0.2763335572506428, 0.6845992088774661, 0.3735664583888676, 0.21921505831421495, 0.007448685839370306, 0.5902688568050003, 0.628410521632609, 0.63959561793508, 0.7772827281306673, 0.6870402645065569, 0.5844225696783244], [0.9837611016561603, 0.7849938796401844, 0.0, 0.2771341181331918, 0.5070796972772795, 0.1277691747450786, 0.3943845127089844, 0.6838299164184384, 0.3778138194546661, 0.17235563665850373, 0.007783488497544067, 0.5906417712659742, 0.6322053670222528, 0.649850374806621, 0.7744407401041234, 0.7178207721920414, 0.5912613013514721], [0.798868689873883, 0.8315715983726175, 0.0, 0.264652777790916, 0.5309730109833435, 0.12137618418548816, 0.42142304017071763, 0.6886040479108695, 0.34872108090076126, 0.17573064373451364, 0.007560346756364078, 0.583176682630357, 0.6286334325538276, 0.6546395723605484, 0.7656114354279154, 0.7025427370006744, 0.5671372933386636]]}