{"labels_1": ["1", "2", "3", "4", "5", "6", "7", "8", "9"], "labels_2": ["1", "2", "3", "4", "5", "6", "7", "8", "9"], "adj_matrix_1": [[0.0, 0.03919, 0.2056, 0.04305, 0.12512, 0.19052, 0.1286, 0.28003, 0.26837], [0.03919, 0.0, 0.17178, 0.00387, 0.16203, 0.15569, 0.16536, 0.25398, 0.24067], [0.2056, 0.17178, 0.0, 0.16834, 0.3023, 0.01816, 0.30471, 0.10516, 0.08622], [0.04305, 0.00387, 0.16834, 0.0, 0.16558, 0.15219, 0.16892, 0.25113, 0.23769], [0.12512, 0.16203, 0.3023, 0.16558, 0.0, 0.29099, 0.00361, 0.3501, 0.34389], [0.19052, 0.15569, 0.01816, 0.15219, 0.29099, 0.0, 0.29355, 0.12209, 0.10354], [0.1286, 0.16536, 0.30471, 0.16892, 0.00361, 0.29355, 0.0, 0.35159, 0.34555], [0.28003, 0.25398, 0.10516, 0.25113, 0.3501, 0.12209, 0.35159, 0.0, 0.01994], [0.26837, 0.24067, 0.08622, 0.23769, 0.34389, 0.10354, 0.34555, 0.01994, 0.0]], "adj_matrix_2": [[0.0, 0.22335, 0.11006, 0.24455, 0.03604, 0.24628, 0.2511, 0.14011, 0.13515], [0.22335, 0.0, 0.29736, 0.33382, 0.19369, 0.33338, 0.33178, 0.31239, 0.09963], [0.11006, 0.29736, 0.0, 0.16608, 0.14326, 0.16878, 0.17656, 0.03297, 0.22853], [0.24455, 0.33382, 0.16608, 0.0, 0.26452, 0.00347, 0.01375, 0.1385, 0.3079], [0.03604, 0.19369, 0.14326, 0.26452, 0.0, 0.26589, 0.26974, 0.17167, 0.10115], [0.24628, 0.33338, 0.16878, 0.00347, 0.26589, 0.0, 0.01029, 0.14142, 0.30833], [0.2511, 0.33178, 0.17656, 0.01375, 0.26974, 0.01029, 0.0, 0.14997, 0.30928], [0.14011, 0.31239, 0.03297, 0.1385, 0.17167, 0.14142, 0.14997, 0.0, 0.25073], [0.13515, 0.09963, 0.22853, 0.3079, 0.10115, 0.30833, 0.30928, 0.25073, 0.0]], "features_1": [[-0.340659314382155, 1.042246437687595, 0.0, 0.19351277774993444, 0.5404643845038167, 0.14730896814783598, 0.1552529503721459, 0.6579289807132628, 0.47485202030261564, 0.26048555797402106, 0.008507047823598457, 0.6417669514972082, 0.6689464173589007, 0.708062711316393, 0.81198757581706, 0.713767109158987, 0.611583811812693], [-0.2616028548983804, 0.8201609647293714, 0.0, 0.18945199836045654, 0.4998645217315377, 0.13955784498504972, 0.27177312001396314, 0.6732304175398686, 0.44111458373639545, 0.20355201197793726, 0.008173410423425675, 0.6295528614070918, 0.690841240350372, 0.7168913647866512, 0.811821434420214, 0.7196522873035527, 0.6167909620226794], [-0.0675344433638867, 0.9353486902592432, 0.0, 0.20745157966840302, 0.5296816818013348, 0.14131748445133446, 0.24405355756749786, 0.6704332613943351, 0.46227188240026407, 0.23007322507327155, 0.008507047823598457, 0.6222805075003313, 0.6753795578019767, 0.7036107643480891, 0.8109210749457603, 0.7316553018935661, 0.6224704145867767], [-0.16861839838642378, 0.9333682919660965, 0.0, 0.22122180671226957, 0.5287891392862851, 0.14168036785315283, 0.23406209716752785, 0.6698003169583013, 0.4669738155057732, 0.2306204307971056, 0.00839589484089287, 0.6357749062841398, 0.6778894941783197, 0.6988744889682927, 0.8106750977955816, 0.7141941997825103, 0.6184584264847497], [-0.1714225718374589, 0.7952695184741051, 0.0, 0.20861361903834014, 0.4922297078619716, 0.13701192119529745, 0.26288582452790055, 0.6751583307118055, 0.42649540673023534, 0.19404046180145063, 0.008062078829516484, 0.6372971825237381, 0.6662401487809891, 0.6863094290161265, 0.8042786166299829, 0.714587306236835, 0.6161706509977332], [0.09584163126891765, 0.9839234109393576, 0.0, 0.20934688417575262, 0.5344931854510657, 0.14619126559509057, 0.2168044599847036, 0.6647535819237662, 0.493539144317241, 0.244528322696544, 0.008507047823598457, 0.6225960044952012, 0.6729869729353234, 0.7026970982277865, 0.8146970028296551, 0.7241907335226064, 0.6229207663863624], [-0.1434598652240342, 0.8894296486901112, 0.0, 0.2531250467219207, 0.5165673319800727, 0.13697722521195518, 0.23223886216253292, 0.673602617593097, 0.42632874034552026, 0.21409719858257392, 0.008062078829516484, 0.6384710531579256, 0.655358735008205, 0.6803798686398949, 0.7992787089812599, 0.7115991286305549, 0.6086306131128008], [0.4937599047420025, 0.7550074042814344, 0.0, 0.29512730384974944, 0.48260934188979016, 0.13387905256609947, 0.2540317561829191, 0.6766876504917996, 0.42315711366162456, 0.1785485654408827, 0.007950687539111767, 0.6104397965605082, 0.6408402304665444, 0.6698214051068959, 0.7924942227178632, 0.7307193593137006, 0.6154216106926998], [0.22617726242286196, 0.7693293903078106, 0.0, 0.2777758237680778, 0.4841143268819489, 0.13479759476265957, 0.21107500954670896, 0.6748120219697553, 0.41618183946231224, 0.18448491393436162, 0.007727725548673403, 0.6060006171421599, 0.6700279658732907, 0.7039267210918344, 0.789857881667037, 0.7083142354690769, 0.6050607550370511]], "features_2": [[-0.05917465578606507, 0.7872253513565883, 0.0, 0.16496362658590955, 0.4801785351561767, 0.14158860190229136, 0.1433847597911722, 0.6637291650621171, 0.4310828721900697, 0.1952157326893289, 0.007950687539111767, 0.630655255056823, 0.6374384993005365, 0.6673958603394862, 0.7916395158338718, 0.6911365702621325, 0.5910435326094936], [-0.33399002762334895, 0.656916224473249, 0.0, 0.20957185259694175, 0.43873856194652505, 0.14053244262457898, 0.11592192024988321, 0.664393136781642, 0.4167833354957593, 0.16493219129839276, 0.007727725548673403, 0.6315860748659019, 0.6500800713636118, 0.6763497557353537, 0.786583532177741, 0.6835869714802442, 0.5770931431775416], [0.24637738341958304, 0.8054525417733985, 0.0, 0.20250039954616786, 0.48845870733108576, 0.14051158735912073, 0.13990031815600118, 0.6661239591437785, 0.43130468326970695, 0.19509971829116135, 0.007950687539111767, 0.6122167393327325, 0.6613310281774842, 0.6655813124480169, 0.7921356192394071, 0.7174993207619339, 0.5997361891864468], [0.2695170186496547, 0.809110669037203, 0.0, 0.22789537636389692, 0.4914425058485452, 0.13814402643645424, 0.1502641883142779, 0.6703330312034188, 0.41837496345640646, 0.19399451539623414, 0.007950687539111767, 0.6073540894558451, 0.6556220769546768, 0.6857739988229344, 0.789444955648193, 0.701030800820327, 0.5947426032372827], [-0.10337625860270983, 0.6481776121618003, 0.0, 0.22749632036913023, 0.4366214041021793, 0.13921503809451874, 0.10975032659917901, 0.6665229532046362, 0.408444861277685, 0.15978497396769864, 0.00783923647221818, 0.6201032102647441, 0.6301181541847197, 0.6605779537620972, 0.7843238006524426, 0.6985676452464056, 0.5665054992963678], [0.4802885669311925, 0.8422724192953419, 0.0, 0.21971014576167666, 0.4947086278743722, 0.14456494471299222, 0.16226032490437134, 0.6640103204545852, 0.45434936293708894, 0.20722610417707843, 0.008117752083540042, 0.6085897641514175, 0.6435454310591748, 0.6819590859681812, 0.8053469436923646, 0.7309621280008711, 0.6145031131538475], [0.26284447270731626, 0.7740924909982771, 0.0, 0.2187787525916942, 0.4900795788074326, 0.1327756296473644, 0.2088625610910782, 0.6778161325067366, 0.3892322300147164, 0.1806829225343587, 0.007616154688146137, 0.604204650777985, 0.628591036766944, 0.6501765915929547, 0.7843036300042329, 0.6994712960545929, 0.584047135351906], [0.7704800752828804, 0.63832824640969, 0.0, 0.24556403567343116, 0.4370277979934449, 0.13665342375515388, 0.18539262299978318, 0.6741677805784936, 0.409216344242455, 0.15144476723785028, 0.007560346756364078, 0.6075490754285191, 0.6436369866066447, 0.6755684259302492, 0.7905956379195278, 0.7193174013031676, 0.5787411281446218], [0.023747354248677244, 0.7034670535747479, 0.0, 0.1961163944275482, 0.46129419635243274, 0.13545294061914775, 0.17817230932560904, 0.6749864235469692, 0.39325810025273666, 0.16876273455333668, 0.008117752083540042, 0.6271074934939751, 0.652765225003743, 0.6794010292205732, 0.7865189153229819, 0.6917469050775065, 0.5722743965572705]]}