{"labels_1": ["1", "2", "3", "4", "5", "6", "7", "8", "9"], "labels_2": ["1", "2", "3", "4", "5", "6", "7", "8", "9"], "adj_matrix_1": [[0.0, 0.03919, 0.2056, 0.04305, 0.12512, 0.19052, 0.1286, 0.28003, 0.26837], [0.03919, 0.0, 0.17178, 0.00387, 0.16203, 0.15569, 0.16536, 0.25398, 0.24067], [0.2056, 0.17178, 0.0, 0.16834, 0.3023, 0.01816, 0.30471, 0.10516, 0.08622], [0.04305, 0.00387, 0.16834, 0.0, 0.16558, 0.15219, 0.16892, 0.25113, 0.23769], [0.12512, 0.16203, 0.3023, 0.16558, 0.0, 0.29099, 0.00361, 0.3501, 0.34389], [0.19052, 0.15569, 0.01816, 0.15219, 0.29099, 0.0, 0.29355, 0.12209, 0.10354], [0.1286, 0.16536, 0.30471, 0.16892, 0.00361, 0.29355, 0.0, 0.35159, 0.34555], [0.28003, 0.25398, 0.10516, 0.25113, 0.3501, 0.12209, 0.35159, 0.0, 0.01994], [0.26837, 0.24067, 0.08622, 0.23769, 0.34389, 0.10354, 0.34555, 0.01994, 0.0]], "adj_matrix_2": [[0.0, 0.08341, 0.24158, 0.11463, 0.02519, 0.14351, 0.14282, 0.30677, 0.34018], [0.08341, 0.0, 0.17274, 0.03255, 0.10755, 0.06334, 0.06258, 0.25021, 0.29164], [0.24158, 0.17274, 0.0, 0.14329, 0.25919, 0.11402, 0.11476, 0.0902, 0.14215], [0.11463, 0.03255, 0.14329, 0.0, 0.13788, 0.03106, 0.03027, 0.22435, 0.26844], [0.02519, 0.10755, 0.25919, 0.13788, 0.0, 0.16577, 0.16516, 0.32016, 0.35081], [0.14351, 0.06334, 0.11402, 0.03106, 0.16577, 0.0, 0.00079, 0.19801, 0.2443], [0.14282, 0.06258, 0.11476, 0.03027, 0.16516, 0.00079, 0.0, 0.19873, 0.24495], [0.30677, 0.25021, 0.0902, 0.22435, 0.32016, 0.19801, 0.19873, 0.0, 0.05366], [0.34018, 0.29164, 0.14215, 0.26844, 0.35081, 0.2443, 0.24495, 0.05366, 0.0]], "features_1": [[-0.340659314382155, 1.042246437687595, 0.0, 0.19351277774993444, 0.5404643845038167, 0.14730896814783598, 0.1552529503721459, 0.6579289807132628, 0.47485202030261564, 0.26048555797402106, 0.008507047823598457, 0.6417669514972082, 0.6689464173589007, 0.708062711316393, 0.81198757581706, 0.713767109158987, 0.611583811812693], [-0.2616028548983804, 0.8201609647293714, 0.0, 0.18945199836045654, 0.4998645217315377, 0.13955784498504972, 0.27177312001396314, 0.6732304175398686, 0.44111458373639545, 0.20355201197793726, 0.008173410423425675, 0.6295528614070918, 0.690841240350372, 0.7168913647866512, 0.811821434420214, 0.7196522873035527, 0.6167909620226794], [-0.0675344433638867, 0.9353486902592432, 0.0, 0.20745157966840302, 0.5296816818013348, 0.14131748445133446, 0.24405355756749786, 0.6704332613943351, 0.46227188240026407, 0.23007322507327155, 0.008507047823598457, 0.6222805075003313, 0.6753795578019767, 0.7036107643480891, 0.8109210749457603, 0.7316553018935661, 0.6224704145867767], [-0.16861839838642378, 0.9333682919660965, 0.0, 0.22122180671226957, 0.5287891392862851, 0.14168036785315283, 0.23406209716752785, 0.6698003169583013, 0.4669738155057732, 0.2306204307971056, 0.00839589484089287, 0.6357749062841398, 0.6778894941783197, 0.6988744889682927, 0.8106750977955816, 0.7141941997825103, 0.6184584264847497], [-0.1714225718374589, 0.7952695184741051, 0.0, 0.20861361903834014, 0.4922297078619716, 0.13701192119529745, 0.26288582452790055, 0.6751583307118055, 0.42649540673023534, 0.19404046180145063, 0.008062078829516484, 0.6372971825237381, 0.6662401487809891, 0.6863094290161265, 0.8042786166299829, 0.714587306236835, 0.6161706509977332], [0.09584163126891765, 0.9839234109393576, 0.0, 0.20934688417575262, 0.5344931854510657, 0.14619126559509057, 0.2168044599847036, 0.6647535819237662, 0.493539144317241, 0.244528322696544, 0.008507047823598457, 0.6225960044952012, 0.6729869729353234, 0.7026970982277865, 0.8146970028296551, 0.7241907335226064, 0.6229207663863624], [-0.1434598652240342, 0.8894296486901112, 0.0, 0.2531250467219207, 0.5165673319800727, 0.13697722521195518, 0.23223886216253292, 0.673602617593097, 0.42632874034552026, 0.21409719858257392, 0.008062078829516484, 0.6384710531579256, 0.655358735008205, 0.6803798686398949, 0.7992787089812599, 0.7115991286305549, 0.6086306131128008], [0.4937599047420025, 0.7550074042814344, 0.0, 0.29512730384974944, 0.48260934188979016, 0.13387905256609947, 0.2540317561829191, 0.6766876504917996, 0.42315711366162456, 0.1785485654408827, 0.007950687539111767, 0.6104397965605082, 0.6408402304665444, 0.6698214051068959, 0.7924942227178632, 0.7307193593137006, 0.6154216106926998], [0.22617726242286196, 0.7693293903078106, 0.0, 0.2777758237680778, 0.4841143268819489, 0.13479759476265957, 0.21107500954670896, 0.6748120219697553, 0.41618183946231224, 0.18448491393436162, 0.007727725548673403, 0.6060006171421599, 0.6700279658732907, 0.7039267210918344, 0.789857881667037, 0.7083142354690769, 0.6050607550370511]], "features_2": [[-0.24746224455056698, 1.031322554597501, 0.0, 0.2090260336838957, 0.5588496781853157, 0.12949747533150735, 0.2632073947252643, 0.6794962495872945, 0.36737254996552626, 0.23211445018046373, 0.007560346756364078, 0.615764122982362, 0.63249082686872, 0.6500792865993087, 0.7705093096529286, 0.6819017651614265, 0.5821061646302206], [0.028143905175295192, 0.8623092219024344, 0.0, 0.23885166436722385, 0.5268570055450311, 0.12440547111767852, 0.3184517137719965, 0.6844871029862061, 0.3491562269215358, 0.18999658370364636, 0.007560346756364078, 0.6044732895629763, 0.6288618352264594, 0.6486117558169138, 0.7606462595031852, 0.6627660501181428, 0.5720112290082644], [-0.028503738925099942, 1.0951012694367073, 0.0, 0.22152379472038955, 0.581269174605325, 0.12466547028784258, 0.2229115412936075, 0.6832849341893108, 0.34613955859723267, 0.2344590207896975, 0.007336964783822175, 0.6166587328573288, 0.6314883548234785, 0.6539704439622808, 0.7559642310528215, 0.6719901725313646, 0.5757524410777336], [0.05708306472609115, 1.0556546164719303, 0.0, 0.24426927624360428, 0.5747413752918105, 0.12491309065663775, 0.2755602234351514, 0.6838805286008618, 0.35325074665133194, 0.22859856780505172, 0.007225183508792421, 0.6076704200039917, 0.6419265291743897, 0.6683530528564241, 0.7625334794660525, 0.678887951786265, 0.5798754978275251], [0.21331573558661532, 0.8823724528175044, 0.0, 0.2551932935145648, 0.5344332991328187, 0.1232145635789601, 0.2761428632448137, 0.6851414925919069, 0.35080241258718914, 0.19299465435983865, 0.007336964783822175, 0.5965339101039273, 0.6269589542284028, 0.6537754390739489, 0.7577866843642361, 0.6541766824267036, 0.5796471748335957], [0.04650671730441314, 1.1244647096828888, 0.0, 0.23446056636423854, 0.5927635945112578, 0.12270290727746583, 0.2648126350669685, 0.6858629650076298, 0.34622596894002067, 0.23717853563167912, 0.007225183508792421, 0.6069425513092512, 0.6484391968540385, 0.6740387218994314, 0.7618589641309911, 0.6613289737428114, 0.5813065886047862], [0.02244055245365617, 1.009527225618345, 0.0, 0.22554579650022402, 0.5706367744074398, 0.1212782185034783, 0.3084115753828243, 0.6870037856010994, 0.3304658930516333, 0.21363712337634677, 0.007225183508792421, 0.6050385002447749, 0.6334818770810839, 0.6566359716770299, 0.7566848266716567, 0.6740881751396774, 0.566768463647266], [-0.15044923413057676, 0.8602989422252861, 0.0, 0.24177989476981204, 0.5394721775744249, 0.11846211063626023, 0.3099549966483508, 0.6890505360106861, 0.31811132279297083, 0.1824449406861921, 0.00683347364535547, 0.6176125813688995, 0.6333029506206358, 0.6551151931238974, 0.7577476479270171, 0.656857460304684, 0.573090360117622], [-0.07776814336179694, 0.8869959229208043, 0.0, 0.21820367767002394, 0.5453782253996841, 0.11892044565103642, 0.2813020734897478, 0.6885527005024173, 0.31184467075156763, 0.18567746610704838, 0.0069454663283523566, 0.6171161642572693, 0.62277098819669, 0.61501999366116, 0.7563305777274018, 0.6864140959903726, 0.5676950158376067]]}