{"labels_1": ["1", "2", "3", "4", "5", "6", "7", "8", "9"], "labels_2": ["1", "2", "3", "4", "5", "6", "7", "8", "9"], "adj_matrix_1": [[0.0, 0.16534, 0.06753, 0.02233, 0.21952, 0.12511, 0.15675, 0.0283, 0.13576], [0.16534, 0.0, 0.10588, 0.14686, 0.07069, 0.24464, 0.01033, 0.14166, 0.0346], [0.06753, 0.10588, 0.0, 0.04569, 0.16927, 0.17939, 0.09618, 0.03973, 0.07284], [0.02233, 0.14686, 0.04569, 0.0, 0.20443, 0.14393, 0.13785, 0.00601, 0.11595], [0.21952, 0.07069, 0.16927, 0.20443, 0.0, 0.27355, 0.08071, 0.20007, 0.10393], [0.12511, 0.24464, 0.17939, 0.14393, 0.27355, 0.0, 0.23955, 0.14876, 0.22655], [0.15675, 0.01033, 0.09618, 0.13785, 0.08071, 0.23955, 0.0, 0.13253, 0.02432], [0.0283, 0.14166, 0.03973, 0.00601, 0.20007, 0.14876, 0.13253, 0.0, 0.11051], [0.13576, 0.0346, 0.07284, 0.11595, 0.10393, 0.22655, 0.02432, 0.11051, 0.0]], "adj_matrix_2": [[0.0, 0.04875, 0.0208, 0.21561, 0.14329, 0.16616, 0.11264, 0.09017, 0.04761], [0.04875, 0.0, 0.06929, 0.17585, 0.09751, 0.20879, 0.06539, 0.13676, 0.09556], [0.0208, 0.06929, 0.0, 0.23148, 0.16207, 0.14706, 0.1322, 0.06983, 0.02691], [0.21561, 0.17585, 0.23148, 0.0, 0.08594, 0.32649, 0.11728, 0.28016, 0.25107], [0.14329, 0.09751, 0.16207, 0.08594, 0.0, 0.28211, 0.03309, 0.22178, 0.18571], [0.16616, 0.20879, 0.14706, 0.32649, 0.28211, 0.0, 0.25994, 0.07975, 0.12166], [0.11264, 0.06539, 0.1322, 0.11728, 0.03309, 0.25994, 0.0, 0.19507, 0.15694], [0.09017, 0.13676, 0.06983, 0.28016, 0.22178, 0.07975, 0.19507, 0.0, 0.04319], [0.04761, 0.09556, 0.02691, 0.25107, 0.18571, 0.12166, 0.15694, 0.04319, 0.0]], "features_1": [[0.3805293559225911, 1.1599675536387661, 0.0, 0.2977953405014029, 0.5723750594523301, 0.14364861987102742, 0.1559602050295979, 0.6626246236044082, 0.47188456861957584, 0.27399077235846536, 0.008562602043175715, 0.6060135104453925, 0.6448045710222156, 0.6754610023183529, 0.8001932710053455, 0.7365601595402173, 0.6135277163050514], [0.36185227585272584, 1.00320233359708, 0.0, 0.2936688736840607, 0.5466743153366811, 0.13955124815584852, 0.17649531685434425, 0.6692536139348257, 0.44381059263666134, 0.23626019254146913, 0.008062078829516484, 0.6131671469505662, 0.6328509994320265, 0.6704219325485197, 0.7930450093118953, 0.7068111342858423, 0.606358235405438], [0.5132073803207073, 1.1186657794948531, 0.0, 0.28916167930408476, 0.5706189554759984, 0.14211372962839278, 0.14877877567220638, 0.6653139612211445, 0.46032057232603596, 0.2604976346067358, 0.00839589484089287, 0.6112253459128083, 0.6434649774672915, 0.6779770254003402, 0.7951858381242546, 0.7149696323654906, 0.6165437168945352], [0.3612505936338719, 1.1012633513029426, 0.0, 0.2508218380936408, 0.566059470329573, 0.1416972999359429, 0.16295755845855595, 0.666092695125462, 0.45470873877682694, 0.2580885507798478, 0.008729175733573014, 0.6135446874504491, 0.6436104308573041, 0.6734650742736724, 0.7969244831798551, 0.7281361403184637, 0.6183123257271946], [0.1126190497631474, 0.9629552941955642, 0.0, 0.2568586893392932, 0.5398548075610733, 0.1358799758461136, 0.18848601637603934, 0.6732283458497889, 0.4070040693627328, 0.2238197687811112, 0.008062078829516484, 0.6194373560181012, 0.6420456740369708, 0.6600337221137713, 0.7834851644313588, 0.6986036738518466, 0.6006711818383341], [0.5952475208921428, 1.1712200085440718, 0.0, 0.2810206241980982, 0.5735951315638453, 0.1464081968810409, 0.10866560845604312, 0.6579210009167058, 0.4862841793866428, 0.27559953844386365, 0.008618141428105908, 0.6076748734762878, 0.6401459190036957, 0.6612815837635013, 0.7958724973768481, 0.728005122318937, 0.6169520122651969], [-0.042113602306464326, 1.0303638179031833, 0.0, 0.2523465614765421, 0.5454209568306286, 0.14284458332239808, 0.12994702465429525, 0.6629480077804173, 0.46020747981956744, 0.25023865660105415, 0.00839589484089287, 0.627332098445363, 0.6444854143971064, 0.6785241935397736, 0.7949592529815027, 0.7170348867030032, 0.6171614846098924], [0.45121609199958934, 0.8834242272491536, 0.0, 0.28671617869476285, 0.524175610519192, 0.13200552531016613, 0.24486249449213063, 0.6789748275254984, 0.3948196960432251, 0.20294609715157175, 0.007727725548673403, 0.59324044782749, 0.6357032987656984, 0.6678425827025388, 0.7830099993899432, 0.6952412292312705, 0.582450947902234], [0.1371061500562467, 0.8594035982747557, 0.0, 0.26695409774411993, 0.5097119905005294, 0.13857743522043262, 0.18448344475561243, 0.6707518045995366, 0.42903164234802604, 0.20800038462425685, 0.008062078829516484, 0.6093452070796141, 0.655390165715949, 0.6963185829585736, 0.7925879566912462, 0.7026664105079432, 0.5990163352200133]], "features_2": [[0.30529534108018774, 0.8705132915194352, 0.0, 0.27984917145038385, 0.5091958028440456, 0.13482872825206355, 0.1926174931227848, 0.6728433583269846, 0.40325719023619766, 0.20749028042229334, 0.007894969482732161, 0.6232470020591867, 0.6233860931359214, 0.6510904577786022, 0.7795319060212981, 0.6962690379363715, 0.5795959532194669], [0.18945430934923868, 0.6920242286847685, 0.0, 0.22199722040663922, 0.45751498220427034, 0.13510653008971563, 0.2317202516682812, 0.6731702214402436, 0.39465963802176174, 0.16613842410473656, 0.007783488497544067, 0.614141619157818, 0.6426863753914789, 0.6623834775641929, 0.7799571567783475, 0.688722206383181, 0.5815482514957677], [0.08982845690054297, 0.8422937460859958, 0.0, 0.23678132518027128, 0.5037821638198967, 0.13456226207189995, 0.1891588548729871, 0.6734182444696893, 0.3902773098787964, 0.1994457458019685, 0.007671947615560004, 0.621233167633958, 0.6498079714851623, 0.6770327121900032, 0.7794311101531239, 0.72232006538999, 0.5859685928058368], [0.13945249327791753, 0.8393446333947724, 0.0, 0.2502311257807445, 0.5039905191926854, 0.13322760274917161, 0.1732537533861674, 0.6743298409802305, 0.37822701244346457, 0.19752716166065798, 0.007727725548673403, 0.6081307427070717, 0.6227958719863297, 0.6624758477475555, 0.7743854422951784, 0.684340811925407, 0.5812780808745467], [-0.0013049688667532422, 0.7278079573073685, 0.0, 0.20108886944889612, 0.4659357338345511, 0.13576041819733015, 0.17587398976119886, 0.6703002207829767, 0.3911107907551563, 0.17573544830319543, 0.008006390651371653, 0.6158533167610547, 0.6356047820251427, 0.6592003154284256, 0.7734545792652214, 0.6855731326926218, 0.5843849490123251], [-0.17593471135826766, 0.8599274747892848, 0.0, 0.21817768324511988, 0.5090226702034709, 0.1361042905914877, 0.2500711057626148, 0.6741237737886188, 0.3977378867562398, 0.20666040211218073, 0.008117752083540042, 0.6316314584136, 0.6729372535928724, 0.6998079034842266, 0.7903698638677791, 0.7305042850138018, 0.5899169885269581], [-0.23287305308615558, 0.7904885216933561, 0.0, 0.1734570291081888, 0.4987188829091721, 0.12903136368199025, 0.2811643385818847, 0.6816520557479049, 0.35241064879110584, 0.18162453784835253, 0.007392832833969631, 0.6169281467448497, 0.6562739912678867, 0.6821084332451232, 0.7797770820883762, 0.6914876006725282, 0.5757935631170497], [-0.2658923721193376, 0.6872246652644037, 0.0, 0.22906768749235182, 0.46305760027521164, 0.1337682608201663, 0.25123481261919023, 0.6764511028877074, 0.3792968430072561, 0.16555490148899232, 0.008006390651371653, 0.6306723981979949, 0.6594229889767143, 0.6805026437793422, 0.7861598146062891, 0.7042723916261723, 0.5918752362617499], [-0.1663563569469413, 0.7003974271305261, 0.0, 0.2411310153830442, 0.47616391856100354, 0.13079362602160244, 0.317113990705819, 0.6814719549160095, 0.36440160818673895, 0.1638149644480349, 0.007281081678807366, 0.621448640671288, 0.6567984431107164, 0.6874016107185718, 0.7901018971040661, 0.7035789670739445, 0.5910622235894809]]}