{"labels_1": ["1", "2", "3", "4", "5", "6", "7", "8", "9"], "labels_2": ["1", "2", "3", "4", "5", "6", "7", "8", "9"], "adj_matrix_1": [[0.0, 0.07986, 0.10978, 0.1687, 0.08226, 0.20909, 0.13652, 0.10984, 0.19024], [0.07986, 0.0, 0.17935, 0.22829, 0.15548, 0.15242, 0.20203, 0.17947, 0.12706], [0.10978, 0.17935, 0.0, 0.06549, 0.02896, 0.26316, 0.02919, 0.00012, 0.25482], [0.1687, 0.22829, 0.06549, 0.0, 0.09357, 0.28249, 0.03661, 0.06536, 0.28022], [0.08226, 0.15548, 0.02896, 0.09357, 0.0, 0.25199, 0.05792, 0.02908, 0.24101], [0.20909, 0.15242, 0.26316, 0.28249, 0.25199, 0.0, 0.27286, 0.26331, 0.03113], [0.13652, 0.20203, 0.02919, 0.03661, 0.05792, 0.27286, 0.0, 0.02908, 0.26739], [0.10984, 0.17947, 0.00012, 0.06536, 0.02908, 0.26331, 0.02908, 0.0, 0.25511], [0.19024, 0.12706, 0.25482, 0.28022, 0.24101, 0.03113, 0.26739, 0.25511, 0.0]], "adj_matrix_2": [[0.0, 0.00603, 0.02505, 0.14118, 0.10725, 0.17223, 0.05306, 0.12942, 0.21368], [0.00603, 0.0, 0.01902, 0.13575, 0.10156, 0.16711, 0.04709, 0.12392, 0.20935], [0.02505, 0.01902, 0.0, 0.11827, 0.08331, 0.15066, 0.02819, 0.10612, 0.19478], [0.14118, 0.13575, 0.11827, 0.0, 0.03691, 0.0361, 0.09168, 0.01302, 0.08936], [0.10725, 0.10156, 0.08331, 0.03691, 0.0, 0.07243, 0.05579, 0.02396, 0.12373], [0.17223, 0.16711, 0.15066, 0.0361, 0.07243, 0.0, 0.12537, 0.04896, 0.05439], [0.05306, 0.04709, 0.02819, 0.09168, 0.05579, 0.12537, 0.0, 0.07917, 0.17224], [0.12942, 0.12392, 0.10612, 0.01302, 0.02396, 0.04896, 0.07917, 0.0, 0.10165], [0.21368, 0.20935, 0.19478, 0.08936, 0.12373, 0.05439, 0.17224, 0.10165, 0.0]], "features_1": [[0.609213596485624, 1.0513193249774258, 0.0, 0.2498674977981089, 0.5838507525226078, 0.12174505396420945, 0.42375650985573754, 0.688715788156498, 0.3292848672060915, 0.2153685770264988, 0.0069454663283523566, 0.591779469629174, 0.6375441060315848, 0.6495536616603735, 0.7738092789598546, 0.7102028503481922, 0.5658119799878897], [0.9610915482030271, 0.8807426704651297, 0.0, 0.26328460128951703, 0.5518873158237408, 0.11692219978814494, 0.4944378671122124, 0.6912143534322924, 0.31221107847013685, 0.17578997330119317, 0.00711334193318236, 0.577948330737811, 0.6287593125609523, 0.6419387963799014, 0.763743865932146, 0.6910489497265248, 0.5518813418114484], [0.5063492817124176, 0.9418099664388708, 0.0, 0.23829137986177984, 0.5676606120342621, 0.12287284967989784, 0.6004955548559572, 0.6898199861744163, 0.3405181745577064, 0.19743853119718202, 0.00711334193318236, 0.5947097478888883, 0.6525972789304528, 0.6753352192695998, 0.7837301258365909, 0.7166141323363467, 0.5717970940431008], [0.20723958026304112, 0.9019953917807512, 0.0, 0.2411985087851643, 0.5543768588261971, 0.12543261912258175, 0.5910351341811222, 0.6885597292927297, 0.3590993755834613, 0.1959923567074091, 0.007225183508792421, 0.6016080150598988, 0.665786566956926, 0.6921018950096098, 0.7903593504687282, 0.7081190501191893, 0.5815484778439665], [0.6043005213035864, 0.8243895700030525, 0.0, 0.23149869823595562, 0.5320437708927518, 0.12144534982673441, 0.5143560641360991, 0.689114202142018, 0.33722417558945317, 0.17246011813060558, 0.007336964783822175, 0.5928669927757546, 0.6322560468213182, 0.6531375426869576, 0.7706428623356928, 0.6858346033420856, 0.5733357370184595], [0.6208379718191686, 0.9116664621481028, 0.0, 0.21715677938491115, 0.553424219616654, 0.13317870665643797, 0.5229236341761052, 0.6849527292718998, 0.4071297237420064, 0.20561247106298186, 0.007336964783822175, 0.5883035112400616, 0.6655253353398433, 0.6980668661484691, 0.8062717960188396, 0.7289529738045805, 0.5930968060183568], [-0.1105232037461974, 0.7625291372239553, 0.0, 0.20884822757713242, 0.5186710041937149, 0.12449040952794198, 0.6033466364180157, 0.6890624505179404, 0.3680664921935959, 0.17021421657012525, 0.007448685839370306, 0.6042784050041643, 0.6658996125357354, 0.6842818169020034, 0.7876292368052633, 0.6917827961955278, 0.5889869711445423], [-0.09007463490889656, 0.7742176854400135, 0.0, 0.20971646375419614, 0.5160437437326019, 0.12179128175336686, 0.5551523837837735, 0.689081751843254, 0.31361121894431654, 0.16476225782980336, 0.006216428718621936, 0.6044907768081114, 0.6551570725610059, 0.6769676116836758, 0.7689214225825253, 0.6938739091148602, 0.554995386274115], [0.3050729860143009, 0.7533300776840106, 0.0, 0.24452587083319657, 0.5121479005677548, 0.12110975177473852, 0.4770196286692666, 0.6895383438531961, 0.33425171633469253, 0.1615525950191561, 0.0066653709969386465, 0.5865162616623798, 0.6616227972766011, 0.6851829464583065, 0.7742674330853284, 0.6976212986590702, 0.5672886840734042]], "features_2": [[0.382306836633195, 1.0559809468437065, 0.0, 0.20359479627457128, 0.5558775612205206, 0.14185080670761577, 0.34511785985049953, 0.6725133221237578, 0.441652288712163, 0.24903622253829516, 0.00839589484089287, 0.6190118393597803, 0.6703536139043408, 0.6952146318713731, 0.8200343459749158, 0.7399553457620589, 0.6251382287733569], [-0.1531299005883735, 0.9036378139116333, 0.0, 0.17330074144176424, 0.5222706283570145, 0.14044449133369832, 0.3752229913139985, 0.6749140401561158, 0.41629585969326977, 0.2194947730771819, 0.008062078829516484, 0.624377189564022, 0.6851779575079519, 0.7244144623489558, 0.8188013295924188, 0.7524009328224726, 0.6183701087019409], [0.0013389259940792542, 1.0365266573634047, 0.0, 0.19051038522421773, 0.5600729944913639, 0.1389362204389893, 0.392113381819712, 0.677173916726556, 0.4212051478391927, 0.24402099326919835, 0.00783923647221818, 0.6256531785102588, 0.695632697467015, 0.732935430618358, 0.8191061646544865, 0.7438474685157532, 0.6300873506621705], [0.05766552819088755, 1.006139608198752, 0.0, 0.2059635027608382, 0.5582030859204254, 0.13512539446682847, 0.40933294972912576, 0.6806967009227453, 0.39848192675246064, 0.23233502711215692, 0.007950687539111767, 0.6204020052893329, 0.6964614332622447, 0.7169795321514437, 0.8119886476826271, 0.7422021760349556, 0.6233831608470032], [-0.16964945592549707, 0.9217208866966504, 0.0, 0.18730025167265235, 0.5246289345003532, 0.14079539332708338, 0.34700311328829514, 0.6733141601859385, 0.41320743193970544, 0.22412103814329987, 0.007616154688146137, 0.6269329960102872, 0.6789075935639877, 0.7166500250147281, 0.8160955756471404, 0.7403299075071481, 0.6150374486853192], [-0.07527677713171732, 1.0903303373147761, 0.0, 0.1945744957108152, 0.5692346022967657, 0.14097118713989476, 0.3598980176919909, 0.6750566080620826, 0.4333131952865843, 0.2571911447166857, 0.007616154688146137, 0.6202316239007719, 0.6874593655138332, 0.7263010236264813, 0.8196186042135231, 0.746332899216519, 0.62610674459567], [-0.15704913822625377, 1.0107825429814716, 0.0, 0.22600229641492225, 0.5519316519063758, 0.13694352547656793, 0.39550389766360683, 0.6783614260177782, 0.40598765048745267, 0.2365312492714282, 0.007727725548673403, 0.6170899651828847, 0.6962495051276595, 0.7293440163996885, 0.8150725940970469, 0.7295683336286556, 0.6168831123034808], [-0.11333913936499096, 0.8891205276834866, 0.0, 0.17717330200946152, 0.5144760941523546, 0.14181607538203053, 0.323953695060446, 0.6717333748933665, 0.4393613322025862, 0.22024799859533672, 0.008173410423425675, 0.621136050147197, 0.6831146500527341, 0.7223588157615862, 0.8181757524589927, 0.7215127708398618, 0.6248831963580209], [-0.22663610785346044, 0.8959059058133265, 0.0, 0.20820267578569096, 0.5210402273305719, 0.13939912793967474, 0.3818723268237477, 0.6755980383508813, 0.4250989726160106, 0.2186816210279483, 0.008062078829516484, 0.6140588252550199, 0.6998667117140493, 0.7384174329956673, 0.8185052152066528, 0.7221299441441328, 0.6252416792380291]]}