{"labels_1": ["1", "2", "3", "4", "5", "6", "7", "8", "9"], "labels_2": ["1", "2", "3", "4", "5", "6", "7", "8", "9"], "adj_matrix_1": [[0.0, 0.05802, 0.0741, 0.11779, 0.18113, 0.27462, 0.06579, 0.00257, 0.14793], [0.05802, 0.0, 0.12883, 0.16897, 0.13376, 0.30317, 0.12108, 0.06056, 0.19614], [0.0741, 0.12883, 0.0, 0.04576, 0.23222, 0.22376, 0.00852, 0.07159, 0.07824], [0.11779, 0.16897, 0.04576, 0.0, 0.25783, 0.18649, 0.05418, 0.11537, 0.03302], [0.18113, 0.13376, 0.23222, 0.25783, 0.0, 0.32361, 0.227, 0.18319, 0.27395], [0.27462, 0.30317, 0.22376, 0.18649, 0.32361, 0.0, 0.23022, 0.27296, 0.15736], [0.06579, 0.12108, 0.00852, 0.05418, 0.227, 0.23022, 0.0, 0.06328, 0.08649], [0.00257, 0.06056, 0.07159, 0.11537, 0.18319, 0.27296, 0.06328, 0.0, 0.14568], [0.14793, 0.19614, 0.07824, 0.03302, 0.27395, 0.15736, 0.08649, 0.14568, 0.0]], "adj_matrix_2": [[0.0, 0.34941, 0.11336, 0.26449, 0.36398, 0.05915, 0.06721, 0.11456, 0.38844], [0.34941, 0.0, 0.3745, 0.23121, 0.02748, 0.36787, 0.31548, 0.28336, 0.0779], [0.11336, 0.3745, 0.0, 0.23423, 0.38224, 0.05642, 0.1733, 0.2128, 0.39451], [0.26449, 0.23121, 0.23423, 0.0, 0.22627, 0.25273, 0.27069, 0.2711, 0.2173], [0.36398, 0.02748, 0.38224, 0.22627, 0.0, 0.37897, 0.33363, 0.30381, 0.05063], [0.05915, 0.36787, 0.05642, 0.25273, 0.37897, 0.0, 0.12384, 0.16798, 0.39723], [0.06721, 0.31548, 0.1733, 0.27069, 0.33363, 0.12384, 0.0, 0.0491, 0.36478], [0.11456, 0.28336, 0.2128, 0.2711, 0.30381, 0.16798, 0.0491, 0.0, 0.33939], [0.38844, 0.0779, 0.39451, 0.2173, 0.05063, 0.39723, 0.36478, 0.33939, 0.0]], "features_1": [[0.39371302340849956, 0.9330664404993881, 0.0, 0.24656049392555857, 0.5072679488918522, 0.14202922611904742, 0.15724712714088013, 0.6594058154651354, 0.46116537491134535, 0.22713203857946462, 0.008451478759474051, 0.6116275276370422, 0.6281786968669734, 0.6587269566734659, 0.7925202526512615, 0.7179299815589969, 0.6086285151213974], [0.6102333785633203, 0.7277218257100314, 0.0, 0.20304164469402897, 0.4577401686545086, 0.13976753299341285, 0.27273745201385113, 0.6661227319206877, 0.4570417584472206, 0.17730620830002675, 0.008562602043175715, 0.6066657995687508, 0.6399105782177098, 0.6702454162732608, 0.7987514376721343, 0.7172164972912075, 0.6155947835926636], [0.24234961766095076, 0.8885890987913362, 0.0, 0.1798171513359995, 0.5044437605398662, 0.14043257355803881, 0.2388134500469647, 0.6654354135916766, 0.45887124906030463, 0.21502378052221705, 0.00822905385914674, 0.6142974683090303, 0.6518875288781276, 0.680183417315791, 0.7987708140879526, 0.7388619114055416, 0.6247621071123872], [0.32635530994357165, 0.9296007815521542, 0.0, 0.17307495818179108, 0.5137341780549791, 0.13980084841391205, 0.1966271513887193, 0.6645354670015802, 0.44804558053961996, 0.2228219445444568, 0.008451478759474051, 0.6166846248540987, 0.6301717495604255, 0.6583040672304157, 0.7921877281135895, 0.7245626482877882, 0.612905233781848], [0.5405056251562463, 0.7545989726842689, 0.0, 0.19065106446526503, 0.464195782891821, 0.13927164429364425, 0.2268606218348083, 0.6642169152363342, 0.44440688377113524, 0.1826445426305312, 0.008451478759474051, 0.6032578612807109, 0.6288921095226601, 0.6614617313519925, 0.792056763391027, 0.7279509067480792, 0.6100372079282508], [0.09317555852894577, 0.9362076846659089, 0.0, 0.17464421600965271, 0.5154611604912774, 0.14343971842620123, 0.22309176758949575, 0.662679205661634, 0.46782830553753096, 0.22880367597315243, 0.008451478759474051, 0.6307716618054227, 0.6621338468994563, 0.6984696086823254, 0.8038586438493027, 0.7291320899265777, 0.6217024956989978], [0.12599133325399325, 0.8746102989464926, 0.0, 0.24015054357628265, 0.5101739439354848, 0.1367527051351204, 0.23901542104472143, 0.6718440836600914, 0.4070696921236312, 0.20634746232197654, 0.008006390651371653, 0.6263505021999254, 0.6482447544762356, 0.6758842762549835, 0.7907555062013235, 0.7127208745170008, 0.6105424918227053], [0.2906337814937263, 0.773796683764871, 0.0, 0.23511644253947037, 0.4843579102781587, 0.13322118835275587, 0.2113532066362353, 0.6734842309943827, 0.39753294983189336, 0.17956968181774235, 0.007894969482732161, 0.6073668534522718, 0.6409357019471211, 0.6537942896840825, 0.7797324283810682, 0.7000749477544449, 0.5947970288754718], [-0.17676239228295376, 0.7626890131761385, 0.0, 0.2109665632300097, 0.48596174007312565, 0.13328851166156852, 0.23513755377593598, 0.6752489106962127, 0.38134751500772657, 0.1800754540079086, 0.007671947615560004, 0.6188679605567216, 0.6411325960007718, 0.6641828601765929, 0.7814571509028596, 0.6927329306309971, 0.5899097740062278]], "features_2": [[0.2845977038372953, 0.9639416014611865, 0.0, 0.2298079534615874, 0.5396609972916752, 0.13393180103665056, 0.3353462284653389, 0.6770539450580569, 0.382214657735493, 0.2204310132873264, 0.007783488497544067, 0.6090813646068343, 0.6587444856244381, 0.6935268072649158, 0.791419646076444, 0.7197181090464261, 0.577678613956826], [-0.2627669519359803, 0.7440566949091437, 0.0, 0.19898788971539422, 0.4806226078198415, 0.13562400742022915, 0.2977413470237934, 0.6752856521001329, 0.3972152605217836, 0.18008452415231258, 0.008006390651371653, 0.6382559171094224, 0.6565724065653703, 0.6758708196899866, 0.7957511013038985, 0.7206731556830166, 0.5868340829798082], [0.2100449292881259, 0.8329885013878581, 0.0, 0.22698765985413227, 0.5145493308883252, 0.13106932958319695, 0.3079875802041137, 0.6802106009960383, 0.37874363398577127, 0.19255619167122062, 0.007336964783822175, 0.6024205041419548, 0.6569282760889384, 0.6749844916557308, 0.7889509453740878, 0.7024327635583647, 0.5801150795003683], [1.1292375193740263, 0.833427944677816, 0.0, 0.291057515001782, 0.5155342525818781, 0.12887943605614435, 0.3255624990644307, 0.6822043569492917, 0.372667427252664, 0.1857938341913159, 0.007783488497544067, 0.5768249615736916, 0.6462265192738356, 0.6708716949784216, 0.7848924760302066, 0.7209156144865121, 0.5618952253304175], [-0.3464780434716115, 0.7772282344707511, 0.0, 0.21387571733268598, 0.4928636657839406, 0.13364807234933926, 0.27101440576101227, 0.6769340088169401, 0.3954068697265338, 0.18711497752622464, 0.008006390651371653, 0.6415680182035386, 0.6675648368642435, 0.6945821069074621, 0.7908461790645528, 0.7094813989468428, 0.5824539918919465], [-0.017541732189524595, 0.795257237351023, 0.0, 0.23144550641489015, 0.5075481078032879, 0.1313802186376364, 0.401280792220129, 0.6825182794142797, 0.3936630802332941, 0.18730140633683723, 0.007448685839370306, 0.613940177972234, 0.6705711135306973, 0.6998425666429302, 0.8008916162758185, 0.7278965651721672, 0.5814927175951434], [0.25067967467639285, 0.8527264838173013, 0.0, 0.23242507671964066, 0.5203199215738354, 0.1273675603413909, 0.23542205844294273, 0.6820123452091728, 0.35609040000368, 0.1892915728118667, 0.007225183508792421, 0.604055712882968, 0.6288828696014014, 0.645862397393722, 0.7706432449537358, 0.692342456460399, 0.5557456879424058], [-0.2925122527938169, 0.7099560381446418, 0.0, 0.2534436821201334, 0.4904505955613998, 0.12307056632460178, 0.3490592192908558, 0.6873882497352136, 0.34366459035708896, 0.15829622448266156, 0.007281081678807366, 0.6181236756584048, 0.6500121602027065, 0.6697238156098245, 0.7767541989292426, 0.6775001477121007, 0.5640192415646711], [-0.5885432503150376, 0.7151530861796506, 0.0, 0.19516353679287082, 0.4868677287862606, 0.12491795167172255, 0.29761542930411766, 0.6854001585538891, 0.3453529101695507, 0.16326898470070605, 0.007281081678807366, 0.6409468847145621, 0.6580947287759719, 0.6853639388345097, 0.7756218187499774, 0.6735088168825777, 0.5663790789144364]]}