{"labels_1": ["1", "2", "3", "4", "5", "6", "7", "8", "9"], "labels_2": ["1", "2", "3", "4", "5", "6", "7", "8", "9"], "adj_matrix_1": [[0.0, 0.01913, 0.00218, 0.05412, 0.07477, 0.00328, 0.04315, 0.02834, 0.19136], [0.01913, 0.0, 0.01695, 0.07293, 0.09337, 0.01584, 0.0241, 0.00923, 0.17563], [0.00218, 0.01695, 0.0, 0.05627, 0.0769, 0.0011, 0.04098, 0.02617, 0.18959], [0.05412, 0.07293, 0.05627, 0.0, 0.02098, 0.05736, 0.09633, 0.08193, 0.23312], [0.07477, 0.09337, 0.0769, 0.02098, 0.0, 0.07796, 0.11638, 0.10224, 0.2481], [0.00328, 0.01584, 0.0011, 0.05736, 0.07796, 0.0, 0.03988, 0.02506, 0.1886], [0.04315, 0.0241, 0.04098, 0.09633, 0.11638, 0.03988, 0.0, 0.01488, 0.15496], [0.02834, 0.00923, 0.02617, 0.08193, 0.10224, 0.02506, 0.01488, 0.0, 0.16782], [0.19136, 0.17563, 0.18959, 0.23312, 0.2481, 0.1886, 0.15496, 0.16782, 0.0]], "adj_matrix_2": [[0.0, 0.18877, 0.09398, 0.0283, 0.30341, 0.30459, 0.25223, 0.3058, 0.27975], [0.18877, 0.0, 0.11284, 0.16915, 0.2747, 0.28692, 0.1097, 0.32504, 0.17689], [0.09398, 0.11284, 0.0, 0.06736, 0.31176, 0.3179, 0.20433, 0.33505, 0.25275], [0.0283, 0.16915, 0.06736, 0.0, 0.30957, 0.31211, 0.24178, 0.31768, 0.2757], [0.30341, 0.2747, 0.31176, 0.30957, 0.0, 0.02097, 0.19888, 0.09342, 0.13247], [0.30459, 0.28692, 0.3179, 0.31211, 0.02097, 0.0, 0.21605, 0.0729, 0.1518], [0.25223, 0.1097, 0.20433, 0.24178, 0.19888, 0.21605, 0.0, 0.27149, 0.0754], [0.3058, 0.32504, 0.33505, 0.31768, 0.09342, 0.0729, 0.27149, 0.0, 0.21601], [0.27975, 0.17689, 0.25275, 0.2757, 0.13247, 0.1518, 0.0754, 0.21601, 0.0]], "features_1": [[0.1484211881467674, 0.8698539567764555, 0.0, 0.23305864558529807, 0.4985955681086587, 0.1441152610221716, 0.190274637905906, 0.6603748472341351, 0.4549840909374976, 0.21583948914457296, 0.008284682400665488, 0.62873124079462, 0.6379572585538172, 0.6686275633856267, 0.79580973627509, 0.7333903478849132, 0.6168370858825258], [0.12802550848927785, 0.7313949294613286, 0.0, 0.23795997869450053, 0.4722135910275763, 0.1370470821508853, 0.3456182871294047, 0.6737969389441278, 0.41527234380695877, 0.17743938710262963, 0.007950687539111767, 0.6161717810588865, 0.6505945148011818, 0.6678093767747729, 0.7918819889058605, 0.7219115200445148, 0.6057199814938352], [0.2264023087961542, 0.8704687328393028, 0.0, 0.25507052789261236, 0.5127266899457237, 0.1387825761389099, 0.30272805959195137, 0.6711583500290197, 0.4222498029432078, 0.2076835777685544, 0.008173410423425675, 0.6198856223695839, 0.645281484149361, 0.6750240828795046, 0.7939633932328098, 0.7371564440320001, 0.6157906267936036], [-0.07532282011418934, 0.8598942766468588, 0.0, 0.24985244275504473, 0.5091420883985673, 0.13935818660881452, 0.3299521538462912, 0.6708129447763839, 0.41970646505783016, 0.20861794106303577, 0.007671947615560004, 0.6226612694497229, 0.6659645236521462, 0.6924351833778555, 0.7946702535667264, 0.7190769207650148, 0.6142075481911504], [-0.0017845955276452052, 0.7333450166465874, 0.0, 0.23437637051615476, 0.4767603069590889, 0.13505379969363876, 0.4484466558241117, 0.6767860733429389, 0.38971628146194526, 0.17434011528729276, 0.007616154688146137, 0.6185511362952956, 0.652333414867676, 0.6762992855841182, 0.7875199660149141, 0.7336179719673313, 0.5958228362472368], [0.3125319840778302, 0.962078836905585, 0.0, 0.2626066179148457, 0.5336134938646803, 0.14164459975028315, 0.2863087403499776, 0.6680824367647924, 0.43581352575146415, 0.2305361750637318, 0.008173410423425675, 0.6191983707513677, 0.6481208375771452, 0.6882141660900098, 0.7995565458460041, 0.7344892698706145, 0.6210490832965054], [-0.04361353964944481, 0.8153004305294196, 0.0, 0.2410768616034147, 0.5073433586719623, 0.13564417713728172, 0.62571715646067, 0.6794202646768743, 0.3880985793695677, 0.19198498398309805, 0.007671947615560004, 0.6213349408331887, 0.6647142518872196, 0.6922084022438325, 0.7935787455082295, 0.7170728746151389, 0.593537576231169], [0.06500318569261232, 0.7576882045956413, 0.0, 0.24234789969988269, 0.498153326942139, 0.13040425497144884, 0.5658777156228474, 0.6837477417707776, 0.3805395125872124, 0.17581926073453413, 0.007671947615560004, 0.6108522830996284, 0.653546059175312, 0.6907787584001908, 0.789498084366241, 0.716293840693649, 0.584954493975876], [0.17749716537441662, 0.747728563258864, 0.0, 0.25001661918009177, 0.4970179120163952, 0.131844272082167, 0.590761862643209, 0.6834872375048915, 0.3853640973974122, 0.1746172749772228, 0.007560346756364078, 0.6029419916224024, 0.6572984777470462, 0.7010544612031429, 0.7948624270505079, 0.7119719798394656, 0.5888255305583391]], "features_2": [[0.6682086323781271, 0.981162656120825, 0.0, 0.25440354210324256, 0.5227279769924127, 0.14409197593733078, 0.07124809018563738, 0.6561732933800246, 0.4679395491513565, 0.238641712021314, 0.008618141428105908, 0.5946985977442696, 0.6272404011401795, 0.6661787914571123, 0.786470938892964, 0.7115453271124458, 0.593420067541387], [0.16722809495235147, 0.7737243591217564, 0.0, 0.22278722072316798, 0.46785854860965004, 0.14578596786171713, 0.07647284520849026, 0.6542467843163777, 0.4752174652570835, 0.19841608824924561, 0.008729175733573014, 0.6142915490955048, 0.6453523792315992, 0.6726072125293687, 0.7933095601059789, 0.7058841382519773, 0.6019444931352319], [0.283518651871161, 0.9295599357093669, 0.0, 0.23327486600366307, 0.5174153079091611, 0.14403094265917582, 0.0946453056150652, 0.6585727436529399, 0.46236597810293545, 0.22909655431326814, 0.008284682400665488, 0.6093727104679312, 0.6534497770616147, 0.6836413376195793, 0.7927947398571172, 0.7138850614107128, 0.6029136295288319], [0.5175656092575567, 0.9433943262912046, 0.0, 0.2714341035793501, 0.522753451289572, 0.1413578972503985, 0.11332734060034966, 0.6621002377002154, 0.45130529514502804, 0.22884403133184827, 0.008451478759474051, 0.6014962093553078, 0.6368136017564769, 0.6638410539744458, 0.7851966084613919, 0.7161350745645643, 0.5907899027486552], [-0.05747808306538138, 0.8114297391013867, 0.0, 0.1831987159507771, 0.4757029809793688, 0.14643512007832332, 0.04952036950728385, 0.6511534211007328, 0.4634744291931694, 0.20761490461269783, 0.008618141428105908, 0.6316559799798886, 0.6455140489236334, 0.6838531547331691, 0.7888925982784368, 0.6984186042328292, 0.5922444192686606], [-0.08471651728762364, 0.9560317197949362, 0.0, 0.17330241909015537, 0.5228333329405238, 0.14670212902077834, 0.11362059880896211, 0.656978670971095, 0.47887588375946066, 0.24034838267131442, 0.008618141428105908, 0.6356142858607954, 0.6555878065272138, 0.6917173725878726, 0.801259910527618, 0.7304673902265084, 0.6124732212745313], [0.10114995240959601, 0.9532791482617479, 0.0, 0.22766502118190232, 0.5287434960257433, 0.13908345283916293, 0.146551942080535, 0.6673499797775613, 0.4196069321803493, 0.22600817568818932, 0.00822905385914674, 0.6130751721404226, 0.6468703608817111, 0.6674634803767191, 0.7887888268741983, 0.7231405606548782, 0.5928479633378476], [-0.19101339295183806, 0.7982163386275248, 0.0, 0.147731643472172, 0.47820211070058766, 0.14524996765118733, 0.10448200827438399, 0.6570693846138516, 0.4476181760061253, 0.20102418742254757, 0.00839589484089287, 0.6391311427858566, 0.6652494067974132, 0.6899757781613169, 0.7960849549451923, 0.7207043524056509, 0.6064812349630597], [-0.045360546135162494, 0.8254052541742765, 0.0, 0.20023694016122986, 0.49634932357684025, 0.14123498521523056, 0.18614995464849926, 0.667032499420986, 0.42355410834043394, 0.20197426886633063, 0.007950687539111767, 0.6252297612869187, 0.6568373759773039, 0.6898017634448593, 0.8000970514397675, 0.7038537184140462, 0.6140974682908253]]}