{"labels_1": ["1", "2", "3", "4", "5", "6", "7", "8", "9"], "labels_2": ["1", "2", "3", "4", "5", "6", "7", "8", "9"], "adj_matrix_1": [[0.0, 0.01913, 0.00218, 0.05412, 0.07477, 0.00328, 0.04315, 0.02834, 0.19136], [0.01913, 0.0, 0.01695, 0.07293, 0.09337, 0.01584, 0.0241, 0.00923, 0.17563], [0.00218, 0.01695, 0.0, 0.05627, 0.0769, 0.0011, 0.04098, 0.02617, 0.18959], [0.05412, 0.07293, 0.05627, 0.0, 0.02098, 0.05736, 0.09633, 0.08193, 0.23312], [0.07477, 0.09337, 0.0769, 0.02098, 0.0, 0.07796, 0.11638, 0.10224, 0.2481], [0.00328, 0.01584, 0.0011, 0.05736, 0.07796, 0.0, 0.03988, 0.02506, 0.1886], [0.04315, 0.0241, 0.04098, 0.09633, 0.11638, 0.03988, 0.0, 0.01488, 0.15496], [0.02834, 0.00923, 0.02617, 0.08193, 0.10224, 0.02506, 0.01488, 0.0, 0.16782], [0.19136, 0.17563, 0.18959, 0.23312, 0.2481, 0.1886, 0.15496, 0.16782, 0.0]], "adj_matrix_2": [[0.0, 0.12141, 0.05956, 0.0794, 0.0558, 0.12415, 0.1611, 0.07378, 0.08383], [0.12141, 0.0, 0.17362, 0.19013, 0.06845, 0.00299, 0.25365, 0.18557, 0.04014], [0.05956, 0.17362, 0.0, 0.0203, 0.11332, 0.1761, 0.10631, 0.01452, 0.13951], [0.0794, 0.19013, 0.0203, 0.0, 0.13206, 0.19249, 0.08682, 0.00579, 0.15744], [0.0558, 0.06845, 0.11332, 0.13206, 0.0, 0.07133, 0.2071, 0.12682, 0.02882], [0.12415, 0.00299, 0.1761, 0.19249, 0.07133, 0.0, 0.25541, 0.18788, 0.04308], [0.1611, 0.25365, 0.10631, 0.08682, 0.2071, 0.25541, 0.0, 0.0924, 0.22809], [0.07378, 0.18557, 0.01452, 0.00579, 0.12682, 0.18788, 0.0924, 0.0, 0.15244], [0.08383, 0.04014, 0.13951, 0.15744, 0.02882, 0.04308, 0.22809, 0.15244, 0.0]], "features_1": [[0.1484211881467674, 0.8698539567764555, 0.0, 0.23305864558529807, 0.4985955681086587, 0.1441152610221716, 0.190274637905906, 0.6603748472341351, 0.4549840909374976, 0.21583948914457296, 0.008284682400665488, 0.62873124079462, 0.6379572585538172, 0.6686275633856267, 0.79580973627509, 0.7333903478849132, 0.6168370858825258], [0.12802550848927785, 0.7313949294613286, 0.0, 0.23795997869450053, 0.4722135910275763, 0.1370470821508853, 0.3456182871294047, 0.6737969389441278, 0.41527234380695877, 0.17743938710262963, 0.007950687539111767, 0.6161717810588865, 0.6505945148011818, 0.6678093767747729, 0.7918819889058605, 0.7219115200445148, 0.6057199814938352], [0.2264023087961542, 0.8704687328393028, 0.0, 0.25507052789261236, 0.5127266899457237, 0.1387825761389099, 0.30272805959195137, 0.6711583500290197, 0.4222498029432078, 0.2076835777685544, 0.008173410423425675, 0.6198856223695839, 0.645281484149361, 0.6750240828795046, 0.7939633932328098, 0.7371564440320001, 0.6157906267936036], [-0.07532282011418934, 0.8598942766468588, 0.0, 0.24985244275504473, 0.5091420883985673, 0.13935818660881452, 0.3299521538462912, 0.6708129447763839, 0.41970646505783016, 0.20861794106303577, 0.007671947615560004, 0.6226612694497229, 0.6659645236521462, 0.6924351833778555, 0.7946702535667264, 0.7190769207650148, 0.6142075481911504], [-0.0017845955276452052, 0.7333450166465874, 0.0, 0.23437637051615476, 0.4767603069590889, 0.13505379969363876, 0.4484466558241117, 0.6767860733429389, 0.38971628146194526, 0.17434011528729276, 0.007616154688146137, 0.6185511362952956, 0.652333414867676, 0.6762992855841182, 0.7875199660149141, 0.7336179719673313, 0.5958228362472368], [0.3125319840778302, 0.962078836905585, 0.0, 0.2626066179148457, 0.5336134938646803, 0.14164459975028315, 0.2863087403499776, 0.6680824367647924, 0.43581352575146415, 0.2305361750637318, 0.008173410423425675, 0.6191983707513677, 0.6481208375771452, 0.6882141660900098, 0.7995565458460041, 0.7344892698706145, 0.6210490832965054], [-0.04361353964944481, 0.8153004305294196, 0.0, 0.2410768616034147, 0.5073433586719623, 0.13564417713728172, 0.62571715646067, 0.6794202646768743, 0.3880985793695677, 0.19198498398309805, 0.007671947615560004, 0.6213349408331887, 0.6647142518872196, 0.6922084022438325, 0.7935787455082295, 0.7170728746151389, 0.593537576231169], [0.06500318569261232, 0.7576882045956413, 0.0, 0.24234789969988269, 0.498153326942139, 0.13040425497144884, 0.5658777156228474, 0.6837477417707776, 0.3805395125872124, 0.17581926073453413, 0.007671947615560004, 0.6108522830996284, 0.653546059175312, 0.6907787584001908, 0.789498084366241, 0.716293840693649, 0.584954493975876], [0.17749716537441662, 0.747728563258864, 0.0, 0.25001661918009177, 0.4970179120163952, 0.131844272082167, 0.590761862643209, 0.6834872375048915, 0.3853640973974122, 0.1746172749772228, 0.007560346756364078, 0.6029419916224024, 0.6572984777470462, 0.7010544612031429, 0.7948624270505079, 0.7119719798394656, 0.5888255305583391]], "features_2": [[0.5040392000107223, 0.8487793093962646, 0.0, 0.23760287242032702, 0.5200397415536184, 0.13186362893592535, 0.30244570993748426, 0.6797560021989274, 0.39624069810517204, 0.1936324034607395, 0.00783923647221818, 0.606286906440255, 0.6568869676054778, 0.6825793751579826, 0.7882558417193696, 0.7017424781217924, 0.6126434146698673], [0.4986962559141608, 0.7235247471719448, 0.0, 0.18358929927025675, 0.48556395461531, 0.12977507188680498, 0.24446886569485288, 0.6809828639062678, 0.38727286230334057, 0.16343362429219388, 0.007727725548673403, 0.5995839315438125, 0.6463754525733245, 0.6635418392105018, 0.7808910221351727, 0.7182624410455885, 0.6048947376834618], [0.5241004919935581, 0.8725555826770811, 0.0, 0.21991519899468942, 0.5320489350514056, 0.128812861010403, 0.32683761785909765, 0.6823829040334173, 0.3769176457162535, 0.19163152604617806, 0.007560346756364078, 0.6007715164450902, 0.623190329138898, 0.6258873641346205, 0.7787561504974889, 0.7093511791286332, 0.5967013091464874], [0.655274186106293, 0.8587779009714678, 0.0, 0.24549919443090668, 0.5291500069330476, 0.12873706104049953, 0.3448813148935962, 0.6826198511067663, 0.3817862457022325, 0.18941400962807875, 0.007950687539111767, 0.607096703481186, 0.6451908424943843, 0.656787338557293, 0.7798397561549808, 0.7125559341669712, 0.5886146516260459], [0.518097785439728, 0.6999754178418083, 0.0, 0.17553478441070297, 0.4823525676588394, 0.1270691360464722, 0.25600337929395633, 0.6833053567432574, 0.37370377918333375, 0.15581653187762323, 0.007727725548673403, 0.5997830963507611, 0.6332276029256153, 0.6537363954955523, 0.775809588707944, 0.7128424732327346, 0.6000860295263257], [0.7157600924065659, 0.8925076315677586, 0.0, 0.23360615396544585, 0.5352473160070229, 0.13113410097219438, 0.3754287393714414, 0.6804685332319214, 0.38132504241123844, 0.1967186884120884, 0.007336964783822175, 0.5905107231452853, 0.6376270171106476, 0.6452476165082962, 0.7799995188389867, 0.7035651981966701, 0.5950672378097769], [0.22902556135354946, 0.7748762240270417, 0.0, 0.2452522621806166, 0.5130880329662072, 0.1244436513374853, 0.4621793945184137, 0.6869852009926989, 0.35433995654632744, 0.16632719348879932, 0.007336964783822175, 0.6062547964614695, 0.6486209118193493, 0.6239769735903069, 0.7759073777648241, 0.7183074393111251, 0.5708621636664567], [0.6389086638501174, 0.7276368978291121, 0.0, 0.2536776371287046, 0.4949119293686999, 0.12222415901043325, 0.24532121342094299, 0.686376303798897, 0.33353905005343587, 0.15338302203807608, 0.007225183508792421, 0.5959386808184841, 0.6275470023257141, 0.6240300952706666, 0.760717143126853, 0.6873302246119347, 0.5814390238000119], [0.5285333003409427, 0.7155204077484475, 0.0, 0.2348908956364746, 0.49092122663928894, 0.12402758967501566, 0.26356161483000307, 0.6853098967444677, 0.34018922560819376, 0.15252566089437747, 0.00711334193318236, 0.5938768471123614, 0.6522682154343242, 0.629825544675563, 0.7668330780920308, 0.6914401220670114, 0.5879670163573043]]}