{"labels_1": ["1", "2", "3", "4", "5", "6", "7", "8", "9"], "labels_2": ["1", "2", "3", "4", "5", "6", "7", "8", "9"], "adj_matrix_1": [[0.0, 0.07375, 0.21029, 0.13333, 0.22271, 0.17634, 0.19242, 0.26656, 0.10328], [0.07375, 0.0, 0.14571, 0.0621, 0.26791, 0.10834, 0.12594, 0.26754, 0.17055], [0.21029, 0.14571, 0.0, 0.08643, 0.32823, 0.03954, 0.02108, 0.25233, 0.28279], [0.13333, 0.0621, 0.08643, 0.0, 0.29753, 0.04742, 0.06574, 0.26299, 0.22137], [0.22271, 0.26791, 0.32823, 0.29753, 0.0, 0.31569, 0.32175, 0.18756, 0.14153], [0.17634, 0.10834, 0.03954, 0.04742, 0.31569, 0.0, 0.01851, 0.25763, 0.25626], [0.19242, 0.12594, 0.02108, 0.06574, 0.32175, 0.01851, 0.0, 0.25515, 0.26891], [0.26656, 0.26754, 0.25233, 0.26299, 0.18756, 0.25763, 0.25515, 0.0, 0.25115], [0.10328, 0.17055, 0.28279, 0.22137, 0.14153, 0.25626, 0.26891, 0.25115, 0.0]], "adj_matrix_2": [[0.0, 0.18877, 0.09398, 0.0283, 0.30341, 0.30459, 0.25223, 0.3058, 0.27975], [0.18877, 0.0, 0.11284, 0.16915, 0.2747, 0.28692, 0.1097, 0.32504, 0.17689], [0.09398, 0.11284, 0.0, 0.06736, 0.31176, 0.3179, 0.20433, 0.33505, 0.25275], [0.0283, 0.16915, 0.06736, 0.0, 0.30957, 0.31211, 0.24178, 0.31768, 0.2757], [0.30341, 0.2747, 0.31176, 0.30957, 0.0, 0.02097, 0.19888, 0.09342, 0.13247], [0.30459, 0.28692, 0.3179, 0.31211, 0.02097, 0.0, 0.21605, 0.0729, 0.1518], [0.25223, 0.1097, 0.20433, 0.24178, 0.19888, 0.21605, 0.0, 0.27149, 0.0754], [0.3058, 0.32504, 0.33505, 0.31768, 0.09342, 0.0729, 0.27149, 0.0, 0.21601], [0.27975, 0.17689, 0.25275, 0.2757, 0.13247, 0.1518, 0.0754, 0.21601, 0.0]], "features_1": [[0.35533333952859003, 1.015091466441795, 0.0, 0.23024192459968357, 0.5361409190605575, 0.15080969170485675, 0.2985140800936925, 0.6584649353584977, 0.5052586745651177, 0.25075187636811913, 0.008673665988278678, 0.6255600116878357, 0.6543642466514573, 0.6779004003675785, 0.8110654612089591, 0.7187129421717605, 0.6038841915767609], [0.11493566387023302, 0.8215236244659064, 0.0, 0.21256058203158515, 0.4982370853819149, 0.14508788881153334, 0.3496017872046721, 0.6684871838898021, 0.45792596637200855, 0.20434793453132616, 0.008173410423425675, 0.6243072677346375, 0.6736940537415105, 0.7221347174331976, 0.8071095497320052, 0.7319432090270408, 0.6027068498594781], [-0.02355130692704588, 0.9334257857856861, 0.0, 0.23534401222576254, 0.5342268326053229, 0.14232750330281455, 0.3894211604090444, 0.6725204466090943, 0.4409569835591822, 0.22471343397974808, 0.008284682400665488, 0.6298336391407937, 0.6781988802749642, 0.7141045375052785, 0.8060023208765178, 0.7395510906894606, 0.608550311397712], [-0.152047893968565, 0.9708810861419153, 0.0, 0.2043740953639901, 0.5431640067741356, 0.14003266693816596, 0.37589206347582615, 0.6740716066223014, 0.4177430076095934, 0.23001539273195437, 0.008006390651371653, 0.6293858115115549, 0.6753287592425535, 0.7194795549041817, 0.8016847062690964, 0.7138740108181059, 0.6005188832160265], [0.2231714933048905, 0.8120771000909008, 0.0, 0.24967597441844014, 0.5000208480938098, 0.13992510338608036, 0.36043786101604525, 0.673765784852352, 0.42871499227905385, 0.19725127808729126, 0.008284682400665488, 0.6071737768665528, 0.6618201460005476, 0.7068716629855111, 0.7985171449777435, 0.7121341993196918, 0.5927613917716967], [-0.24518092732039776, 0.9846948686616951, 0.0, 0.21939054644849693, 0.5495185500531505, 0.13898593068645915, 0.37054806831543274, 0.6755900636944963, 0.4138004234507495, 0.2319536189079381, 0.007727725548673403, 0.6323193615820235, 0.6851043469156924, 0.7051976668585881, 0.8009852295345766, 0.7178628287835573, 0.6063704929593603], [-0.07996783545759056, 1.00002799892401, 0.0, 0.20945602005882372, 0.5421326208843219, 0.14311513441247514, 0.3122651849999791, 0.6688610431312156, 0.43770959690900657, 0.23948188253053515, 0.007894969482732161, 0.628370181007365, 0.6638174307789944, 0.7104162814670741, 0.8024290997296095, 0.7320454969935374, 0.5997544871796734], [1.0623623531254962, 0.8322669694466689, 0.0, 0.30250495353737933, 0.5111695133725783, 0.1342892946493088, 0.2799747808587618, 0.6776142517336846, 0.40737874046219846, 0.19367649893097028, 0.007950687539111767, 0.5926445582107731, 0.6421568332843561, 0.6860251868290315, 0.7864482538431067, 0.7105015875511517, 0.5975164730690697], [0.18251151898173745, 0.8662011121433328, 0.0, 0.23733436614199904, 0.5206449742628793, 0.13437668369645434, 0.2998035410024656, 0.6781576087899529, 0.39156421284535003, 0.20205211251303568, 0.007727725548673403, 0.6056298028435565, 0.6508217469803811, 0.691450827311767, 0.7898724977245234, 0.7067463047960058, 0.59314964013022]], "features_2": [[0.6682086323781271, 0.981162656120825, 0.0, 0.25440354210324256, 0.5227279769924127, 0.14409197593733078, 0.07124809018563738, 0.6561732933800246, 0.4679395491513565, 0.238641712021314, 0.008618141428105908, 0.5946985977442696, 0.6272404011401795, 0.6661787914571123, 0.786470938892964, 0.7115453271124458, 0.593420067541387], [0.16722809495235147, 0.7737243591217564, 0.0, 0.22278722072316798, 0.46785854860965004, 0.14578596786171713, 0.07647284520849026, 0.6542467843163777, 0.4752174652570835, 0.19841608824924561, 0.008729175733573014, 0.6142915490955048, 0.6453523792315992, 0.6726072125293687, 0.7933095601059789, 0.7058841382519773, 0.6019444931352319], [0.283518651871161, 0.9295599357093669, 0.0, 0.23327486600366307, 0.5174153079091611, 0.14403094265917582, 0.0946453056150652, 0.6585727436529399, 0.46236597810293545, 0.22909655431326814, 0.008284682400665488, 0.6093727104679312, 0.6534497770616147, 0.6836413376195793, 0.7927947398571172, 0.7138850614107128, 0.6029136295288319], [0.5175656092575567, 0.9433943262912046, 0.0, 0.2714341035793501, 0.522753451289572, 0.1413578972503985, 0.11332734060034966, 0.6621002377002154, 0.45130529514502804, 0.22884403133184827, 0.008451478759474051, 0.6014962093553078, 0.6368136017564769, 0.6638410539744458, 0.7851966084613919, 0.7161350745645643, 0.5907899027486552], [-0.05747808306538138, 0.8114297391013867, 0.0, 0.1831987159507771, 0.4757029809793688, 0.14643512007832332, 0.04952036950728385, 0.6511534211007328, 0.4634744291931694, 0.20761490461269783, 0.008618141428105908, 0.6316559799798886, 0.6455140489236334, 0.6838531547331691, 0.7888925982784368, 0.6984186042328292, 0.5922444192686606], [-0.08471651728762364, 0.9560317197949362, 0.0, 0.17330241909015537, 0.5228333329405238, 0.14670212902077834, 0.11362059880896211, 0.656978670971095, 0.47887588375946066, 0.24034838267131442, 0.008618141428105908, 0.6356142858607954, 0.6555878065272138, 0.6917173725878726, 0.801259910527618, 0.7304673902265084, 0.6124732212745313], [0.10114995240959601, 0.9532791482617479, 0.0, 0.22766502118190232, 0.5287434960257433, 0.13908345283916293, 0.146551942080535, 0.6673499797775613, 0.4196069321803493, 0.22600817568818932, 0.00822905385914674, 0.6130751721404226, 0.6468703608817111, 0.6674634803767191, 0.7887888268741983, 0.7231405606548782, 0.5928479633378476], [-0.19101339295183806, 0.7982163386275248, 0.0, 0.147731643472172, 0.47820211070058766, 0.14524996765118733, 0.10448200827438399, 0.6570693846138516, 0.4476181760061253, 0.20102418742254757, 0.00839589484089287, 0.6391311427858566, 0.6652494067974132, 0.6899757781613169, 0.7960849549451923, 0.7207043524056509, 0.6064812349630597], [-0.045360546135162494, 0.8254052541742765, 0.0, 0.20023694016122986, 0.49634932357684025, 0.14123498521523056, 0.18614995464849926, 0.667032499420986, 0.42355410834043394, 0.20197426886633063, 0.007950687539111767, 0.6252297612869187, 0.6568373759773039, 0.6898017634448593, 0.8000970514397675, 0.7038537184140462, 0.6140974682908253]]}