{"labels_1": ["1", "2", "3", "4", "5", "6", "7", "8", "9"], "labels_2": ["1", "2", "3", "4", "5", "6", "7", "8", "9"], "adj_matrix_1": [[0.0, 0.07375, 0.21029, 0.13333, 0.22271, 0.17634, 0.19242, 0.26656, 0.10328], [0.07375, 0.0, 0.14571, 0.0621, 0.26791, 0.10834, 0.12594, 0.26754, 0.17055], [0.21029, 0.14571, 0.0, 0.08643, 0.32823, 0.03954, 0.02108, 0.25233, 0.28279], [0.13333, 0.0621, 0.08643, 0.0, 0.29753, 0.04742, 0.06574, 0.26299, 0.22137], [0.22271, 0.26791, 0.32823, 0.29753, 0.0, 0.31569, 0.32175, 0.18756, 0.14153], [0.17634, 0.10834, 0.03954, 0.04742, 0.31569, 0.0, 0.01851, 0.25763, 0.25626], [0.19242, 0.12594, 0.02108, 0.06574, 0.32175, 0.01851, 0.0, 0.25515, 0.26891], [0.26656, 0.26754, 0.25233, 0.26299, 0.18756, 0.25763, 0.25515, 0.0, 0.25115], [0.10328, 0.17055, 0.28279, 0.22137, 0.14153, 0.25626, 0.26891, 0.25115, 0.0]], "adj_matrix_2": [[0.0, 0.00818, 0.06222, 0.05203, 0.11481, 0.24308, 0.10724, 0.18573, 0.21543], [0.00818, 0.0, 0.07024, 0.06009, 0.12245, 0.24804, 0.11494, 0.19235, 0.22135], [0.06222, 0.07024, 0.0, 0.01036, 0.05463, 0.20147, 0.04662, 0.13237, 0.16708], [0.05203, 0.06009, 0.01036, 0.0, 0.0648, 0.20889, 0.05684, 0.1416, 0.17556], [0.11481, 0.12245, 0.05463, 0.0648, 0.0, 0.15882, 0.00813, 0.08128, 0.11938], [0.24308, 0.24804, 0.20147, 0.20889, 0.15882, 0.0, 0.16546, 0.0854, 0.04582], [0.10724, 0.11494, 0.04662, 0.05684, 0.00813, 0.16546, 0.0, 0.08904, 0.1267], [0.18573, 0.19235, 0.13237, 0.1416, 0.08128, 0.0854, 0.08904, 0.0, 0.04077], [0.21543, 0.22135, 0.16708, 0.17556, 0.11938, 0.04582, 0.1267, 0.04077, 0.0]], "features_1": [[0.35533333952859003, 1.015091466441795, 0.0, 0.23024192459968357, 0.5361409190605575, 0.15080969170485675, 0.2985140800936925, 0.6584649353584977, 0.5052586745651177, 0.25075187636811913, 0.008673665988278678, 0.6255600116878357, 0.6543642466514573, 0.6779004003675785, 0.8110654612089591, 0.7187129421717605, 0.6038841915767609], [0.11493566387023302, 0.8215236244659064, 0.0, 0.21256058203158515, 0.4982370853819149, 0.14508788881153334, 0.3496017872046721, 0.6684871838898021, 0.45792596637200855, 0.20434793453132616, 0.008173410423425675, 0.6243072677346375, 0.6736940537415105, 0.7221347174331976, 0.8071095497320052, 0.7319432090270408, 0.6027068498594781], [-0.02355130692704588, 0.9334257857856861, 0.0, 0.23534401222576254, 0.5342268326053229, 0.14232750330281455, 0.3894211604090444, 0.6725204466090943, 0.4409569835591822, 0.22471343397974808, 0.008284682400665488, 0.6298336391407937, 0.6781988802749642, 0.7141045375052785, 0.8060023208765178, 0.7395510906894606, 0.608550311397712], [-0.152047893968565, 0.9708810861419153, 0.0, 0.2043740953639901, 0.5431640067741356, 0.14003266693816596, 0.37589206347582615, 0.6740716066223014, 0.4177430076095934, 0.23001539273195437, 0.008006390651371653, 0.6293858115115549, 0.6753287592425535, 0.7194795549041817, 0.8016847062690964, 0.7138740108181059, 0.6005188832160265], [0.2231714933048905, 0.8120771000909008, 0.0, 0.24967597441844014, 0.5000208480938098, 0.13992510338608036, 0.36043786101604525, 0.673765784852352, 0.42871499227905385, 0.19725127808729126, 0.008284682400665488, 0.6071737768665528, 0.6618201460005476, 0.7068716629855111, 0.7985171449777435, 0.7121341993196918, 0.5927613917716967], [-0.24518092732039776, 0.9846948686616951, 0.0, 0.21939054644849693, 0.5495185500531505, 0.13898593068645915, 0.37054806831543274, 0.6755900636944963, 0.4138004234507495, 0.2319536189079381, 0.007727725548673403, 0.6323193615820235, 0.6851043469156924, 0.7051976668585881, 0.8009852295345766, 0.7178628287835573, 0.6063704929593603], [-0.07996783545759056, 1.00002799892401, 0.0, 0.20945602005882372, 0.5421326208843219, 0.14311513441247514, 0.3122651849999791, 0.6688610431312156, 0.43770959690900657, 0.23948188253053515, 0.007894969482732161, 0.628370181007365, 0.6638174307789944, 0.7104162814670741, 0.8024290997296095, 0.7320454969935374, 0.5997544871796734], [1.0623623531254962, 0.8322669694466689, 0.0, 0.30250495353737933, 0.5111695133725783, 0.1342892946493088, 0.2799747808587618, 0.6776142517336846, 0.40737874046219846, 0.19367649893097028, 0.007950687539111767, 0.5926445582107731, 0.6421568332843561, 0.6860251868290315, 0.7864482538431067, 0.7105015875511517, 0.5975164730690697], [0.18251151898173745, 0.8662011121433328, 0.0, 0.23733436614199904, 0.5206449742628793, 0.13437668369645434, 0.2998035410024656, 0.6781576087899529, 0.39156421284535003, 0.20205211251303568, 0.007727725548673403, 0.6056298028435565, 0.6508217469803811, 0.691450827311767, 0.7898724977245234, 0.7067463047960058, 0.59314964013022]], "features_2": [[0.054918273092084746, 0.9918481855818111, 0.0, 0.19893896141466486, 0.5193570478973515, 0.15216191631758824, 0.254298108877591, 0.6488622861019391, 0.48335383491536477, 0.24920534703531172, 0.008284682400665488, 0.63019837033618, 0.6647480058331338, 0.7100993510435566, 0.8063545454075368, 0.7269622384293283, 0.6184872272972398], [-0.10326980574158462, 0.8411813118803707, 0.0, 0.21651438775616627, 0.49120746519874403, 0.14949808898784872, 0.417515316419972, 0.6599815951020733, 0.4671047760863658, 0.21518893934740446, 0.008618141428105908, 0.6304737090508734, 0.662311090131382, 0.7147796681284662, 0.8102177111706519, 0.7336436946690625, 0.6062275191062734], [-0.024735744748347166, 0.9318910462080959, 0.0, 0.22766749266766076, 0.5217276972577061, 0.14845635534761084, 0.4270776801826635, 0.6621296161913466, 0.4597905632737844, 0.23148161634918463, 0.008284682400665488, 0.624785897810181, 0.6705074105350773, 0.6986712533368006, 0.8086265764512285, 0.7203879828379783, 0.6208772847051502], [-0.011049187680806316, 0.9245644945147821, 0.0, 0.21189033528497037, 0.5190061672627702, 0.14819040394752417, 0.34704350544570983, 0.6612252470977926, 0.4685911027026828, 0.23137369692271736, 0.008284682400665488, 0.6227557018733774, 0.6658744165451571, 0.7060230528136513, 0.8093208465659831, 0.7210832412796709, 0.6277263523241602], [-0.1316563419680885, 0.8786463891965038, 0.0, 0.21428351304051899, 0.5034680094299822, 0.14971872099371786, 0.4813880797690736, 0.6608045242827919, 0.46851185222433944, 0.22392599918389755, 0.008618141428105908, 0.6286671153091934, 0.6701245507351873, 0.7195286277594001, 0.8085497390469103, 0.7336239255159347, 0.6089039470970907], [-0.07586560353485838, 0.9536028521671209, 0.0, 0.20725468102003652, 0.5341730249046611, 0.14805690473406974, 0.5816516098354093, 0.6678315370784607, 0.4586214552553558, 0.23584176843687432, 0.008451478759474051, 0.6145383786247431, 0.6769528585704715, 0.7043458337326463, 0.8122928944229041, 0.7141759760508386, 0.6195386291143655], [-0.18553996975541942, 0.9493458311513991, 0.0, 0.21262288740255197, 0.5245828056620414, 0.1482599048816618, 0.43224575565096474, 0.6623639898868795, 0.4626818173724834, 0.23726974762412878, 0.008507047823598457, 0.6230390831911443, 0.6623992778931943, 0.6961547016239006, 0.8078837759252911, 0.7196108711139677, 0.6187791849906357], [0.010694580187902591, 0.8671965182108372, 0.0, 0.20045409798781075, 0.5090012905812503, 0.14597265179154137, 0.5299470963730165, 0.6674334026731275, 0.4376607221882862, 0.21490975097637643, 0.00822905385914674, 0.6081433124046276, 0.6447292679456829, 0.6940039562799271, 0.805253774405062, 0.7256765036295714, 0.6188239821674606], [0.14285541138057223, 0.8750128102407386, 0.0, 0.20006434560843966, 0.5157851086045978, 0.1449625874472888, 0.5805584276741946, 0.6706375420968385, 0.44263258322270027, 0.2136634061877536, 0.00822905385914674, 0.6077233686844368, 0.6570145190683858, 0.6786391540703667, 0.8070518198546641, 0.7282545641716739, 0.6264401410763838]]}