{"labels_1": ["1", "2", "3", "4", "5", "6", "7", "8", "9"], "labels_2": ["1", "2", "3", "4", "5", "6", "7", "8", "9"], "adj_matrix_1": [[0.0, 0.17962, 0.04428, 0.23221, 0.22445, 0.06925, 0.05958, 0.26088, 0.10122], [0.17962, 0.0, 0.14308, 0.0816, 0.2221, 0.12061, 0.22333, 0.1671, 0.25063], [0.04428, 0.14308, 0.0, 0.20468, 0.22917, 0.02541, 0.10242, 0.24742, 0.14216], [0.23221, 0.0816, 0.20468, 0.0, 0.19543, 0.18694, 0.26272, 0.09938, 0.28015], [0.22445, 0.2221, 0.22917, 0.19543, 0.0, 0.23045, 0.21531, 0.13456, 0.20747], [0.06925, 0.12061, 0.02541, 0.18694, 0.23045, 0.0, 0.12599, 0.23753, 0.16424], [0.05958, 0.22333, 0.10242, 0.26272, 0.21531, 0.12599, 0.0, 0.27289, 0.04288], [0.26088, 0.1671, 0.24742, 0.09938, 0.13456, 0.23753, 0.27289, 0.0, 0.27779], [0.10122, 0.25063, 0.14216, 0.28015, 0.20747, 0.16424, 0.04288, 0.27779, 0.0]], "adj_matrix_2": [[0.0, 0.12141, 0.05956, 0.0794, 0.0558, 0.12415, 0.1611, 0.07378, 0.08383], [0.12141, 0.0, 0.17362, 0.19013, 0.06845, 0.00299, 0.25365, 0.18557, 0.04014], [0.05956, 0.17362, 0.0, 0.0203, 0.11332, 0.1761, 0.10631, 0.01452, 0.13951], [0.0794, 0.19013, 0.0203, 0.0, 0.13206, 0.19249, 0.08682, 0.00579, 0.15744], [0.0558, 0.06845, 0.11332, 0.13206, 0.0, 0.07133, 0.2071, 0.12682, 0.02882], [0.12415, 0.00299, 0.1761, 0.19249, 0.07133, 0.0, 0.25541, 0.18788, 0.04308], [0.1611, 0.25365, 0.10631, 0.08682, 0.2071, 0.25541, 0.0, 0.0924, 0.22809], [0.07378, 0.18557, 0.01452, 0.00579, 0.12682, 0.18788, 0.0924, 0.0, 0.15244], [0.08383, 0.04014, 0.13951, 0.15744, 0.02882, 0.04308, 0.22809, 0.15244, 0.0]], "features_1": [[0.05312075200279143, 1.0585811272967702, 0.0, 0.2601391100865894, 0.5620407511464035, 0.13369940746648967, 0.22174337564264662, 0.675844252036422, 0.40088509370754344, 0.24101108705690422, 0.00783923647221818, 0.6147628046918523, 0.6308707127292603, 0.6424788321747972, 0.7831469026430075, 0.7064081902768609, 0.608265123480041], [0.9441269708510451, 0.8369617932025344, 0.0, 0.29037438466843607, 0.5258528123065507, 0.12460127860865344, 0.3729411922204712, 0.6862116517836554, 0.37736673629240713, 0.18087878789184186, 0.007950687539111767, 0.5849865233546352, 0.6199419050984741, 0.6328188454997277, 0.7756702476176108, 0.7059230646326178, 0.5984543463488069], [0.3614759863240997, 1.0164872291108225, 0.0, 0.2644776091125604, 0.56777171540394, 0.12929750741497598, 0.30671972838598266, 0.6824948963513106, 0.38594089009947274, 0.22177415485137253, 0.00783923647221818, 0.6005138999261534, 0.6544602983954579, 0.6612440894887146, 0.7840491273984521, 0.7189797616563516, 0.613030936334977], [0.6301905927959854, 1.0652323533991335, 0.0, 0.27897642771971165, 0.5776041995232631, 0.12746569855097076, 0.31447209807564674, 0.6833321502583883, 0.3712710058356885, 0.22805546837886226, 0.007504523810135222, 0.5873837992122859, 0.6425793755436412, 0.6609825459370422, 0.7769273662565139, 0.7037675038432557, 0.6019430944055649], [1.6991987055303062, 0.9028576758426365, 0.0, 0.2906289643453065, 0.5470179243094517, 0.1213655788133006, 0.3368494893286346, 0.687883770291845, 0.3596508760525243, 0.18599597887871888, 0.007616154688146137, 0.558636550299672, 0.610486364574713, 0.6200618542652657, 0.7636127525315838, 0.703072029329505, 0.593977942286871], [0.41016474755819754, 1.1207043448817735, 0.0, 0.2700990972581834, 0.5929018383546125, 0.13053826106084426, 0.36047934425647626, 0.6832477127602006, 0.3969256990298202, 0.2430372940227068, 0.007616154688146137, 0.5938997758219342, 0.6521785701590082, 0.6836250657015276, 0.7931923494089883, 0.7206159241415572, 0.6165173947625464], [0.2801481645142787, 1.0536638262159648, 0.0, 0.2931184677346754, 0.5878791878462231, 0.12055003951286594, 0.3640876069153549, 0.688904348282072, 0.33742130652530644, 0.2187905413292246, 0.007057398507269275, 0.5953799277747649, 0.642468738947931, 0.6587233860769711, 0.7685550153492889, 0.6925761953349611, 0.5928621747128995], [1.1113625256943056, 0.9513669393226952, 0.0, 0.30047582863127137, 0.5684170105565318, 0.11802208920024618, 0.35024482550334923, 0.6900674141838288, 0.3243386189721831, 0.19171929740063387, 0.007057398507269275, 0.5656207051933013, 0.6267092693869147, 0.6391225492716603, 0.7591470165189431, 0.6845099506282359, 0.5831351575524092], [-0.15849859813865486, 0.9830976778115725, 0.0, 0.2633123762383248, 0.5797064980362576, 0.11644643096035012, 0.3735770869790748, 0.6908617769968782, 0.30018080963917404, 0.20122273521479306, 0.006609306440138685, 0.6019430363678633, 0.641134282886838, 0.6647194791583718, 0.7585534617468433, 0.6794099831828518, 0.5797966887076835]], "features_2": [[0.5040392000107223, 0.8487793093962646, 0.0, 0.23760287242032702, 0.5200397415536184, 0.13186362893592535, 0.30244570993748426, 0.6797560021989274, 0.39624069810517204, 0.1936324034607395, 0.00783923647221818, 0.606286906440255, 0.6568869676054778, 0.6825793751579826, 0.7882558417193696, 0.7017424781217924, 0.6126434146698673], [0.4986962559141608, 0.7235247471719448, 0.0, 0.18358929927025675, 0.48556395461531, 0.12977507188680498, 0.24446886569485288, 0.6809828639062678, 0.38727286230334057, 0.16343362429219388, 0.007727725548673403, 0.5995839315438125, 0.6463754525733245, 0.6635418392105018, 0.7808910221351727, 0.7182624410455885, 0.6048947376834618], [0.5241004919935581, 0.8725555826770811, 0.0, 0.21991519899468942, 0.5320489350514056, 0.128812861010403, 0.32683761785909765, 0.6823829040334173, 0.3769176457162535, 0.19163152604617806, 0.007560346756364078, 0.6007715164450902, 0.623190329138898, 0.6258873641346205, 0.7787561504974889, 0.7093511791286332, 0.5967013091464874], [0.655274186106293, 0.8587779009714678, 0.0, 0.24549919443090668, 0.5291500069330476, 0.12873706104049953, 0.3448813148935962, 0.6826198511067663, 0.3817862457022325, 0.18941400962807875, 0.007950687539111767, 0.607096703481186, 0.6451908424943843, 0.656787338557293, 0.7798397561549808, 0.7125559341669712, 0.5886146516260459], [0.518097785439728, 0.6999754178418083, 0.0, 0.17553478441070297, 0.4823525676588394, 0.1270691360464722, 0.25600337929395633, 0.6833053567432574, 0.37370377918333375, 0.15581653187762323, 0.007727725548673403, 0.5997830963507611, 0.6332276029256153, 0.6537363954955523, 0.775809588707944, 0.7128424732327346, 0.6000860295263257], [0.7157600924065659, 0.8925076315677586, 0.0, 0.23360615396544585, 0.5352473160070229, 0.13113410097219438, 0.3754287393714414, 0.6804685332319214, 0.38132504241123844, 0.1967186884120884, 0.007336964783822175, 0.5905107231452853, 0.6376270171106476, 0.6452476165082962, 0.7799995188389867, 0.7035651981966701, 0.5950672378097769], [0.22902556135354946, 0.7748762240270417, 0.0, 0.2452522621806166, 0.5130880329662072, 0.1244436513374853, 0.4621793945184137, 0.6869852009926989, 0.35433995654632744, 0.16632719348879932, 0.007336964783822175, 0.6062547964614695, 0.6486209118193493, 0.6239769735903069, 0.7759073777648241, 0.7183074393111251, 0.5708621636664567], [0.6389086638501174, 0.7276368978291121, 0.0, 0.2536776371287046, 0.4949119293686999, 0.12222415901043325, 0.24532121342094299, 0.686376303798897, 0.33353905005343587, 0.15338302203807608, 0.007225183508792421, 0.5959386808184841, 0.6275470023257141, 0.6240300952706666, 0.760717143126853, 0.6873302246119347, 0.5814390238000119], [0.5285333003409427, 0.7155204077484475, 0.0, 0.2348908956364746, 0.49092122663928894, 0.12402758967501566, 0.26356161483000307, 0.6853098967444677, 0.34018922560819376, 0.15252566089437747, 0.00711334193318236, 0.5938768471123614, 0.6522682154343242, 0.629825544675563, 0.7668330780920308, 0.6914401220670114, 0.5879670163573043]]}