{"labels_1": ["1", "2", "3", "4", "5", "6", "7", "8", "9"], "labels_2": ["1", "2", "3", "4", "5", "6", "7", "8", "9"], "adj_matrix_1": [[0.0, 0.26661, 0.35791, 0.0528, 0.18546, 0.33798, 0.23355, 0.26147, 0.33021], [0.26661, 0.0, 0.14895, 0.22259, 0.09553, 0.10809, 0.04129, 0.00677, 0.09432], [0.35791, 0.14895, 0.0, 0.32763, 0.23108, 0.044, 0.18553, 0.15506, 0.05825], [0.0528, 0.22259, 0.32763, 0.0, 0.13598, 0.30319, 0.18685, 0.21696, 0.29405], [0.18546, 0.09553, 0.23108, 0.13598, 0.0, 0.19586, 0.05497, 0.08896, 0.1836], [0.33798, 0.10809, 0.044, 0.30319, 0.19586, 0.0, 0.14684, 0.11456, 0.01442], [0.23355, 0.04129, 0.18553, 0.18685, 0.05497, 0.14684, 0.0, 0.03455, 0.13361], [0.26147, 0.00677, 0.15506, 0.21696, 0.08896, 0.11456, 0.03455, 0.0, 0.10084], [0.33021, 0.09432, 0.05825, 0.29405, 0.1836, 0.01442, 0.13361, 0.10084, 0.0]], "adj_matrix_2": [[0.0, 0.03998, 0.17065, 0.0388, 0.19513, 0.25843, 0.26672, 0.18244, 0.25716], [0.03998, 0.0, 0.19421, 0.07735, 0.21393, 0.25778, 0.26191, 0.20388, 0.25728], [0.17065, 0.19421, 0.0, 0.14218, 0.03696, 0.17016, 0.19753, 0.01718, 0.16591], [0.0388, 0.07735, 0.14218, 0.0, 0.17076, 0.25216, 0.26466, 0.15578, 0.25017], [0.19513, 0.21393, 0.03696, 0.17076, 0.0, 0.13942, 0.16944, 0.01988, 0.13489], [0.25843, 0.25778, 0.17016, 0.25216, 0.13942, 0.0, 0.03517, 0.15621, 0.00523], [0.26672, 0.26191, 0.19753, 0.26466, 0.16944, 0.03517, 0.0, 0.18487, 0.04036], [0.18244, 0.20388, 0.01718, 0.15578, 0.01988, 0.15621, 0.18487, 0.0, 0.1519], [0.25716, 0.25728, 0.16591, 0.25017, 0.13489, 0.00523, 0.04036, 0.1519, 0.0]], "features_1": [[-0.18687902233519216, 0.937523609922257, 0.0, 0.22091686349866302, 0.542325353364906, 0.13323396010757949, 0.3266736023690321, 0.6805714759791821, 0.40264418334068286, 0.21557679431372012, 0.007504523810135222, 0.6367607677509799, 0.6761848355582845, 0.6815886230388477, 0.7974581185373975, 0.7093329755930536, 0.6149941517857124], [-0.10042196722370678, 0.8199505754022807, 0.0, 0.2627452667802776, 0.5226957410238686, 0.1250023904763244, 0.41865754648721987, 0.6875107813015796, 0.36631054985746414, 0.18226040828622692, 0.00716927026363523, 0.6178530698659683, 0.6567384015878581, 0.6721847157122579, 0.7864167114268281, 0.700761666278171, 0.5761767731709223], [-0.23581524670757048, 0.9658971628929394, 0.0, 0.21590414583328385, 0.5614233523503649, 0.1250347944739315, 0.46867089092820535, 0.6879920298778395, 0.36811298829179884, 0.21233648554004358, 0.00711334193318236, 0.6193231002992334, 0.6793580137259655, 0.6983103614217816, 0.7889460719405461, 0.7164304443242412, 0.5777695501436072], [-0.3432804786842225, 0.9480119465849836, 0.0, 0.20101562395347108, 0.5514613361117735, 0.12760079431095925, 0.3901344278855511, 0.6854214758646671, 0.37257500525652465, 0.21215387233720517, 0.00711334193318236, 0.6333383230885956, 0.6733029986127224, 0.6914411030996827, 0.787614068121497, 0.7052239595120912, 0.589518570025899], [-0.057102667366905724, 0.8736429553339345, 0.0, 0.25804148234398505, 0.5354783312947854, 0.12453975112073562, 0.36329748664902156, 0.687164737978758, 0.3641038340834273, 0.19126349731612247, 0.007281081678807366, 0.6187615654998642, 0.6540350605443895, 0.6540677502551612, 0.7805672696927074, 0.6945572428112888, 0.5652621759562394], [-0.24068320260561382, 1.0596886785334623, 0.0, 0.23114417117275002, 0.5853138649769364, 0.12430712655275206, 0.4985446850125079, 0.6890387162856595, 0.3691278705065366, 0.22932244295888338, 0.007336964783822175, 0.6214557794047437, 0.6528154646992786, 0.6786993098899281, 0.7892826141378119, 0.7106306643371567, 0.5556089057029892], [-0.21227685701367216, 0.914916516563499, 0.0, 0.22182436753247314, 0.5493553095001849, 0.12518051004083994, 0.40194191590347683, 0.6871812454155674, 0.37163014202171296, 0.20434783167744452, 0.007225183508792421, 0.6182960099467252, 0.6518114374522541, 0.6770060572657711, 0.781791687543351, 0.6940746158790805, 0.5878687721201831], [0.268692695804182, 0.9691634804387849, 0.0, 0.2736216362324146, 0.5648877439373499, 0.11816182318901419, 0.31837283957872486, 0.690034907094712, 0.3154571984889345, 0.19724438280905177, 0.00677745458930179, 0.5987812229157179, 0.6278035555516984, 0.6272772203774779, 0.7581818804789632, 0.6784906325601427, 0.5437977942442751], [0.19527869974861733, 0.9494370263940908, 0.0, 0.283801840893968, 0.5643225795684398, 0.11805585027202636, 0.34997848672798637, 0.6904013059058638, 0.3143734088202286, 0.19402674368344397, 0.0064410216040902135, 0.600291214145154, 0.6386091232146544, 0.6544362524583455, 0.7619260779706923, 0.7002052325723999, 0.5656372508225861]], "features_2": [[0.7302105413759734, 0.912255630579097, 0.0, 0.29820112695875806, 0.5478846775707689, 0.12816428728319332, 0.5398185531485253, 0.6858026964011638, 0.3776093694305682, 0.20255358520370637, 0.007448685839370306, 0.5836315215849999, 0.6602446413982365, 0.6780704616665792, 0.7935092804414583, 0.7113723742294169, 0.6041262898153187], [1.6465656037860947, 0.8025154357078138, 0.0, 0.3318551006343266, 0.5306752209828024, 0.1170242230244533, 0.6407760543717977, 0.6911703847764343, 0.32447391112679624, 0.15986399549288666, 0.007001439975721224, 0.5616634211984879, 0.6085907952451306, 0.616916304487732, 0.7652498452948012, 0.6793615984479892, 0.5864212805945483], [1.1941736768953328, 0.9627794812326836, 0.0, 0.3290735667100521, 0.5737778691453514, 0.11639048925392723, 0.618073983847966, 0.6914027110985352, 0.3259149346003787, 0.19292316845714175, 0.006889477554966383, 0.5727573270886965, 0.6287489995980893, 0.62945524591546, 0.764956496661487, 0.6859173709245295, 0.5842479460545867], [1.2569561494623596, 0.956946497668709, 0.0, 0.33433281213387056, 0.5690194754278025, 0.11888761568146766, 0.590172448443741, 0.6904451916821042, 0.3376236834593005, 0.19521417588423495, 0.006889477554966383, 0.5715245663801043, 0.6209864212121916, 0.6277508425136709, 0.7714362052881073, 0.6995820143959445, 0.5902678450970279], [1.0561564480134988, 0.7638388620898209, 0.0, 0.2914436998763858, 0.5136359708401567, 0.1199034004062899, 0.525765452453632, 0.6894221870083971, 0.3386224257666728, 0.15686295653544025, 0.007336964783822175, 0.5738210170823892, 0.6282677791276371, 0.6412218359843302, 0.7694645201294583, 0.6947414923992383, 0.5801315416919927], [0.6216516320250833, 0.976459398286982, 0.0, 0.2977997507195835, 0.5748597735790131, 0.11857290348102247, 0.6427036975138855, 0.6908907343307003, 0.32990440532016807, 0.19911063615848068, 0.007336964783822175, 0.5859282864751507, 0.6361420324291183, 0.6514477460127303, 0.7722059294900323, 0.7102254415125993, 0.5650549739902494], [0.5033672270227285, 0.9220421378971068, 0.0, 0.28914476211560475, 0.558316613922158, 0.11611184796876575, 0.6330458493933137, 0.6911106436389987, 0.31884197954252547, 0.1869849381362143, 0.00677745458930179, 0.5872129581112491, 0.637095568387389, 0.6475332207882563, 0.7626898733743485, 0.6892918837222817, 0.5526585902208173], [0.24964374979561477, 0.7508766597685153, 0.0, 0.22105093948238091, 0.4984785180442969, 0.12242638872640216, 0.33581555393558915, 0.6868432116763179, 0.33940857389480716, 0.1596993411627925, 0.0069454663283523566, 0.5948935929380852, 0.6299446108544531, 0.6400567987722753, 0.7703821993191974, 0.6832136661351105, 0.5346798186191721], [0.22395268055792616, 0.805741356017031, 0.0, 0.22783483043116665, 0.519122935280185, 0.1176300535793237, 0.41180996469331105, 0.6895808657516137, 0.3214529190577671, 0.16590087935824416, 0.007001439975721224, 0.5900131277388141, 0.6426455286969623, 0.6499890201296246, 0.761795003968822, 0.6936610062743976, 0.522950231243833]]}