{"labels_1": ["1", "2", "3", "4", "5", "6", "7", "8", "9"], "labels_2": ["1", "2", "3", "4", "5", "6", "7", "8", "9"], "adj_matrix_1": [[0.0, 0.26661, 0.35791, 0.0528, 0.18546, 0.33798, 0.23355, 0.26147, 0.33021], [0.26661, 0.0, 0.14895, 0.22259, 0.09553, 0.10809, 0.04129, 0.00677, 0.09432], [0.35791, 0.14895, 0.0, 0.32763, 0.23108, 0.044, 0.18553, 0.15506, 0.05825], [0.0528, 0.22259, 0.32763, 0.0, 0.13598, 0.30319, 0.18685, 0.21696, 0.29405], [0.18546, 0.09553, 0.23108, 0.13598, 0.0, 0.19586, 0.05497, 0.08896, 0.1836], [0.33798, 0.10809, 0.044, 0.30319, 0.19586, 0.0, 0.14684, 0.11456, 0.01442], [0.23355, 0.04129, 0.18553, 0.18685, 0.05497, 0.14684, 0.0, 0.03455, 0.13361], [0.26147, 0.00677, 0.15506, 0.21696, 0.08896, 0.11456, 0.03455, 0.0, 0.10084], [0.33021, 0.09432, 0.05825, 0.29405, 0.1836, 0.01442, 0.13361, 0.10084, 0.0]], "adj_matrix_2": [[0.0, 0.15299, 0.26133, 0.321, 0.2773, 0.24152, 0.32013, 0.31303, 0.3464], [0.15299, 0.0, 0.15241, 0.27206, 0.18032, 0.12041, 0.2699, 0.25285, 0.36207], [0.26133, 0.15241, 0.0, 0.15084, 0.03237, 0.03536, 0.14775, 0.12422, 0.29242], [0.321, 0.27206, 0.15084, 0.0, 0.12079, 0.18212, 0.00337, 0.0286, 0.16739], [0.2773, 0.18032, 0.03237, 0.12079, 0.0, 0.0674, 0.11759, 0.09335, 0.26991], [0.24152, 0.12041, 0.03536, 0.18212, 0.0674, 0.0, 0.17917, 0.15668, 0.31417], [0.32013, 0.2699, 0.14775, 0.00337, 0.11759, 0.17917, 0.0, 0.02524, 0.17048], [0.31303, 0.25285, 0.12422, 0.0286, 0.09335, 0.15668, 0.02524, 0.0, 0.1932], [0.3464, 0.36207, 0.29242, 0.16739, 0.26991, 0.31417, 0.17048, 0.1932, 0.0]], "features_1": [[-0.18687902233519216, 0.937523609922257, 0.0, 0.22091686349866302, 0.542325353364906, 0.13323396010757949, 0.3266736023690321, 0.6805714759791821, 0.40264418334068286, 0.21557679431372012, 0.007504523810135222, 0.6367607677509799, 0.6761848355582845, 0.6815886230388477, 0.7974581185373975, 0.7093329755930536, 0.6149941517857124], [-0.10042196722370678, 0.8199505754022807, 0.0, 0.2627452667802776, 0.5226957410238686, 0.1250023904763244, 0.41865754648721987, 0.6875107813015796, 0.36631054985746414, 0.18226040828622692, 0.00716927026363523, 0.6178530698659683, 0.6567384015878581, 0.6721847157122579, 0.7864167114268281, 0.700761666278171, 0.5761767731709223], [-0.23581524670757048, 0.9658971628929394, 0.0, 0.21590414583328385, 0.5614233523503649, 0.1250347944739315, 0.46867089092820535, 0.6879920298778395, 0.36811298829179884, 0.21233648554004358, 0.00711334193318236, 0.6193231002992334, 0.6793580137259655, 0.6983103614217816, 0.7889460719405461, 0.7164304443242412, 0.5777695501436072], [-0.3432804786842225, 0.9480119465849836, 0.0, 0.20101562395347108, 0.5514613361117735, 0.12760079431095925, 0.3901344278855511, 0.6854214758646671, 0.37257500525652465, 0.21215387233720517, 0.00711334193318236, 0.6333383230885956, 0.6733029986127224, 0.6914411030996827, 0.787614068121497, 0.7052239595120912, 0.589518570025899], [-0.057102667366905724, 0.8736429553339345, 0.0, 0.25804148234398505, 0.5354783312947854, 0.12453975112073562, 0.36329748664902156, 0.687164737978758, 0.3641038340834273, 0.19126349731612247, 0.007281081678807366, 0.6187615654998642, 0.6540350605443895, 0.6540677502551612, 0.7805672696927074, 0.6945572428112888, 0.5652621759562394], [-0.24068320260561382, 1.0596886785334623, 0.0, 0.23114417117275002, 0.5853138649769364, 0.12430712655275206, 0.4985446850125079, 0.6890387162856595, 0.3691278705065366, 0.22932244295888338, 0.007336964783822175, 0.6214557794047437, 0.6528154646992786, 0.6786993098899281, 0.7892826141378119, 0.7106306643371567, 0.5556089057029892], [-0.21227685701367216, 0.914916516563499, 0.0, 0.22182436753247314, 0.5493553095001849, 0.12518051004083994, 0.40194191590347683, 0.6871812454155674, 0.37163014202171296, 0.20434783167744452, 0.007225183508792421, 0.6182960099467252, 0.6518114374522541, 0.6770060572657711, 0.781791687543351, 0.6940746158790805, 0.5878687721201831], [0.268692695804182, 0.9691634804387849, 0.0, 0.2736216362324146, 0.5648877439373499, 0.11816182318901419, 0.31837283957872486, 0.690034907094712, 0.3154571984889345, 0.19724438280905177, 0.00677745458930179, 0.5987812229157179, 0.6278035555516984, 0.6272772203774779, 0.7581818804789632, 0.6784906325601427, 0.5437977942442751], [0.19527869974861733, 0.9494370263940908, 0.0, 0.283801840893968, 0.5643225795684398, 0.11805585027202636, 0.34997848672798637, 0.6904013059058638, 0.3143734088202286, 0.19402674368344397, 0.0064410216040902135, 0.600291214145154, 0.6386091232146544, 0.6544362524583455, 0.7619260779706923, 0.7002052325723999, 0.5656372508225861]], "features_2": [[0.4374871123412052, 1.111600168204455, 0.0, 0.26921091659766005, 0.5665433045394783, 0.1403392601101145, 0.29701058622080223, 0.6709026552949029, 0.42619823761541054, 0.2562087908129933, 0.008062078829516484, 0.6007668464430418, 0.6646605131769149, 0.7001409016706253, 0.809951352436532, 0.7412364555519332, 0.6263704998177261], [0.18958701843587766, 0.8721219576208847, 0.0, 0.28585902693356363, 0.5193295581321721, 0.14194121694932038, 0.43410644212687616, 0.6748722898456792, 0.44524494980402274, 0.21338178642448313, 0.00822905385914674, 0.6206475177356015, 0.7078997015312626, 0.7486852066254442, 0.8268012207040576, 0.767574732269499, 0.6447110479082238], [-0.007755746908932437, 0.9433552708102585, 0.0, 0.262495793051214, 0.5384750444150267, 0.14181488522160157, 0.4420469442065539, 0.6746738064610847, 0.4408057317151146, 0.22875987424534094, 0.008117752083540042, 0.6238048311581461, 0.695634901359778, 0.7245873237269206, 0.8250339540345754, 0.7551531581790795, 0.6482981306360663], [-0.010394458481450819, 0.9241856344491938, 0.0, 0.24721220911031602, 0.5310694265129522, 0.14303654702039686, 0.43605855096200585, 0.6724917436294402, 0.45067087324946886, 0.22665847828625973, 0.008117752083540042, 0.6315828779031796, 0.6842339764323839, 0.7269778077347281, 0.822653120268502, 0.7476545901251745, 0.6416185836289172], [-0.03723402690003619, 0.845527379486522, 0.0, 0.27638933022375634, 0.5164543577102005, 0.14249798449841752, 0.47349361156919656, 0.6765945983005004, 0.4537748259926515, 0.2107662568382045, 0.008173410423425675, 0.6289660036068339, 0.7248897443738289, 0.7542133094544229, 0.8330519131833843, 0.761693064068002, 0.6530385586211626], [-0.14244639894828826, 0.9294677024263984, 0.0, 0.26256675419737163, 0.5346647417785638, 0.14593737116575028, 0.4674800496842174, 0.6726426866548869, 0.4721100790327739, 0.2333124523942074, 0.008673665988278678, 0.6308302288648266, 0.7123733313392965, 0.7498388153196982, 0.8321869519653262, 0.7458349248367078, 0.6541845519368754], [-0.28864170350352714, 0.867487076870628, 0.0, 0.2008622839204733, 0.5157212110375078, 0.14539282091620528, 0.5982030976284605, 0.6724161724494702, 0.44628369352949315, 0.21649858404825206, 0.008451478759474051, 0.638126851990581, 0.6936558486780333, 0.7389998460169779, 0.8273044835411514, 0.751843932215746, 0.638014480374829], [-0.06293815516819734, 0.7938144857820619, 0.0, 0.23617923872598573, 0.5045790250253172, 0.14245441957193272, 0.4910734411935117, 0.6766670284972298, 0.45320677588629876, 0.19894182284070028, 0.00822905385914674, 0.6298075238495007, 0.7161862990785494, 0.7369931949488338, 0.8315534441974572, 0.7662477956546508, 0.6484726000551915], [-0.17534169180966286, 0.8277948805056816, 0.0, 0.2339149190639154, 0.5116321411048701, 0.1421617021922562, 0.5384774269978052, 0.675667070078645, 0.43276980327636694, 0.20371706344426244, 0.008117752083540042, 0.6386625692740129, 0.702060785442977, 0.7442602586506737, 0.8245292080972416, 0.754995356600892, 0.6400872578629058]]}