{"labels_1": ["1", "2", "3", "4", "5", "6", "7", "8", "9"], "labels_2": ["1", "2", "3", "4", "5", "6", "7", "8", "9"], "adj_matrix_1": [[0.0, 0.17962, 0.04428, 0.23221, 0.22445, 0.06925, 0.05958, 0.26088, 0.10122], [0.17962, 0.0, 0.14308, 0.0816, 0.2221, 0.12061, 0.22333, 0.1671, 0.25063], [0.04428, 0.14308, 0.0, 0.20468, 0.22917, 0.02541, 0.10242, 0.24742, 0.14216], [0.23221, 0.0816, 0.20468, 0.0, 0.19543, 0.18694, 0.26272, 0.09938, 0.28015], [0.22445, 0.2221, 0.22917, 0.19543, 0.0, 0.23045, 0.21531, 0.13456, 0.20747], [0.06925, 0.12061, 0.02541, 0.18694, 0.23045, 0.0, 0.12599, 0.23753, 0.16424], [0.05958, 0.22333, 0.10242, 0.26272, 0.21531, 0.12599, 0.0, 0.27289, 0.04288], [0.26088, 0.1671, 0.24742, 0.09938, 0.13456, 0.23753, 0.27289, 0.0, 0.27779], [0.10122, 0.25063, 0.14216, 0.28015, 0.20747, 0.16424, 0.04288, 0.27779, 0.0]], "adj_matrix_2": [[0.0, 0.03998, 0.17065, 0.0388, 0.19513, 0.25843, 0.26672, 0.18244, 0.25716], [0.03998, 0.0, 0.19421, 0.07735, 0.21393, 0.25778, 0.26191, 0.20388, 0.25728], [0.17065, 0.19421, 0.0, 0.14218, 0.03696, 0.17016, 0.19753, 0.01718, 0.16591], [0.0388, 0.07735, 0.14218, 0.0, 0.17076, 0.25216, 0.26466, 0.15578, 0.25017], [0.19513, 0.21393, 0.03696, 0.17076, 0.0, 0.13942, 0.16944, 0.01988, 0.13489], [0.25843, 0.25778, 0.17016, 0.25216, 0.13942, 0.0, 0.03517, 0.15621, 0.00523], [0.26672, 0.26191, 0.19753, 0.26466, 0.16944, 0.03517, 0.0, 0.18487, 0.04036], [0.18244, 0.20388, 0.01718, 0.15578, 0.01988, 0.15621, 0.18487, 0.0, 0.1519], [0.25716, 0.25728, 0.16591, 0.25017, 0.13489, 0.00523, 0.04036, 0.1519, 0.0]], "features_1": [[0.05312075200279143, 1.0585811272967702, 0.0, 0.2601391100865894, 0.5620407511464035, 0.13369940746648967, 0.22174337564264662, 0.675844252036422, 0.40088509370754344, 0.24101108705690422, 0.00783923647221818, 0.6147628046918523, 0.6308707127292603, 0.6424788321747972, 0.7831469026430075, 0.7064081902768609, 0.608265123480041], [0.9441269708510451, 0.8369617932025344, 0.0, 0.29037438466843607, 0.5258528123065507, 0.12460127860865344, 0.3729411922204712, 0.6862116517836554, 0.37736673629240713, 0.18087878789184186, 0.007950687539111767, 0.5849865233546352, 0.6199419050984741, 0.6328188454997277, 0.7756702476176108, 0.7059230646326178, 0.5984543463488069], [0.3614759863240997, 1.0164872291108225, 0.0, 0.2644776091125604, 0.56777171540394, 0.12929750741497598, 0.30671972838598266, 0.6824948963513106, 0.38594089009947274, 0.22177415485137253, 0.00783923647221818, 0.6005138999261534, 0.6544602983954579, 0.6612440894887146, 0.7840491273984521, 0.7189797616563516, 0.613030936334977], [0.6301905927959854, 1.0652323533991335, 0.0, 0.27897642771971165, 0.5776041995232631, 0.12746569855097076, 0.31447209807564674, 0.6833321502583883, 0.3712710058356885, 0.22805546837886226, 0.007504523810135222, 0.5873837992122859, 0.6425793755436412, 0.6609825459370422, 0.7769273662565139, 0.7037675038432557, 0.6019430944055649], [1.6991987055303062, 0.9028576758426365, 0.0, 0.2906289643453065, 0.5470179243094517, 0.1213655788133006, 0.3368494893286346, 0.687883770291845, 0.3596508760525243, 0.18599597887871888, 0.007616154688146137, 0.558636550299672, 0.610486364574713, 0.6200618542652657, 0.7636127525315838, 0.703072029329505, 0.593977942286871], [0.41016474755819754, 1.1207043448817735, 0.0, 0.2700990972581834, 0.5929018383546125, 0.13053826106084426, 0.36047934425647626, 0.6832477127602006, 0.3969256990298202, 0.2430372940227068, 0.007616154688146137, 0.5938997758219342, 0.6521785701590082, 0.6836250657015276, 0.7931923494089883, 0.7206159241415572, 0.6165173947625464], [0.2801481645142787, 1.0536638262159648, 0.0, 0.2931184677346754, 0.5878791878462231, 0.12055003951286594, 0.3640876069153549, 0.688904348282072, 0.33742130652530644, 0.2187905413292246, 0.007057398507269275, 0.5953799277747649, 0.642468738947931, 0.6587233860769711, 0.7685550153492889, 0.6925761953349611, 0.5928621747128995], [1.1113625256943056, 0.9513669393226952, 0.0, 0.30047582863127137, 0.5684170105565318, 0.11802208920024618, 0.35024482550334923, 0.6900674141838288, 0.3243386189721831, 0.19171929740063387, 0.007057398507269275, 0.5656207051933013, 0.6267092693869147, 0.6391225492716603, 0.7591470165189431, 0.6845099506282359, 0.5831351575524092], [-0.15849859813865486, 0.9830976778115725, 0.0, 0.2633123762383248, 0.5797064980362576, 0.11644643096035012, 0.3735770869790748, 0.6908617769968782, 0.30018080963917404, 0.20122273521479306, 0.006609306440138685, 0.6019430363678633, 0.641134282886838, 0.6647194791583718, 0.7585534617468433, 0.6794099831828518, 0.5797966887076835]], "features_2": [[0.7302105413759734, 0.912255630579097, 0.0, 0.29820112695875806, 0.5478846775707689, 0.12816428728319332, 0.5398185531485253, 0.6858026964011638, 0.3776093694305682, 0.20255358520370637, 0.007448685839370306, 0.5836315215849999, 0.6602446413982365, 0.6780704616665792, 0.7935092804414583, 0.7113723742294169, 0.6041262898153187], [1.6465656037860947, 0.8025154357078138, 0.0, 0.3318551006343266, 0.5306752209828024, 0.1170242230244533, 0.6407760543717977, 0.6911703847764343, 0.32447391112679624, 0.15986399549288666, 0.007001439975721224, 0.5616634211984879, 0.6085907952451306, 0.616916304487732, 0.7652498452948012, 0.6793615984479892, 0.5864212805945483], [1.1941736768953328, 0.9627794812326836, 0.0, 0.3290735667100521, 0.5737778691453514, 0.11639048925392723, 0.618073983847966, 0.6914027110985352, 0.3259149346003787, 0.19292316845714175, 0.006889477554966383, 0.5727573270886965, 0.6287489995980893, 0.62945524591546, 0.764956496661487, 0.6859173709245295, 0.5842479460545867], [1.2569561494623596, 0.956946497668709, 0.0, 0.33433281213387056, 0.5690194754278025, 0.11888761568146766, 0.590172448443741, 0.6904451916821042, 0.3376236834593005, 0.19521417588423495, 0.006889477554966383, 0.5715245663801043, 0.6209864212121916, 0.6277508425136709, 0.7714362052881073, 0.6995820143959445, 0.5902678450970279], [1.0561564480134988, 0.7638388620898209, 0.0, 0.2914436998763858, 0.5136359708401567, 0.1199034004062899, 0.525765452453632, 0.6894221870083971, 0.3386224257666728, 0.15686295653544025, 0.007336964783822175, 0.5738210170823892, 0.6282677791276371, 0.6412218359843302, 0.7694645201294583, 0.6947414923992383, 0.5801315416919927], [0.6216516320250833, 0.976459398286982, 0.0, 0.2977997507195835, 0.5748597735790131, 0.11857290348102247, 0.6427036975138855, 0.6908907343307003, 0.32990440532016807, 0.19911063615848068, 0.007336964783822175, 0.5859282864751507, 0.6361420324291183, 0.6514477460127303, 0.7722059294900323, 0.7102254415125993, 0.5650549739902494], [0.5033672270227285, 0.9220421378971068, 0.0, 0.28914476211560475, 0.558316613922158, 0.11611184796876575, 0.6330458493933137, 0.6911106436389987, 0.31884197954252547, 0.1869849381362143, 0.00677745458930179, 0.5872129581112491, 0.637095568387389, 0.6475332207882563, 0.7626898733743485, 0.6892918837222817, 0.5526585902208173], [0.24964374979561477, 0.7508766597685153, 0.0, 0.22105093948238091, 0.4984785180442969, 0.12242638872640216, 0.33581555393558915, 0.6868432116763179, 0.33940857389480716, 0.1596993411627925, 0.0069454663283523566, 0.5948935929380852, 0.6299446108544531, 0.6400567987722753, 0.7703821993191974, 0.6832136661351105, 0.5346798186191721], [0.22395268055792616, 0.805741356017031, 0.0, 0.22783483043116665, 0.519122935280185, 0.1176300535793237, 0.41180996469331105, 0.6895808657516137, 0.3214529190577671, 0.16590087935824416, 0.007001439975721224, 0.5900131277388141, 0.6426455286969623, 0.6499890201296246, 0.761795003968822, 0.6936610062743976, 0.522950231243833]]}