{"labels_1": ["1", "2", "3", "4", "5", "6", "7", "8", "9"], "labels_2": ["1", "2", "3", "4", "5", "6", "7", "8", "9"], "adj_matrix_1": [[0.0, 0.08854, 0.07121, 0.23213, 0.10039, 0.15786, 0.10567, 0.10433, 0.09475], [0.08854, 0.0, 0.01802, 0.16305, 0.01252, 0.07544, 0.18188, 0.0167, 0.17298], [0.07121, 0.01802, 0.0, 0.17835, 0.0305, 0.09282, 0.16772, 0.03467, 0.15834], [0.23213, 0.16305, 0.17835, 0.0, 0.15214, 0.09323, 0.28449, 0.14845, 0.28077], [0.10039, 0.01252, 0.0305, 0.15214, 0.0, 0.06325, 0.19135, 0.00419, 0.18279], [0.15786, 0.07544, 0.09282, 0.09323, 0.06325, 0.0, 0.23471, 0.05915, 0.228], [0.10567, 0.18188, 0.16772, 0.28449, 0.19135, 0.23471, 0.0, 0.19445, 0.01184], [0.10433, 0.0167, 0.03467, 0.14845, 0.00419, 0.05915, 0.19445, 0.0, 0.186], [0.09475, 0.17298, 0.15834, 0.28077, 0.18279, 0.228, 0.01184, 0.186, 0.0]], "adj_matrix_2": [[0.0, 0.29404, 0.28283, 0.23315, 0.34142, 0.32519, 0.30602, 0.32824, 0.28328], [0.29404, 0.0, 0.01941, 0.08933, 0.17569, 0.22443, 0.02234, 0.07622, 0.01863], [0.28283, 0.01941, 0.0, 0.07058, 0.19064, 0.23596, 0.04167, 0.09482, 0.00078], [0.23315, 0.08933, 0.07058, 0.0, 0.23987, 0.27111, 0.11058, 0.15953, 0.07133], [0.34142, 0.17569, 0.19064, 0.23987, 0.0, 0.07302, 0.15734, 0.10949, 0.19011], [0.32519, 0.22443, 0.23596, 0.27111, 0.07302, 0.0, 0.21037, 0.17126, 0.23552], [0.30602, 0.02234, 0.04167, 0.11058, 0.15734, 0.21037, 0.0, 0.05439, 0.0409], [0.32824, 0.07622, 0.09482, 0.15953, 0.10949, 0.17126, 0.05439, 0.0, 0.0941], [0.28328, 0.01863, 0.00078, 0.07133, 0.19011, 0.23552, 0.0409, 0.0941, 0.0]], "features_1": [[0.034678466559078025, 0.9642312755644215, 0.0, 0.2228455190908556, 0.530110565151446, 0.14839457430913844, 0.24259283589216593, 0.6618657313695852, 0.48381921055282295, 0.2432846576754959, 0.008784670673857464, 0.6149218829900014, 0.6806628703429569, 0.7123770864694172, 0.8161169953857232, 0.7201316966487058, 0.6196926104067401], [0.04526876248122358, 0.7858056820580139, 0.0, 0.2231281121061993, 0.4886825595216121, 0.14709033057808862, 0.24792601749421408, 0.6647454261985548, 0.483203064180189, 0.20301570149912096, 0.008507047823598457, 0.6182405280577559, 0.679953032071116, 0.7238053382901944, 0.816484208245097, 0.718731041256592, 0.6184169054879408], [0.17698073018641924, 0.9337547193083596, 0.0, 0.21651649676206516, 0.5417582598054678, 0.14041725703140387, 0.39651196635154234, 0.675058093426916, 0.44143289661007756, 0.22457197573770804, 0.008173410423425675, 0.6131807403231329, 0.6729879513519005, 0.6998553992950638, 0.8094846364266977, 0.7101667403085752, 0.6249272790540951], [0.03295403650288309, 0.9173794101443479, 0.0, 0.21024317971533207, 0.5366743071333737, 0.14002765364858133, 0.46008384947763903, 0.6757455240489935, 0.4390071121768191, 0.2216727175244353, 0.008340296057933516, 0.6252074531407783, 0.6802931421494807, 0.7134169518386727, 0.8067569597030688, 0.7218227834674391, 0.6266245808550253], [-0.026692825407503395, 0.7976016555436398, 0.0, 0.2020551305326214, 0.49488323706233606, 0.1459105534331839, 0.255311037971029, 0.6659866486658674, 0.4719982473545863, 0.20320291650115352, 0.008340296057933516, 0.6180692846660776, 0.6584606225681515, 0.7078916251896281, 0.813102775213314, 0.7258093635071724, 0.6208863279181587], [0.2555378270565014, 0.9739031803798434, 0.0, 0.20452567026457963, 0.5538448441797161, 0.14095732995574303, 0.49475385847171083, 0.6774961345186586, 0.43533671414378694, 0.23166639237081288, 0.00839589484089287, 0.6192971104660638, 0.686981724193602, 0.723096808765284, 0.8151636169145293, 0.7261948305661865, 0.6322785852049959], [0.35805299271285884, 0.9199182394494235, 0.0, 0.2482970993075031, 0.5415625561385068, 0.13312899544686513, 0.4915027947697901, 0.6813771088084484, 0.3972833309266923, 0.21153872059360324, 0.007671947615560004, 0.6040438721901069, 0.6629044779949367, 0.7006953856361411, 0.7928997554360522, 0.7084001726370626, 0.6054783167654448], [0.2584964297404371, 0.8390071130288552, 0.0, 0.2792716831306877, 0.5319914654194302, 0.1278744315819035, 0.6100774116992114, 0.6864659505780246, 0.36968083045397626, 0.1855320542550316, 0.007671947615560004, 0.6131278549842611, 0.6544517416572779, 0.6655216004217318, 0.7869579929799952, 0.7075914810019425, 0.6015056753257291], [0.4390288383273475, 0.8822758417267047, 0.0, 0.3081845498753204, 0.5402982401574739, 0.12783981736486072, 0.6830741956910813, 0.6864199634474499, 0.37379612263746353, 0.1939154163766308, 0.007225183508792421, 0.603805942758795, 0.6463531869527926, 0.667495613771924, 0.7820206915749253, 0.7206505092842945, 0.5919794732703105]], "features_2": [[-0.37755808647465194, 0.7804384192510148, 0.0, 0.2395083727445554, 0.4855269920832452, 0.1379415842676293, 0.15506814334180347, 0.6694168478340483, 0.42520079272049593, 0.19431149344149623, 0.008117752083540042, 0.6363651123288441, 0.6556944248373603, 0.6814493867015997, 0.7887953361211625, 0.7035019362163365, 0.5944805406927487], [0.3294467376845467, 0.6140982351218176, 0.0, 0.29439326079112965, 0.44654556590587297, 0.1307377260276108, 0.3285256400409217, 0.6821737417985194, 0.3963376612955427, 0.14342218498833503, 0.007560346756364078, 0.6012140774238834, 0.6616955270336428, 0.6823187395291499, 0.7939483702862989, 0.7103523765502524, 0.6008598678319811], [0.1148049130323936, 0.8330307168254615, 0.0, 0.2856647978356438, 0.5085862828610076, 0.13397128256203822, 0.20894454755046682, 0.6761433915173296, 0.41325644683610663, 0.19831978740182965, 0.00822905385914674, 0.6107915487715179, 0.638576903741774, 0.6738248939077836, 0.7867809933494052, 0.6990549139059491, 0.5953261970979158], [-0.08440196861070737, 0.843347427291158, 0.0, 0.25535879265772754, 0.5109201482299713, 0.13329334865791062, 0.18697489579123355, 0.676094453745425, 0.41069415701796963, 0.20059270737964296, 0.008340296057933516, 0.6230648594183159, 0.639900207758043, 0.674460203409492, 0.7821390187384927, 0.6934083284728285, 0.5931982136758359], [0.9265143352610976, 0.6364188419625868, 0.0, 0.3303783334061968, 0.4634925977640084, 0.12705663634726877, 0.4073134237155848, 0.6857740317306418, 0.39037695092206315, 0.14359511303854156, 0.00783923647221818, 0.5848489696034327, 0.6502148326667248, 0.679155942294951, 0.7888410879761787, 0.712189166707601, 0.5864988344166661], [0.8940336095678965, 0.913985559791868, 0.0, 0.2951527333709572, 0.5332976247444955, 0.13410700799984293, 0.25675048330901545, 0.6775218097068885, 0.4175780182084594, 0.21044871252825104, 0.007894969482732161, 0.5859716900826204, 0.6419935196750062, 0.6600868234300515, 0.7907223218447194, 0.7113422056198194, 0.5940797513314942], [0.37479313446776974, 0.850640718695395, 0.0, 0.2549194133622518, 0.5181387947148051, 0.13063632060302235, 0.22943926246937707, 0.6790681437741606, 0.39119364480601226, 0.19448707004478294, 0.007950687539111767, 0.6017855611328136, 0.635285547587011, 0.6452999118034488, 0.7766735987153639, 0.6983600007239474, 0.5969448578535478], [0.6579725424981149, 0.6975212968915191, 0.0, 0.278938139535383, 0.4928098516715026, 0.1225312028566157, 0.42296129655802017, 0.6884126629004138, 0.3640938923538066, 0.15126893393027596, 0.00716927026363523, 0.5926099621000782, 0.6370022642794627, 0.6510038751700754, 0.7769189842488503, 0.7261386138835048, 0.5680751557080722], [0.5579390975330627, 0.7765968542123277, 0.0, 0.25061742067364506, 0.5070770325197331, 0.12536439106829894, 0.3107236803492768, 0.6846158466623237, 0.369813937910209, 0.1702710129088998, 0.007504523810135222, 0.5976287640564486, 0.6435649766395023, 0.6442181326947017, 0.7691648843705317, 0.7219619393503085, 0.5864713020352931]]}