{"labels_1": ["1", "2", "3", "4", "5", "6", "7", "8", "9"], "labels_2": ["1", "2", "3", "4", "5", "6", "7", "8", "9"], "adj_matrix_1": [[0.0, 0.01801, 0.12431, 0.17337, 0.11366, 0.16107, 0.07608, 0.16087, 0.25963], [0.01801, 0.0, 0.10761, 0.15828, 0.13043, 0.17664, 0.05847, 0.14535, 0.27176], [0.12431, 0.10761, 0.0, 0.0568, 0.22134, 0.25787, 0.05097, 0.04178, 0.32661], [0.17337, 0.15828, 0.0568, 0.0, 0.2573, 0.28705, 0.10581, 0.01524, 0.33956], [0.11366, 0.13043, 0.22134, 0.2573, 0.0, 0.0513, 0.18193, 0.24865, 0.16576], [0.16107, 0.17664, 0.25787, 0.28705, 0.0513, 0.0, 0.22363, 0.28014, 0.11784], [0.07608, 0.05847, 0.05097, 0.10581, 0.18193, 0.22363, 0.0, 0.0915, 0.3056], [0.16087, 0.14535, 0.04178, 0.01524, 0.24865, 0.28014, 0.0915, 0.0, 0.33718], [0.25963, 0.27176, 0.32661, 0.33956, 0.16576, 0.11784, 0.3056, 0.33718, 0.0]], "adj_matrix_2": [[0.0, 0.18877, 0.09398, 0.0283, 0.30341, 0.30459, 0.25223, 0.3058, 0.27975], [0.18877, 0.0, 0.11284, 0.16915, 0.2747, 0.28692, 0.1097, 0.32504, 0.17689], [0.09398, 0.11284, 0.0, 0.06736, 0.31176, 0.3179, 0.20433, 0.33505, 0.25275], [0.0283, 0.16915, 0.06736, 0.0, 0.30957, 0.31211, 0.24178, 0.31768, 0.2757], [0.30341, 0.2747, 0.31176, 0.30957, 0.0, 0.02097, 0.19888, 0.09342, 0.13247], [0.30459, 0.28692, 0.3179, 0.31211, 0.02097, 0.0, 0.21605, 0.0729, 0.1518], [0.25223, 0.1097, 0.20433, 0.24178, 0.19888, 0.21605, 0.0, 0.27149, 0.0754], [0.3058, 0.32504, 0.33505, 0.31768, 0.09342, 0.0729, 0.27149, 0.0, 0.21601], [0.27975, 0.17689, 0.25275, 0.2757, 0.13247, 0.1518, 0.0754, 0.21601, 0.0]], "features_1": [[0.24846701759894563, 0.77194954745051, 0.0, 0.21138423338860382, 0.48422130899619253, 0.136096374247286, 0.15046022714046145, 0.6720634670155973, 0.39275505355529305, 0.18218421842557286, 0.007392832833969631, 0.6119121920672681, 0.6273782129882888, 0.6656737926609837, 0.7823249538524935, 0.6970805599761881, 0.5756165597013742], [0.20319593062278907, 0.6352173610021847, 0.0, 0.24963681984674113, 0.4476605738919498, 0.1306306504703487, 0.13733759519700045, 0.6776617079374232, 0.3662788557605099, 0.1462481693604234, 0.007057398507269275, 0.6044972181726149, 0.6257456886454085, 0.648928120752504, 0.770586574800261, 0.6960846068235783, 0.5809932499244466], [0.47956849233631527, 0.803850287136748, 0.0, 0.22629012153582737, 0.5020565619675349, 0.1313325439298271, 0.1427678304510735, 0.676825646468268, 0.37246380439399585, 0.18083789507443804, 0.00783923647221818, 0.5977877112267622, 0.6318267027157433, 0.6557172846820718, 0.7715143970063967, 0.6896913362659441, 0.5769037131700167], [0.5102456609169441, 0.814650099884458, 0.0, 0.21168195881552768, 0.5032524668499508, 0.13227355936176477, 0.18594086976805357, 0.6765419875353895, 0.37984416651431463, 0.18466308054080804, 0.007392832833969631, 0.5989390702879847, 0.6348419743758814, 0.6663850200095844, 0.7781576324261329, 0.710091340718927, 0.5832503872086429], [0.1745418414003832, 0.646494318912225, 0.0, 0.24171580305419227, 0.45702727879621546, 0.1272524096747516, 0.1776336348984387, 0.681801272917103, 0.3582725004053544, 0.14529741692053277, 0.007504523810135222, 0.6132434190791816, 0.6268355408924855, 0.6439511733890213, 0.7679418353763817, 0.7066813279215205, 0.5805666561904889], [0.3321305295838819, 0.8289807833446976, 0.0, 0.22000183971281276, 0.5120654505985905, 0.13151748732728566, 0.22846882865216145, 0.6790918334259037, 0.3806297934407852, 0.18702004452445453, 0.007504523810135222, 0.6142323877396927, 0.6473508483732368, 0.6617132719961882, 0.7831543517867948, 0.7094965090863693, 0.5828095481403296], [0.18413913796936, 0.831200138999249, 0.0, 0.2319027057644421, 0.5153959245479712, 0.12575239876866628, 0.23517864464209595, 0.6829170375260625, 0.3507084702205394, 0.18429241246429973, 0.007448685839370306, 0.6005531843026666, 0.6299191320875003, 0.648951251724954, 0.7643986262568279, 0.6844430346820568, 0.5752488286269715], [0.1950829422108744, 0.6585028888764164, 0.0, 0.2075502868215432, 0.46752087193874264, 0.12041414180104751, 0.2706801696452068, 0.6882029709079527, 0.33529200280813964, 0.14108093704069535, 0.007225183508792421, 0.5878467479005098, 0.648522187100799, 0.6721013674045749, 0.761274976128438, 0.7066076887766145, 0.5625990867376367], [-0.265804410012088, 0.6657164249186933, 0.0, 0.24605427909863375, 0.47120198698841975, 0.12272422889475527, 0.40880374120247537, 0.6866373650831539, 0.33939257193431627, 0.14841178226991225, 0.00711334193318236, 0.6189239919331027, 0.6452297130553901, 0.6620179546088915, 0.7675485989279515, 0.6853459274511612, 0.5783340614977082]], "features_2": [[0.6682086323781271, 0.981162656120825, 0.0, 0.25440354210324256, 0.5227279769924127, 0.14409197593733078, 0.07124809018563738, 0.6561732933800246, 0.4679395491513565, 0.238641712021314, 0.008618141428105908, 0.5946985977442696, 0.6272404011401795, 0.6661787914571123, 0.786470938892964, 0.7115453271124458, 0.593420067541387], [0.16722809495235147, 0.7737243591217564, 0.0, 0.22278722072316798, 0.46785854860965004, 0.14578596786171713, 0.07647284520849026, 0.6542467843163777, 0.4752174652570835, 0.19841608824924561, 0.008729175733573014, 0.6142915490955048, 0.6453523792315992, 0.6726072125293687, 0.7933095601059789, 0.7058841382519773, 0.6019444931352319], [0.283518651871161, 0.9295599357093669, 0.0, 0.23327486600366307, 0.5174153079091611, 0.14403094265917582, 0.0946453056150652, 0.6585727436529399, 0.46236597810293545, 0.22909655431326814, 0.008284682400665488, 0.6093727104679312, 0.6534497770616147, 0.6836413376195793, 0.7927947398571172, 0.7138850614107128, 0.6029136295288319], [0.5175656092575567, 0.9433943262912046, 0.0, 0.2714341035793501, 0.522753451289572, 0.1413578972503985, 0.11332734060034966, 0.6621002377002154, 0.45130529514502804, 0.22884403133184827, 0.008451478759474051, 0.6014962093553078, 0.6368136017564769, 0.6638410539744458, 0.7851966084613919, 0.7161350745645643, 0.5907899027486552], [-0.05747808306538138, 0.8114297391013867, 0.0, 0.1831987159507771, 0.4757029809793688, 0.14643512007832332, 0.04952036950728385, 0.6511534211007328, 0.4634744291931694, 0.20761490461269783, 0.008618141428105908, 0.6316559799798886, 0.6455140489236334, 0.6838531547331691, 0.7888925982784368, 0.6984186042328292, 0.5922444192686606], [-0.08471651728762364, 0.9560317197949362, 0.0, 0.17330241909015537, 0.5228333329405238, 0.14670212902077834, 0.11362059880896211, 0.656978670971095, 0.47887588375946066, 0.24034838267131442, 0.008618141428105908, 0.6356142858607954, 0.6555878065272138, 0.6917173725878726, 0.801259910527618, 0.7304673902265084, 0.6124732212745313], [0.10114995240959601, 0.9532791482617479, 0.0, 0.22766502118190232, 0.5287434960257433, 0.13908345283916293, 0.146551942080535, 0.6673499797775613, 0.4196069321803493, 0.22600817568818932, 0.00822905385914674, 0.6130751721404226, 0.6468703608817111, 0.6674634803767191, 0.7887888268741983, 0.7231405606548782, 0.5928479633378476], [-0.19101339295183806, 0.7982163386275248, 0.0, 0.147731643472172, 0.47820211070058766, 0.14524996765118733, 0.10448200827438399, 0.6570693846138516, 0.4476181760061253, 0.20102418742254757, 0.00839589484089287, 0.6391311427858566, 0.6652494067974132, 0.6899757781613169, 0.7960849549451923, 0.7207043524056509, 0.6064812349630597], [-0.045360546135162494, 0.8254052541742765, 0.0, 0.20023694016122986, 0.49634932357684025, 0.14123498521523056, 0.18614995464849926, 0.667032499420986, 0.42355410834043394, 0.20197426886633063, 0.007950687539111767, 0.6252297612869187, 0.6568373759773039, 0.6898017634448593, 0.8000970514397675, 0.7038537184140462, 0.6140974682908253]]}