{"labels_1": ["1", "2", "3", "4", "5", "6", "7", "8", "9"], "labels_2": ["1", "2", "3", "4", "5", "6", "7", "8", "9"], "adj_matrix_1": [[0.0, 0.12219, 0.11237, 0.27685, 0.182, 0.24112, 0.03108, 0.06103, 0.07184], [0.12219, 0.0, 0.01064, 0.18793, 0.06776, 0.14051, 0.14989, 0.17511, 0.05292], [0.11237, 0.01064, 0.0, 0.19692, 0.07812, 0.15018, 0.14046, 0.16615, 0.04237], [0.27685, 0.18793, 0.19692, 0.0, 0.12701, 0.05313, 0.29204, 0.30366, 0.22994], [0.182, 0.06776, 0.07812, 0.12701, 0.0, 0.07585, 0.20611, 0.22721, 0.11862], [0.24112, 0.14051, 0.15018, 0.05313, 0.07585, 0.0, 0.26017, 0.27579, 0.18679], [0.03108, 0.14989, 0.14046, 0.29204, 0.20611, 0.26017, 0.0, 0.03038, 0.10158], [0.06103, 0.17511, 0.16615, 0.30366, 0.22721, 0.27579, 0.03038, 0.0, 0.12939], [0.07184, 0.05292, 0.04237, 0.22994, 0.11862, 0.18679, 0.10158, 0.12939, 0.0]], "adj_matrix_2": [[0.0, 0.00603, 0.02505, 0.14118, 0.10725, 0.17223, 0.05306, 0.12942, 0.21368], [0.00603, 0.0, 0.01902, 0.13575, 0.10156, 0.16711, 0.04709, 0.12392, 0.20935], [0.02505, 0.01902, 0.0, 0.11827, 0.08331, 0.15066, 0.02819, 0.10612, 0.19478], [0.14118, 0.13575, 0.11827, 0.0, 0.03691, 0.0361, 0.09168, 0.01302, 0.08936], [0.10725, 0.10156, 0.08331, 0.03691, 0.0, 0.07243, 0.05579, 0.02396, 0.12373], [0.17223, 0.16711, 0.15066, 0.0361, 0.07243, 0.0, 0.12537, 0.04896, 0.05439], [0.05306, 0.04709, 0.02819, 0.09168, 0.05579, 0.12537, 0.0, 0.07917, 0.17224], [0.12942, 0.12392, 0.10612, 0.01302, 0.02396, 0.04896, 0.07917, 0.0, 0.10165], [0.21368, 0.20935, 0.19478, 0.08936, 0.12373, 0.05439, 0.17224, 0.10165, 0.0]], "features_1": [[0.055581327235543654, 1.0246877382430193, 0.0, 0.21731423889658222, 0.5605914430452581, 0.12967293320748582, 0.4154144701099078, 0.6816633130623474, 0.3821503049378072, 0.224802971104344, 0.007448685839370306, 0.6039411491937667, 0.6440866207434103, 0.6806972726364003, 0.7818044271839939, 0.6869856767503902, 0.596928876765924], [0.5397490242881005, 0.7831598178963878, 0.0, 0.2614288514495222, 0.5159009561556611, 0.1223879954120751, 0.5158122595505148, 0.6890331084166819, 0.34316198314451585, 0.16401107383658675, 0.007225183508792421, 0.5901898307211164, 0.6453905071561602, 0.6591160266549242, 0.7828452818749871, 0.7266829178801546, 0.5795175123837154], [0.09541623885314898, 0.9680975254531282, 0.0, 0.21009345416273123, 0.5563409193112805, 0.12604609867912644, 0.4269542056081619, 0.6852171294038651, 0.3625311906926665, 0.20859151595692382, 0.007671947615560004, 0.604440267195278, 0.6460116402848286, 0.6693264544645839, 0.7778867805976201, 0.706003831956163, 0.5865266354114824], [-0.038574275689841286, 1.0003223823708407, 0.0, 0.2081458320175409, 0.5590385070443313, 0.12767237249151864, 0.45244881090033784, 0.6834944013004551, 0.3644788967143031, 0.2178175633512287, 0.007560346756364078, 0.615190800697692, 0.6410511374822987, 0.6739561486784978, 0.7746889217378491, 0.7065087917994817, 0.5823982407146922], [0.2608842609335027, 0.7518306505219505, 0.0, 0.2219233584195165, 0.506842972060817, 0.12140268499276906, 0.4604722294384203, 0.6890950861863502, 0.3265224712425876, 0.15870043663065192, 0.00711334193318236, 0.5961998035993741, 0.6466517831508662, 0.6575499198239978, 0.7781554566151136, 0.6926211158776188, 0.5638884556890768], [0.1507459154090811, 0.9226391597292061, 0.0, 0.19511543760000613, 0.5418661444085396, 0.13117621593865153, 0.47978553296055965, 0.6831869234315326, 0.3854971445110562, 0.2053866396769899, 0.007560346756364078, 0.6142573748474249, 0.6743026533325781, 0.6904043786908398, 0.7983367220983882, 0.726216743843565, 0.6031599429609936], [0.49472178974311776, 0.8629044232689622, 0.0, 0.32642592892083844, 0.5338110056253305, 0.12209471149277809, 0.4476039375278404, 0.6878215845864737, 0.3494034520473541, 0.18486315414160437, 0.00711334193318236, 0.5908648251757243, 0.6258523302933632, 0.638073120213197, 0.7738100040189494, 0.6831236778646854, 0.5873006532982938], [-0.09387718059977423, 0.7089680371160133, 0.0, 0.2389202164280561, 0.48580106959897756, 0.12628118494516943, 0.3403492401465719, 0.685245130729317, 0.3484024878544436, 0.16101680352101821, 0.00711334193318236, 0.6076348766521253, 0.6592048926749192, 0.680757064443376, 0.7822562123984899, 0.7026619054419336, 0.5725595350677105], [0.38365312646117244, 0.7627706481925492, 0.0, 0.32042606502987064, 0.5103871116523685, 0.12235946659799396, 0.4038631259779635, 0.6882547432405415, 0.3432890899678869, 0.16685140509053564, 0.007336964783822175, 0.5983542719843968, 0.6522356157906634, 0.677890627188131, 0.7765576613931028, 0.699982955685461, 0.5825921836489988]], "features_2": [[0.382306836633195, 1.0559809468437065, 0.0, 0.20359479627457128, 0.5558775612205206, 0.14185080670761577, 0.34511785985049953, 0.6725133221237578, 0.441652288712163, 0.24903622253829516, 0.00839589484089287, 0.6190118393597803, 0.6703536139043408, 0.6952146318713731, 0.8200343459749158, 0.7399553457620589, 0.6251382287733569], [-0.1531299005883735, 0.9036378139116333, 0.0, 0.17330074144176424, 0.5222706283570145, 0.14044449133369832, 0.3752229913139985, 0.6749140401561158, 0.41629585969326977, 0.2194947730771819, 0.008062078829516484, 0.624377189564022, 0.6851779575079519, 0.7244144623489558, 0.8188013295924188, 0.7524009328224726, 0.6183701087019409], [0.0013389259940792542, 1.0365266573634047, 0.0, 0.19051038522421773, 0.5600729944913639, 0.1389362204389893, 0.392113381819712, 0.677173916726556, 0.4212051478391927, 0.24402099326919835, 0.00783923647221818, 0.6256531785102588, 0.695632697467015, 0.732935430618358, 0.8191061646544865, 0.7438474685157532, 0.6300873506621705], [0.05766552819088755, 1.006139608198752, 0.0, 0.2059635027608382, 0.5582030859204254, 0.13512539446682847, 0.40933294972912576, 0.6806967009227453, 0.39848192675246064, 0.23233502711215692, 0.007950687539111767, 0.6204020052893329, 0.6964614332622447, 0.7169795321514437, 0.8119886476826271, 0.7422021760349556, 0.6233831608470032], [-0.16964945592549707, 0.9217208866966504, 0.0, 0.18730025167265235, 0.5246289345003532, 0.14079539332708338, 0.34700311328829514, 0.6733141601859385, 0.41320743193970544, 0.22412103814329987, 0.007616154688146137, 0.6269329960102872, 0.6789075935639877, 0.7166500250147281, 0.8160955756471404, 0.7403299075071481, 0.6150374486853192], [-0.07527677713171732, 1.0903303373147761, 0.0, 0.1945744957108152, 0.5692346022967657, 0.14097118713989476, 0.3598980176919909, 0.6750566080620826, 0.4333131952865843, 0.2571911447166857, 0.007616154688146137, 0.6202316239007719, 0.6874593655138332, 0.7263010236264813, 0.8196186042135231, 0.746332899216519, 0.62610674459567], [-0.15704913822625377, 1.0107825429814716, 0.0, 0.22600229641492225, 0.5519316519063758, 0.13694352547656793, 0.39550389766360683, 0.6783614260177782, 0.40598765048745267, 0.2365312492714282, 0.007727725548673403, 0.6170899651828847, 0.6962495051276595, 0.7293440163996885, 0.8150725940970469, 0.7295683336286556, 0.6168831123034808], [-0.11333913936499096, 0.8891205276834866, 0.0, 0.17717330200946152, 0.5144760941523546, 0.14181607538203053, 0.323953695060446, 0.6717333748933665, 0.4393613322025862, 0.22024799859533672, 0.008173410423425675, 0.621136050147197, 0.6831146500527341, 0.7223588157615862, 0.8181757524589927, 0.7215127708398618, 0.6248831963580209], [-0.22663610785346044, 0.8959059058133265, 0.0, 0.20820267578569096, 0.5210402273305719, 0.13939912793967474, 0.3818723268237477, 0.6755980383508813, 0.4250989726160106, 0.2186816210279483, 0.008062078829516484, 0.6140588252550199, 0.6998667117140493, 0.7384174329956673, 0.8185052152066528, 0.7221299441441328, 0.6252416792380291]]}